state_abbr,month,target_month,split,count_total,count_t1,label,count_arrest,arrest_rate,top_type_share,hardship_index,spatial_lag_hardship,spatial_lag_crime_lag1,count_lag1,count_lag3,count_lag6,count_lag12,roll_mean_3,roll_mean_6,roll_mean_12,month_sin,month_cos
AL,2024-01-01,2024-02-01 00:00:00,test,17000.0,17170.0,0,4037.0,0.2374705882352941,0.2812352941176471,76.0,69.5,0.0,0.0,0.0,0.0,0.0,0.0,0.0,0.0,0.49999999999999994,0.8660254037844387
AL,2024-02-01,2024-03-01 00:00:00,test,17170.0,18075.0,0,4163.0,0.2424577751892836,0.2962725684333139,76.0,69.5,26403.5,17000.0,0.0,0.0,0.0,0.0,0.0,0.0,0.8660254037844386,0.5000000000000001
AL,2024-03-01,2024-04-01 00:00:00,test,18075.0,18267.0,0,4405.0,0.2437067773167358,0.29975103734439834,76.0,69.5,25627.75,17170.0,0.0,0.0,0.0,0.0,0.0,0.0,1.0,6.123233995736766e-17
AL,2024-04-01,2024-05-01 00:00:00,test,18267.0,19679.0,0,4486.0,0.2455794602288279,0.30333388076859913,76.0,69.5,26478.75,18075.0,17000.0,0.0,0.0,17415.0,0.0,0.0,0.8660254037844387,-0.4999999999999998
AL,2024-05-01,2024-06-01 00:00:00,test,19679.0,19205.0,0,4682.0,0.2379185934244626,0.3166827582702373,76.0,69.5,26777.75,18267.0,17170.0,0.0,0.0,17837.333333333332,0.0,0.0,0.49999999999999994,-0.8660254037844387
AL,2024-06-01,2024-07-01 00:00:00,test,19205.0,19862.0,0,4218.0,0.2196303046081749,0.3023691746940901,76.0,69.5,27707.0,19679.0,18075.0,0.0,0.0,18673.666666666668,0.0,0.0,1.2246467991473532e-16,-1.0
AL,2024-07-01,2024-08-01 00:00:00,test,19862.0,19923.0,0,4393.0,0.2211761151948444,0.2955392206222938,76.0,69.5,26706.5,19205.0,18267.0,17000.0,0.0,19050.333333333332,18232.666666666668,0.0,-0.4999999999999997,-0.8660254037844388
AL,2024-08-01,2024-09-01 00:00:00,test,19923.0,19020.0,0,4459.0,0.2238116749485519,0.30858806404657935,76.0,69.5,26481.5,19862.0,19679.0,17170.0,0.0,19582.0,18709.666666666668,0.0,-0.8660254037844385,-0.5000000000000004
AL,2024-09-01,2024-10-01 00:00:00,test,19020.0,18865.0,0,4085.0,0.2147739221871714,0.3140378548895899,76.0,69.5,26416.25,19923.0,19205.0,18075.0,0.0,19663.333333333332,19168.5,0.0,-1.0,-1.8369701987210297e-16
AL,2024-10-01,2024-11-01 00:00:00,test,18865.0,17196.0,0,3990.0,0.2115027829313543,0.3036840710310098,76.0,69.5,25519.75,19020.0,19862.0,18267.0,0.0,19601.666666666668,19326.0,0.0,-0.8660254037844386,0.5000000000000001
AL,2024-11-01,2024-12-01 00:00:00,test,17196.0,16930.0,0,3797.0,0.2208071644568504,0.3005931612002791,76.0,69.5,25146.25,18865.0,19923.0,19679.0,0.0,19269.333333333332,19425.666666666668,0.0,-0.5000000000000004,0.8660254037844384
AL,2024-12-01,2025-01-01 00:00:00,test,16930.0,16930.0,0,3764.0,0.2223272297696397,0.28535144713526284,76.0,69.5,22877.75,17196.0,19020.0,19205.0,0.0,18360.333333333332,19011.833333333332,0.0,-2.4492935982947064e-16,1.0
AR,2024-01-01,2024-02-01 00:00:00,test,11674.0,12197.0,0,3291.0,0.2819085146479356,0.27925304094569126,83.0,77.0,0.0,0.0,0.0,0.0,0.0,0.0,0.0,0.0,0.49999999999999994,0.8660254037844387
AR,2024-02-01,2024-03-01 00:00:00,test,12197.0,13069.0,0,3790.0,0.3107321472493236,0.289743379519554,83.0,77.0,34546.33333333333,11674.0,0.0,0.0,0.0,0.0,0.0,0.0,0.8660254037844386,0.5000000000000001
AR,2024-03-01,2024-04-01 00:00:00,test,13069.0,13165.0,0,3997.0,0.3058382431708623,0.2994108194965185,83.0,77.0,34788.5,12197.0,0.0,0.0,0.0,0.0,0.0,0.0,1.0,6.123233995736766e-17
AR,2024-04-01,2024-05-01 00:00:00,test,13165.0,14138.0,0,3928.0,0.2983668818837827,0.31340676034941134,83.0,77.0,36405.5,13069.0,11674.0,0.0,0.0,12313.333333333334,0.0,0.0,0.8660254037844387,-0.4999999999999998
AR,2024-05-01,2024-06-01 00:00:00,test,14138.0,13271.0,0,4003.0,0.2831376432310086,0.29919366246993917,83.0,77.0,36784.5,13165.0,12197.0,0.0,0.0,12810.333333333334,0.0,0.0,0.49999999999999994,-0.8660254037844387
AR,2024-06-01,2024-07-01 00:00:00,test,13271.0,13701.0,0,3743.0,0.2820435536131414,0.3025393715620526,83.0,77.0,38002.166666666664,14138.0,13069.0,0.0,0.0,13457.333333333334,0.0,0.0,1.2246467991473532e-16,-1.0
AR,2024-07-01,2024-08-01 00:00:00,test,13701.0,13650.0,0,3804.0,0.2776439675936063,0.2931172907087074,83.0,77.0,35971.166666666664,13271.0,13165.0,11674.0,0.0,13524.666666666666,12919.0,0.0,-0.4999999999999997,-0.8660254037844388
AR,2024-08-01,2024-09-01 00:00:00,test,13650.0,13115.0,0,3812.0,0.2792673992673992,0.29831501831501833,83.0,77.0,36314.666666666664,13701.0,14138.0,12197.0,0.0,13703.333333333334,13256.833333333334,0.0,-0.8660254037844385,-0.5000000000000004
AR,2024-09-01,2024-10-01 00:00:00,test,13115.0,13200.0,0,3663.0,0.2792985131528784,0.31971025543271064,83.0,77.0,36547.666666666664,13650.0,13271.0,13069.0,0.0,13540.666666666666,13499.0,0.0,-1.0,-1.8369701987210297e-16
AR,2024-10-01,2024-11-01 00:00:00,test,13200.0,11600.0,0,3548.0,0.2687878787878788,0.3009090909090909,83.0,77.0,35283.83333333333,13115.0,13701.0,13165.0,0.0,13488.666666666666,13506.666666666666,0.0,-0.8660254037844386,0.5000000000000001
AR,2024-11-01,2024-12-01 00:00:00,test,11600.0,11401.0,0,3068.0,0.2644827586206896,0.3088793103448276,83.0,77.0,35788.33333333333,13200.0,13650.0,14138.0,0.0,13321.666666666666,13512.5,0.0,-0.5000000000000004,0.8660254037844384
AR,2024-12-01,2025-01-01 00:00:00,test,11401.0,11401.0,0,3037.0,0.2663801420927988,0.30111393737391456,83.0,77.0,32716.166666666664,11600.0,13115.0,13271.0,0.0,12638.333333333334,13089.5,0.0,-2.4492935982947064e-16,1.0
AZ,2024-01-01,2024-02-01 00:00:00,test,19145.0,19066.0,0,6327.0,0.3304779315748237,0.3018020370854009,67.0,61.00000000000001,0.0,0.0,0.0,0.0,0.0,0.0,0.0,0.0,0.49999999999999994,0.8660254037844387
AZ,2024-02-01,2024-03-01 00:00:00,test,19066.0,19987.0,0,6126.0,0.3213049407321934,0.3154306094618693,67.0,61.00000000000001,31382.400000000005,19145.0,0.0,0.0,0.0,0.0,0.0,0.0,0.8660254037844386,0.5000000000000001
AZ,2024-03-01,2024-04-01 00:00:00,test,19987.0,20013.0,0,6535.0,0.326962525641667,0.3059488667633962,67.0,61.00000000000001,29727.2,19066.0,0.0,0.0,0.0,0.0,0.0,0.0,1.0,6.123233995736766e-17
AZ,2024-04-01,2024-05-01 00:00:00,test,20013.0,20674.0,0,6577.0,0.3286363863488732,0.2949083095987608,67.0,61.00000000000001,31425.600000000002,19987.0,19145.0,0.0,0.0,19399.333333333332,0.0,0.0,0.8660254037844387,-0.4999999999999998
AZ,2024-05-01,2024-06-01 00:00:00,test,20674.0,18825.0,0,7206.0,0.3485537389958402,0.2871722937022347,67.0,61.00000000000001,31415.000000000004,20013.0,19066.0,0.0,0.0,19688.666666666668,0.0,0.0,0.49999999999999994,-0.8660254037844387
AZ,2024-06-01,2024-07-01 00:00:00,test,18825.0,19222.0,0,6643.0,0.3528818061088977,0.2832403718459495,67.0,61.00000000000001,33627.8,20674.0,19987.0,0.0,0.0,20224.666666666668,0.0,0.0,1.2246467991473532e-16,-1.0
AZ,2024-07-01,2024-08-01 00:00:00,test,19222.0,19447.0,0,6689.0,0.3479866819269587,0.2821766725626886,67.0,61.00000000000001,32453.800000000003,18825.0,20013.0,19145.0,0.0,19837.333333333332,19618.333333333332,0.0,-0.4999999999999997,-0.8660254037844388
AZ,2024-08-01,2024-09-01 00:00:00,test,19447.0,18441.0,0,6792.0,0.3492569548002263,0.27808916542397283,67.0,61.00000000000001,33921.4,19222.0,20674.0,19066.0,0.0,19573.666666666668,19631.166666666668,0.0,-0.8660254037844385,-0.5000000000000004
AZ,2024-09-01,2024-10-01 00:00:00,test,18441.0,18236.0,0,6269.0,0.3399490266254542,0.29814001409901847,67.0,61.00000000000001,34385.8,19447.0,18825.0,19987.0,0.0,19164.666666666668,19694.666666666668,0.0,-1.0,-1.8369701987210297e-16
AZ,2024-10-01,2024-11-01 00:00:00,test,18236.0,16890.0,0,6267.0,0.3436608905461724,0.3220552752796666,67.0,61.00000000000001,33206.200000000004,18441.0,19222.0,20013.0,0.0,19036.666666666668,19437.0,0.0,-0.8660254037844386,0.5000000000000001
AZ,2024-11-01,2024-12-01 00:00:00,test,16890.0,15738.0,0,5849.0,0.346299585553582,0.3205447010065127,67.0,61.00000000000001,33219.0,18236.0,19447.0,20674.0,0.0,18708.0,19140.833333333332,0.0,-0.5000000000000004,0.8660254037844384
AZ,2024-12-01,2025-01-01 00:00:00,test,15738.0,15738.0,0,5435.0,0.345342483161774,0.3297115262422163,67.0,61.00000000000001,29948.600000000006,16890.0,18441.0,18825.0,0.0,17855.666666666668,18510.166666666668,0.0,-2.4492935982947064e-16,1.0
CA,2024-01-01,2024-02-01 00:00:00,test,94611.0,88565.0,1,25438.0,0.2688693703691959,0.29679424168437074,84.0,65.33333333333333,0.0,0.0,0.0,0.0,0.0,0.0,0.0,0.0,0.49999999999999994,0.8660254037844387
CA,2024-02-01,2024-03-01 00:00:00,test,88565.0,96434.0,1,23908.0,0.2699486253034494,0.2950036696211822,84.0,65.33333333333333,16413.0,94611.0,0.0,0.0,0.0,0.0,0.0,0.0,0.8660254037844386,0.5000000000000001
CA,2024-03-01,2024-04-01 00:00:00,test,96434.0,95857.0,1,26829.0,0.2782110044175291,0.2939730800340129,84.0,65.33333333333333,16261.0,88565.0,0.0,0.0,0.0,0.0,0.0,0.0,1.0,6.123233995736766e-17
CA,2024-04-01,2024-05-01 00:00:00,test,95857.0,103992.0,1,25924.0,0.2704445163107545,0.2920391833668903,84.0,65.33333333333333,16829.0,96434.0,94611.0,0.0,0.0,93203.33333333333,0.0,0.0,0.8660254037844387,-0.4999999999999998
CA,2024-05-01,2024-06-01 00:00:00,test,103992.0,100561.0,1,28888.0,0.2777905992768674,0.27632894838064465,84.0,65.33333333333333,16727.333333333332,95857.0,88565.0,0.0,0.0,93618.66666666667,0.0,0.0,0.49999999999999994,-0.8660254037844387
CA,2024-06-01,2024-07-01 00:00:00,test,100561.0,104597.0,1,28468.0,0.2830918546951601,0.26691262020067424,84.0,65.33333333333333,17334.333333333332,103992.0,96434.0,0.0,0.0,98761.0,0.0,0.0,1.2246467991473532e-16,-1.0
CA,2024-07-01,2024-08-01 00:00:00,test,104597.0,106777.0,1,29696.0,0.2839087163111752,0.27062917674503095,84.0,65.33333333333333,16179.0,100561.0,95857.0,94611.0,0.0,100136.66666666667,96670.0,0.0,-0.4999999999999997,-0.8660254037844388
CA,2024-08-01,2024-09-01 00:00:00,test,106777.0,101593.0,1,31107.0,0.2913267838579469,0.27745675566835554,84.0,65.33333333333333,16673.333333333332,104597.0,103992.0,88565.0,0.0,103050.0,98334.33333333333,0.0,-0.8660254037844385,-0.5000000000000004
CA,2024-09-01,2024-10-01 00:00:00,test,101593.0,102851.0,1,29283.0,0.2882383628793322,0.26850275117380135,84.0,65.33333333333333,16822.666666666664,106777.0,100561.0,96434.0,0.0,103978.33333333333,101369.66666666667,0.0,-1.0,-1.8369701987210297e-16
CA,2024-10-01,2024-11-01 00:00:00,test,102851.0,94741.0,1,28980.0,0.2817668277411012,0.2819223925873351,84.0,65.33333333333333,16410.333333333332,101593.0,104597.0,95857.0,0.0,104322.33333333333,102229.5,0.0,-0.8660254037844386,0.5000000000000001
CA,2024-11-01,2024-12-01 00:00:00,test,94741.0,98125.0,1,27149.0,0.2865602009689574,0.29850856545740495,84.0,65.33333333333333,16208.0,102851.0,106777.0,103992.0,0.0,103740.33333333333,103395.16666666667,0.0,-0.5000000000000004,0.8660254037844384
CA,2024-12-01,2025-01-01 00:00:00,test,98125.0,98125.0,1,27682.0,0.2821095541401274,0.30505987261146494,84.0,65.33333333333333,14722.666666666664,94741.0,101593.0,100561.0,0.0,99728.33333333333,101853.33333333333,0.0,-2.4492935982947064e-16,1.0
CO,2024-01-01,2024-02-01 00:00:00,test,25021.0,23516.0,0,6583.0,0.2630989968426522,0.35594100955197633,11.0,52.57142857142858,0.0,0.0,0.0,0.0,0.0,0.0,0.0,0.0,0.49999999999999994,0.8660254037844387
CO,2024-02-01,2024-03-01 00:00:00,test,23516.0,23517.0,0,6538.0,0.2780234733798265,0.3506123490389522,11.0,52.57142857142858,10135.857142857143,25021.0,0.0,0.0,0.0,0.0,0.0,0.0,0.8660254037844386,0.5000000000000001
CO,2024-03-01,2024-04-01 00:00:00,test,23517.0,23794.0,0,6493.0,0.2760981417697835,0.34540970361865886,11.0,52.57142857142858,10198.142857142857,23516.0,0.0,0.0,0.0,0.0,0.0,0.0,1.0,6.123233995736766e-17
CO,2024-04-01,2024-05-01 00:00:00,test,23794.0,25152.0,0,6461.0,0.2715390434563335,0.3420189963856434,11.0,52.57142857142858,10599.42857142857,23517.0,25021.0,0.0,0.0,24018.0,0.0,0.0,0.8660254037844387,-0.4999999999999998
CO,2024-05-01,2024-06-01 00:00:00,test,25152.0,24772.0,0,6653.0,0.2645117684478371,0.3482029262086514,11.0,52.57142857142858,10687.0,23794.0,23516.0,0.0,0.0,23609.0,0.0,0.0,0.49999999999999994,-0.8660254037844387
CO,2024-06-01,2024-07-01 00:00:00,test,24772.0,26586.0,0,6541.0,0.264048118843856,0.33699337962215403,11.0,52.57142857142858,10742.714285714284,25152.0,23517.0,0.0,0.0,24154.333333333332,0.0,0.0,1.2246467991473532e-16,-1.0
CO,2024-07-01,2024-08-01 00:00:00,test,26586.0,26640.0,1,6920.0,0.2602873692921086,0.3493568043331077,11.0,52.57142857142858,10396.857142857143,24772.0,23794.0,25021.0,0.0,24572.666666666668,24295.333333333332,0.0,-0.4999999999999997,-0.8660254037844388
CO,2024-08-01,2024-09-01 00:00:00,test,26640.0,26016.0,0,7093.0,0.2662537537537537,0.35236486486486485,11.0,52.57142857142858,10309.857142857143,26586.0,25152.0,23516.0,0.0,25503.333333333332,24556.166666666668,0.0,-0.8660254037844385,-0.5000000000000004
CO,2024-09-01,2024-10-01 00:00:00,test,26016.0,25826.0,0,6831.0,0.2625691881918819,0.3552044895448955,11.0,52.57142857142858,10333.42857142857,26640.0,24772.0,23517.0,0.0,25999.333333333332,25076.833333333332,0.0,-1.0,-1.8369701987210297e-16
CO,2024-10-01,2024-11-01 00:00:00,test,25826.0,21762.0,0,6542.0,0.2533106172074653,0.3695887864942306,11.0,52.57142857142858,10123.42857142857,26016.0,26586.0,23794.0,0.0,26414.0,25493.333333333332,0.0,-0.8660254037844386,0.5000000000000001
CO,2024-11-01,2024-12-01 00:00:00,test,21762.0,23339.0,0,5666.0,0.2603620990717765,0.35943387556290785,11.0,52.57142857142858,9953.999999999998,25826.0,26640.0,25152.0,0.0,26160.666666666668,25832.0,0.0,-0.5000000000000004,0.8660254037844384
CO,2024-12-01,2025-01-01 00:00:00,test,23339.0,23339.0,0,6036.0,0.2586229058657183,0.3757230386906037,11.0,52.57142857142858,8894.571428571428,21762.0,26016.0,24772.0,0.0,24534.666666666668,25267.0,0.0,-2.4492935982947064e-16,1.0
CT,2024-01-01,2024-02-01 00:00:00,test,8788.0,8248.0,0,2497.0,0.2841374601729631,0.34626763768775604,33.0,46.33333333333333,0.0,0.0,0.0,0.0,0.0,0.0,0.0,0.0,0.49999999999999994,0.8660254037844387
CT,2024-02-01,2024-03-01 00:00:00,test,8248.0,8727.0,0,2360.0,0.2861299709020368,0.3348690591658584,33.0,46.33333333333333,23983.999999999996,8788.0,0.0,0.0,0.0,0.0,0.0,0.0,0.8660254037844386,0.5000000000000001
CT,2024-03-01,2024-04-01 00:00:00,test,8727.0,8471.0,0,2453.0,0.2810817004698063,0.3373438753294374,33.0,46.33333333333333,22988.33333333333,8248.0,0.0,0.0,0.0,0.0,0.0,0.0,1.0,6.123233995736766e-17
CT,2024-04-01,2024-05-01 00:00:00,test,8471.0,8953.0,0,2438.0,0.2878054539015464,0.33974737339157124,33.0,46.33333333333333,24840.33333333333,8727.0,8788.0,0.0,0.0,8587.666666666666,0.0,0.0,0.8660254037844387,-0.4999999999999998
CT,2024-05-01,2024-06-01 00:00:00,test,8953.0,8825.0,0,2579.0,0.2880598682006031,0.3339662682899587,33.0,46.33333333333333,24629.666666666664,8471.0,8248.0,0.0,0.0,8482.0,0.0,0.0,0.49999999999999994,-0.8660254037844387
CT,2024-06-01,2024-07-01 00:00:00,test,8825.0,9779.0,0,2434.0,0.2758073654390935,0.36181303116147306,33.0,46.33333333333333,27156.666666666664,8953.0,8727.0,0.0,0.0,8717.0,0.0,0.0,1.2246467991473532e-16,-1.0
CT,2024-07-01,2024-08-01 00:00:00,test,9779.0,9244.0,0,2623.0,0.268227835156969,0.36741998159320993,33.0,46.33333333333333,26753.333333333332,8825.0,8471.0,8788.0,0.0,8749.666666666666,8668.666666666666,0.0,-0.4999999999999997,-0.8660254037844388
CT,2024-08-01,2024-09-01 00:00:00,test,9244.0,9277.0,0,2459.0,0.2660103851146689,0.363154478580701,33.0,46.33333333333333,27629.333333333332,9779.0,8953.0,8248.0,0.0,9185.666666666666,8833.833333333334,0.0,-0.8660254037844385,-0.5000000000000004
CT,2024-09-01,2024-10-01 00:00:00,test,9277.0,8892.0,0,2415.0,0.2603212245337932,0.3693004203945241,33.0,46.33333333333333,27294.666666666664,9244.0,8825.0,8727.0,0.0,9282.666666666666,8999.833333333334,0.0,-1.0,-1.8369701987210297e-16
CT,2024-10-01,2024-11-01 00:00:00,test,8892.0,8041.0,0,2261.0,0.2542735042735042,0.3617858749437697,33.0,46.33333333333333,26585.999999999996,9277.0,9779.0,8471.0,0.0,9433.333333333334,9091.5,0.0,-0.8660254037844386,0.5000000000000001
CT,2024-11-01,2024-12-01 00:00:00,test,8041.0,7849.0,0,2052.0,0.2551921402810596,0.3620196492973511,33.0,46.33333333333333,26847.33333333333,8892.0,9244.0,8953.0,0.0,9137.666666666666,9161.666666666666,0.0,-0.5000000000000004,0.8660254037844384
CT,2024-12-01,2025-01-01 00:00:00,test,7849.0,7849.0,0,1913.0,0.2437253153267932,0.38234169957956426,33.0,46.33333333333333,24461.666666666668,8041.0,9277.0,8825.0,0.0,8736.666666666666,9009.666666666666,0.0,-2.4492935982947064e-16,1.0
DC,2024-01-01,0,0,0.0,0.0,0,0.0,0.0,0.0,0.0,29.0,0.0,0.0,0.0,0.0,0.0,0.0,0.0,0.0,0.0,0.0
DC,2024-02-01,0,0,0.0,0.0,0,0.0,0.0,0.0,0.0,29.0,25028.0,0.0,0.0,0.0,0.0,0.0,0.0,0.0,0.0,0.0
DC,2024-03-01,0,0,0.0,0.0,0,0.0,0.0,0.0,0.0,29.0,24045.0,0.0,0.0,0.0,0.0,0.0,0.0,0.0,0.0,0.0
DC,2024-04-01,0,0,0.0,0.0,0,0.0,0.0,0.0,0.0,29.0,25282.0,0.0,0.0,0.0,0.0,0.0,0.0,0.0,0.0,0.0
DC,2024-05-01,0,0,0.0,0.0,0,0.0,0.0,0.0,0.0,29.0,25501.0,0.0,0.0,0.0,0.0,0.0,0.0,0.0,0.0,0.0
DC,2024-06-01,0,0,0.0,0.0,0,0.0,0.0,0.0,0.0,29.0,26490.5,0.0,0.0,0.0,0.0,0.0,0.0,0.0,0.0,0.0
DC,2024-07-01,0,0,0.0,0.0,0,0.0,0.0,0.0,0.0,29.0,26583.5,0.0,0.0,0.0,0.0,0.0,0.0,0.0,0.0,0.0
DC,2024-08-01,0,0,0.0,0.0,0,0.0,0.0,0.0,0.0,29.0,26538.5,0.0,0.0,0.0,0.0,0.0,0.0,0.0,0.0,0.0
DC,2024-09-01,0,0,0.0,0.0,0,0.0,0.0,0.0,0.0,29.0,25523.0,0.0,0.0,0.0,0.0,0.0,0.0,0.0,0.0,0.0
DC,2024-10-01,0,0,0.0,0.0,0,0.0,0.0,0.0,0.0,29.0,26525.0,0.0,0.0,0.0,0.0,0.0,0.0,0.0,0.0,0.0
DC,2024-11-01,0,0,0.0,0.0,0,0.0,0.0,0.0,0.0,29.0,26574.5,0.0,0.0,0.0,0.0,0.0,0.0,0.0,0.0,0.0
DC,2024-12-01,0,0,0.0,0.0,0,0.0,0.0,0.0,0.0,29.0,23983.0,0.0,0.0,0.0,0.0,0.0,0.0,0.0,0.0,0.0
DE,2024-01-01,2024-02-01 00:00:00,test,3899.0,3597.0,0,1338.0,0.3431649140805334,0.2769941010515517,58.0,42.666666666666664,0.0,0.0,0.0,0.0,0.0,0.0,0.0,0.0,0.49999999999999994,0.8660254037844387
DE,2024-02-01,2024-03-01 00:00:00,test,3597.0,3820.0,0,1302.0,0.3619683069224353,0.28078954684459273,58.0,42.666666666666664,19225.0,3899.0,0.0,0.0,0.0,0.0,0.0,0.0,0.8660254037844386,0.5000000000000001
DE,2024-03-01,2024-04-01 00:00:00,test,3820.0,4077.0,0,1416.0,0.3706806282722513,0.2793193717277487,58.0,42.666666666666664,18705.666666666664,3597.0,0.0,0.0,0.0,0.0,0.0,0.0,1.0,6.123233995736766e-17
DE,2024-04-01,2024-05-01 00:00:00,test,4077.0,4423.0,0,1413.0,0.3465783664459161,0.2801079224920284,58.0,42.666666666666664,19964.333333333332,3820.0,3899.0,0.0,0.0,3772.0,0.0,0.0,0.8660254037844387,-0.4999999999999998
DE,2024-05-01,2024-06-01 00:00:00,test,4423.0,4230.0,0,1580.0,0.3572236038887633,0.28035270178611804,58.0,42.666666666666664,20614.666666666664,4077.0,3597.0,0.0,0.0,3831.3333333333335,0.0,0.0,0.49999999999999994,-0.8660254037844387
DE,2024-06-01,2024-07-01 00:00:00,test,4230.0,4628.0,0,1467.0,0.3468085106382979,0.2886524822695035,58.0,42.666666666666664,22514.0,4423.0,3820.0,0.0,0.0,4106.666666666667,0.0,0.0,1.2246467991473532e-16,-1.0
DE,2024-07-01,2024-08-01 00:00:00,test,4628.0,4207.0,0,1587.0,0.3429127052722558,0.3146067415730337,58.0,42.666666666666664,22311.666666666664,4230.0,4077.0,3899.0,0.0,4243.333333333333,4007.6666666666665,0.0,-0.4999999999999997,-0.8660254037844388
DE,2024-08-01,2024-09-01 00:00:00,test,4207.0,4234.0,0,1475.0,0.3506061326360827,0.3261231281198003,58.0,42.666666666666664,23198.333333333332,4628.0,4423.0,3597.0,0.0,4427.0,4129.166666666667,0.0,-0.8660254037844385,-0.5000000000000004
DE,2024-09-01,2024-10-01 00:00:00,test,4234.0,4348.0,0,1505.0,0.3554558337269721,0.2900330656589514,58.0,42.666666666666664,22602.666666666664,4207.0,4230.0,3820.0,0.0,4355.0,4230.833333333333,0.0,-1.0,-1.8369701987210297e-16
DE,2024-10-01,2024-11-01 00:00:00,test,4348.0,3835.0,0,1479.0,0.3401563937442502,0.29645814167433304,58.0,42.666666666666664,22198.0,4234.0,4628.0,4077.0,0.0,4356.333333333333,4299.833333333333,0.0,-0.8660254037844386,0.5000000000000001
DE,2024-11-01,2024-12-01 00:00:00,test,3835.0,3619.0,0,1276.0,0.3327249022164276,0.29465449804432853,58.0,42.666666666666664,22494.333333333332,4348.0,4207.0,4423.0,0.0,4263.0,4345.0,0.0,-0.5000000000000004,0.8660254037844384
DE,2024-12-01,2025-01-01 00:00:00,test,3619.0,3619.0,0,1165.0,0.3219121304227687,0.3000828958275767,58.0,42.666666666666664,20370.0,3835.0,4234.0,4230.0,0.0,4139.0,4247.0,0.0,-2.4492935982947064e-16,1.0
FL,2024-01-01,2024-02-01 00:00:00,test,36320.0,32873.0,1,10641.0,0.2929790748898678,0.3537169603524229,67.0,66.0,0.0,0.0,0.0,0.0,0.0,0.0,0.0,0.0,0.49999999999999994,0.8660254037844387
FL,2024-02-01,2024-03-01 00:00:00,test,32873.0,33764.0,1,9669.0,0.2941319624007544,0.3429258053721899,67.0,66.0,26095.0,36320.0,0.0,0.0,0.0,0.0,0.0,0.0,0.8660254037844386,0.5000000000000001
FL,2024-03-01,2024-04-01 00:00:00,test,33764.0,33866.0,1,10420.0,0.3086127236109465,0.3303814713896458,67.0,66.0,25218.5,32873.0,0.0,0.0,0.0,0.0,0.0,0.0,1.0,6.123233995736766e-17
FL,2024-04-01,2024-05-01 00:00:00,test,33866.0,34849.0,1,10441.0,0.3083033130573436,0.32997696805055216,67.0,66.0,26300.5,33764.0,36320.0,0.0,0.0,34319.0,0.0,0.0,0.8660254037844387,-0.4999999999999998
FL,2024-05-01,2024-06-01 00:00:00,test,34849.0,32404.0,1,10569.0,0.3032798645585239,0.32043961089270856,67.0,66.0,26581.0,33866.0,32873.0,0.0,0.0,33501.0,0.0,0.0,0.49999999999999994,-0.8660254037844387
FL,2024-06-01,2024-07-01 00:00:00,test,32404.0,33244.0,1,9268.0,0.2860140723367485,0.3376435008023701,67.0,66.0,27708.5,34849.0,33764.0,0.0,0.0,34159.666666666664,0.0,0.0,1.2246467991473532e-16,-1.0
FL,2024-07-01,2024-08-01 00:00:00,test,33244.0,32200.0,1,9591.0,0.2885031885453014,0.3393394296715197,67.0,66.0,27306.0,32404.0,33866.0,36320.0,0.0,33706.333333333336,34012.666666666664,0.0,-0.4999999999999997,-0.8660254037844388
FL,2024-08-01,2024-09-01 00:00:00,test,32200.0,31381.0,1,9366.0,0.2908695652173913,0.3334472049689441,67.0,66.0,26857.5,33244.0,34849.0,32873.0,0.0,33499.0,33500.0,0.0,-0.8660254037844385,-0.5000000000000004
FL,2024-09-01,2024-10-01 00:00:00,test,31381.0,30841.0,1,8912.0,0.2839934992511392,0.3323667187151461,67.0,66.0,27241.0,32200.0,32404.0,33764.0,0.0,32616.0,33387.833333333336,0.0,-1.0,-1.8369701987210297e-16
FL,2024-10-01,2024-11-01 00:00:00,test,30841.0,30019.0,1,8438.0,0.2735968353814727,0.3289776596089621,67.0,66.0,26151.5,31381.0,33244.0,33866.0,0.0,32275.0,32990.666666666664,0.0,-0.8660254037844386,0.5000000000000001
FL,2024-11-01,2024-12-01 00:00:00,test,30019.0,27906.0,1,8160.0,0.2718278423665012,0.3442819547619841,67.0,66.0,25926.0,30841.0,32200.0,34849.0,0.0,31474.0,32486.5,0.0,-0.5000000000000004,0.8660254037844384
FL,2024-12-01,2025-01-01 00:00:00,test,27906.0,27906.0,1,7484.0,0.2681860531785279,0.3509281158173869,67.0,66.0,22504.0,30019.0,31381.0,32404.0,0.0,30747.0,31681.5,0.0,-2.4492935982947064e-16,1.0
GA,2024-01-01,2024-02-01 00:00:00,test,35190.0,33267.0,1,7452.0,0.2117647058823529,0.31389599317988065,56.0,63.4,0.0,0.0,0.0,0.0,0.0,0.0,0.0,0.0,0.49999999999999994,0.8660254037844387
GA,2024-02-01,2024-03-01 00:00:00,test,33267.0,34526.0,1,7328.0,0.2202783539243094,0.3091952986443022,56.0,63.4,29171.8,35190.0,0.0,0.0,0.0,0.0,0.0,0.0,0.8660254037844386,0.5000000000000001
GA,2024-03-01,2024-04-01 00:00:00,test,34526.0,34895.0,1,7592.0,0.2198922551120894,0.293691710594914,56.0,63.4,28544.800000000003,33267.0,0.0,0.0,0.0,0.0,0.0,0.0,1.0,6.123233995736766e-17
GA,2024-04-01,2024-05-01 00:00:00,test,34895.0,35738.0,1,7615.0,0.2182261068921049,0.30336724459091563,56.0,63.4,29524.8,34526.0,35190.0,0.0,0.0,34327.666666666664,0.0,0.0,0.8660254037844387,-0.4999999999999998
GA,2024-05-01,2024-06-01 00:00:00,test,35738.0,35407.0,1,7596.0,0.2125468688790643,0.3054731658178969,56.0,63.4,29874.199999999997,34895.0,33267.0,0.0,0.0,34229.333333333336,0.0,0.0,0.49999999999999994,-0.8660254037844387
GA,2024-06-01,2024-07-01 00:00:00,test,35407.0,33853.0,1,7716.0,0.2179230095743779,0.3110966757985709,56.0,63.4,31582.2,35738.0,34526.0,0.0,0.0,35053.0,0.0,0.0,1.2246467991473532e-16,-1.0
GA,2024-07-01,2024-08-01 00:00:00,test,33853.0,34559.0,1,7252.0,0.2142203054382181,0.3148908516231944,56.0,63.4,30015.4,35407.0,34895.0,35190.0,0.0,35346.666666666664,34837.166666666664,0.0,-0.4999999999999997,-0.8660254037844388
GA,2024-08-01,2024-09-01 00:00:00,test,34559.0,33283.0,1,7706.0,0.2229809890332474,0.30489886860152204,56.0,63.4,30432.8,33853.0,35738.0,33267.0,0.0,34999.333333333336,34614.333333333336,0.0,-0.8660254037844385,-0.5000000000000004
GA,2024-09-01,2024-10-01 00:00:00,test,33283.0,32987.0,1,6845.0,0.2056605474266142,0.29651774179010304,56.0,63.4,30167.0,34559.0,35407.0,34526.0,0.0,34606.333333333336,34829.666666666664,0.0,-1.0,-1.8369701987210297e-16
GA,2024-10-01,2024-11-01 00:00:00,test,32987.0,27812.0,1,6663.0,0.2019886622002607,0.31327492648619154,56.0,63.4,29358.600000000002,33283.0,33853.0,34895.0,0.0,33898.333333333336,34622.5,0.0,-0.8660254037844386,0.5000000000000001
GA,2024-11-01,2024-12-01 00:00:00,test,27812.0,26345.0,0,6264.0,0.2252265209262189,0.30328635121530273,56.0,63.4,29057.8,32987.0,34559.0,35738.0,0.0,33609.666666666664,34304.5,0.0,-0.5000000000000004,0.8660254037844384
GA,2024-12-01,2025-01-01 00:00:00,test,26345.0,26345.0,0,5904.0,0.2241032453976086,0.30438413361169103,56.0,63.4,26930.2,27812.0,33283.0,35407.0,0.0,31360.666666666668,32983.5,0.0,-2.4492935982947064e-16,1.0
IA,2024-01-01,2024-02-01 00:00:00,test,7940.0,8652.0,0,2722.0,0.3428211586901763,0.27015113350125947,45.0,35.5,0.0,0.0,0.0,0.0,0.0,0.0,0.0,0.0,0.49999999999999994,0.8660254037844387
IA,2024-02-01,2024-03-01 00:00:00,test,8652.0,8729.0,0,3044.0,0.3518261673601479,0.27045769764216365,45.0,35.5,15542.666666666666,7940.0,0.0,0.0,0.0,0.0,0.0,0.0,0.8660254037844386,0.5000000000000001
IA,2024-03-01,2024-04-01 00:00:00,test,8729.0,8893.0,0,3184.0,0.3647611410241723,0.25478290754954747,45.0,35.5,15923.499999999998,8652.0,0.0,0.0,0.0,0.0,0.0,0.0,1.0,6.123233995736766e-17
IA,2024-04-01,2024-05-01 00:00:00,test,8893.0,9691.0,0,3226.0,0.3627572247835376,0.2572810075340155,45.0,35.5,16727.5,8729.0,7940.0,0.0,0.0,8440.333333333334,0.0,0.0,0.8660254037844387,-0.4999999999999998
IA,2024-05-01,2024-06-01 00:00:00,test,9691.0,9300.0,0,3443.0,0.3552780930760499,0.2724177071509648,45.0,35.5,16684.666666666668,8893.0,8652.0,0.0,0.0,8758.0,0.0,0.0,0.49999999999999994,-0.8660254037844387
IA,2024-06-01,2024-07-01 00:00:00,test,9300.0,9772.0,0,3188.0,0.3427956989247311,0.2667741935483871,45.0,35.5,18503.833333333332,9691.0,8729.0,0.0,0.0,9104.333333333334,0.0,0.0,1.2246467991473532e-16,-1.0
IA,2024-07-01,2024-08-01 00:00:00,test,9772.0,9610.0,0,3336.0,0.3413835448219402,0.2854072861236185,45.0,35.5,18165.833333333332,9300.0,8893.0,7940.0,0.0,9294.666666666666,8867.5,0.0,-0.4999999999999997,-0.8660254037844388
IA,2024-08-01,2024-09-01 00:00:00,test,9610.0,9593.0,0,3572.0,0.3716961498439126,0.2869927159209157,45.0,35.5,19144.833333333332,9772.0,9691.0,8652.0,0.0,9587.666666666666,9172.833333333334,0.0,-0.8660254037844385,-0.5000000000000004
IA,2024-09-01,2024-10-01 00:00:00,test,9593.0,9450.0,0,3611.0,0.3764203064734702,0.2858334202022308,45.0,35.5,18497.999999999996,9610.0,9300.0,8729.0,0.0,9560.666666666666,9332.5,0.0,-1.0,-1.8369701987210297e-16
IA,2024-10-01,2024-11-01 00:00:00,test,9450.0,8338.0,0,3544.0,0.375026455026455,0.29947089947089944,45.0,35.5,17894.833333333332,9593.0,9772.0,8893.0,0.0,9658.333333333334,9476.5,0.0,-0.8660254037844386,0.5000000000000001
IA,2024-11-01,2024-12-01 00:00:00,test,8338.0,8076.0,0,3195.0,0.3831854161669465,0.28520028783881024,45.0,35.5,17784.833333333332,9450.0,9610.0,9691.0,0.0,9551.0,9569.333333333334,0.0,-0.5000000000000004,0.8660254037844384
IA,2024-12-01,2025-01-01 00:00:00,test,8076.0,8076.0,0,3064.0,0.379395740465577,0.28306092124814264,45.0,35.5,15356.5,8338.0,9593.0,9300.0,0.0,9127.0,9343.833333333334,0.0,-2.4492935982947064e-16,1.0
ID,2024-01-01,2024-02-01 00:00:00,test,4411.0,4617.0,0,1802.0,0.408524144184992,0.28043527544774427,54.0,44.0,0.0,0.0,0.0,0.0,0.0,0.0,0.0,0.0,0.49999999999999994,0.8660254037844387
ID,2024-02-01,2024-03-01 00:00:00,test,4617.0,4780.0,0,1934.0,0.4188867229802902,0.2867662984622049,54.0,44.0,12988.666666666666,4411.0,0.0,0.0,0.0,0.0,0.0,0.0,0.8660254037844386,0.5000000000000001
ID,2024-03-01,2024-04-01 00:00:00,test,4780.0,4710.0,0,1916.0,0.400836820083682,0.27322175732217574,54.0,44.0,12425.0,4617.0,0.0,0.0,0.0,0.0,0.0,0.0,1.0,6.123233995736766e-17
ID,2024-04-01,2024-05-01 00:00:00,test,4710.0,4940.0,0,1809.0,0.3840764331210191,0.24501061571125266,54.0,44.0,12913.999999999998,4780.0,4411.0,0.0,0.0,4602.666666666667,0.0,0.0,0.8660254037844387,-0.4999999999999998
ID,2024-05-01,2024-06-01 00:00:00,test,4940.0,4794.0,0,1945.0,0.3937246963562753,0.258502024291498,54.0,44.0,12739.833333333334,4710.0,4617.0,0.0,0.0,4702.333333333333,0.0,0.0,0.49999999999999994,-0.8660254037844387
ID,2024-06-01,2024-07-01 00:00:00,test,4794.0,5186.0,0,1861.0,0.3881935753024614,0.25114726741760535,54.0,44.0,13356.666666666664,4940.0,4780.0,0.0,0.0,4810.0,0.0,0.0,1.2246467991473532e-16,-1.0
ID,2024-07-01,2024-08-01 00:00:00,test,5186.0,4939.0,0,2055.0,0.3962591592749711,0.2554955649826456,54.0,44.0,12675.999999999998,4794.0,4710.0,4411.0,0.0,4814.666666666667,4708.666666666667,0.0,-0.4999999999999997,-0.8660254037844388
ID,2024-08-01,2024-09-01 00:00:00,test,4939.0,4731.0,0,1966.0,0.3980562866977121,0.24539380441384895,54.0,44.0,13351.499999999998,5186.0,4940.0,4617.0,0.0,4973.333333333333,4837.833333333333,0.0,-0.8660254037844385,-0.5000000000000004
ID,2024-09-01,2024-10-01 00:00:00,test,4731.0,4687.0,0,1756.0,0.3711688860705981,0.2445571760727119,54.0,44.0,13416.166666666666,4939.0,4794.0,4780.0,0.0,4973.0,4891.5,0.0,-1.0,-1.8369701987210297e-16
ID,2024-10-01,2024-11-01 00:00:00,test,4687.0,4125.0,0,1826.0,0.3895882227437593,0.25432046084915727,54.0,44.0,13337.499999999998,4731.0,5186.0,4710.0,0.0,4952.0,4883.333333333333,0.0,-0.8660254037844386,0.5000000000000001
ID,2024-11-01,2024-12-01 00:00:00,test,4125.0,3849.0,0,1684.0,0.4082424242424242,0.2613333333333333,54.0,44.0,13237.0,4687.0,4939.0,4940.0,0.0,4785.666666666667,4879.5,0.0,-0.5000000000000004,0.8660254037844384
ID,2024-12-01,2025-01-01 00:00:00,test,3849.0,3849.0,0,1550.0,0.4027020005196154,0.2605871654975318,54.0,44.0,11822.83333333333,4125.0,4731.0,4794.0,0.0,4514.333333333333,4743.666666666667,0.0,-2.4492935982947064e-16,1.0
IL,2024-01-01,2024-02-01 00:00:00,test,39802.0,41951.0,1,7914.0,0.1988342294357067,0.28116677553891767,52.0,55.49999999999999,0.0,0.0,0.0,0.0,0.0,0.0,0.0,0.0,0.49999999999999994,0.8660254037844387
IL,2024-02-01,2024-03-01 00:00:00,test,41951.0,44210.0,1,8451.0,0.2014493099091797,0.28325904030893184,52.0,55.49999999999999,17033.5,39802.0,0.0,0.0,0.0,0.0,0.0,0.0,0.8660254037844386,0.5000000000000001
IL,2024-03-01,2024-04-01 00:00:00,test,44210.0,44424.0,1,8906.0,0.2014476362813843,0.2857724496720199,52.0,55.49999999999999,17376.0,41951.0,0.0,0.0,0.0,0.0,0.0,0.0,1.0,6.123233995736766e-17
IL,2024-04-01,2024-05-01 00:00:00,test,44424.0,49382.0,1,8483.0,0.1909553394561498,0.2931523500810373,52.0,55.49999999999999,18195.166666666664,44210.0,39802.0,0.0,0.0,41987.666666666664,0.0,0.0,0.8660254037844387,-0.4999999999999998
IL,2024-05-01,2024-06-01 00:00:00,test,49382.0,48572.0,1,9492.0,0.1922157871289133,0.3072577052367259,52.0,55.49999999999999,17926.5,44424.0,41951.0,0.0,0.0,43528.333333333336,0.0,0.0,0.49999999999999994,-0.8660254037844387
IL,2024-06-01,2024-07-01 00:00:00,test,48572.0,50171.0,1,9097.0,0.187288973070905,0.28794367125092646,52.0,55.49999999999999,19772.666666666664,49382.0,44210.0,0.0,0.0,46005.333333333336,0.0,0.0,1.2246467991473532e-16,-1.0
IL,2024-07-01,2024-08-01 00:00:00,test,50171.0,48906.0,1,9440.0,0.1881565047537422,0.2750393653704331,52.0,55.49999999999999,19159.499999999996,48572.0,44424.0,39802.0,0.0,47459.333333333336,44723.5,0.0,-0.4999999999999997,-0.8660254037844388
IL,2024-08-01,2024-09-01 00:00:00,test,48906.0,47961.0,1,9139.0,0.1868686868686868,0.27708256655625074,52.0,55.49999999999999,20078.499999999996,50171.0,49382.0,41951.0,0.0,49375.0,46451.666666666664,0.0,-0.8660254037844385,-0.5000000000000004
IL,2024-09-01,2024-10-01 00:00:00,test,47961.0,47170.0,1,8792.0,0.1833156106002794,0.2952190321302725,52.0,55.49999999999999,19614.666666666664,48906.0,48572.0,44210.0,0.0,49216.333333333336,47610.833333333336,0.0,-1.0,-1.8369701987210297e-16
IL,2024-10-01,2024-11-01 00:00:00,test,47170.0,41265.0,1,8631.0,0.1829764680941276,0.2855840576637693,52.0,55.49999999999999,18973.499999999996,47961.0,50171.0,44424.0,0.0,49012.666666666664,48236.0,0.0,-0.8660254037844386,0.5000000000000001
IL,2024-11-01,2024-12-01 00:00:00,test,41265.0,40120.0,1,8034.0,0.1946928389676481,0.2861504907306434,52.0,55.49999999999999,18603.333333333332,47170.0,48906.0,49382.0,0.0,48012.333333333336,48693.666666666664,0.0,-0.5000000000000004,0.8660254037844384
IL,2024-12-01,2025-01-01 00:00:00,test,40120.0,40120.0,1,7893.0,0.1967347956131605,0.2872632103688933,52.0,55.49999999999999,16446.833333333332,41265.0,47961.0,48572.0,0.0,45465.333333333336,47340.833333333336,0.0,-2.4492935982947064e-16,1.0
IN,2024-01-01,2024-02-01 00:00:00,test,17245.0,17426.0,0,4473.0,0.2593795302986373,0.2785155117425341,61.0,62.25,0.0,0.0,0.0,0.0,0.0,0.0,0.0,0.0,0.49999999999999994,0.8660254037844387
IN,2024-02-01,2024-03-01 00:00:00,test,17426.0,18236.0,0,4804.0,0.2756800183633651,0.27441753701365773,61.0,62.25,28669.75,17245.0,0.0,0.0,0.0,0.0,0.0,0.0,0.8660254037844386,0.5000000000000001
IN,2024-03-01,2024-04-01 00:00:00,test,18236.0,17361.0,0,5084.0,0.2787892081596841,0.27187979820135993,61.0,62.25,28962.5,17426.0,0.0,0.0,0.0,0.0,0.0,0.0,1.0,6.123233995736766e-17
IN,2024-04-01,2024-05-01 00:00:00,test,17361.0,19334.0,0,4673.0,0.269166522665745,0.289038649847359,61.0,62.25,30725.0,18236.0,17245.0,0.0,0.0,17635.666666666668,0.0,0.0,0.8660254037844387,-0.4999999999999998
IN,2024-05-01,2024-06-01 00:00:00,test,19334.0,18921.0,0,5166.0,0.2671976828385228,0.28969690700320677,61.0,62.25,30911.75,17361.0,17426.0,0.0,0.0,17674.333333333332,0.0,0.0,0.49999999999999994,-0.8660254037844387
IN,2024-06-01,2024-07-01 00:00:00,test,18921.0,19362.0,0,5035.0,0.2661064425770308,0.29311347180381586,61.0,62.25,34132.0,19334.0,18236.0,0.0,0.0,18310.333333333332,0.0,0.0,1.2246467991473532e-16,-1.0
IN,2024-07-01,2024-08-01 00:00:00,test,19362.0,19364.0,0,5175.0,0.2672761078400991,0.2995041834521227,61.0,62.25,32717.5,18921.0,17361.0,17245.0,0.0,18538.666666666668,18087.166666666668,0.0,-0.4999999999999997,-0.8660254037844388
IN,2024-08-01,2024-09-01 00:00:00,test,19364.0,18627.0,0,5246.0,0.270915100185912,0.288318529229498,61.0,62.25,34026.5,19362.0,19334.0,17426.0,0.0,19205.666666666668,18440.0,0.0,-0.8660254037844385,-0.5000000000000004
IN,2024-09-01,2024-10-01 00:00:00,test,18627.0,17750.0,0,4924.0,0.2643474526225371,0.28678799591990123,61.0,62.25,33640.25,19364.0,18921.0,18236.0,0.0,19215.666666666668,18763.0,0.0,-1.0,-1.8369701987210297e-16
IN,2024-10-01,2024-11-01 00:00:00,test,17750.0,16665.0,0,4430.0,0.2495774647887323,0.308056338028169,61.0,62.25,32647.0,18627.0,19362.0,17361.0,0.0,19117.666666666668,18828.166666666668,0.0,-0.8660254037844386,0.5000000000000001
IN,2024-11-01,2024-12-01 00:00:00,test,16665.0,15856.0,0,4354.0,0.2612661266126612,0.2934893489348935,61.0,62.25,32226.0,17750.0,19364.0,19334.0,0.0,18580.333333333332,18893.0,0.0,-0.5000000000000004,0.8660254037844384
IN,2024-12-01,2025-01-01 00:00:00,test,15856.0,15856.0,0,4215.0,0.2658299697275479,0.2990035317860747,61.0,62.25,28531.5,16665.0,18627.0,18921.0,0.0,17680.666666666668,18448.166666666668,0.0,-2.4492935982947064e-16,1.0
KS,2024-01-01,2024-02-01 00:00:00,test,11913.0,12321.0,0,2819.0,0.236632250482666,0.2795265676152103,51.0,35.75,0.0,0.0,0.0,0.0,0.0,0.0,0.0,0.0,0.49999999999999994,0.8660254037844387
KS,2024-02-01,2024-03-01 00:00:00,test,12321.0,12661.0,0,3111.0,0.2524957389822255,0.2823634445256067,51.0,35.75,15264.75,11913.0,0.0,0.0,0.0,0.0,0.0,0.0,0.8660254037844386,0.5000000000000001
KS,2024-03-01,2024-04-01 00:00:00,test,12661.0,12742.0,0,3174.0,0.2506910986493957,0.27683437327225335,51.0,35.75,15200.5,12321.0,0.0,0.0,0.0,0.0,0.0,0.0,1.0,6.123233995736766e-17
KS,2024-04-01,2024-05-01 00:00:00,test,12742.0,10943.0,0,3067.0,0.2407000470883691,0.269737874744938,51.0,35.75,15767.0,12661.0,11913.0,0.0,0.0,12298.333333333334,0.0,0.0,0.8660254037844387,-0.4999999999999998
KS,2024-05-01,2024-06-01 00:00:00,test,10943.0,12370.0,0,2903.0,0.2652837430320753,0.293795120168144,51.0,35.75,15641.5,12742.0,12321.0,0.0,0.0,12574.666666666666,0.0,0.0,0.49999999999999994,-0.8660254037844387
KS,2024-06-01,2024-07-01 00:00:00,test,12370.0,9566.0,0,3113.0,0.2516572352465642,0.28294260307194824,51.0,35.75,16760.0,10943.0,12661.0,0.0,0.0,12115.333333333334,0.0,0.0,1.2246467991473532e-16,-1.0
KS,2024-07-01,2024-08-01 00:00:00,test,9566.0,9436.0,0,2717.0,0.2840267614467907,0.27012335354380096,51.0,35.75,16387.0,12370.0,12742.0,11913.0,0.0,12018.333333333334,12158.333333333334,0.0,-0.4999999999999997,-0.8660254037844388
KS,2024-08-01,2024-09-01 00:00:00,test,9436.0,9270.0,0,2712.0,0.2874099194573972,0.29154302670623145,51.0,35.75,17286.25,9566.0,10943.0,12321.0,0.0,10959.666666666666,11767.166666666666,0.0,-0.8660254037844385,-0.5000000000000004
KS,2024-09-01,2024-10-01 00:00:00,test,9270.0,9187.0,0,2550.0,0.2750809061488673,0.28317152103559873,51.0,35.75,16992.75,9436.0,12370.0,12661.0,0.0,10457.333333333334,11286.333333333334,0.0,-1.0,-1.8369701987210297e-16
KS,2024-10-01,2024-11-01 00:00:00,test,9187.0,8159.0,0,2523.0,0.2746271905954066,0.27734842712528573,51.0,35.75,16348.0,9270.0,9566.0,12742.0,0.0,9424.0,10721.166666666666,0.0,-0.8660254037844386,0.5000000000000001
KS,2024-11-01,2024-12-01 00:00:00,test,8159.0,8066.0,0,2396.0,0.2936634391469543,0.2936634391469543,51.0,35.75,16422.25,9187.0,9436.0,10943.0,0.0,9297.666666666666,10128.666666666666,0.0,-0.5000000000000004,0.8660254037844384
KS,2024-12-01,2025-01-01 00:00:00,test,8066.0,8066.0,0,2394.0,0.2968013885445078,0.2990329779320605,51.0,35.75,14230.75,8159.0,9270.0,12370.0,0.0,8872.0,9664.666666666666,0.0,-2.4492935982947064e-16,1.0
KY,2024-01-01,2024-02-01 00:00:00,test,11881.0,11861.0,0,3455.0,0.2908004376735965,0.2739668378082653,85.0,55.71428571428571,0.0,0.0,0.0,0.0,0.0,0.0,0.0,0.0,0.49999999999999994,0.8660254037844387
KY,2024-02-01,2024-03-01 00:00:00,test,11861.0,12571.0,0,3593.0,0.3029255543377455,0.2731641514206222,85.0,55.71428571428571,24475.0,11881.0,0.0,0.0,0.0,0.0,0.0,0.0,0.8660254037844386,0.5000000000000001
KY,2024-03-01,2024-04-01 00:00:00,test,12571.0,12253.0,0,3830.0,0.3046694773685466,0.2678386763185109,85.0,55.71428571428571,24982.85714285714,11861.0,0.0,0.0,0.0,0.0,0.0,0.0,1.0,6.123233995736766e-17
KY,2024-04-01,2024-05-01 00:00:00,test,12253.0,13440.0,0,3628.0,0.2960907532849098,0.28123724802089284,85.0,55.71428571428571,26350.999999999993,12571.0,11881.0,0.0,0.0,12104.333333333334,0.0,0.0,0.8660254037844387,-0.4999999999999998
KY,2024-05-01,2024-06-01 00:00:00,test,13440.0,12343.0,0,3906.0,0.290625,0.28080357142857143,85.0,55.71428571428571,26292.142857142855,12253.0,11861.0,0.0,0.0,12228.333333333334,0.0,0.0,0.49999999999999994,-0.8660254037844387
KY,2024-06-01,2024-07-01 00:00:00,test,12343.0,13053.0,0,3513.0,0.2846147614032245,0.29960301385400634,85.0,55.71428571428571,28465.142857142855,13440.0,12571.0,0.0,0.0,12754.666666666666,0.0,0.0,1.2246467991473532e-16,-1.0
KY,2024-07-01,2024-08-01 00:00:00,test,13053.0,12814.0,0,3728.0,0.2856048417988202,0.28767333180111854,85.0,55.71428571428571,27760.42857142857,12343.0,12253.0,11881.0,0.0,12678.666666666666,12391.5,0.0,-0.4999999999999997,-0.8660254037844388
KY,2024-08-01,2024-09-01 00:00:00,test,12814.0,12308.0,0,3772.0,0.2943655376931481,0.27313875448727953,85.0,55.71428571428571,28448.285714285717,13053.0,13440.0,11861.0,0.0,12945.333333333334,12586.833333333334,0.0,-0.8660254037844385,-0.5000000000000004
KY,2024-09-01,2024-10-01 00:00:00,test,12308.0,12035.0,0,3385.0,0.2750243743906402,0.29062398440039,85.0,55.71428571428571,27871.857142857145,12814.0,12343.0,12571.0,0.0,12736.666666666666,12745.666666666666,0.0,-1.0,-1.8369701987210297e-16
KY,2024-10-01,2024-11-01 00:00:00,test,12035.0,11492.0,0,3385.0,0.2812629829663481,0.28857498961362693,85.0,55.71428571428571,27173.142857142855,12308.0,13053.0,12253.0,0.0,12725.0,12701.833333333334,0.0,-0.8660254037844386,0.5000000000000001
KY,2024-11-01,2024-12-01 00:00:00,test,11492.0,9989.0,0,3056.0,0.265924121127741,0.30264531848242254,85.0,55.71428571428571,26846.714285714286,12035.0,12814.0,13440.0,0.0,12385.666666666666,12665.5,0.0,-0.5000000000000004,0.8660254037844384
KY,2024-12-01,2025-01-01 00:00:00,test,9989.0,9989.0,0,2786.0,0.2789067974772249,0.32125337871658827,85.0,55.71428571428571,24075.857142857145,11492.0,12308.0,12343.0,0.0,11945.0,12340.833333333334,0.0,-2.4492935982947064e-16,1.0
LA,2024-01-01,2024-02-01 00:00:00,test,16051.0,16076.0,0,4843.0,0.3017257491745063,0.31275309949535857,100.0,85.33333333333333,0.0,0.0,0.0,0.0,0.0,0.0,0.0,0.0,0.49999999999999994,0.8660254037844387
LA,2024-02-01,2024-03-01 00:00:00,test,16076.0,16345.0,0,5149.0,0.3202911171933317,0.30119432694700177,100.0,85.33333333333333,45918.0,16051.0,0.0,0.0,0.0,0.0,0.0,0.0,0.8660254037844386,0.5000000000000001
LA,2024-03-01,2024-04-01 00:00:00,test,16345.0,16364.0,0,5152.0,0.315203426124197,0.3089629856225145,100.0,85.33333333333333,45429.333333333336,16076.0,0.0,0.0,0.0,0.0,0.0,0.0,1.0,6.123233995736766e-17
LA,2024-04-01,2024-05-01 00:00:00,test,16364.0,15594.0,0,5228.0,0.3194817892935712,0.30084331459300906,100.0,85.33333333333333,47802.33333333333,16345.0,16051.0,0.0,0.0,16157.333333333334,0.0,0.0,0.8660254037844387,-0.4999999999999998
LA,2024-05-01,2024-06-01 00:00:00,test,15594.0,14584.0,0,5222.0,0.3348723868154418,0.297678594331153,100.0,85.33333333333333,48603.666666666664,16364.0,16076.0,0.0,0.0,16261.666666666666,0.0,0.0,0.49999999999999994,-0.8660254037844387
LA,2024-06-01,2024-07-01 00:00:00,test,14584.0,14616.0,0,4947.0,0.339207350521119,0.3114371914426769,100.0,85.33333333333333,50026.33333333333,15594.0,16345.0,0.0,0.0,16101.0,0.0,0.0,1.2246467991473532e-16,-1.0
LA,2024-07-01,2024-08-01 00:00:00,test,14616.0,14697.0,0,5032.0,0.3442802408319649,0.31732348111658454,100.0,85.33333333333333,46701.666666666664,14584.0,16364.0,16051.0,0.0,15514.0,15835.666666666666,0.0,-0.4999999999999997,-0.8660254037844388
LA,2024-08-01,2024-09-01 00:00:00,test,14697.0,13730.0,0,5119.0,0.3483023746342791,0.31128801796284955,100.0,85.33333333333333,47016.333333333336,14616.0,15594.0,16076.0,0.0,14931.333333333334,15596.5,0.0,-0.8660254037844385,-0.5000000000000004
LA,2024-09-01,2024-10-01 00:00:00,test,13730.0,14395.0,0,4629.0,0.3371449380917699,0.2967225054624909,100.0,85.33333333333333,47938.33333333333,14697.0,14584.0,16345.0,0.0,14632.333333333334,15366.666666666666,0.0,-1.0,-1.8369701987210297e-16
LA,2024-10-01,2024-11-01 00:00:00,test,14395.0,13267.0,0,4785.0,0.3324070857936783,0.30573115665161515,100.0,85.33333333333333,46542.33333333333,13730.0,14616.0,16364.0,0.0,14347.666666666666,14930.833333333334,0.0,-0.8660254037844386,0.5000000000000001
LA,2024-11-01,2024-12-01 00:00:00,test,13267.0,12805.0,0,4353.0,0.3281073339865832,0.3207205849099269,100.0,85.33333333333333,47439.33333333333,14395.0,14697.0,15594.0,0.0,14274.0,14602.666666666666,0.0,-0.5000000000000004,0.8660254037844384
LA,2024-12-01,2025-01-01 00:00:00,test,12805.0,12805.0,0,4061.0,0.3171417415072237,0.32776259273721203,100.0,85.33333333333333,43565.0,13267.0,13730.0,14584.0,0.0,13797.333333333334,14214.833333333334,0.0,-2.4492935982947064e-16,1.0
MA,2024-01-01,2024-02-01 00:00:00,test,14930.0,14833.0,0,3425.0,0.2294038847957133,0.2975887474882786,19.0,34.0,0.0,0.0,0.0,0.0,0.0,0.0,0.0,0.0,0.49999999999999994,0.8660254037844387
MA,2024-02-01,2024-03-01 00:00:00,test,14833.0,15965.0,0,3545.0,0.2389941346996561,0.2860513719409425,19.0,34.0,14092.6,14930.0,0.0,0.0,0.0,0.0,0.0,0.0,0.8660254037844386,0.5000000000000001
MA,2024-03-01,2024-04-01 00:00:00,test,15965.0,16053.0,0,3868.0,0.2422799874725963,0.3009082367679298,19.0,34.0,13379.400000000001,14833.0,0.0,0.0,0.0,0.0,0.0,0.0,1.0,6.123233995736766e-17
MA,2024-04-01,2024-05-01 00:00:00,test,16053.0,17641.0,0,3849.0,0.2397682676135301,0.2947735625739737,19.0,34.0,14483.400000000001,15965.0,14930.0,0.0,0.0,15242.666666666666,0.0,0.0,0.8660254037844387,-0.4999999999999998
MA,2024-05-01,2024-06-01 00:00:00,test,17641.0,16923.0,0,4161.0,0.2358709823706139,0.3078056799501162,19.0,34.0,14230.0,16053.0,14833.0,0.0,0.0,15617.0,0.0,0.0,0.49999999999999994,-0.8660254037844387
MA,2024-06-01,2024-07-01 00:00:00,test,16923.0,17994.0,0,4073.0,0.2406783667198487,0.3174968977131714,19.0,34.0,15670.800000000001,17641.0,15965.0,0.0,0.0,16553.0,0.0,0.0,1.2246467991473532e-16,-1.0
MA,2024-07-01,2024-08-01 00:00:00,test,17994.0,17749.0,0,4279.0,0.2378014893853506,0.2966544403690119,19.0,34.0,15445.2,16923.0,16053.0,14930.0,0.0,16872.333333333332,16057.5,0.0,-0.4999999999999997,-0.8660254037844388
MA,2024-08-01,2024-09-01 00:00:00,test,17749.0,17788.0,0,4226.0,0.2380979210096343,0.31691926305707363,19.0,34.0,16026.2,17994.0,17641.0,14833.0,0.0,17519.333333333332,16568.166666666668,0.0,-0.8660254037844385,-0.5000000000000004
MA,2024-09-01,2024-10-01 00:00:00,test,17788.0,17743.0,0,3943.0,0.2216662918821677,0.3176860805037104,19.0,34.0,15729.2,17749.0,16923.0,15965.0,0.0,17555.333333333332,17054.166666666668,0.0,-1.0,-1.8369701987210297e-16
MA,2024-10-01,2024-11-01 00:00:00,test,17743.0,15684.0,0,4198.0,0.2366003494335794,0.3161810291382517,19.0,34.0,15383.200000000003,17788.0,17994.0,16053.0,0.0,17843.666666666668,17358.0,0.0,-0.8660254037844386,0.5000000000000001
MA,2024-11-01,2024-12-01 00:00:00,test,15684.0,14761.0,0,3895.0,0.248342259627646,0.313504208110176,19.0,34.0,15461.800000000001,17743.0,17749.0,17641.0,0.0,17760.0,17639.666666666668,0.0,-0.5000000000000004,0.8660254037844384
MA,2024-12-01,2025-01-01 00:00:00,test,14761.0,14761.0,0,3668.0,0.2484926495494885,0.3249102364338459,19.0,34.0,14124.6,15684.0,17788.0,16923.0,0.0,17071.666666666668,17313.5,0.0,-2.4492935982947064e-16,1.0
MD,2024-01-01,2024-02-01 00:00:00,test,21241.0,20335.0,0,3827.0,0.1801704251212278,0.3239018878583871,32.0,44.2,0.0,0.0,0.0,0.0,0.0,0.0,0.0,0.0,0.49999999999999994,0.8660254037844387
MD,2024-02-01,2024-03-01 00:00:00,test,20335.0,21233.0,0,3964.0,0.1949348414064421,0.31635111876075733,32.0,44.2,11153.800000000001,21241.0,0.0,0.0,0.0,0.0,0.0,0.0,0.8660254037844386,0.5000000000000001
MD,2024-03-01,2024-04-01 00:00:00,test,21233.0,21683.0,0,4110.0,0.1935666180002825,0.32604907455376064,32.0,44.2,10967.0,20335.0,0.0,0.0,0.0,0.0,0.0,0.0,1.0,6.123233995736766e-17
MD,2024-04-01,2024-05-01 00:00:00,test,21683.0,23220.0,0,4247.0,0.1958677304800996,0.33371765899552647,32.0,44.2,11796.6,21233.0,21241.0,0.0,0.0,20936.333333333332,0.0,0.0,0.8660254037844387,-0.4999999999999998
MD,2024-05-01,2024-06-01 00:00:00,test,23220.0,22918.0,0,4281.0,0.1843669250645994,0.3306201550387597,32.0,44.2,12130.800000000001,21683.0,20335.0,0.0,0.0,21083.666666666668,0.0,0.0,0.49999999999999994,-0.8660254037844387
MD,2024-06-01,2024-07-01 00:00:00,test,22918.0,23082.0,0,4068.0,0.1775023998603717,0.3390784536172441,32.0,44.2,12773.2,23220.0,21233.0,0.0,0.0,22045.333333333332,0.0,0.0,1.2246467991473532e-16,-1.0
MD,2024-07-01,2024-08-01 00:00:00,test,23082.0,22840.0,0,4104.0,0.1778008838055627,0.34936314010917596,32.0,44.2,12634.2,22918.0,21683.0,21241.0,0.0,22607.0,21771.666666666668,0.0,-0.4999999999999997,-0.8660254037844388
MD,2024-08-01,2024-09-01 00:00:00,test,22840.0,23219.0,0,3972.0,0.1739054290718038,0.3475043782837128,32.0,44.2,12932.0,23082.0,23220.0,20335.0,0.0,23073.333333333332,22078.5,0.0,-0.8660254037844385,-0.5000000000000004
MD,2024-09-01,2024-10-01 00:00:00,test,23219.0,23468.0,0,4086.0,0.1759765709117533,0.3501873465696197,32.0,44.2,12449.2,22840.0,22918.0,21233.0,0.0,22946.666666666668,22496.0,0.0,-1.0,-1.8369701987210297e-16
MD,2024-10-01,2024-11-01 00:00:00,test,23468.0,21242.0,0,3945.0,0.1681012442474859,0.3513720811317539,32.0,44.2,12541.600000000002,23219.0,23082.0,21683.0,0.0,23047.0,22827.0,0.0,-0.8660254037844386,0.5000000000000001
MD,2024-11-01,2024-12-01 00:00:00,test,21242.0,20423.0,0,3718.0,0.1750305997552019,0.3472836832689954,32.0,44.2,12619.2,23468.0,22840.0,23220.0,0.0,23175.666666666668,23124.5,0.0,-0.5000000000000004,0.8660254037844384
MD,2024-12-01,2025-01-01 00:00:00,test,20423.0,20423.0,0,3392.0,0.1660872545659305,0.36924056211134504,32.0,44.2,11353.800000000001,21242.0,23219.0,22918.0,0.0,22643.0,22794.833333333332,0.0,-2.4492935982947064e-16,1.0
ME,2024-01-01,2024-02-01 00:00:00,test,2821.0,2809.0,0,1147.0,0.4065934065934066,0.3349875930521092,28.0,1.0,0.0,0.0,0.0,0.0,0.0,0.0,0.0,0.0,0.49999999999999994,0.8660254037844387
ME,2024-02-01,2024-03-01 00:00:00,test,2809.0,2956.0,0,1118.0,0.3980064079743681,0.3538625845496618,28.0,1.0,3217.0,2821.0,0.0,0.0,0.0,0.0,0.0,0.0,0.8660254037844386,0.5000000000000001
ME,2024-03-01,2024-04-01 00:00:00,test,2956.0,3209.0,0,1167.0,0.3947902571041948,0.31630581867388363,28.0,1.0,3180.0,2809.0,0.0,0.0,0.0,0.0,0.0,0.0,1.0,6.123233995736766e-17
ME,2024-04-01,2024-05-01 00:00:00,test,3209.0,3429.0,0,1207.0,0.3761296354004362,0.3443440324088501,28.0,1.0,3689.0,2956.0,2821.0,0.0,0.0,2862.0,0.0,0.0,0.8660254037844387,-0.4999999999999998
ME,2024-05-01,2024-06-01 00:00:00,test,3429.0,3293.0,0,1308.0,0.3814523184601924,0.3467483231262759,28.0,1.0,3421.0,3209.0,2809.0,0.0,0.0,2991.3333333333335,0.0,0.0,0.49999999999999994,-0.8660254037844387
ME,2024-06-01,2024-07-01 00:00:00,test,3293.0,3641.0,0,1240.0,0.3765563316125114,0.33768600060734894,28.0,1.0,3943.0,3429.0,2956.0,0.0,0.0,3198.0,0.0,0.0,1.2246467991473532e-16,-1.0
ME,2024-07-01,2024-08-01 00:00:00,test,3641.0,3596.0,0,1331.0,0.3655589123867069,0.366932161494095,28.0,1.0,3511.0,3293.0,3209.0,2821.0,0.0,3310.3333333333335,3086.1666666666665,0.0,-0.4999999999999997,-0.8660254037844388
ME,2024-08-01,2024-09-01 00:00:00,test,3596.0,3511.0,0,1247.0,0.3467741935483871,0.35956618464961065,28.0,1.0,3768.0,3641.0,3429.0,2809.0,0.0,3454.3333333333335,3222.8333333333335,0.0,-0.8660254037844385,-0.5000000000000004
ME,2024-09-01,2024-10-01 00:00:00,test,3511.0,3435.0,0,1240.0,0.3531757334092851,0.37225861577898034,28.0,1.0,3510.0,3596.0,3293.0,2956.0,0.0,3510.0,3354.0,0.0,-1.0,-1.8369701987210297e-16
ME,2024-10-01,2024-11-01 00:00:00,test,3435.0,2928.0,0,1211.0,0.3525473071324599,0.3542940320232897,28.0,1.0,3863.0,3511.0,3641.0,3209.0,0.0,3582.6666666666665,3446.5,0.0,-0.8660254037844386,0.5000000000000001
ME,2024-11-01,2024-12-01 00:00:00,test,2928.0,2644.0,0,1072.0,0.366120218579235,0.3582650273224044,28.0,1.0,3784.0,3435.0,3596.0,3429.0,0.0,3514.0,3484.1666666666665,0.0,-0.5000000000000004,0.8660254037844384
ME,2024-12-01,2025-01-01 00:00:00,test,2644.0,2644.0,0,961.0,0.363464447806354,0.33963691376701965,28.0,1.0,3346.0,2928.0,3511.0,3293.0,0.0,3291.3333333333335,3400.6666666666665,0.0,-2.4492935982947064e-16,1.0
MI,2024-01-01,2024-02-01 00:00:00,test,30377.0,30571.0,1,6633.0,0.2183559930210356,0.3194192974948152,58.0,46.4,0.0,0.0,0.0,0.0,0.0,0.0,0.0,0.0,0.49999999999999994,0.8660254037844387
MI,2024-02-01,2024-03-01 00:00:00,test,30571.0,32105.0,1,6578.0,0.2151712407183278,0.3225933073828138,58.0,46.4,23917.4,30377.0,0.0,0.0,0.0,0.0,0.0,0.0,0.8660254037844386,0.5000000000000001
MI,2024-03-01,2024-04-01 00:00:00,test,32105.0,32577.0,1,7211.0,0.2246067590717956,0.32730104345117583,58.0,46.4,24042.200000000004,30571.0,0.0,0.0,0.0,0.0,0.0,0.0,1.0,6.123233995736766e-17
MI,2024-04-01,2024-05-01 00:00:00,test,32577.0,35727.0,1,7108.0,0.2181907480737944,0.33744666482487645,58.0,46.4,25421.8,32105.0,30377.0,0.0,0.0,31017.666666666668,0.0,0.0,0.8660254037844387,-0.4999999999999998
MI,2024-05-01,2024-06-01 00:00:00,test,35727.0,34512.0,1,7494.0,0.2097573263918045,0.3429339155260727,58.0,46.4,25452.0,32577.0,30571.0,0.0,0.0,31751.0,0.0,0.0,0.49999999999999994,-0.8660254037844387
MI,2024-06-01,2024-07-01 00:00:00,test,34512.0,35744.0,1,7210.0,0.2089128419100602,0.3378824756606398,58.0,46.4,28177.6,35727.0,32105.0,0.0,0.0,33469.666666666664,0.0,0.0,1.2246467991473532e-16,-1.0
MI,2024-07-01,2024-08-01 00:00:00,test,35744.0,35471.0,1,7506.0,0.2099932855863921,0.3201935989256938,58.0,46.4,27261.2,34512.0,32577.0,30377.0,0.0,34272.0,32644.833333333332,0.0,-0.4999999999999997,-0.8660254037844388
MI,2024-08-01,2024-09-01 00:00:00,test,35471.0,34903.0,1,7301.0,0.2058301147416199,0.30825181133884016,58.0,46.4,28506.6,35744.0,35727.0,30571.0,0.0,35327.666666666664,33539.333333333336,0.0,-0.8660254037844385,-0.5000000000000004
MI,2024-09-01,2024-10-01 00:00:00,test,34903.0,34013.0,1,6924.0,0.198378362891442,0.329112110706816,58.0,46.4,28040.199999999997,35471.0,34512.0,32105.0,0.0,35242.333333333336,34356.0,0.0,-1.0,-1.8369701987210297e-16
MI,2024-10-01,2024-11-01 00:00:00,test,34013.0,29714.0,1,6457.0,0.1898391791373886,0.32449357598565254,58.0,46.4,27154.4,34903.0,35744.0,32577.0,0.0,35372.666666666664,34822.333333333336,0.0,-0.8660254037844386,0.5000000000000001
MI,2024-11-01,2024-12-01 00:00:00,test,29714.0,27651.0,1,5937.0,0.1998048058154405,0.3250992798007673,58.0,46.4,26795.0,34013.0,35471.0,35727.0,0.0,34795.666666666664,35061.666666666664,0.0,-0.5000000000000004,0.8660254037844384
MI,2024-12-01,2025-01-01 00:00:00,test,27651.0,27651.0,1,5423.0,0.1961231058551227,0.32628114715561823,58.0,46.4,23527.0,29714.0,34903.0,34512.0,0.0,32876.666666666664,34059.5,0.0,-2.4492935982947064e-16,1.0
MN,2024-01-01,2024-02-01 00:00:00,test,15527.0,14564.0,0,4336.0,0.2792554904360146,0.34172731371159915,32.0,40.800000000000004,0.0,0.0,0.0,0.0,0.0,0.0,0.0,0.0,0.49999999999999994,0.8660254037844387
MN,2024-02-01,2024-03-01 00:00:00,test,14564.0,15214.0,0,4121.0,0.2829579785773139,0.3431749519362812,32.0,40.800000000000004,11796.8,15527.0,0.0,0.0,0.0,0.0,0.0,0.0,0.8660254037844386,0.5000000000000001
MN,2024-03-01,2024-04-01 00:00:00,test,15214.0,15802.0,0,4444.0,0.2920993821480215,0.3207571973182595,32.0,40.800000000000004,12036.6,14564.0,0.0,0.0,0.0,0.0,0.0,0.0,1.0,6.123233995736766e-17
MN,2024-04-01,2024-05-01 00:00:00,test,15802.0,17490.0,0,4321.0,0.2734463991899759,0.3325528414124794,32.0,40.800000000000004,12546.400000000001,15214.0,15527.0,0.0,0.0,15101.666666666666,0.0,0.0,0.8660254037844387,-0.4999999999999998
MN,2024-05-01,2024-06-01 00:00:00,test,17490.0,17006.0,0,4519.0,0.2583762149799886,0.32955974842767294,32.0,40.800000000000004,12672.4,15802.0,14564.0,0.0,0.0,15193.333333333334,0.0,0.0,0.49999999999999994,-0.8660254037844387
MN,2024-06-01,2024-07-01 00:00:00,test,17006.0,18247.0,0,4420.0,0.259908267670234,0.34346701164294957,32.0,40.800000000000004,13867.0,17490.0,15214.0,0.0,0.0,16168.666666666666,0.0,0.0,1.2246467991473532e-16,-1.0
MN,2024-07-01,2024-08-01 00:00:00,test,18247.0,17738.0,0,4863.0,0.2665095632158711,0.34575546665205237,32.0,40.800000000000004,13375.800000000003,17006.0,15802.0,15527.0,0.0,16766.0,15933.833333333334,0.0,-0.4999999999999997,-0.8660254037844388
MN,2024-08-01,2024-09-01 00:00:00,test,17738.0,17449.0,0,4688.0,0.2642913518998759,0.3597925357988499,32.0,40.800000000000004,14095.2,18247.0,17490.0,14564.0,0.0,17581.0,16387.166666666668,0.0,-0.8660254037844385,-0.5000000000000004
MN,2024-09-01,2024-10-01 00:00:00,test,17449.0,17558.0,0,4586.0,0.2628230844174451,0.36196916728752365,32.0,40.800000000000004,13858.000000000002,17738.0,17006.0,15214.0,0.0,17663.666666666668,16916.166666666668,0.0,-1.0,-1.8369701987210297e-16
MN,2024-10-01,2024-11-01 00:00:00,test,17558.0,15483.0,0,4506.0,0.2566351520674336,0.37219501082127804,32.0,40.800000000000004,13518.0,17449.0,18247.0,15802.0,0.0,17811.333333333332,17288.666666666668,0.0,-0.8660254037844386,0.5000000000000001
MN,2024-11-01,2024-12-01 00:00:00,test,15483.0,14403.0,0,4219.0,0.2724924110314538,0.35703674998385326,32.0,40.800000000000004,13265.2,17558.0,17738.0,17490.0,0.0,17581.666666666668,17581.333333333332,0.0,-0.5000000000000004,0.8660254037844384
MN,2024-12-01,2025-01-01 00:00:00,test,14403.0,14403.0,0,3829.0,0.2658473929042561,0.3759633409706311,32.0,40.800000000000004,11284.4,15483.0,17449.0,17006.0,0.0,16830.0,17246.833333333332,0.0,-2.4492935982947064e-16,1.0
MO,2024-01-01,2024-02-01 00:00:00,test,20364.0,20943.0,0,5064.0,0.2486741308190925,0.30264191710862304,51.0,56.75,0.0,0.0,0.0,0.0,0.0,0.0,0.0,0.0,0.49999999999999994,0.8660254037844387
MO,2024-02-01,2024-03-01 00:00:00,test,20943.0,22095.0,0,5416.0,0.2586066943608843,0.2926514825956167,51.0,56.75,15999.125,20364.0,0.0,0.0,0.0,0.0,0.0,0.0,0.8660254037844386,0.5000000000000001
MO,2024-03-01,2024-04-01 00:00:00,test,22095.0,21195.0,0,5745.0,0.2600135777325186,0.2930527268612808,51.0,56.75,16825.375,20943.0,0.0,0.0,0.0,0.0,0.0,0.0,1.0,6.123233995736766e-17
MO,2024-04-01,2024-05-01 00:00:00,test,21195.0,23741.0,0,5418.0,0.2556263269639066,0.29577730596838875,51.0,56.75,17611.875,22095.0,20364.0,0.0,0.0,21134.0,0.0,0.0,0.8660254037844387,-0.4999999999999998
MO,2024-05-01,2024-06-01 00:00:00,test,23741.0,23517.0,0,5565.0,0.2344046164862474,0.29299524030158797,51.0,56.75,17747.375,21195.0,20943.0,0.0,0.0,21411.0,0.0,0.0,0.49999999999999994,-0.8660254037844387
MO,2024-06-01,2024-07-01 00:00:00,test,23517.0,24925.0,0,5574.0,0.2370200280648041,0.3054386188714547,51.0,56.75,18791.375,23741.0,22095.0,0.0,0.0,22343.666666666668,0.0,0.0,1.2246467991473532e-16,-1.0
MO,2024-07-01,2024-08-01 00:00:00,test,24925.0,23606.0,0,5725.0,0.2296890672016048,0.31366098294884653,51.0,56.75,18343.5,23517.0,21195.0,20364.0,0.0,22817.666666666668,21975.833333333332,0.0,-0.4999999999999997,-0.8660254037844388
MO,2024-08-01,2024-09-01 00:00:00,test,23606.0,22091.0,0,5638.0,0.2388375836651698,0.31186986359400154,51.0,56.75,18407.75,24925.0,23741.0,20943.0,0.0,24061.0,22736.0,0.0,-0.8660254037844385,-0.5000000000000004
MO,2024-09-01,2024-10-01 00:00:00,test,22091.0,22561.0,0,5277.0,0.2388755601828799,0.3056901000407406,51.0,56.75,18154.25,23606.0,23517.0,22095.0,0.0,24016.0,23179.833333333332,0.0,-1.0,-1.8369701987210297e-16
MO,2024-10-01,2024-11-01 00:00:00,test,22561.0,19905.0,0,5200.0,0.2304862373121758,0.31288506715127873,51.0,56.75,17702.125,22091.0,24925.0,21195.0,0.0,23540.666666666668,23179.166666666668,0.0,-0.8660254037844386,0.5000000000000001
MO,2024-11-01,2024-12-01 00:00:00,test,19905.0,19101.0,0,4530.0,0.2275810097965335,0.32655111780959556,51.0,56.75,17462.25,22561.0,23606.0,23741.0,0.0,22752.666666666668,23406.833333333332,0.0,-0.5000000000000004,0.8660254037844384
MO,2024-12-01,2025-01-01 00:00:00,test,19101.0,19101.0,0,4482.0,0.2346474006596513,0.32856918485943143,51.0,56.75,15610.5,19905.0,22091.0,23517.0,0.0,21519.0,22767.5,0.0,-2.4492935982947064e-16,1.0
MS,2024-01-01,2024-02-01 00:00:00,test,4995.0,5093.0,0,1487.0,0.2976976976976977,0.26246246246246246,98.0,79.0,0.0,0.0,0.0,0.0,0.0,0.0,0.0,0.0,0.49999999999999994,0.8660254037844387
MS,2024-02-01,2024-03-01 00:00:00,test,5093.0,5426.0,0,1673.0,0.3284900844296092,0.24857647751816217,98.0,79.0,18458.5,4995.0,0.0,0.0,0.0,0.0,0.0,0.0,0.8660254037844386,0.5000000000000001
MS,2024-03-01,2024-04-01 00:00:00,test,5426.0,5425.0,0,1785.0,0.328971618134906,0.2664946553630667,98.0,79.0,19180.25,5093.0,0.0,0.0,0.0,0.0,0.0,0.0,1.0,6.123233995736766e-17
MS,2024-04-01,2024-05-01 00:00:00,test,5425.0,5651.0,0,1847.0,0.3404608294930875,0.27852534562211984,98.0,79.0,19922.0,5426.0,4995.0,0.0,0.0,5171.333333333333,0.0,0.0,0.8660254037844387,-0.4999999999999998
MS,2024-05-01,2024-06-01 00:00:00,test,5651.0,5382.0,0,1798.0,0.3181737745531764,0.2794195717572111,98.0,79.0,20180.25,5425.0,5093.0,0.0,0.0,5314.666666666667,0.0,0.0,0.49999999999999994,-0.8660254037844387
MS,2024-06-01,2024-07-01 00:00:00,test,5382.0,5464.0,0,1686.0,0.3132664437012263,0.27573392790784096,98.0,79.0,21000.25,5651.0,5426.0,0.0,0.0,5500.666666666667,0.0,0.0,1.2246467991473532e-16,-1.0
MS,2024-07-01,2024-08-01 00:00:00,test,5464.0,5813.0,0,1630.0,0.298316251830161,0.2534773060029283,98.0,79.0,20173.25,5382.0,5425.0,4995.0,0.0,5486.0,5328.666666666667,0.0,-0.4999999999999997,-0.8660254037844388
MS,2024-08-01,2024-09-01 00:00:00,test,5813.0,5330.0,0,1827.0,0.314295544469293,0.27490108377773953,98.0,79.0,20386.0,5464.0,5651.0,5093.0,0.0,5499.0,5406.833333333333,0.0,-0.8660254037844385,-0.5000000000000004
MS,2024-09-01,2024-10-01 00:00:00,test,5330.0,5403.0,0,1631.0,0.3060037523452157,0.27204502814258913,98.0,79.0,20340.75,5813.0,5382.0,5426.0,0.0,5553.0,5526.833333333333,0.0,-1.0,-1.8369701987210297e-16
MS,2024-10-01,2024-11-01 00:00:00,test,5403.0,4906.0,0,1668.0,0.308717379233759,0.25985563575791226,98.0,79.0,19487.5,5330.0,5464.0,5425.0,0.0,5535.666666666667,5510.833333333333,0.0,-0.8660254037844386,0.5000000000000001
MS,2024-11-01,2024-12-01 00:00:00,test,4906.0,4751.0,0,1496.0,0.3049327354260089,0.2645739910313901,98.0,79.0,19453.5,5403.0,5813.0,5651.0,0.0,5515.333333333333,5507.166666666667,0.0,-0.5000000000000004,0.8660254037844384
MS,2024-12-01,2025-01-01 00:00:00,test,4751.0,4751.0,0,1485.0,0.312565775626184,0.2578404546411282,98.0,79.0,17709.25,4906.0,5330.0,5382.0,0.0,5213.0,5383.0,0.0,-2.4492935982947064e-16,1.0
MT,2024-01-01,2024-02-01 00:00:00,test,3308.0,3077.0,0,1212.0,0.366384522370012,0.3373639661426844,36.0,40.0,0.0,0.0,0.0,0.0,0.0,0.0,0.0,0.0,0.49999999999999994,0.8660254037844387
MT,2024-02-01,2024-03-01 00:00:00,test,3077.0,3377.0,0,1128.0,0.3665908352291193,0.3506662333441664,36.0,40.0,3101.25,3308.0,0.0,0.0,0.0,0.0,0.0,0.0,0.8660254037844386,0.5000000000000001
MT,2024-03-01,2024-04-01 00:00:00,test,3377.0,3204.0,0,1219.0,0.3609712762807225,0.3526798933965058,36.0,40.0,3117.25,3077.0,0.0,0.0,0.0,0.0,0.0,0.0,1.0,6.123233995736766e-17
MT,2024-04-01,2024-05-01 00:00:00,test,3204.0,3712.0,0,1123.0,0.3504993757802747,0.3589263420724095,36.0,40.0,3241.25,3377.0,3308.0,0.0,0.0,3254.0,0.0,0.0,0.8660254037844387,-0.4999999999999998
MT,2024-05-01,2024-06-01 00:00:00,test,3712.0,3518.0,0,1340.0,0.3609913793103448,0.33054956896551724,36.0,40.0,3290.75,3204.0,3077.0,0.0,0.0,3219.3333333333335,0.0,0.0,0.49999999999999994,-0.8660254037844387
MT,2024-06-01,2024-07-01 00:00:00,test,3518.0,3828.0,0,1232.0,0.3501989766913019,0.36128482092097786,36.0,40.0,3530.0,3712.0,3377.0,0.0,0.0,3431.0,0.0,0.0,1.2246467991473532e-16,-1.0
MT,2024-07-01,2024-08-01 00:00:00,test,3828.0,3857.0,0,1344.0,0.3510971786833856,0.3568443051201672,36.0,40.0,3343.5,3518.0,3204.0,3308.0,0.0,3478.0,3366.0,0.0,-0.4999999999999997,-0.8660254037844388
MT,2024-08-01,2024-09-01 00:00:00,test,3857.0,3516.0,0,1290.0,0.3344568317345087,0.3666061705989111,36.0,40.0,3636.25,3828.0,3712.0,3077.0,0.0,3686.0,3452.6666666666665,0.0,-0.8660254037844385,-0.5000000000000004
MT,2024-09-01,2024-10-01 00:00:00,test,3516.0,3736.0,0,1129.0,0.321103526734926,0.38026166097838454,36.0,40.0,3550.25,3857.0,3518.0,3377.0,0.0,3734.3333333333335,3582.6666666666665,0.0,-1.0,-1.8369701987210297e-16
MT,2024-10-01,2024-11-01 00:00:00,test,3736.0,3074.0,0,1151.0,0.3080835117773019,0.3822269807280514,36.0,40.0,3343.25,3516.0,3828.0,3204.0,0.0,3733.6666666666665,3605.8333333333335,0.0,-0.8660254037844386,0.5000000000000001
MT,2024-11-01,2024-12-01 00:00:00,test,3074.0,3051.0,0,1098.0,0.3571893298633702,0.3415744957709824,36.0,40.0,3379.5,3736.0,3857.0,3712.0,0.0,3703.0,3694.5,0.0,-0.5000000000000004,0.8660254037844384
MT,2024-12-01,2025-01-01 00:00:00,test,3051.0,3051.0,0,1073.0,0.3516879711569977,0.36315961979678796,36.0,40.0,2848.25,3074.0,3516.0,3518.0,0.0,3442.0,3588.1666666666665,0.0,-2.4492935982947064e-16,1.0
NC,2024-01-01,2024-02-01 00:00:00,test,40845.0,39269.0,1,8388.0,0.2053617333822989,0.3030236259028033,50.0,51.5,0.0,0.0,0.0,0.0,0.0,0.0,0.0,0.0,0.49999999999999994,0.8660254037844387
NC,2024-02-01,2024-03-01 00:00:00,test,39269.0,40801.0,1,8329.0,0.2121011484886297,0.285848888436171,50.0,51.5,28924.75,40845.0,0.0,0.0,0.0,0.0,0.0,0.0,0.8660254037844386,0.5000000000000001
NC,2024-03-01,2024-04-01 00:00:00,test,40801.0,40825.0,1,8704.0,0.2133281047033161,0.28180681846033184,50.0,51.5,28608.5,39269.0,0.0,0.0,0.0,0.0,0.0,0.0,1.0,6.123233995736766e-17
NC,2024-04-01,2024-05-01 00:00:00,test,40825.0,43477.0,1,8348.0,0.204482547458665,0.28639314145744027,50.0,51.5,29710.25,40801.0,40845.0,0.0,0.0,40305.0,0.0,0.0,0.8660254037844387,-0.4999999999999998
NC,2024-05-01,2024-06-01 00:00:00,test,43477.0,41385.0,1,9218.0,0.2120201485843089,0.29075143179152196,50.0,51.5,30156.75,40825.0,39269.0,0.0,0.0,40298.333333333336,0.0,0.0,0.49999999999999994,-0.8660254037844387
NC,2024-06-01,2024-07-01 00:00:00,test,41385.0,41839.0,1,9085.0,0.2195239821191253,0.29672586685997343,50.0,51.5,31351.25,43477.0,40801.0,0.0,0.0,41701.0,0.0,0.0,1.2246467991473532e-16,-1.0
NC,2024-07-01,2024-08-01 00:00:00,test,41839.0,41549.0,1,8625.0,0.2061473744592366,0.3023255813953488,50.0,51.5,30684.75,41385.0,40825.0,40845.0,0.0,41895.666666666664,41100.333333333336,0.0,-0.4999999999999997,-0.8660254037844388
NC,2024-08-01,2024-09-01 00:00:00,test,41549.0,40540.0,1,8830.0,0.212520156923151,0.3042431827480806,50.0,51.5,30266.75,41839.0,43477.0,39269.0,0.0,42233.666666666664,41266.0,0.0,-0.8660254037844385,-0.5000000000000004
NC,2024-09-01,2024-10-01 00:00:00,test,40540.0,41031.0,1,7993.0,0.1971632955106068,0.2987913172175629,50.0,51.5,29982.0,41549.0,41385.0,40801.0,0.0,41591.0,41646.0,0.0,-1.0,-1.8369701987210297e-16
NC,2024-10-01,2024-11-01 00:00:00,test,41031.0,37201.0,1,8143.0,0.1984597012015305,0.30308790914186834,50.0,51.5,29741.5,40540.0,41839.0,40825.0,0.0,41309.333333333336,41602.5,0.0,-0.8660254037844386,0.5000000000000001
NC,2024-11-01,2024-12-01 00:00:00,test,37201.0,37034.0,1,7438.0,0.1999408618047902,0.2995887207333136,50.0,51.5,29305.0,41031.0,41549.0,43477.0,0.0,41040.0,41636.833333333336,0.0,-0.5000000000000004,0.8660254037844384
NC,2024-12-01,2025-01-01 00:00:00,test,37034.0,37034.0,1,7286.0,0.1967381325268672,0.3107684830156073,50.0,51.5,26192.75,37201.0,40540.0,41385.0,0.0,39590.666666666664,40590.833333333336,0.0,-2.4492935982947064e-16,1.0
ND,2024-01-01,2024-02-01 00:00:00,test,3104.0,2877.0,0,1142.0,0.3679123711340206,0.24774484536082475,23.0,37.666666666666664,0.0,0.0,0.0,0.0,0.0,0.0,0.0,0.0,0.49999999999999994,0.8660254037844387
ND,2024-02-01,2024-03-01 00:00:00,test,2877.0,3052.0,0,1061.0,0.3687869308307264,0.2558220368439347,23.0,37.666666666666664,7334.666666666665,3104.0,0.0,0.0,0.0,0.0,0.0,0.0,0.8660254037844386,0.5000000000000001
ND,2024-03-01,2024-04-01 00:00:00,test,3052.0,3205.0,0,1181.0,0.386959370904325,0.2437745740498034,23.0,37.666666666666664,6973.666666666665,2877.0,0.0,0.0,0.0,0.0,0.0,0.0,1.0,6.123233995736766e-17
ND,2024-04-01,2024-05-01 00:00:00,test,3205.0,3507.0,0,1200.0,0.374414976599064,0.23868954758190328,23.0,37.666666666666664,7334.0,3052.0,3104.0,0.0,0.0,3011.0,0.0,0.0,0.8660254037844387,-0.4999999999999998
ND,2024-05-01,2024-06-01 00:00:00,test,3507.0,3167.0,0,1309.0,0.373253493013972,0.24493869404049046,23.0,37.666666666666664,7471.0,3205.0,2877.0,0.0,0.0,3044.6666666666665,0.0,0.0,0.49999999999999994,-0.8660254037844387
ND,2024-06-01,2024-07-01 00:00:00,test,3167.0,3434.0,0,1117.0,0.3526997158193874,0.26049889485317335,23.0,37.666666666666664,8303.0,3507.0,3052.0,0.0,0.0,3254.6666666666665,0.0,0.0,1.2246467991473532e-16,-1.0
ND,2024-07-01,2024-08-01 00:00:00,test,3434.0,3471.0,0,1194.0,0.3476994758299359,0.25538730343622595,23.0,37.666666666666664,8019.999999999998,3167.0,3205.0,3104.0,0.0,3293.0,3152.0,0.0,-0.4999999999999997,-0.8660254037844388
ND,2024-08-01,2024-09-01 00:00:00,test,3471.0,3226.0,0,1228.0,0.3537885335638144,0.24575050417747046,23.0,37.666666666666664,8662.0,3434.0,3507.0,2877.0,0.0,3369.3333333333335,3207.0,0.0,-0.8660254037844385,-0.5000000000000004
ND,2024-09-01,2024-10-01 00:00:00,test,3226.0,3443.0,0,999.0,0.3096714197148171,0.25945443273403596,23.0,37.666666666666664,8503.333333333332,3471.0,3167.0,3052.0,0.0,3357.3333333333335,3306.0,0.0,-1.0,-1.8369701987210297e-16
ND,2024-10-01,2024-11-01 00:00:00,test,3443.0,2884.0,0,1171.0,0.3401103688643624,0.2515248329944816,23.0,37.666666666666664,8171.333333333333,3226.0,3434.0,3205.0,0.0,3377.0,3335.0,0.0,-0.8660254037844386,0.5000000000000001
ND,2024-11-01,2024-12-01 00:00:00,test,2884.0,2707.0,0,1005.0,0.3484743411927878,0.25069348127600555,23.0,37.666666666666664,8301.0,3443.0,3471.0,3507.0,0.0,3380.0,3374.6666666666665,0.0,-0.5000000000000004,0.8660254037844384
ND,2024-12-01,2025-01-01 00:00:00,test,2707.0,2707.0,0,911.0,0.3365349094939047,0.2663465090506095,23.0,37.666666666666664,7158.666666666666,2884.0,3226.0,3167.0,0.0,3184.3333333333335,3270.8333333333335,0.0,-2.4492935982947064e-16,1.0
NE,2024-01-01,0,0,0.0,0.0,0,0.0,0.0,0.0,0.0,40.16666666666667,0.0,0.0,0.0,0.0,0.0,0.0,0.0,0.0,0.0,0.0
NE,2024-02-01,0,0,0.0,0.0,0,0.0,0.0,0.0,0.0,40.16666666666667,11688.0,0.0,0.0,0.0,0.0,0.0,0.0,0.0,0.0,0.0
NE,2024-03-01,0,0,0.0,0.0,0,0.0,0.0,0.0,0.0,40.16666666666667,11734.499999999998,0.0,0.0,0.0,0.0,0.0,0.0,0.0,0.0,0.0
NE,2024-04-01,0,0,0.0,0.0,0,0.0,0.0,0.0,0.0,40.16666666666667,12022.5,0.0,0.0,0.0,0.0,0.0,0.0,0.0,0.0,0.0
NE,2024-05-01,0,0,0.0,0.0,0,0.0,0.0,0.0,0.0,40.16666666666667,11978.666666666668,0.0,0.0,0.0,0.0,0.0,0.0,0.0,0.0,0.0
NE,2024-06-01,0,0,0.0,0.0,0,0.0,0.0,0.0,0.0,40.16666666666667,12533.333333333332,0.0,0.0,0.0,0.0,0.0,0.0,0.0,0.0,0.0
NE,2024-07-01,0,0,0.0,0.0,0,0.0,0.0,0.0,0.0,40.16666666666667,12562.0,0.0,0.0,0.0,0.0,0.0,0.0,0.0,0.0,0.0
NE,2024-08-01,0,0,0.0,0.0,0,0.0,0.0,0.0,0.0,40.16666666666667,12795.666666666664,0.0,0.0,0.0,0.0,0.0,0.0,0.0,0.0,0.0
NE,2024-09-01,0,0,0.0,0.0,0,0.0,0.0,0.0,0.0,40.16666666666667,12513.83333333333,0.0,0.0,0.0,0.0,0.0,0.0,0.0,0.0,0.0
NE,2024-10-01,0,0,0.0,0.0,0,0.0,0.0,0.0,0.0,40.16666666666667,12064.333333333332,0.0,0.0,0.0,0.0,0.0,0.0,0.0,0.0,0.0
NE,2024-11-01,0,0,0.0,0.0,0,0.0,0.0,0.0,0.0,40.16666666666667,12068.666666666666,0.0,0.0,0.0,0.0,0.0,0.0,0.0,0.0,0.0
NE,2024-12-01,0,0,0.0,0.0,0,0.0,0.0,0.0,0.0,40.16666666666667,10424.666666666666,0.0,0.0,0.0,0.0,0.0,0.0,0.0,0.0,0.0
NH,2024-01-01,2024-02-01 00:00:00,test,3217.0,3180.0,0,1113.0,0.3459745104134286,0.27665526888405345,1.0,20.999999999999996,0.0,0.0,0.0,0.0,0.0,0.0,0.0,0.0,0.49999999999999994,0.8660254037844387
NH,2024-02-01,2024-03-01 00:00:00,test,3180.0,3689.0,0,1052.0,0.330817610062893,0.2562893081761006,1.0,20.999999999999996,6395.666666666666,3217.0,0.0,0.0,0.0,0.0,0.0,0.0,0.8660254037844386,0.5000000000000001
NH,2024-03-01,2024-04-01 00:00:00,test,3689.0,3421.0,0,1188.0,0.3220384928164814,0.2702629438872323,1.0,20.999999999999996,6326.333333333333,3180.0,0.0,0.0,0.0,0.0,0.0,0.0,1.0,6.123233995736766e-17
NH,2024-04-01,2024-05-01 00:00:00,test,3421.0,3943.0,0,1122.0,0.3279742765273312,0.26337328266588717,1.0,20.999999999999996,6788.666666666666,3689.0,3217.0,0.0,0.0,3362.0,0.0,0.0,0.8660254037844387,-0.4999999999999998
NH,2024-05-01,2024-06-01 00:00:00,test,3943.0,3511.0,0,1312.0,0.3327415673345169,0.2827796094344408,1.0,20.999999999999996,6894.666666666666,3421.0,3180.0,0.0,0.0,3430.0,0.0,0.0,0.49999999999999994,-0.8660254037844387
NH,2024-06-01,2024-07-01 00:00:00,test,3511.0,3768.0,0,1180.0,0.3360865850185132,0.2796923953289661,1.0,20.999999999999996,7566.333333333333,3943.0,3689.0,0.0,0.0,3684.3333333333335,0.0,0.0,1.2246467991473532e-16,-1.0
NH,2024-07-01,2024-08-01 00:00:00,test,3768.0,3510.0,0,1273.0,0.3378450106157112,0.2746815286624204,1.0,20.999999999999996,7256.333333333333,3511.0,3421.0,3217.0,0.0,3625.0,3493.5,0.0,-0.4999999999999997,-0.8660254037844388
NH,2024-08-01,2024-09-01 00:00:00,test,3510.0,3863.0,0,1201.0,0.3421652421652422,0.2643874643874644,1.0,20.999999999999996,7774.999999999999,3768.0,3943.0,3180.0,0.0,3740.6666666666665,3585.3333333333335,0.0,-0.8660254037844385,-0.5000000000000004
NH,2024-09-01,2024-10-01 00:00:00,test,3863.0,3784.0,0,1127.0,0.2917421692984727,0.2759513331607559,1.0,20.999999999999996,7700.666666666667,3510.0,3511.0,3689.0,0.0,3596.3333333333335,3640.3333333333335,0.0,-1.0,-1.8369701987210297e-16
NH,2024-10-01,2024-11-01 00:00:00,test,3784.0,3346.0,0,1104.0,0.2917547568710359,0.2822410147991543,1.0,20.999999999999996,7701.666666666666,3863.0,3768.0,3421.0,0.0,3713.6666666666665,3669.3333333333335,0.0,-0.8660254037844386,0.5000000000000001
NH,2024-11-01,2024-12-01 00:00:00,test,3346.0,3156.0,0,1002.0,0.2994620442319187,0.2788404064554692,1.0,20.999999999999996,7670.666666666666,3784.0,3510.0,3943.0,0.0,3719.0,3729.8333333333335,0.0,-0.5000000000000004,0.8660254037844384
NH,2024-12-01,2025-01-01 00:00:00,test,3156.0,3156.0,0,924.0,0.2927756653992395,0.2709125475285171,1.0,20.999999999999996,6715.666666666667,3346.0,3863.0,3511.0,0.0,3664.3333333333335,3630.3333333333335,0.0,-2.4492935982947064e-16,1.0
NJ,2024-01-01,2024-02-01 00:00:00,test,16750.0,16359.0,0,3905.0,0.2331343283582089,0.36734328358208956,48.0,59.0,0.0,0.0,0.0,0.0,0.0,0.0,0.0,0.0,0.49999999999999994,0.8660254037844387
NJ,2024-02-01,2024-03-01 00:00:00,test,16359.0,17200.0,0,4004.0,0.2447582370560547,0.37086618986490616,48.0,59.0,26112.666666666664,16750.0,0.0,0.0,0.0,0.0,0.0,0.0,0.8660254037844386,0.5000000000000001
NJ,2024-03-01,2024-04-01 00:00:00,test,17200.0,17331.0,0,4167.0,0.2422674418604651,0.34604651162790695,48.0,59.0,24967.999999999996,16359.0,0.0,0.0,0.0,0.0,0.0,0.0,1.0,6.123233995736766e-17
NJ,2024-04-01,2024-05-01 00:00:00,test,17331.0,19109.0,0,4092.0,0.236108706941319,0.34966245456119094,48.0,59.0,27089.33333333333,17200.0,16750.0,0.0,0.0,16769.666666666668,0.0,0.0,0.8660254037844387,-0.4999999999999998
NJ,2024-05-01,2024-06-01 00:00:00,test,19109.0,19313.0,0,4411.0,0.2308336385996127,0.3488408603275943,48.0,59.0,27421.333333333332,17331.0,16359.0,0.0,0.0,16963.333333333332,0.0,0.0,0.49999999999999994,-0.8660254037844387
NJ,2024-06-01,2024-07-01 00:00:00,test,19313.0,20658.0,0,4552.0,0.2356961632061306,0.3624501631025734,48.0,59.0,30218.33333333333,19109.0,17200.0,0.0,0.0,17880.0,0.0,0.0,1.2246467991473532e-16,-1.0
NJ,2024-07-01,2024-08-01 00:00:00,test,20658.0,19693.0,0,4855.0,0.2350179107367605,0.3795139897376319,48.0,59.0,29828.0,19313.0,17331.0,16750.0,0.0,18584.333333333332,17677.0,0.0,-0.4999999999999997,-0.8660254037844388
NJ,2024-08-01,2024-09-01 00:00:00,test,19693.0,18933.0,0,4595.0,0.2333316406845071,0.37779921799624233,48.0,59.0,30908.0,20658.0,19109.0,16359.0,0.0,19693.333333333332,18328.333333333332,0.0,-0.8660254037844385,-0.5000000000000004
NJ,2024-09-01,2024-10-01 00:00:00,test,18933.0,18673.0,0,4130.0,0.2181376432683674,0.3825595521047906,48.0,59.0,30247.999999999996,19693.0,19313.0,17200.0,0.0,19888.0,18884.0,0.0,-1.0,-1.8369701987210297e-16
NJ,2024-10-01,2024-11-01 00:00:00,test,18673.0,17201.0,0,4107.0,0.2199432335457612,0.3890644245702351,48.0,59.0,29299.999999999996,18933.0,20658.0,17331.0,0.0,19761.333333333332,19172.833333333332,0.0,-0.8660254037844386,0.5000000000000001
NJ,2024-11-01,2024-12-01 00:00:00,test,17201.0,16833.0,0,3835.0,0.2229521539445381,0.37893145747340273,48.0,59.0,29914.33333333333,18673.0,19693.0,19109.0,0.0,19099.666666666668,19396.5,0.0,-0.5000000000000004,0.8660254037844384
NJ,2024-12-01,2025-01-01 00:00:00,test,16833.0,16833.0,0,3720.0,0.2209944751381215,0.39761183389770094,48.0,59.0,27221.0,17201.0,18933.0,19313.0,0.0,18269.0,19078.5,0.0,-2.4492935982947064e-16,1.0
NM,2024-01-01,2024-02-01 00:00:00,test,10876.0,10748.0,0,2271.0,0.208808385435822,0.28613460831187937,98.0,53.4,0.0,0.0,0.0,0.0,0.0,0.0,0.0,0.0,0.49999999999999994,0.8660254037844387
NM,2024-02-01,2024-03-01 00:00:00,test,10748.0,10720.0,0,2264.0,0.2106438407145515,0.2735392631187198,98.0,53.4,38509.4,10876.0,0.0,0.0,0.0,0.0,0.0,0.0,0.8660254037844386,0.5000000000000001
NM,2024-03-01,2024-04-01 00:00:00,test,10720.0,11152.0,0,2318.0,0.2162313432835821,0.2711753731343284,98.0,53.4,37827.40000000001,10748.0,0.0,0.0,0.0,0.0,0.0,0.0,1.0,6.123233995736766e-17
NM,2024-04-01,2024-05-01 00:00:00,test,11152.0,11279.0,0,2482.0,0.2225609756097561,0.2812051649928264,98.0,53.4,39504.4,10720.0,10876.0,0.0,0.0,10781.333333333334,0.0,0.0,0.8660254037844387,-0.4999999999999998
NM,2024-05-01,2024-06-01 00:00:00,test,11279.0,10640.0,0,2397.0,0.2125188403227236,0.2621686319709194,98.0,53.4,40017.8,11152.0,10748.0,0.0,0.0,10873.333333333334,0.0,0.0,0.49999999999999994,-0.8660254037844387
NM,2024-06-01,2024-07-01 00:00:00,test,10640.0,11156.0,0,2337.0,0.2196428571428571,0.26033834586466165,98.0,53.4,41290.6,11279.0,10720.0,0.0,0.0,11050.333333333334,0.0,0.0,1.2246467991473532e-16,-1.0
NM,2024-07-01,2024-08-01 00:00:00,test,11156.0,11391.0,0,2621.0,0.234940839010398,0.2735747579777698,98.0,53.4,38823.00000000001,10640.0,11152.0,10876.0,0.0,11023.666666666666,10902.5,0.0,-0.4999999999999997,-0.8660254037844388
NM,2024-08-01,2024-09-01 00:00:00,test,11391.0,11280.0,0,2639.0,0.2316741286980949,0.2637169695373541,98.0,53.4,39580.600000000006,11156.0,11279.0,10748.0,0.0,11025.0,10949.166666666666,0.0,-0.8660254037844385,-0.5000000000000004
NM,2024-09-01,2024-10-01 00:00:00,test,11280.0,10634.0,0,2557.0,0.2266843971631205,0.25868794326241135,98.0,53.4,40124.600000000006,11391.0,10640.0,10720.0,0.0,11062.333333333334,11056.333333333334,0.0,-1.0,-1.8369701987210297e-16
NM,2024-10-01,2024-11-01 00:00:00,test,10634.0,9192.0,0,2329.0,0.2190144818506676,0.25456084258040246,98.0,53.4,39129.0,11280.0,11156.0,11152.0,0.0,11275.666666666666,11149.666666666666,0.0,-0.8660254037844386,0.5000000000000001
NM,2024-11-01,2024-12-01 00:00:00,test,9192.0,9156.0,0,2209.0,0.2403176675369887,0.25565709312445606,98.0,53.4,39523.8,10634.0,11391.0,11279.0,0.0,11101.666666666666,11063.333333333334,0.0,-0.5000000000000004,0.8660254037844384
NM,2024-12-01,2025-01-01 00:00:00,test,9156.0,9156.0,0,2284.0,0.2494539100043687,0.25698995194408036,98.0,53.4,35879.4,9192.0,11280.0,10640.0,0.0,10368.666666666666,10715.5,0.0,-2.4492935982947064e-16,1.0
NV,2024-01-01,2024-02-01 00:00:00,test,14782.0,14593.0,0,4722.0,0.3194425652820998,0.2760790150182655,79.0,57.6,0.0,0.0,0.0,0.0,0.0,0.0,0.0,0.0,0.49999999999999994,0.8660254037844387
NV,2024-02-01,2024-03-01 00:00:00,test,14593.0,14807.0,0,4804.0,0.3291989309943123,0.2687589940382375,79.0,57.6,29020.200000000004,14782.0,0.0,0.0,0.0,0.0,0.0,0.0,0.8660254037844386,0.5000000000000001
NV,2024-03-01,2024-04-01 00:00:00,test,14807.0,14788.0,0,5139.0,0.347065577091916,0.29067333018167085,79.0,57.6,27717.2,14593.0,0.0,0.0,0.0,0.0,0.0,0.0,1.0,6.123233995736766e-17
NV,2024-04-01,2024-05-01 00:00:00,test,14788.0,15526.0,0,4883.0,0.3302001622937517,0.2888152556126589,79.0,57.6,29708.800000000003,14807.0,14782.0,0.0,0.0,14727.333333333334,0.0,0.0,0.8660254037844387,-0.4999999999999998
NV,2024-05-01,2024-06-01 00:00:00,test,15526.0,14489.0,0,5259.0,0.3387221435012237,0.3047790802524797,79.0,57.6,29489.0,14788.0,14593.0,0.0,0.0,14729.333333333334,0.0,0.0,0.49999999999999994,-0.8660254037844387
NV,2024-06-01,2024-07-01 00:00:00,test,14489.0,14691.0,0,4923.0,0.3397750017254469,0.2994685623576506,79.0,57.6,31519.800000000003,15526.0,14807.0,0.0,0.0,15040.333333333334,0.0,0.0,1.2246467991473532e-16,-1.0
NV,2024-07-01,2024-08-01 00:00:00,test,14691.0,14662.0,0,4984.0,0.339255326390307,0.297733306105779,79.0,57.6,30242.0,14489.0,14788.0,14782.0,0.0,14934.333333333334,14830.833333333334,0.0,-0.4999999999999997,-0.8660254037844388
NV,2024-08-01,2024-09-01 00:00:00,test,14662.0,14421.0,0,5028.0,0.3429272950484245,0.29839039694448233,79.0,57.6,31537.800000000007,14691.0,15526.0,14593.0,0.0,14902.0,14815.666666666666,0.0,-0.8660254037844385,-0.5000000000000004
NV,2024-09-01,2024-10-01 00:00:00,test,14421.0,14244.0,0,4718.0,0.3271617779626933,0.30254489979890437,79.0,57.6,31996.2,14662.0,14489.0,14807.0,0.0,14614.0,14827.166666666666,0.0,-1.0,-1.8369701987210297e-16
NV,2024-10-01,2024-11-01 00:00:00,test,14244.0,12748.0,0,4562.0,0.3202752035944959,0.29380791912384163,79.0,57.6,30771.000000000004,14421.0,14691.0,14788.0,0.0,14591.333333333334,14762.833333333334,0.0,-0.8660254037844386,0.5000000000000001
NV,2024-11-01,2024-12-01 00:00:00,test,12748.0,13070.0,0,4136.0,0.3244430498901788,0.29000627549419516,79.0,57.6,30891.600000000002,14244.0,14662.0,15526.0,0.0,14442.333333333334,14672.166666666666,0.0,-0.5000000000000004,0.8660254037844384
NV,2024-12-01,2025-01-01 00:00:00,test,13070.0,13070.0,0,4170.0,0.3190512624330528,0.28592195868400916,79.0,57.6,28317.2,12748.0,14421.0,14489.0,0.0,13804.333333333334,14209.166666666666,0.0,-2.4492935982947064e-16,1.0
NY,2024-01-01,2024-02-01 00:00:00,test,54755.0,51884.0,1,18860.0,0.3444434298237603,0.3733540315952881,71.0,35.49999999999999,0.0,0.0,0.0,0.0,0.0,0.0,0.0,0.0,0.49999999999999994,0.8660254037844387
NY,2024-02-01,2024-03-01 00:00:00,test,51884.0,55988.0,1,17855.0,0.3441330660704649,0.3739303060673811,71.0,35.49999999999999,10642.5,54755.0,0.0,0.0,0.0,0.0,0.0,0.0,0.8660254037844386,0.5000000000000001
NY,2024-03-01,2024-04-01 00:00:00,test,55988.0,55357.0,1,19078.0,0.3407515896263485,0.38176037722369077,71.0,35.49999999999999,10408.0,51884.0,0.0,0.0,0.0,0.0,0.0,0.0,1.0,6.123233995736766e-17
NY,2024-04-01,2024-05-01 00:00:00,test,55357.0,61019.0,1,18586.0,0.3357479632205502,0.38470292826562136,71.0,35.49999999999999,11227.5,55988.0,54755.0,0.0,0.0,54209.0,0.0,0.0,0.8660254037844387,-0.4999999999999998
NY,2024-05-01,2024-06-01 00:00:00,test,61019.0,60550.0,1,19783.0,0.3242104918140251,0.39943296350317115,71.0,35.49999999999999,11430.999999999998,55357.0,51884.0,0.0,0.0,54409.666666666664,0.0,0.0,0.49999999999999994,-0.8660254037844387
NY,2024-06-01,2024-07-01 00:00:00,test,60550.0,62241.0,1,20786.0,0.3432865400495458,0.40594549958711806,71.0,35.49999999999999,12559.166666666666,61019.0,55988.0,0.0,0.0,57454.666666666664,0.0,0.0,1.2246467991473532e-16,-1.0
NY,2024-07-01,2024-08-01 00:00:00,test,62241.0,61262.0,1,20786.0,0.3339599299497116,0.3895502964283993,71.0,35.49999999999999,12350.833333333334,60550.0,55357.0,54755.0,0.0,58975.333333333336,56592.166666666664,0.0,-0.4999999999999997,-0.8660254037844388
NY,2024-08-01,2024-09-01 00:00:00,test,61262.0,59224.0,1,19684.0,0.3213084783389376,0.37760765237830957,71.0,35.49999999999999,13104.833333333332,62241.0,61019.0,51884.0,0.0,61270.0,57839.833333333336,0.0,-0.8660254037844385,-0.5000000000000004
NY,2024-09-01,2024-10-01 00:00:00,test,59224.0,60053.0,1,19411.0,0.3277556396055653,0.39532959610968527,71.0,35.49999999999999,12765.166666666668,61262.0,60550.0,55988.0,0.0,61351.0,59402.833333333336,0.0,-1.0,-1.8369701987210297e-16
NY,2024-10-01,2024-11-01 00:00:00,test,60053.0,55161.0,1,19590.0,0.3262118462025211,0.391920470251278,71.0,35.49999999999999,12498.666666666666,59224.0,62241.0,55357.0,0.0,60909.0,59942.166666666664,0.0,-0.8660254037844386,0.5000000000000001
NY,2024-11-01,2024-12-01 00:00:00,test,55161.0,51206.0,1,18849.0,0.3417088160113123,0.3861786407062961,71.0,35.49999999999999,12538.33333333333,60053.0,61262.0,61019.0,0.0,60179.666666666664,60724.833333333336,0.0,-0.5000000000000004,0.8660254037844384
NY,2024-12-01,2025-01-01 00:00:00,test,51206.0,51206.0,1,17075.0,0.3334570167558489,0.38919267273366404,71.0,35.49999999999999,11278.0,55161.0,59224.0,60550.0,0.0,58146.0,59748.5,0.0,-2.4492935982947064e-16,1.0
OH,2024-01-01,2024-02-01 00:00:00,test,32619.0,31467.0,1,7244.0,0.2220791563199362,0.29764860970599955,54.0,68.2,0.0,0.0,0.0,0.0,0.0,0.0,0.0,0.0,0.49999999999999994,0.8660254037844387
OH,2024-02-01,2024-03-01 00:00:00,test,31467.0,34014.0,1,7530.0,0.2392983125178758,0.2942447643563098,54.0,68.2,16511.600000000002,32619.0,0.0,0.0,0.0,0.0,0.0,0.0,0.8660254037844386,0.5000000000000001
OH,2024-03-01,2024-04-01 00:00:00,test,34014.0,34393.0,1,7971.0,0.2343446816016934,0.2908214264714529,54.0,68.2,16668.200000000004,31467.0,0.0,0.0,0.0,0.0,0.0,0.0,1.0,6.123233995736766e-17
OH,2024-04-01,2024-05-01 00:00:00,test,34393.0,37979.0,1,8046.0,0.2339429535079812,0.3057889686854883,54.0,68.2,17748.800000000003,34014.0,32619.0,0.0,0.0,32700.0,0.0,0.0,0.8660254037844387,-0.4999999999999998
OH,2024-05-01,2024-06-01 00:00:00,test,37979.0,35443.0,1,8694.0,0.2289159798836199,0.3102767318781432,54.0,68.2,17889.8,34393.0,31467.0,0.0,0.0,33291.333333333336,0.0,0.0,0.49999999999999994,-0.8660254037844387
OH,2024-06-01,2024-07-01 00:00:00,test,35443.0,37138.0,1,8033.0,0.2266455999774285,0.2969274609937082,54.0,68.2,19636.600000000002,37979.0,34014.0,0.0,0.0,35462.0,0.0,0.0,1.2246467991473532e-16,-1.0
OH,2024-07-01,2024-08-01 00:00:00,test,37138.0,37370.0,1,8037.0,0.2164090688782379,0.29398459798589044,54.0,68.2,18893.6,35443.0,34393.0,32619.0,0.0,35938.333333333336,34319.166666666664,0.0,-0.4999999999999997,-0.8660254037844388
OH,2024-08-01,2024-09-01 00:00:00,test,37370.0,35416.0,1,8067.0,0.2158683435911158,0.3071982873963072,54.0,68.2,19639.2,37138.0,37979.0,31467.0,0.0,36853.333333333336,35072.333333333336,0.0,-0.8660254037844385,-0.5000000000000004
OH,2024-09-01,2024-10-01 00:00:00,test,35416.0,35686.0,1,7742.0,0.2186017619155184,0.30520103907838264,54.0,68.2,19496.4,37370.0,35443.0,34014.0,0.0,36650.333333333336,36056.166666666664,0.0,-1.0,-1.8369701987210297e-16
OH,2024-10-01,2024-11-01 00:00:00,test,35686.0,31655.0,1,7571.0,0.2121560275738384,0.3058061985092193,54.0,68.2,18896.2,35416.0,37138.0,34393.0,0.0,36641.333333333336,36289.833333333336,0.0,-0.8660254037844386,0.5000000000000001
OH,2024-11-01,2024-12-01 00:00:00,test,31655.0,30384.0,1,6889.0,0.2176275469909966,0.3128099826251777,54.0,68.2,18573.0,35686.0,37370.0,37979.0,0.0,36157.333333333336,36505.333333333336,0.0,-0.5000000000000004,0.8660254037844384
OH,2024-12-01,2025-01-01 00:00:00,test,30384.0,30384.0,1,6402.0,0.2107030015797788,0.3325763559768299,54.0,68.2,16816.2,31655.0,35416.0,35443.0,0.0,34252.333333333336,35451.333333333336,0.0,-2.4492935982947064e-16,1.0
OK,2024-01-01,2024-02-01 00:00:00,test,15674.0,16343.0,0,3864.0,0.246522904172515,0.26170728595125686,81.0,61.5,0.0,0.0,0.0,0.0,0.0,0.0,0.0,0.0,0.49999999999999994,0.8660254037844387
OK,2024-02-01,2024-03-01 00:00:00,test,16343.0,17456.0,0,4165.0,0.2548491708988558,0.2632319647555528,81.0,61.5,33488.83333333333,15674.0,0.0,0.0,0.0,0.0,0.0,0.0,0.8660254037844386,0.5000000000000001
OK,2024-03-01,2024-04-01 00:00:00,test,17456.0,17577.0,0,4280.0,0.2451879010082493,0.26953483043079746,81.0,61.5,33120.5,16343.0,0.0,0.0,0.0,0.0,0.0,0.0,1.0,6.123233995736766e-17
OK,2024-04-01,2024-05-01 00:00:00,test,17577.0,18147.0,0,4357.0,0.2478807532570973,0.27820447175285884,81.0,61.5,34495.666666666664,17456.0,15674.0,0.0,0.0,16491.0,0.0,0.0,0.8660254037844387,-0.4999999999999998
OK,2024-05-01,2024-06-01 00:00:00,test,18147.0,17259.0,0,4402.0,0.2425745302253816,0.2827464594698848,81.0,61.5,34878.166666666664,17577.0,16343.0,0.0,0.0,17125.333333333332,0.0,0.0,0.49999999999999994,-0.8660254037844387
OK,2024-06-01,2024-07-01 00:00:00,test,17259.0,17634.0,0,4241.0,0.2457268671417811,0.281650153543079,81.0,61.5,35923.833333333336,18147.0,17456.0,0.0,0.0,17726.666666666668,0.0,0.0,1.2246467991473532e-16,-1.0
OK,2024-07-01,2024-08-01 00:00:00,test,17634.0,17725.0,0,4174.0,0.2367018260179199,0.26681410910740616,81.0,61.5,34337.0,17259.0,17577.0,15674.0,0.0,17661.0,17076.0,0.0,-0.4999999999999997,-0.8660254037844388
OK,2024-08-01,2024-09-01 00:00:00,test,17725.0,17285.0,0,4423.0,0.2495345557122708,0.2794358251057828,81.0,61.5,34636.333333333336,17634.0,18147.0,16343.0,0.0,17680.0,17402.666666666668,0.0,-0.8660254037844385,-0.5000000000000004
OK,2024-09-01,2024-10-01 00:00:00,test,17285.0,17302.0,0,4075.0,0.2357535435348568,0.2913508822678623,81.0,61.5,34845.83333333333,17725.0,17259.0,17456.0,0.0,17539.333333333332,17633.0,0.0,-1.0,-1.8369701987210297e-16
OK,2024-10-01,2024-11-01 00:00:00,test,17302.0,15256.0,0,4088.0,0.2362732632065657,0.2846491735059531,81.0,61.5,33825.666666666664,17285.0,17634.0,17577.0,0.0,17548.0,17604.5,0.0,-0.8660254037844386,0.5000000000000001
OK,2024-11-01,2024-12-01 00:00:00,test,15256.0,15280.0,0,3653.0,0.2394467750393288,0.2811352910330362,81.0,61.5,34187.166666666664,17302.0,17725.0,18147.0,0.0,17437.333333333332,17558.666666666668,0.0,-0.5000000000000004,0.8660254037844384
OK,2024-12-01,2025-01-01 00:00:00,test,15280.0,15280.0,0,3661.0,0.2395942408376963,0.28036649214659687,81.0,61.5,30801.166666666664,15256.0,17285.0,17259.0,0.0,16614.333333333332,17076.833333333332,0.0,-2.4492935982947064e-16,1.0
OR,2024-01-01,2024-02-01 00:00:00,test,15312.0,15124.0,0,3756.0,0.2452978056426332,0.3791144200626959,50.0,61.25,0.0,0.0,0.0,0.0,0.0,0.0,0.0,0.0,0.49999999999999994,0.8660254037844387
OR,2024-02-01,2024-03-01 00:00:00,test,15124.0,15693.0,0,3779.0,0.249867759851891,0.39784448558582386,50.0,61.25,36247.75,15312.0,0.0,0.0,0.0,0.0,0.0,0.0,0.8660254037844386,0.5000000000000001
OR,2024-03-01,2024-04-01 00:00:00,test,15693.0,15381.0,0,3973.0,0.2531702032753457,0.38367424966545594,50.0,61.25,34155.5,15124.0,0.0,0.0,0.0,0.0,0.0,0.0,1.0,6.123233995736766e-17
OR,2024-04-01,2024-05-01 00:00:00,test,15381.0,15803.0,0,3853.0,0.2505038684090761,0.38859632013523177,50.0,61.25,36564.0,15693.0,15312.0,0.0,0.0,15376.333333333334,0.0,0.0,0.8660254037844387,-0.4999999999999998
OR,2024-05-01,2024-06-01 00:00:00,test,15803.0,15223.0,0,4043.0,0.2558374992090109,0.3872682402075555,50.0,61.25,36274.0,15381.0,15124.0,0.0,0.0,15399.333333333334,0.0,0.0,0.49999999999999994,-0.8660254037844387
OR,2024-06-01,2024-07-01 00:00:00,test,15223.0,16107.0,0,4009.0,0.2633515075872035,0.3854693555803718,50.0,61.25,38850.25,15803.0,15693.0,0.0,0.0,15625.666666666666,0.0,0.0,1.2246467991473532e-16,-1.0
OR,2024-07-01,2024-08-01 00:00:00,test,16107.0,16359.0,0,4075.0,0.2529955919786428,0.387409200968523,50.0,61.25,37246.5,15223.0,15381.0,15312.0,0.0,15469.0,15422.666666666666,0.0,-0.4999999999999997,-0.8660254037844388
OR,2024-08-01,2024-09-01 00:00:00,test,16359.0,16369.0,0,4212.0,0.2574729506693563,0.40791001894981355,50.0,61.25,38841.5,16107.0,15803.0,15124.0,0.0,15711.0,15555.166666666666,0.0,-0.8660254037844385,-0.5000000000000004
OR,2024-09-01,2024-10-01 00:00:00,test,16369.0,16144.0,0,4645.0,0.2837680982344676,0.39342659905919725,50.0,61.25,39415.5,16359.0,15223.0,15693.0,0.0,15896.333333333334,15761.0,0.0,-1.0,-1.8369701987210297e-16
OR,2024-10-01,2024-11-01 00:00:00,test,16144.0,14530.0,0,4164.0,0.2579286422200198,0.4044226957383548,50.0,61.25,37969.0,16369.0,16107.0,15381.0,0.0,16278.333333333334,15873.666666666666,0.0,-0.8660254037844386,0.5000000000000001
OR,2024-11-01,2024-12-01 00:00:00,test,14530.0,15010.0,0,3878.0,0.2668960770818995,0.42202339986235377,50.0,61.25,38190.25,16144.0,16359.0,15803.0,0.0,16290.666666666666,16000.833333333334,0.0,-0.5000000000000004,0.8660254037844384
OR,2024-12-01,2025-01-01 00:00:00,test,15010.0,15010.0,0,3991.0,0.2658894070619587,0.4268487674883411,50.0,61.25,34858.5,14530.0,16369.0,15223.0,0.0,15681.0,15788.666666666666,0.0,-2.4492935982947064e-16,1.0
PA,2024-01-01,2024-02-01 00:00:00,test,19684.0,19423.0,0,5320.0,0.2702702702702703,0.3010058931111563,48.0,58.66666666666666,0.0,0.0,0.0,0.0,0.0,0.0,0.0,0.0,0.49999999999999994,0.8660254037844387
PA,2024-02-01,2024-03-01 00:00:00,test,19423.0,21460.0,0,5497.0,0.2830149822375534,0.302013077279514,48.0,58.66666666666666,22105.833333333332,19684.0,0.0,0.0,0.0,0.0,0.0,0.0,0.8660254037844386,0.5000000000000001
PA,2024-03-01,2024-04-01 00:00:00,test,21460.0,22830.0,0,6212.0,0.2894687791239515,0.2978098788443616,48.0,58.66666666666666,21283.666666666668,19423.0,0.0,0.0,0.0,0.0,0.0,0.0,1.0,6.123233995736766e-17
PA,2024-04-01,2024-05-01 00:00:00,test,22830.0,25213.0,0,6131.0,0.2685501533070521,0.310293473499781,48.0,58.66666666666666,22771.166666666668,21460.0,19684.0,0.0,0.0,20189.0,0.0,0.0,0.8660254037844387,-0.4999999999999998
PA,2024-05-01,2024-06-01 00:00:00,test,25213.0,24704.0,0,6771.0,0.2685519374925633,0.3236425653432753,48.0,58.66666666666666,22878.166666666664,22830.0,19423.0,0.0,0.0,21237.666666666668,0.0,0.0,0.49999999999999994,-0.8660254037844387
PA,2024-06-01,2024-07-01 00:00:00,test,24704.0,25855.0,0,6480.0,0.2623056994818653,0.32156735751295334,48.0,58.66666666666666,25036.499999999996,25213.0,21460.0,0.0,0.0,23167.666666666668,0.0,0.0,1.2246467991473532e-16,-1.0
PA,2024-07-01,2024-08-01 00:00:00,test,25855.0,25275.0,0,7160.0,0.2769290272674531,0.314484625797718,48.0,58.66666666666666,24406.999999999996,24704.0,22830.0,19684.0,0.0,24249.0,22219.0,0.0,-0.4999999999999997,-0.8660254037844388
PA,2024-08-01,2024-09-01 00:00:00,test,25275.0,24442.0,0,6973.0,0.2758852621167161,0.31363006923837783,48.0,58.66666666666666,25321.5,25855.0,25213.0,19423.0,0.0,25257.333333333332,23247.5,0.0,-0.8660254037844385,-0.5000000000000004
PA,2024-09-01,2024-10-01 00:00:00,test,24442.0,25342.0,0,6601.0,0.2700679158824973,0.30553964487357826,48.0,58.66666666666666,24988.333333333332,25275.0,24704.0,21460.0,0.0,25278.0,24222.833333333332,0.0,-1.0,-1.8369701987210297e-16
PA,2024-10-01,2024-11-01 00:00:00,test,25342.0,22667.0,0,6544.0,0.258227448504459,0.32819035593086576,48.0,58.66666666666666,24204.499999999996,24442.0,25855.0,22830.0,0.0,25190.666666666668,24719.833333333332,0.0,-0.8660254037844386,0.5000000000000001
PA,2024-11-01,2024-12-01 00:00:00,test,22667.0,20874.0,0,5922.0,0.2612608638108263,0.3258481492919222,48.0,58.66666666666666,24325.499999999996,25342.0,25275.0,25213.0,0.0,25019.666666666668,25138.5,0.0,-0.5000000000000004,0.8660254037844384
PA,2024-12-01,2025-01-01 00:00:00,test,20874.0,20874.0,0,5306.0,0.2541918175720992,0.3436811344256012,48.0,58.66666666666666,22106.166666666664,22667.0,24442.0,24704.0,0.0,24150.333333333332,24714.166666666668,0.0,-2.4492935982947064e-16,1.0
RI,2024-01-01,2024-02-01 00:00:00,test,2267.0,2248.0,0,798.0,0.3520070577856197,0.26687251874724305,49.0,41.0,0.0,0.0,0.0,0.0,0.0,0.0,0.0,0.0,0.49999999999999994,0.8660254037844387
RI,2024-02-01,2024-03-01 00:00:00,test,2248.0,2568.0,0,794.0,0.3532028469750889,0.27313167259786475,49.0,41.0,26157.666666666664,2267.0,0.0,0.0,0.0,0.0,0.0,0.0,0.8660254037844386,0.5000000000000001
RI,2024-03-01,2024-04-01 00:00:00,test,2568.0,2479.0,0,957.0,0.3726635514018692,0.2558411214953271,49.0,41.0,24988.33333333333,2248.0,0.0,0.0,0.0,0.0,0.0,0.0,1.0,6.123233995736766e-17
RI,2024-04-01,2024-05-01 00:00:00,test,2479.0,2810.0,0,872.0,0.3517547398144413,0.27269060104881,49.0,41.0,26893.33333333333,2568.0,2267.0,0.0,0.0,2361.0,0.0,0.0,0.8660254037844387,-0.4999999999999998
RI,2024-05-01,2024-06-01 00:00:00,test,2810.0,2787.0,0,937.0,0.3334519572953737,0.27900355871886123,49.0,41.0,26627.0,2479.0,2248.0,0.0,0.0,2431.6666666666665,0.0,0.0,0.49999999999999994,-0.8660254037844387
RI,2024-06-01,2024-07-01 00:00:00,test,2787.0,2653.0,0,950.0,0.3408683171869394,0.29637603157517045,49.0,41.0,29204.33333333333,2810.0,2568.0,0.0,0.0,2619.0,0.0,0.0,1.2246467991473532e-16,-1.0
RI,2024-07-01,2024-08-01 00:00:00,test,2653.0,2873.0,0,1031.0,0.3886166603844704,0.2789295137580098,49.0,41.0,28766.0,2787.0,2479.0,2267.0,0.0,2692.0,2526.5,0.0,-0.4999999999999997,-0.8660254037844388
RI,2024-08-01,2024-09-01 00:00:00,test,2873.0,2746.0,0,944.0,0.328576400974591,0.2669683257918552,49.0,41.0,30004.666666666664,2653.0,2810.0,2248.0,0.0,2750.0,2590.8333333333335,0.0,-0.8660254037844385,-0.5000000000000004
RI,2024-09-01,2024-10-01 00:00:00,test,2746.0,2746.0,0,918.0,0.3343044428259286,0.2891478514202476,49.0,41.0,29418.33333333333,2873.0,2787.0,2568.0,0.0,2771.0,2695.0,0.0,-1.0,-1.8369701987210297e-16
RI,2024-10-01,2024-11-01 00:00:00,test,2746.0,2540.0,0,946.0,0.3445010924981792,0.30553532410779316,49.0,41.0,28763.0,2746.0,2653.0,2479.0,0.0,2757.3333333333335,2724.6666666666665,0.0,-0.8660254037844386,0.5000000000000001
RI,2024-11-01,2024-12-01 00:00:00,test,2540.0,2237.0,0,790.0,0.3110236220472441,0.3125984251968504,49.0,41.0,28895.999999999996,2746.0,2873.0,2810.0,0.0,2788.3333333333335,2769.1666666666665,0.0,-0.5000000000000004,0.8660254037844384
RI,2024-12-01,2025-01-01 00:00:00,test,2237.0,2237.0,0,730.0,0.3263299061242736,0.3115780062583818,49.0,41.0,26295.333333333332,2540.0,2746.0,2787.0,0.0,2677.3333333333335,2724.1666666666665,0.0,-2.4492935982947064e-16,1.0
SC,2024-01-01,2024-02-01 00:00:00,test,22585.0,22134.0,0,6281.0,0.2781049369050254,0.2847465131724596,67.0,53.0,0.0,0.0,0.0,0.0,0.0,0.0,0.0,0.0,0.49999999999999994,0.8660254037844387
SC,2024-02-01,2024-03-01 00:00:00,test,22134.0,22785.0,0,6414.0,0.2897804283003524,0.2791632782145116,67.0,53.0,38017.5,22585.0,0.0,0.0,0.0,0.0,0.0,0.0,0.8660254037844386,0.5000000000000001
SC,2024-03-01,2024-04-01 00:00:00,test,22785.0,23488.0,0,6379.0,0.279964889181479,0.27772657450076804,67.0,53.0,36268.0,22134.0,0.0,0.0,0.0,0.0,0.0,0.0,1.0,6.123233995736766e-17
SC,2024-04-01,2024-05-01 00:00:00,test,23488.0,25316.0,0,6536.0,0.2782697547683924,0.2878491144414169,67.0,53.0,37663.5,22785.0,22585.0,0.0,0.0,22501.333333333332,0.0,0.0,0.8660254037844387,-0.4999999999999998
SC,2024-05-01,2024-06-01 00:00:00,test,25316.0,23450.0,0,7016.0,0.2771369884657924,0.28946121030178545,67.0,53.0,37860.0,23488.0,22134.0,0.0,0.0,22802.333333333332,0.0,0.0,0.49999999999999994,-0.8660254037844387
SC,2024-06-01,2024-07-01 00:00:00,test,23450.0,23854.0,0,6375.0,0.2718550106609808,0.2949680170575693,67.0,53.0,39607.5,25316.0,22785.0,0.0,0.0,23863.0,0.0,0.0,1.2246467991473532e-16,-1.0
SC,2024-07-01,2024-08-01 00:00:00,test,23854.0,24070.0,0,6247.0,0.2618847991951035,0.3010396579190073,67.0,53.0,38396.0,23450.0,23488.0,22585.0,0.0,24084.666666666668,23293.0,0.0,-0.4999999999999997,-0.8660254037844388
SC,2024-08-01,2024-09-01 00:00:00,test,24070.0,23767.0,0,6540.0,0.2717075197341088,0.29019526381387617,67.0,53.0,37846.0,23854.0,25316.0,22134.0,0.0,24206.666666666668,23504.5,0.0,-0.8660254037844385,-0.5000000000000004
SC,2024-09-01,2024-10-01 00:00:00,test,23767.0,23198.0,0,6283.0,0.2643581436445492,0.28295535826987,67.0,53.0,38054.0,24070.0,23450.0,22785.0,0.0,23791.333333333332,23827.166666666668,0.0,-1.0,-1.8369701987210297e-16
SC,2024-10-01,2024-11-01 00:00:00,test,23198.0,21461.0,0,6096.0,0.26278127424778,0.28920596603155446,67.0,53.0,36911.5,23767.0,23854.0,23488.0,0.0,23897.0,23990.833333333332,0.0,-0.8660254037844386,0.5000000000000001
SC,2024-11-01,2024-12-01 00:00:00,test,21461.0,20973.0,0,5648.0,0.2631750617399003,0.2919714831554914,67.0,53.0,37009.0,23198.0,24070.0,25316.0,0.0,23678.333333333332,23942.5,0.0,-0.5000000000000004,0.8660254037844384
SC,2024-12-01,2025-01-01 00:00:00,test,20973.0,20973.0,0,5462.0,0.260430076765365,0.2959042578553378,67.0,53.0,32506.5,21461.0,23767.0,23450.0,0.0,22808.666666666668,23300.0,0.0,-2.4492935982947064e-16,1.0
SD,2024-01-01,2024-02-01 00:00:00,test,3169.0,3280.0,0,1309.0,0.4130640580624802,0.28431681918586305,45.0,28.999999999999996,0.0,0.0,0.0,0.0,0.0,0.0,0.0,0.0,0.49999999999999994,0.8660254037844387
SD,2024-02-01,2024-03-01 00:00:00,test,3280.0,3411.0,0,1398.0,0.4262195121951219,0.2698170731707317,45.0,28.999999999999996,5266.666666666665,3169.0,0.0,0.0,0.0,0.0,0.0,0.0,0.8660254037844386,0.5000000000000001
SD,2024-03-01,2024-04-01 00:00:00,test,3411.0,3407.0,0,1408.0,0.4127821753151568,0.27059513339196717,45.0,28.999999999999996,5144.166666666666,3280.0,0.0,0.0,0.0,0.0,0.0,0.0,1.0,6.123233995736766e-17
SD,2024-04-01,2024-05-01 00:00:00,test,3407.0,3707.0,0,1390.0,0.407983563252128,0.26944525975931904,45.0,28.999999999999996,5349.0,3411.0,3169.0,0.0,0.0,3286.6666666666665,0.0,0.0,0.8660254037844387,-0.4999999999999998
SD,2024-05-01,2024-06-01 00:00:00,test,3707.0,3536.0,0,1480.0,0.3992446722417049,0.2775829511734556,45.0,28.999999999999996,5490.833333333333,3407.0,3280.0,0.0,0.0,3366.0,0.0,0.0,0.49999999999999994,-0.8660254037844387
SD,2024-06-01,2024-07-01 00:00:00,test,3536.0,3911.0,0,1443.0,0.4080882352941176,0.2748868778280543,45.0,28.999999999999996,6061.0,3707.0,3411.0,0.0,0.0,3508.3333333333335,0.0,0.0,1.2246467991473532e-16,-1.0
SD,2024-07-01,2024-08-01 00:00:00,test,3911.0,3915.0,0,1501.0,0.3837893121963692,0.2904627972385579,45.0,28.999999999999996,5811.333333333332,3536.0,3407.0,3169.0,0.0,3550.0,3418.3333333333335,0.0,-0.4999999999999997,-0.8660254037844388
SD,2024-08-01,2024-09-01 00:00:00,test,3915.0,3549.0,0,1643.0,0.4196679438058748,0.2641123882503193,45.0,28.999999999999996,6215.833333333333,3911.0,3707.0,3280.0,0.0,3718.0,3542.0,0.0,-0.8660254037844385,-0.5000000000000004
SD,2024-09-01,2024-10-01 00:00:00,test,3549.0,3609.0,0,1334.0,0.3758805297266835,0.2766976613130459,45.0,28.999999999999996,6092.0,3915.0,3536.0,3411.0,0.0,3787.3333333333335,3647.8333333333335,0.0,-1.0,-1.8369701987210297e-16
SD,2024-10-01,2024-11-01 00:00:00,test,3609.0,2919.0,0,1429.0,0.3959545580493211,0.256857855361596,45.0,28.999999999999996,5941.833333333334,3549.0,3911.0,3407.0,0.0,3791.6666666666665,3670.8333333333335,0.0,-0.8660254037844386,0.5000000000000001
SD,2024-11-01,2024-12-01 00:00:00,test,2919.0,2825.0,0,1153.0,0.394998287084618,0.28126070572113737,45.0,28.999999999999996,5994.333333333333,3609.0,3915.0,3707.0,0.0,3691.0,3704.5,0.0,-0.5000000000000004,0.8660254037844384
SD,2024-12-01,2025-01-01 00:00:00,test,2825.0,2825.0,0,1170.0,0.4141592920353982,0.27823008849557523,45.0,28.999999999999996,5207.333333333334,2919.0,3549.0,3536.0,0.0,3359.0,3573.1666666666665,0.0,-2.4492935982947064e-16,1.0
TN,2024-01-01,2024-02-01 00:00:00,test,29109.0,31278.0,1,8387.0,0.2881239479198873,0.27105019066268166,57.0,65.625,0.0,0.0,0.0,0.0,0.0,0.0,0.0,0.0,0.49999999999999994,0.8660254037844387
TN,2024-02-01,2024-03-01 00:00:00,test,31278.0,32199.0,1,9354.0,0.2990600422021868,0.2738666155125008,57.0,65.625,21345.5,29109.0,0.0,0.0,0.0,0.0,0.0,0.0,0.8660254037844386,0.5000000000000001
TN,2024-03-01,2024-04-01 00:00:00,test,32199.0,32925.0,1,9722.0,0.3019348426969782,0.2827727569179167,57.0,65.625,20944.375,31278.0,0.0,0.0,0.0,0.0,0.0,0.0,1.0,6.123233995736766e-17
TN,2024-04-01,2024-05-01 00:00:00,test,32925.0,34590.0,1,10057.0,0.3054517843583902,0.2930296127562642,57.0,65.625,21986.75,32199.0,29109.0,0.0,0.0,30862.0,0.0,0.0,0.8660254037844387,-0.4999999999999998
TN,2024-05-01,2024-06-01 00:00:00,test,34590.0,33633.0,1,9780.0,0.2827406764960971,0.2877710320901995,57.0,65.625,21918.0,32925.0,31278.0,0.0,0.0,32134.0,0.0,0.0,0.49999999999999994,-0.8660254037844387
TN,2024-06-01,2024-07-01 00:00:00,test,33633.0,33365.0,1,9350.0,0.278000773050278,0.27832783278327833,57.0,65.625,23203.125,34590.0,32199.0,0.0,0.0,33238.0,0.0,0.0,1.2246467991473532e-16,-1.0
TN,2024-07-01,2024-08-01 00:00:00,test,33365.0,33093.0,1,9275.0,0.2779859133822868,0.2777461411658924,57.0,65.625,22594.875,33633.0,32925.0,29109.0,0.0,33716.0,32289.0,0.0,-0.4999999999999997,-0.8660254037844388
TN,2024-08-01,2024-09-01 00:00:00,test,33093.0,32085.0,1,9589.0,0.2897591635693349,0.29317378297525154,57.0,65.625,22836.5,33365.0,34590.0,31278.0,0.0,33862.666666666664,32998.333333333336,0.0,-0.8660254037844385,-0.5000000000000004
TN,2024-09-01,2024-10-01 00:00:00,test,32085.0,31354.0,1,9149.0,0.2851488234377435,0.30260246220975534,57.0,65.625,22515.0,33093.0,33633.0,32199.0,0.0,33363.666666666664,33300.833333333336,0.0,-1.0,-1.8369701987210297e-16
TN,2024-10-01,2024-11-01 00:00:00,test,31354.0,28774.0,1,8752.0,0.2791350385915672,0.29549658735727496,57.0,65.625,21939.75,32085.0,33365.0,32925.0,0.0,32847.666666666664,33281.833333333336,0.0,-0.8660254037844386,0.5000000000000001
TN,2024-11-01,2024-12-01 00:00:00,test,28774.0,28758.0,1,8181.0,0.2843191770348231,0.2920692291652186,57.0,65.625,21970.375,31354.0,33093.0,34590.0,0.0,32177.333333333332,33020.0,0.0,-0.5000000000000004,0.8660254037844384
TN,2024-12-01,2025-01-01 00:00:00,test,28758.0,28758.0,1,8071.0,0.280652340218374,0.29153626816885736,57.0,65.625,19604.5,28774.0,32085.0,33633.0,0.0,30737.666666666668,32050.666666666668,0.0,-2.4492935982947064e-16,1.0
TX,2024-01-01,2024-02-01 00:00:00,test,121085.0,118998.0,1,25915.0,0.2140232068381715,0.3016888962299211,75.0,90.5,0.0,0.0,0.0,0.0,0.0,0.0,0.0,0.0,0.49999999999999994,0.8660254037844387
TX,2024-02-01,2024-03-01 00:00:00,test,118998.0,124912.0,1,26856.0,0.2256844652851308,0.29700499168053246,75.0,90.5,13568.75,121085.0,0.0,0.0,0.0,0.0,0.0,0.0,0.8660254037844386,0.5000000000000001
TX,2024-03-01,2024-04-01 00:00:00,test,124912.0,127221.0,1,28231.0,0.2260071090047393,0.29446330216472394,75.0,90.5,13841.0,118998.0,0.0,0.0,0.0,0.0,0.0,0.0,1.0,6.123233995736766e-17
TX,2024-04-01,2024-05-01 00:00:00,test,127221.0,130290.0,1,28544.0,0.2243654742534644,0.2928525950904332,75.0,90.5,14397.5,124912.0,121085.0,0.0,0.0,121665.0,0.0,0.0,0.8660254037844387,-0.4999999999999998
TX,2024-05-01,2024-06-01 00:00:00,test,130290.0,121452.0,1,28729.0,0.2205004221352367,0.29082047739657685,75.0,90.5,14564.5,127221.0,118998.0,0.0,0.0,123710.33333333333,0.0,0.0,0.49999999999999994,-0.8660254037844387
TX,2024-06-01,2024-07-01 00:00:00,test,121452.0,121884.0,1,26913.0,0.2215937160359648,0.3000773968316701,75.0,90.5,14789.5,130290.0,124912.0,0.0,0.0,127474.33333333333,0.0,0.0,1.2246467991473532e-16,-1.0
TX,2024-07-01,2024-08-01 00:00:00,test,121884.0,124352.0,1,26751.0,0.2194791769223195,0.30116340126677826,75.0,90.5,13938.5,121452.0,127221.0,121085.0,0.0,126321.0,123993.0,0.0,-0.4999999999999997,-0.8660254037844388
TX,2024-08-01,2024-09-01 00:00:00,test,124352.0,121182.0,1,27797.0,0.2235348044261451,0.2983948790530108,75.0,90.5,14276.75,121884.0,130290.0,118998.0,0.0,124542.0,124126.16666666667,0.0,-0.8660254037844385,-0.5000000000000004
TX,2024-09-01,2024-10-01 00:00:00,test,121182.0,123715.0,1,26809.0,0.2212292254625274,0.293533693122741,75.0,90.5,14365.75,124352.0,121452.0,124912.0,0.0,122562.66666666667,125018.5,0.0,-1.0,-1.8369701987210297e-16
TX,2024-10-01,2024-11-01 00:00:00,test,123715.0,114189.0,1,27050.0,0.2186476983389241,0.2989370731115871,75.0,90.5,13852.5,121182.0,121884.0,127221.0,0.0,122472.66666666667,124396.83333333333,0.0,-0.8660254037844386,0.5000000000000001
TX,2024-11-01,2024-12-01 00:00:00,test,114189.0,114733.0,1,24903.0,0.2180858051125765,0.3092241809631401,75.0,90.5,13882.75,123715.0,124352.0,130290.0,0.0,123083.0,123812.5,0.0,-0.5000000000000004,0.8660254037844384
TX,2024-12-01,2025-01-01 00:00:00,test,114733.0,114733.0,1,24481.0,0.2133736588427043,0.3178510106072359,75.0,90.5,12328.75,114189.0,121182.0,121452.0,0.0,119695.33333333333,121129.0,0.0,-2.4492935982947064e-16,1.0
UT,2024-01-01,2024-02-01 00:00:00,test,11622.0,11214.0,0,4061.0,0.3494235071416279,0.283255893994149,33.0,57.83333333333333,0.0,0.0,0.0,0.0,0.0,0.0,0.0,0.0,0.49999999999999994,0.8660254037844387
UT,2024-02-01,2024-03-01 00:00:00,test,11214.0,11650.0,0,4100.0,0.3656144105582308,0.2811663991439272,33.0,57.83333333333333,12659.333333333332,11622.0,0.0,0.0,0.0,0.0,0.0,0.0,0.8660254037844386,0.5000000000000001
UT,2024-03-01,2024-04-01 00:00:00,test,11650.0,11484.0,0,4205.0,0.3609442060085837,0.2618884120171674,33.0,57.83333333333333,12372.5,11214.0,0.0,0.0,0.0,0.0,0.0,0.0,1.0,6.123233995736766e-17
UT,2024-04-01,2024-05-01 00:00:00,test,11484.0,12190.0,0,4160.0,0.3622431208638105,0.26393242772553116,33.0,57.83333333333333,12588.833333333332,11650.0,11622.0,0.0,0.0,11495.333333333334,0.0,0.0,0.8660254037844387,-0.4999999999999998
UT,2024-05-01,2024-06-01 00:00:00,test,12190.0,11807.0,0,4446.0,0.3647251845775225,0.2641509433962264,33.0,57.83333333333333,12716.333333333332,11484.0,11214.0,0.0,0.0,11449.333333333334,0.0,0.0,0.49999999999999994,-0.8660254037844387
UT,2024-06-01,2024-07-01 00:00:00,test,11807.0,12577.0,0,4312.0,0.3652070805454391,0.2701787075463708,33.0,57.83333333333333,13256.166666666666,12190.0,11650.0,0.0,0.0,11774.666666666666,0.0,0.0,1.2246467991473532e-16,-1.0
UT,2024-07-01,2024-08-01 00:00:00,test,12577.0,12459.0,0,4686.0,0.3725848771567146,0.27168641170390395,33.0,57.83333333333333,12566.166666666666,11807.0,11484.0,11622.0,0.0,11827.0,11661.166666666666,0.0,-0.4999999999999997,-0.8660254037844388
UT,2024-08-01,2024-09-01 00:00:00,test,12459.0,12721.0,0,4417.0,0.354522834898467,0.276747732562806,33.0,57.83333333333333,13142.5,12577.0,12190.0,11214.0,0.0,12191.333333333334,11820.333333333334,0.0,-0.8660254037844385,-0.5000000000000004
UT,2024-09-01,2024-10-01 00:00:00,test,12721.0,12540.0,0,4398.0,0.3457275371433063,0.27309173807090636,33.0,57.83333333333333,13159.166666666664,12459.0,11807.0,11650.0,0.0,12281.0,12027.833333333334,0.0,-1.0,-1.8369701987210297e-16
UT,2024-10-01,2024-11-01 00:00:00,test,12540.0,11300.0,0,4307.0,0.3434609250398724,0.2800637958532695,33.0,57.83333333333333,12792.666666666666,12721.0,12577.0,11484.0,0.0,12585.666666666666,12206.333333333334,0.0,-0.8660254037844386,0.5000000000000001
UT,2024-11-01,2024-12-01 00:00:00,test,11300.0,10988.0,0,4137.0,0.3661061946902655,0.28690265486725663,33.0,57.83333333333333,12567.666666666666,12540.0,12459.0,12190.0,0.0,12573.333333333334,12382.333333333334,0.0,-0.5000000000000004,0.8660254037844384
UT,2024-12-01,2025-01-01 00:00:00,test,10988.0,10988.0,0,4000.0,0.3640334910811795,0.29213687659264653,33.0,57.83333333333333,11030.333333333332,11300.0,12721.0,11807.0,0.0,12187.0,12234.0,0.0,-2.4492935982947064e-16,1.0
VA,2024-01-01,2024-02-01 00:00:00,test,28815.0,27755.0,1,8101.0,0.2811382960263751,0.33052229741454103,26.0,52.16666666666666,0.0,0.0,0.0,0.0,0.0,0.0,0.0,0.0,0.49999999999999994,0.8660254037844387
VA,2024-02-01,2024-03-01 00:00:00,test,27755.0,29331.0,1,7772.0,0.2800216177265358,0.3190055845793551,26.0,52.16666666666666,17741.166666666664,28815.0,0.0,0.0,0.0,0.0,0.0,0.0,0.8660254037844386,0.5000000000000001
VA,2024-03-01,2024-04-01 00:00:00,test,29331.0,29319.0,1,8130.0,0.2771811394088166,0.31379768845249056,26.0,52.16666666666666,17800.5,27755.0,0.0,0.0,0.0,0.0,0.0,0.0,1.0,6.123233995736766e-17
VA,2024-04-01,2024-05-01 00:00:00,test,29319.0,29761.0,1,8023.0,0.2736450765715065,0.3193833350387121,26.0,52.16666666666666,18529.333333333332,29331.0,28815.0,0.0,0.0,28633.666666666668,0.0,0.0,0.8660254037844387,-0.4999999999999998
VA,2024-05-01,2024-06-01 00:00:00,test,29761.0,30249.0,1,8123.0,0.2729410974093612,0.33039884412486137,26.0,52.16666666666666,18685.666666666664,29319.0,27755.0,0.0,0.0,28801.666666666668,0.0,0.0,0.49999999999999994,-0.8660254037844387
VA,2024-06-01,2024-07-01 00:00:00,test,30249.0,29995.0,1,8315.0,0.2748851201692618,0.3499950411583854,26.0,52.16666666666666,19865.999999999996,29761.0,29331.0,0.0,0.0,29470.333333333332,0.0,0.0,1.2246467991473532e-16,-1.0
VA,2024-07-01,2024-08-01 00:00:00,test,29995.0,28206.0,1,8215.0,0.2738789798299716,0.35962660443407235,26.0,52.16666666666666,19044.5,30249.0,29319.0,28815.0,0.0,29776.333333333332,29205.0,0.0,-0.4999999999999997,-0.8660254037844388
VA,2024-08-01,2024-09-01 00:00:00,test,28206.0,29831.0,1,7803.0,0.276643267389917,0.33606324895412326,26.0,52.16666666666666,19253.5,29995.0,29761.0,27755.0,0.0,30001.666666666668,29401.666666666668,0.0,-0.8660254037844385,-0.5000000000000004
VA,2024-09-01,2024-10-01 00:00:00,test,29831.0,29681.0,1,7703.0,0.2582213133988133,0.33562401528611174,26.0,52.16666666666666,19142.333333333332,28206.0,30249.0,29331.0,0.0,29483.333333333332,29476.833333333332,0.0,-1.0,-1.8369701987210297e-16
VA,2024-10-01,2024-11-01 00:00:00,test,29681.0,26724.0,1,7593.0,0.2558202216906438,0.3334119470368249,26.0,52.16666666666666,18725.5,29831.0,29995.0,29319.0,0.0,29344.0,29560.166666666668,0.0,-0.8660254037844386,0.5000000000000001
VA,2024-11-01,2024-12-01 00:00:00,test,26724.0,24304.0,0,7188.0,0.2689717108217332,0.34336177218979197,26.0,52.16666666666666,18602.166666666664,29681.0,28206.0,29761.0,0.0,29239.333333333332,29620.5,0.0,-0.5000000000000004,0.8660254037844384
VA,2024-12-01,2025-01-01 00:00:00,test,24304.0,24304.0,0,6522.0,0.2683508887425938,0.3482965766951942,26.0,52.16666666666666,17042.0,26724.0,29831.0,30249.0,0.0,28745.333333333332,29114.333333333332,0.0,-2.4492935982947064e-16,1.0
VT,2024-01-01,2024-02-01 00:00:00,test,1436.0,1337.0,0,452.0,0.3147632311977716,0.47075208913649025,16.0,30.33333333333333,0.0,0.0,0.0,0.0,0.0,0.0,0.0,0.0,0.49999999999999994,0.8660254037844387
VT,2024-02-01,2024-03-01 00:00:00,test,1337.0,1445.0,0,441.0,0.3298429319371728,0.45848915482423336,16.0,30.33333333333333,24300.666666666664,1436.0,0.0,0.0,0.0,0.0,0.0,0.0,0.8660254037844386,0.5000000000000001
VT,2024-03-01,2024-04-01 00:00:00,test,1445.0,1422.0,0,530.0,0.3667820069204152,0.4539792387543253,16.0,30.33333333333333,23298.999999999996,1337.0,0.0,0.0,0.0,0.0,0.0,0.0,1.0,6.123233995736766e-17
VT,2024-04-01,2024-05-01 00:00:00,test,1422.0,1629.0,0,478.0,0.3361462728551336,0.47538677918424754,16.0,30.33333333333333,25213.999999999996,1445.0,1436.0,0.0,0.0,1406.0,0.0,0.0,0.8660254037844387,-0.4999999999999998
VT,2024-05-01,2024-06-01 00:00:00,test,1629.0,1553.0,0,548.0,0.336402701043585,0.4634745242480049,16.0,30.33333333333333,24943.666666666664,1422.0,1337.0,0.0,0.0,1401.3333333333333,0.0,0.0,0.49999999999999994,-0.8660254037844387
VT,2024-06-01,2024-07-01 00:00:00,test,1553.0,1690.0,0,542.0,0.3490019317450096,0.4565357372826787,16.0,30.33333333333333,27534.33333333333,1629.0,1445.0,0.0,0.0,1498.6666666666667,0.0,0.0,1.2246467991473532e-16,-1.0
VT,2024-07-01,2024-08-01 00:00:00,test,1690.0,1757.0,0,565.0,0.3343195266272189,0.46153846153846156,16.0,30.33333333333333,26994.666666666664,1553.0,1422.0,1436.0,0.0,1534.6666666666667,1470.3333333333333,0.0,-0.4999999999999997,-0.8660254037844388
VT,2024-08-01,2024-09-01 00:00:00,test,1757.0,1806.0,0,550.0,0.3130335799658509,0.4957313602731929,16.0,30.33333333333333,28001.0,1690.0,1629.0,1337.0,0.0,1624.0,1512.6666666666667,0.0,-0.8660254037844385,-0.5000000000000004
VT,2024-09-01,2024-10-01 00:00:00,test,1806.0,1834.0,0,554.0,0.3067552602436323,0.5105204872646734,16.0,30.33333333333333,27506.999999999996,1757.0,1553.0,1445.0,0.0,1666.6666666666667,1582.6666666666667,0.0,-1.0,-1.8369701987210297e-16
VT,2024-10-01,2024-11-01 00:00:00,test,1834.0,1535.0,0,531.0,0.2895310796074155,0.5332606324972737,16.0,30.33333333333333,26958.333333333332,1806.0,1690.0,1422.0,0.0,1751.0,1642.8333333333333,0.0,-0.8660254037844386,0.5000000000000001
VT,2024-11-01,2024-12-01 00:00:00,test,1535.0,1475.0,0,463.0,0.301628664495114,0.48078175895765474,16.0,30.33333333333333,27193.33333333333,1834.0,1757.0,1629.0,0.0,1799.0,1711.5,0.0,-0.5000000000000004,0.8660254037844384
VT,2024-12-01,2025-01-01 00:00:00,test,1475.0,1475.0,0,523.0,0.3545762711864407,0.5105084745762711,16.0,30.33333333333333,24730.333333333332,1535.0,1806.0,1553.0,0.0,1725.0,1695.8333333333333,0.0,-2.4492935982947064e-16,1.0
WA,2024-01-01,2024-02-01 00:00:00,test,31187.0,28847.0,1,5983.0,0.191842754994068,0.3291756180459807,28.0,52.0,0.0,0.0,0.0,0.0,0.0,0.0,0.0,0.0,0.49999999999999994,0.8660254037844387
WA,2024-02-01,2024-03-01 00:00:00,test,28847.0,30235.0,1,5924.0,0.2053593094602558,0.3316809373591708,28.0,52.0,9861.5,31187.0,0.0,0.0,0.0,0.0,0.0,0.0,0.8660254037844386,0.5000000000000001
WA,2024-03-01,2024-04-01 00:00:00,test,30235.0,29741.0,1,6345.0,0.2098561270051265,0.324160740863238,28.0,52.0,9870.5,28847.0,0.0,0.0,0.0,0.0,0.0,0.0,1.0,6.123233995736766e-17
WA,2024-04-01,2024-05-01 00:00:00,test,29741.0,30943.0,1,6408.0,0.2154601392017753,0.3265189469083084,28.0,52.0,10236.5,30235.0,31187.0,0.0,0.0,30089.666666666668,0.0,0.0,0.8660254037844387,-0.4999999999999998
WA,2024-05-01,2024-06-01 00:00:00,test,30943.0,29142.0,1,6819.0,0.2203729437998901,0.33749151665966454,28.0,52.0,10045.5,29741.0,28847.0,0.0,0.0,29607.666666666668,0.0,0.0,0.49999999999999994,-0.8660254037844387
WA,2024-06-01,2024-07-01 00:00:00,test,29142.0,30892.0,1,6622.0,0.2272321734952989,0.33343627753757465,28.0,52.0,10371.5,30943.0,30235.0,0.0,0.0,30306.333333333332,0.0,0.0,1.2246467991473532e-16,-1.0
WA,2024-07-01,2024-08-01 00:00:00,test,30892.0,31284.0,1,6972.0,0.2256894988993914,0.3390198109542924,28.0,52.0,10008.5,29142.0,29741.0,31187.0,0.0,29942.0,30015.833333333332,0.0,-0.4999999999999997,-0.8660254037844388
WA,2024-08-01,2024-09-01 00:00:00,test,31284.0,31131.0,1,6916.0,0.2210714742360311,0.35462217107786725,28.0,52.0,10646.5,30892.0,30943.0,28847.0,0.0,30325.666666666668,29966.666666666668,0.0,-0.8660254037844385,-0.5000000000000004
WA,2024-09-01,2024-10-01 00:00:00,test,31131.0,30979.0,1,6746.0,0.216697182872378,0.35103273264591567,28.0,52.0,10649.0,31284.0,29142.0,30235.0,0.0,30439.333333333332,30372.833333333332,0.0,-1.0,-1.8369701987210297e-16
WA,2024-10-01,2024-11-01 00:00:00,test,30979.0,27820.0,1,6434.0,0.207689079699151,0.36353658930243066,28.0,52.0,10550.0,31131.0,30892.0,29741.0,0.0,31102.333333333332,30522.166666666668,0.0,-0.8660254037844386,0.5000000000000001
WA,2024-11-01,2024-12-01 00:00:00,test,27820.0,27412.0,1,6206.0,0.2230769230769231,0.36089144500359455,28.0,52.0,10415.5,30979.0,31284.0,30943.0,0.0,31131.333333333332,30728.5,0.0,-0.5000000000000004,0.8660254037844384
WA,2024-12-01,2025-01-01 00:00:00,test,27412.0,27412.0,1,6005.0,0.2190646432219466,0.37479935794542535,28.0,52.0,9327.5,27820.0,31131.0,29142.0,0.0,29976.666666666668,30208.0,0.0,-2.4492935982947064e-16,1.0
WI,2024-01-01,2024-02-01 00:00:00,test,14394.0,14803.0,0,6630.0,0.460608586911213,0.2452410726691677,33.0,46.75,0.0,0.0,0.0,0.0,0.0,0.0,0.0,0.0,0.49999999999999994,0.8660254037844387
WI,2024-02-01,2024-03-01 00:00:00,test,14803.0,15435.0,0,6913.0,0.4669999324461258,0.248868472606904,33.0,46.75,23411.5,14394.0,0.0,0.0,0.0,0.0,0.0,0.0,0.8660254037844386,0.5000000000000001
WI,2024-03-01,2024-04-01 00:00:00,test,15435.0,15280.0,0,7345.0,0.4758665370910269,0.2494331065759637,33.0,46.75,23934.5,14803.0,0.0,0.0,0.0,0.0,0.0,0.0,1.0,6.123233995736766e-17
WI,2024-04-01,2024-05-01 00:00:00,test,15280.0,16703.0,0,6857.0,0.4487565445026178,0.2579188481675393,33.0,46.75,25064.5,15435.0,14394.0,0.0,0.0,14877.333333333334,0.0,0.0,0.8660254037844387,-0.4999999999999998
WI,2024-05-01,2024-06-01 00:00:00,test,16703.0,16364.0,0,7345.0,0.4397413638268574,0.2549242651020775,33.0,46.75,25424.0,15280.0,14803.0,0.0,0.0,15172.666666666666,0.0,0.0,0.49999999999999994,-0.8660254037844387
WI,2024-06-01,2024-07-01 00:00:00,test,16364.0,17615.0,0,7007.0,0.428196040087998,0.2781104864336348,33.0,46.75,28072.5,16703.0,15435.0,0.0,0.0,15806.0,0.0,0.0,1.2246467991473532e-16,-1.0
WI,2024-07-01,2024-08-01 00:00:00,test,17615.0,16823.0,0,7134.0,0.404995742265115,0.26903207493613396,33.0,46.75,27347.5,16364.0,15280.0,14394.0,0.0,16115.666666666666,15496.5,0.0,-0.4999999999999997,-0.8660254037844388
WI,2024-08-01,2024-09-01 00:00:00,test,16823.0,16319.0,0,6813.0,0.4049812756345479,0.27319740831005174,33.0,46.75,28483.5,17615.0,16703.0,14803.0,0.0,16894.0,16033.333333333334,0.0,-0.8660254037844385,-0.5000000000000004
WI,2024-09-01,2024-10-01 00:00:00,test,16319.0,15811.0,0,6754.0,0.4138733991053373,0.27789692995894355,33.0,46.75,27931.25,16823.0,16364.0,15435.0,0.0,16934.0,16370.0,0.0,-1.0,-1.8369701987210297e-16
WI,2024-10-01,2024-11-01 00:00:00,test,15811.0,12567.0,0,6490.0,0.4104737208272721,0.2743027006514452,33.0,46.75,27476.5,16319.0,17615.0,15280.0,0.0,16919.0,16517.333333333332,0.0,-0.8660254037844386,0.5000000000000001
WI,2024-11-01,2024-12-01 00:00:00,test,12567.0,13838.0,0,5240.0,0.4169650672395957,0.27795018699769236,33.0,46.75,27047.75,15811.0,16823.0,16703.0,0.0,16317.666666666666,16605.833333333332,0.0,-0.5000000000000004,0.8660254037844384
WI,2024-12-01,2025-01-01 00:00:00,test,13838.0,13838.0,0,5925.0,0.4281688105217517,0.274533892180951,33.0,46.75,23700.0,12567.0,16319.0,16364.0,0.0,14899.0,15916.5,0.0,-2.4492935982947064e-16,1.0
WV,2024-01-01,2024-02-01 00:00:00,test,3371.0,4060.0,0,1208.0,0.3583506377929398,0.28211213289824977,89.0,49.00000000000001,0.0,0.0,0.0,0.0,0.0,0.0,0.0,0.0,0.49999999999999994,0.8660254037844387
WV,2024-02-01,2024-03-01 00:00:00,test,4060.0,4372.0,0,1326.0,0.3266009852216748,0.28054187192118224,89.0,49.00000000000001,22848.0,3371.0,0.0,0.0,0.0,0.0,0.0,0.0,0.8660254037844386,0.5000000000000001
WV,2024-03-01,2024-04-01 00:00:00,test,4372.0,4428.0,0,1473.0,0.3369167429094236,0.27561756633119855,89.0,49.00000000000001,22168.200000000004,4060.0,0.0,0.0,0.0,0.0,0.0,0.0,1.0,6.123233995736766e-17
WV,2024-04-01,2024-05-01 00:00:00,test,4428.0,4469.0,0,1421.0,0.3209123757904246,0.265356820234869,89.0,49.00000000000001,23721.800000000003,4372.0,3371.0,0.0,0.0,3934.3333333333335,0.0,0.0,0.8660254037844387,-0.4999999999999998
WV,2024-05-01,2024-06-01 00:00:00,test,4469.0,3988.0,0,1516.0,0.3392257775788767,0.2707540836876259,89.0,49.00000000000001,24095.600000000002,4428.0,4060.0,0.0,0.0,4286.666666666667,0.0,0.0,0.49999999999999994,-0.8660254037844387
WV,2024-06-01,2024-07-01 00:00:00,test,3988.0,4182.0,0,1423.0,0.3568204613841524,0.2938816449348044,89.0,49.00000000000001,25922.600000000002,4469.0,4372.0,0.0,0.0,4423.0,0.0,0.0,1.2246467991473532e-16,-1.0
WV,2024-07-01,2024-08-01 00:00:00,test,4182.0,4558.0,0,1396.0,0.3338115734098517,0.288857006217121,89.0,49.00000000000001,25131.4,3988.0,4428.0,3371.0,0.0,4295.0,4114.666666666667,0.0,-0.4999999999999997,-0.8660254037844388
WV,2024-08-01,2024-09-01 00:00:00,test,4558.0,4201.0,0,1501.0,0.3293111013602457,0.27885037297060117,89.0,49.00000000000001,25824.600000000002,4182.0,4469.0,4060.0,0.0,4213.0,4249.833333333333,0.0,-0.8660254037844385,-0.5000000000000004
WV,2024-09-01,2024-10-01 00:00:00,test,4201.0,3725.0,0,1315.0,0.3130207093549155,0.28326588907403,89.0,49.00000000000001,25301.0,4558.0,3988.0,4372.0,0.0,4242.666666666667,4332.833333333333,0.0,-1.0,-1.8369701987210297e-16
WV,2024-10-01,2024-11-01 00:00:00,test,3725.0,3543.0,0,1125.0,0.3020134228187919,0.30899328859060404,89.0,49.00000000000001,25043.200000000004,4201.0,4182.0,4428.0,0.0,4313.666666666667,4304.333333333333,0.0,-0.8660254037844386,0.5000000000000001
WV,2024-11-01,2024-12-01 00:00:00,test,3543.0,3281.0,0,1053.0,0.2972057578323455,0.3347445667513407,89.0,49.00000000000001,25242.4,3725.0,4558.0,4469.0,0.0,4161.333333333333,4187.166666666667,0.0,-0.5000000000000004,0.8660254037844384
WV,2024-12-01,2025-01-01 00:00:00,test,3281.0,3281.0,0,979.0,0.2983846388296251,0.32764401097226453,89.0,49.00000000000001,22756.0,3543.0,4201.0,3988.0,0.0,3823.0,4032.8333333333335,0.0,-2.4492935982947064e-16,1.0
WY,2024-01-01,2024-02-01 00:00:00,test,1721.0,1695.0,0,646.0,0.3753631609529343,0.25857059848925046,38.0,29.833333333333336,0.0,0.0,0.0,0.0,0.0,0.0,0.0,0.0,0.49999999999999994,0.8660254037844387
WY,2024-02-01,2024-03-01 00:00:00,test,1695.0,1722.0,0,618.0,0.3646017699115044,0.24601769911504426,38.0,29.833333333333336,7921.833333333333,1721.0,0.0,0.0,0.0,0.0,0.0,0.0,0.8660254037844386,0.5000000000000001
WY,2024-03-01,2024-04-01 00:00:00,test,1722.0,1841.0,0,618.0,0.3588850174216028,0.24448315911730545,38.0,29.833333333333336,7617.333333333333,1695.0,0.0,0.0,0.0,0.0,0.0,0.0,1.0,6.123233995736766e-17
WY,2024-04-01,2024-05-01 00:00:00,test,1841.0,1966.0,0,657.0,0.3568712656165128,0.2612710483432917,38.0,29.833333333333336,7789.166666666666,1722.0,1721.0,0.0,0.0,1712.6666666666667,0.0,0.0,0.8660254037844387,-0.4999999999999998
WY,2024-05-01,2024-06-01 00:00:00,test,1966.0,1877.0,0,694.0,0.3530010172939979,0.2634791454730417,38.0,29.833333333333336,7766.499999999999,1841.0,1695.0,0.0,0.0,1752.6666666666667,0.0,0.0,0.49999999999999994,-0.8660254037844387
WY,2024-06-01,2024-07-01 00:00:00,test,1877.0,2014.0,0,609.0,0.324453915823122,0.2701118806606287,38.0,29.833333333333336,8283.5,1966.0,1722.0,0.0,0.0,1843.0,0.0,0.0,1.2246467991473532e-16,-1.0
WY,2024-07-01,2024-08-01 00:00:00,test,2014.0,1876.0,0,678.0,0.336643495531281,0.2567030784508441,38.0,29.833333333333336,8071.166666666665,1877.0,1841.0,1721.0,0.0,1894.6666666666667,1803.6666666666667,0.0,-0.4999999999999997,-0.8660254037844388
WY,2024-08-01,2024-09-01 00:00:00,test,1876.0,1867.0,0,620.0,0.3304904051172708,0.23347547974413646,38.0,29.833333333333336,8681.333333333332,2014.0,1966.0,1695.0,0.0,1952.3333333333333,1852.5,0.0,-0.8660254037844385,-0.5000000000000004
WY,2024-09-01,2024-10-01 00:00:00,test,1867.0,1779.0,0,617.0,0.3304767005891805,0.256561328334226,38.0,29.833333333333336,8635.0,1876.0,1877.0,1722.0,0.0,1922.3333333333333,1882.6666666666667,0.0,-1.0,-1.8369701987210297e-16
WY,2024-10-01,2024-11-01 00:00:00,test,1779.0,1465.0,0,609.0,0.342327150084317,0.23608768971332209,38.0,29.833333333333336,8422.166666666666,1867.0,2014.0,1841.0,0.0,1919.0,1906.8333333333333,0.0,-0.8660254037844386,0.5000000000000001
WY,2024-11-01,2024-12-01 00:00:00,test,1465.0,1731.0,0,483.0,0.3296928327645051,0.25051194539249144,38.0,29.833333333333336,8399.666666666668,1779.0,1876.0,1966.0,0.0,1840.6666666666667,1896.5,0.0,-0.5000000000000004,0.8660254037844384
WY,2024-12-01,2025-01-01 00:00:00,test,1731.0,1731.0,0,623.0,0.3599075678798382,0.28827267475447715,38.0,29.833333333333336,7196.666666666666,1465.0,1867.0,1877.0,0.0,1703.6666666666667,1813.0,0.0,-2.4492935982947064e-16,1.0
