community_area,month,target_month,label,pred_prob,pred_label
1,2015-02-01,2015-03-01,0,0.15306049471566746,0
1,2015-03-01,2015-04-01,0,0.1247012071323863,0
1,2015-04-01,2015-05-01,0,0.17897077805630823,0
1,2015-05-01,2015-06-01,0,0.17310932206067645,0
1,2015-06-01,2015-07-01,0,0.2338419185039151,0
1,2015-07-01,2015-08-01,0,0.17710279999640152,0
1,2015-08-01,2015-09-01,0,0.2641949595727652,0
1,2015-09-01,2015-10-01,0,0.2645977231411931,0
1,2015-10-01,2015-11-01,0,0.2478969279151039,0
1,2015-11-01,2015-12-01,0,0.21932468979124992,0
1,2015-12-01,2016-01-01,0,0.21890627093581458,0
1,2016-01-01,2016-02-01,0,0.18180246090677654,0
1,2016-02-01,2016-03-01,0,0.1953694930347226,0
1,2016-03-01,2016-04-01,0,0.11414548449353729,0
1,2016-04-01,2016-05-01,0,0.2729236767670208,0
1,2016-05-01,2016-06-01,0,0.2104659030958257,0
1,2016-06-01,2016-07-01,0,0.2331065168971525,0
1,2016-07-01,2016-08-01,0,0.3592861478811552,0
1,2016-08-01,2016-09-01,0,0.2825378103492427,0
1,2016-09-01,2016-10-01,0,0.29052077264841597,0
1,2016-10-01,2016-11-01,0,0.29595470706270444,0
1,2016-11-01,2016-12-01,0,0.336989357097947,0
1,2016-12-01,2017-01-01,0,0.2384142490256548,0
1,2017-01-01,2017-02-01,0,0.2137233032748477,0
1,2017-02-01,2017-03-01,0,0.24125139644690952,0
1,2017-03-01,2017-04-01,0,0.27086209209664047,0
1,2017-04-01,2017-05-01,0,0.18441493552887492,0
1,2017-05-01,2017-06-01,0,0.35231291750623017,0
1,2017-06-01,2017-07-01,1,0.38212409787585183,0
1,2017-07-01,2017-08-01,1,0.3307146717656533,0
1,2017-08-01,2017-09-01,0,0.4743459839455372,0
1,2017-09-01,2017-10-01,1,0.5302240237387701,0
1,2017-10-01,2017-11-01,0,0.40851707902064827,0
1,2017-11-01,2017-12-01,0,0.4209375660827636,0
1,2017-12-01,2018-01-01,0,0.32722830817809134,0
1,2018-01-01,2018-02-01,0,0.2725567775383854,0
1,2018-02-01,2018-03-01,0,0.23600250639305323,0
1,2018-03-01,2018-04-01,0,0.19657403307763477,0
1,2018-04-01,2018-05-01,0,0.36299555871681344,0
1,2018-05-01,2018-06-01,0,0.27403427390186136,0
1,2018-06-01,2018-07-01,1,0.331769391387498,0
1,2018-07-01,2018-08-01,1,0.40384864657878505,0
1,2018-08-01,2018-09-01,0,0.5039074143742419,0
1,2018-09-01,2018-10-01,0,0.46024166480595435,0
1,2018-10-01,2018-11-01,0,0.30346521097161216,0
1,2018-11-01,2018-12-01,0,0.4206186339120867,0
1,2018-12-01,2019-01-01,0,0.39825470537344565,0
1,2019-01-01,2019-02-01,0,0.2942267153624262,0
1,2019-02-01,2019-03-01,0,0.253807511282739,0
1,2019-03-01,2019-04-01,0,0.20003183232632002,0
1,2019-04-01,2019-05-01,1,0.30166939773548296,0
1,2019-05-01,2019-06-01,0,0.25087390999254194,0
1,2019-06-01,2019-07-01,1,0.4488661698497139,0
1,2019-07-01,2019-08-01,1,0.4986649594395595,0
1,2019-08-01,2019-09-01,1,0.4861922839887975,0
1,2019-09-01,2019-10-01,0,0.5062381521473426,0
1,2019-10-01,2019-11-01,0,0.31690352604828537,0
1,2019-11-01,2019-12-01,0,0.3123472593007505,0
1,2019-12-01,2020-01-01,0,0.2814443427699519,0
1,2020-01-01,2020-02-01,0,0.29273648423147747,0
1,2020-02-01,2020-03-01,0,0.29971018415632295,0
1,2020-03-01,2020-04-01,0,0.20503536567475353,0
1,2020-04-01,2020-05-01,0,0.24525717808470485,0
1,2020-05-01,2020-06-01,0,0.12881457443552227,0
1,2020-06-01,2020-07-01,0,0.11328127505145474,0
1,2020-07-01,2020-08-01,0,0.23851251659004577,0
1,2020-08-01,2020-09-01,0,0.2846277149856244,0
1,2020-09-01,2020-10-01,0,0.3019092520612873,0
1,2020-10-01,2020-11-01,0,0.34456635515055334,0
1,2020-11-01,2020-12-01,0,0.3120584410559156,0
1,2020-12-01,2021-01-01,0,0.20423103202299794,0
1,2021-01-01,2021-02-01,0,0.1650126824457321,0
1,2021-02-01,2021-03-01,0,0.252693922121502,0
1,2021-03-01,2021-04-01,0,0.15810494876998069,0
1,2021-04-01,2021-05-01,0,0.1432658319298616,0
1,2021-05-01,2021-06-01,0,0.20664445448346538,0
1,2021-06-01,2021-07-01,0,0.19940200223204116,0
1,2021-07-01,2021-08-01,0,0.22378515534601745,0
1,2021-08-01,2021-09-01,0,0.3243080931070205,0
1,2021-09-01,2021-10-01,0,0.31163602436715604,0
1,2021-10-01,2021-11-01,0,0.39764704671178536,0
1,2021-11-01,2021-12-01,0,0.3778660359899116,0
1,2021-12-01,2022-01-01,0,0.2534552760681336,0
1,2022-01-01,2022-02-01,0,0.4329470697457493,0
1,2022-02-01,2022-03-01,0,0.30083701598152407,0
1,2022-03-01,2022-04-01,0,0.17621556812130562,0
1,2022-04-01,2022-05-01,0,0.3425683849254514,0
1,2022-05-01,2022-06-01,1,0.35599200346766807,0
1,2022-06-01,2022-07-01,1,0.634642681481355,0
1,2022-07-01,2022-08-01,1,0.4344510746967327,0
1,2022-08-01,2022-09-01,1,0.5173493125685062,0
1,2022-09-01,2022-10-01,0,0.6223492249172384,0
1,2022-10-01,2022-11-01,0,0.5760533524275592,0
1,2022-11-01,2022-12-01,0,0.5490544629494257,0
2,2015-02-01,2015-03-01,0,0.10474241453402534,0
2,2015-03-01,2015-04-01,0,0.06308950520988173,0
2,2015-04-01,2015-05-01,0,0.12376257195446709,0
2,2015-05-01,2015-06-01,0,0.09336463337372475,0
2,2015-06-01,2015-07-01,0,0.12155543529754448,0
2,2015-07-01,2015-08-01,0,0.09500926168497427,0
2,2015-08-01,2015-09-01,0,0.16968831099235065,0
2,2015-09-01,2015-10-01,0,0.13618766951759287,0
2,2015-10-01,2015-11-01,0,0.14682440996064386,0
2,2015-11-01,2015-12-01,0,0.15184199173327761,0
2,2015-12-01,2016-01-01,0,0.10597922049198452,0
2,2016-01-01,2016-02-01,0,0.11099512508023439,0
2,2016-02-01,2016-03-01,0,0.11389265692029618,0
2,2016-03-01,2016-04-01,0,0.11236515403621775,0
2,2016-04-01,2016-05-01,0,0.1271881031029175,0
2,2016-05-01,2016-06-01,0,0.15137123418059703,0
2,2016-06-01,2016-07-01,0,0.10461152312151338,0
2,2016-07-01,2016-08-01,0,0.16502599048493288,0
2,2016-08-01,2016-09-01,0,0.1362192751406237,0
2,2016-09-01,2016-10-01,0,0.12503095545070067,0
2,2016-10-01,2016-11-01,0,0.12988033232348356,0
2,2016-11-01,2016-12-01,0,0.19093787132914092,0
2,2016-12-01,2017-01-01,0,0.14701730258100457,0
2,2017-01-01,2017-02-01,0,0.08962369361287315,0
2,2017-02-01,2017-03-01,0,0.11287165406256124,0
2,2017-03-01,2017-04-01,0,0.11527257294004058,0
2,2017-04-01,2017-05-01,0,0.13778910071264985,0
2,2017-05-01,2017-06-01,0,0.13269724310039868,0
2,2017-06-01,2017-07-01,0,0.202182455792691,0
2,2017-07-01,2017-08-01,0,0.16791086144969172,0
2,2017-08-01,2017-09-01,0,0.294243745986159,0
2,2017-09-01,2017-10-01,0,0.22456154389435634,0
2,2017-10-01,2017-11-01,0,0.18952718427556953,0
2,2017-11-01,2017-12-01,0,0.2976424122919931,0
2,2017-12-01,2018-01-01,0,0.24849022988584696,0
2,2018-01-01,2018-02-01,0,0.14510105561500028,0
2,2018-02-01,2018-03-01,0,0.12436948564767597,0
2,2018-03-01,2018-04-01,0,0.10131117953746377,0
2,2018-04-01,2018-05-01,0,0.13112770883992494,0
2,2018-05-01,2018-06-01,0,0.1084240293093839,0
2,2018-06-01,2018-07-01,0,0.1659386480624765,0
2,2018-07-01,2018-08-01,0,0.20291662392376814,0
2,2018-08-01,2018-09-01,0,0.21925141717556948,0
2,2018-09-01,2018-10-01,0,0.1937298109351903,0
2,2018-10-01,2018-11-01,0,0.1408881686984907,0
2,2018-11-01,2018-12-01,0,0.1764974817270205,0
2,2018-12-01,2019-01-01,0,0.1248140122718804,0
2,2019-01-01,2019-02-01,0,0.12033614875698398,0
2,2019-02-01,2019-03-01,0,0.107719392682997,0
2,2019-03-01,2019-04-01,0,0.10816318532938549,0
2,2019-04-01,2019-05-01,0,0.14186221977701988,0
2,2019-05-01,2019-06-01,0,0.1650499276576879,0
2,2019-06-01,2019-07-01,0,0.2420818767554063,0
2,2019-07-01,2019-08-01,0,0.16753364704877766,0
2,2019-08-01,2019-09-01,0,0.22569857062149687,0
2,2019-09-01,2019-10-01,0,0.2714821900267921,0
2,2019-10-01,2019-11-01,0,0.1637152293003172,0
2,2019-11-01,2019-12-01,0,0.19628539624340932,0
2,2019-12-01,2020-01-01,0,0.12300712732649256,0
2,2020-01-01,2020-02-01,0,0.14685443010466342,0
2,2020-02-01,2020-03-01,0,0.16412892430971887,0
2,2020-03-01,2020-04-01,0,0.15375806687228089,0
2,2020-04-01,2020-05-01,0,0.15072667103902862,0
2,2020-05-01,2020-06-01,0,0.1198881270013807,0
2,2020-06-01,2020-07-01,0,0.10282268695190262,0
2,2020-07-01,2020-08-01,0,0.14148249701367507,0
2,2020-08-01,2020-09-01,0,0.18795041847195318,0
2,2020-09-01,2020-10-01,0,0.1905819782780934,0
2,2020-10-01,2020-11-01,0,0.1537387817981338,0
2,2020-11-01,2020-12-01,0,0.1592718880539397,0
2,2020-12-01,2021-01-01,0,0.09230102729142273,0
2,2021-01-01,2021-02-01,0,0.14763187417579865,0
2,2021-02-01,2021-03-01,0,0.09542453198383796,0
2,2021-03-01,2021-04-01,0,0.07485949952565542,0
2,2021-04-01,2021-05-01,0,0.13547411606006918,0
2,2021-05-01,2021-06-01,0,0.08966862173959973,0
2,2021-06-01,2021-07-01,0,0.1453573024678505,0
2,2021-07-01,2021-08-01,0,0.17875283061006872,0
2,2021-08-01,2021-09-01,0,0.1541379428990672,0
2,2021-09-01,2021-10-01,0,0.14118399219684818,0
2,2021-10-01,2021-11-01,0,0.14313394928925988,0
2,2021-11-01,2021-12-01,0,0.18686562669860143,0
2,2021-12-01,2022-01-01,0,0.17217142536689553,0
2,2022-01-01,2022-02-01,0,0.14656967176898708,0
2,2022-02-01,2022-03-01,0,0.10084701450415921,0
2,2022-03-01,2022-04-01,0,0.09866690530179746,0
2,2022-04-01,2022-05-01,0,0.15302835315700725,0
2,2022-05-01,2022-06-01,0,0.1752169778124663,0
2,2022-06-01,2022-07-01,0,0.24412361662140597,0
2,2022-07-01,2022-08-01,1,0.2612492133756894,0
2,2022-08-01,2022-09-01,1,0.23063032846010567,0
2,2022-09-01,2022-10-01,1,0.3532216650763808,0
2,2022-10-01,2022-11-01,0,0.2497375483385789,0
2,2022-11-01,2022-12-01,0,0.19986793500159675,0
3,2015-02-01,2015-03-01,0,0.07258303821031192,0
3,2015-03-01,2015-04-01,0,0.045672189980117094,0
3,2015-04-01,2015-05-01,0,0.0762111890060836,0
3,2015-05-01,2015-06-01,0,0.08622138529752761,0
3,2015-06-01,2015-07-01,0,0.11154638558405422,0
3,2015-07-01,2015-08-01,1,0.15155772331446593,0
3,2015-08-01,2015-09-01,0,0.13174330056369196,0
3,2015-09-01,2015-10-01,0,0.22459274996119025,0
3,2015-10-01,2015-11-01,0,0.1623187405639976,0
3,2015-11-01,2015-12-01,0,0.12804604129960737,0
3,2015-12-01,2016-01-01,0,0.1225750941085268,0
3,2016-01-01,2016-02-01,0,0.20154920998401268,0
3,2016-02-01,2016-03-01,0,0.10869037929294781,0
3,2016-03-01,2016-04-01,0,0.09833703124932709,0
3,2016-04-01,2016-05-01,0,0.16702738913595797,0
3,2016-05-01,2016-06-01,0,0.18001299273867374,0
3,2016-06-01,2016-07-01,0,0.10948925590018323,0
3,2016-07-01,2016-08-01,0,0.24537554126814043,0
3,2016-08-01,2016-09-01,0,0.21931596585408564,0
3,2016-09-01,2016-10-01,0,0.1948549853381563,0
3,2016-10-01,2016-11-01,0,0.22352297694462842,0
3,2016-11-01,2016-12-01,0,0.20403573928739363,0
3,2016-12-01,2017-01-01,0,0.14935090925242353,0
3,2017-01-01,2017-02-01,0,0.13170008435591216,0
3,2017-02-01,2017-03-01,0,0.12773544128134587,0
3,2017-03-01,2017-04-01,0,0.0769296971148232,0
3,2017-04-01,2017-05-01,0,0.08142391959998302,0
3,2017-05-01,2017-06-01,0,0.12840515866817787,0
3,2017-06-01,2017-07-01,0,0.1917083411272451,0
3,2017-07-01,2017-08-01,0,0.2050388488763224,0
3,2017-08-01,2017-09-01,0,0.2967881370999151,0
3,2017-09-01,2017-10-01,0,0.23094544321041577,0
3,2017-10-01,2017-11-01,0,0.15657855585023045,0
3,2017-11-01,2017-12-01,0,0.19103733933369557,0
3,2017-12-01,2018-01-01,0,0.12903212922338841,0
3,2018-01-01,2018-02-01,0,0.09432903404406619,0
3,2018-02-01,2018-03-01,0,0.09454042762412095,0
3,2018-03-01,2018-04-01,0,0.07951874252349839,0
3,2018-04-01,2018-05-01,0,0.10861208913678942,0
3,2018-05-01,2018-06-01,0,0.14124929641222958,0
3,2018-06-01,2018-07-01,0,0.1320455473428568,0
3,2018-07-01,2018-08-01,0,0.281502667564367,0
3,2018-08-01,2018-09-01,0,0.2694753114005463,0
3,2018-09-01,2018-10-01,0,0.2948538661312342,0
3,2018-10-01,2018-11-01,0,0.22898364072227922,0
3,2018-11-01,2018-12-01,0,0.2028839184693102,0
3,2018-12-01,2019-01-01,0,0.11226161396324244,0
3,2019-01-01,2019-02-01,0,0.16609473053398344,0
3,2019-02-01,2019-03-01,0,0.1393151990879517,0
3,2019-03-01,2019-04-01,0,0.08501252729769386,0
3,2019-04-01,2019-05-01,0,0.1268567349296255,0
3,2019-05-01,2019-06-01,0,0.13418018904216922,0
3,2019-06-01,2019-07-01,0,0.15927530574425777,0
3,2019-07-01,2019-08-01,0,0.310111470959831,0
3,2019-08-01,2019-09-01,0,0.17909208684897993,0
3,2019-09-01,2019-10-01,0,0.17945665313420023,0
3,2019-10-01,2019-11-01,0,0.17566179928812242,0
3,2019-11-01,2019-12-01,0,0.177325539773414,0
3,2019-12-01,2020-01-01,0,0.11031967003165531,0
3,2020-01-01,2020-02-01,0,0.17620829805540433,0
3,2020-02-01,2020-03-01,0,0.1593360611057796,0
3,2020-03-01,2020-04-01,0,0.12304733476836034,0
3,2020-04-01,2020-05-01,0,0.12010580904283845,0
3,2020-05-01,2020-06-01,0,0.056775388547463335,0
3,2020-06-01,2020-07-01,0,0.08540366627242878,0
3,2020-07-01,2020-08-01,0,0.11420809299863731,0
3,2020-08-01,2020-09-01,0,0.1530629640242953,0
3,2020-09-01,2020-10-01,0,0.18883708131805704,0
3,2020-10-01,2020-11-01,0,0.12381412149464899,0
3,2020-11-01,2020-12-01,0,0.09657399748827954,0
3,2020-12-01,2021-01-01,0,0.08253933052778091,0
3,2021-01-01,2021-02-01,0,0.08984221327365048,0
3,2021-02-01,2021-03-01,0,0.09395732390110612,0
3,2021-03-01,2021-04-01,0,0.061534055777407795,0
3,2021-04-01,2021-05-01,0,0.051821566752303296,0
3,2021-05-01,2021-06-01,0,0.07501537431618625,0
3,2021-06-01,2021-07-01,0,0.08364906687876957,0
3,2021-07-01,2021-08-01,0,0.09982772124043325,0
3,2021-08-01,2021-09-01,0,0.15214492586497008,0
3,2021-09-01,2021-10-01,0,0.1268509005297736,0
3,2021-10-01,2021-11-01,0,0.1832617543754901,0
3,2021-11-01,2021-12-01,0,0.16485305694590444,0
3,2021-12-01,2022-01-01,0,0.18910596892448073,0
3,2022-01-01,2022-02-01,0,0.10971579906383637,0
3,2022-02-01,2022-03-01,0,0.11299435298430997,0
3,2022-03-01,2022-04-01,0,0.11780698049804748,0
3,2022-04-01,2022-05-01,0,0.14016655584767715,0
3,2022-05-01,2022-06-01,1,0.14949716589998827,0
3,2022-06-01,2022-07-01,0,0.24497089766414065,0
3,2022-07-01,2022-08-01,1,0.3932338836632044,0
3,2022-08-01,2022-09-01,1,0.4354072765897344,0
3,2022-09-01,2022-10-01,1,0.39529131732654915,0
3,2022-10-01,2022-11-01,0,0.29846389027503917,0
3,2022-11-01,2022-12-01,0,0.3786929019607453,0
4,2015-02-01,2015-03-01,0,0.12890400248650913,0
4,2015-03-01,2015-04-01,0,0.10847239975436426,0
4,2015-04-01,2015-05-01,0,0.14702053309484808,0
4,2015-05-01,2015-06-01,0,0.14407938628793257,0
4,2015-06-01,2015-07-01,0,0.15625721376618407,0
4,2015-07-01,2015-08-01,0,0.17055454856137195,0
4,2015-08-01,2015-09-01,0,0.2271869979618776,0
4,2015-09-01,2015-10-01,0,0.25054840974694326,0
4,2015-10-01,2015-11-01,0,0.1850827249311513,0
4,2015-11-01,2015-12-01,0,0.19936144061360486,0
4,2015-12-01,2016-01-01,0,0.1630678442491099,0
4,2016-01-01,2016-02-01,0,0.14653679542000592,0
4,2016-02-01,2016-03-01,0,0.15807254754179983,0
4,2016-03-01,2016-04-01,0,0.11964824520632161,0
4,2016-04-01,2016-05-01,0,0.18516425912702875,0
4,2016-05-01,2016-06-01,0,0.11475052204645031,0
4,2016-06-01,2016-07-01,0,0.1535284927859978,0
4,2016-07-01,2016-08-01,0,0.1698309580727321,0
4,2016-08-01,2016-09-01,0,0.17412307422746637,0
4,2016-09-01,2016-10-01,0,0.21068283604706742,0
4,2016-10-01,2016-11-01,0,0.20659413126518827,0
4,2016-11-01,2016-12-01,0,0.24676554459347094,0
4,2016-12-01,2017-01-01,0,0.17642589824748217,0
4,2017-01-01,2017-02-01,0,0.11143403912460877,0
4,2017-02-01,2017-03-01,0,0.23262430395621786,0
4,2017-03-01,2017-04-01,0,0.08504051697824995,0
4,2017-04-01,2017-05-01,0,0.12619030197930028,0
4,2017-05-01,2017-06-01,0,0.17099404038799554,0
4,2017-06-01,2017-07-01,0,0.22222717136548853,0
4,2017-07-01,2017-08-01,0,0.30419519596553746,0
4,2017-08-01,2017-09-01,0,0.29093454010574094,0
4,2017-09-01,2017-10-01,0,0.22056627955911798,0
4,2017-10-01,2017-11-01,0,0.2551656524287528,0
4,2017-11-01,2017-12-01,0,0.3704246200063467,0
4,2017-12-01,2018-01-01,0,0.1916240489344082,0
4,2018-01-01,2018-02-01,0,0.1282510290362649,0
4,2018-02-01,2018-03-01,0,0.20739031891680845,0
4,2018-03-01,2018-04-01,0,0.09588767681353443,0
4,2018-04-01,2018-05-01,0,0.1185524100010374,0
4,2018-05-01,2018-06-01,0,0.14775818799361862,0
4,2018-06-01,2018-07-01,0,0.18861972389431642,0
4,2018-07-01,2018-08-01,0,0.1818941404859623,0
4,2018-08-01,2018-09-01,0,0.3373488713797326,0
4,2018-09-01,2018-10-01,0,0.21902094982212614,0
4,2018-10-01,2018-11-01,0,0.2844362310735951,0
4,2018-11-01,2018-12-01,0,0.25562570250565203,0
4,2018-12-01,2019-01-01,0,0.1765335329327985,0
4,2019-01-01,2019-02-01,0,0.11846741340953552,0
4,2019-02-01,2019-03-01,0,0.1284412242323799,0
4,2019-03-01,2019-04-01,0,0.10876115690228089,0
4,2019-04-01,2019-05-01,0,0.15857032219823342,0
4,2019-05-01,2019-06-01,0,0.23401549522796136,0
4,2019-06-01,2019-07-01,0,0.3346194477511664,0
4,2019-07-01,2019-08-01,0,0.20065754665788713,0
4,2019-08-01,2019-09-01,0,0.21630770759047194,0
4,2019-09-01,2019-10-01,0,0.17609921592475145,0
4,2019-10-01,2019-11-01,0,0.20516112952285714,0
4,2019-11-01,2019-12-01,0,0.12825997796252578,0
4,2019-12-01,2020-01-01,0,0.22235124405151965,0
4,2020-01-01,2020-02-01,0,0.1788450277542351,0
4,2020-02-01,2020-03-01,0,0.2167101424088318,0
4,2020-03-01,2020-04-01,0,0.18628609938685822,0
4,2020-04-01,2020-05-01,0,0.17061193549376358,0
4,2020-05-01,2020-06-01,0,0.09582648607400134,0
4,2020-06-01,2020-07-01,0,0.09791405326675624,0
4,2020-07-01,2020-08-01,0,0.13566209428209877,0
4,2020-08-01,2020-09-01,0,0.20128331410317327,0
4,2020-09-01,2020-10-01,0,0.33874090652906236,0
4,2020-10-01,2020-11-01,0,0.1793283826315702,0
4,2020-11-01,2020-12-01,0,0.17923446354590916,0
4,2020-12-01,2021-01-01,0,0.14952948159140858,0
4,2021-01-01,2021-02-01,0,0.12098821647801307,0
4,2021-02-01,2021-03-01,0,0.1282446122774887,0
4,2021-03-01,2021-04-01,0,0.09828311965850871,0
4,2021-04-01,2021-05-01,0,0.1237050194068173,0
4,2021-05-01,2021-06-01,0,0.15235201386957084,0
4,2021-06-01,2021-07-01,0,0.11947758940985519,0
4,2021-07-01,2021-08-01,0,0.08898722340614061,0
4,2021-08-01,2021-09-01,0,0.2234690584396661,0
4,2021-09-01,2021-10-01,0,0.19297249234827774,0
4,2021-10-01,2021-11-01,0,0.22874478862502592,0
4,2021-11-01,2021-12-01,0,0.2128315474630751,0
4,2021-12-01,2022-01-01,0,0.18231712151399598,0
4,2022-01-01,2022-02-01,0,0.10571191967422791,0
4,2022-02-01,2022-03-01,0,0.14960791025287123,0
4,2022-03-01,2022-04-01,0,0.11941062840540559,0
4,2022-04-01,2022-05-01,0,0.17771886048572033,0
4,2022-05-01,2022-06-01,0,0.1909573316599206,0
4,2022-06-01,2022-07-01,0,0.24280541396324593,0
4,2022-07-01,2022-08-01,0,0.39248102428658227,0
4,2022-08-01,2022-09-01,0,0.34075007475947,0
4,2022-09-01,2022-10-01,0,0.37932538759373285,0
4,2022-10-01,2022-11-01,0,0.3440676263918876,0
4,2022-11-01,2022-12-01,0,0.2785329782761568,0
5,2015-02-01,2015-03-01,0,0.32402853357862516,0
5,2015-03-01,2015-04-01,0,0.1459189041776139,0
5,2015-04-01,2015-05-01,0,0.40323111179081284,0
5,2015-05-01,2015-06-01,0,0.23647322086649794,0
5,2015-06-01,2015-07-01,0,0.38335881954337303,0
5,2015-07-01,2015-08-01,0,0.41056927761773115,0
5,2015-08-01,2015-09-01,0,0.31094142744579983,0
5,2015-09-01,2015-10-01,0,0.45957751533332536,0
5,2015-10-01,2015-11-01,0,0.37142432344143694,0
5,2015-11-01,2015-12-01,0,0.45164603625731975,0
5,2015-12-01,2016-01-01,0,0.2769114440924578,0
5,2016-01-01,2016-02-01,0,0.23533696651423197,0
5,2016-02-01,2016-03-01,0,0.2952200045051682,0
5,2016-03-01,2016-04-01,0,0.20406990919852575,0
5,2016-04-01,2016-05-01,0,0.3537377164448059,0
5,2016-05-01,2016-06-01,0,0.17640964142255908,0
5,2016-06-01,2016-07-01,0,0.2804136781325228,0
5,2016-07-01,2016-08-01,0,0.34823740878040266,0
5,2016-08-01,2016-09-01,0,0.49080026198063015,0
5,2016-09-01,2016-10-01,0,0.30706794504579965,0
5,2016-10-01,2016-11-01,0,0.5272870617188312,0
5,2016-11-01,2016-12-01,0,0.5472903289856966,0
5,2016-12-01,2017-01-01,0,0.29218200770218855,0
5,2017-01-01,2017-02-01,0,0.2902710202637176,0
5,2017-02-01,2017-03-01,0,0.2599041702310812,0
5,2017-03-01,2017-04-01,0,0.31060231623495244,0
5,2017-04-01,2017-05-01,0,0.30231887625289866,0
5,2017-05-01,2017-06-01,0,0.31614769217172406,0
5,2017-06-01,2017-07-01,0,0.4416667931132511,0
5,2017-07-01,2017-08-01,0,0.562649988942819,0
5,2017-08-01,2017-09-01,0,0.44991453845584184,0
5,2017-09-01,2017-10-01,0,0.3585917756236622,0
5,2017-10-01,2017-11-01,0,0.43958411966636735,0
5,2017-11-01,2017-12-01,0,0.34019590206259387,0
5,2017-12-01,2018-01-01,0,0.45939105031745886,0
5,2018-01-01,2018-02-01,0,0.3302793507165465,0
5,2018-02-01,2018-03-01,0,0.47058108467082765,0
5,2018-03-01,2018-04-01,0,0.10923004367999861,0
5,2018-04-01,2018-05-01,0,0.28982891491556984,0
5,2018-05-01,2018-06-01,0,0.2525905945892423,0
5,2018-06-01,2018-07-01,0,0.4896323960078045,0
5,2018-07-01,2018-08-01,0,0.45558678016111376,0
5,2018-08-01,2018-09-01,0,0.5942080403661251,0
5,2018-09-01,2018-10-01,0,0.4992010695120306,0
5,2018-10-01,2018-11-01,0,0.5637015016259415,0
5,2018-11-01,2018-12-01,0,0.46889722894240654,0
5,2018-12-01,2019-01-01,0,0.46874159245436386,0
5,2019-01-01,2019-02-01,0,0.2966146671938361,0
5,2019-02-01,2019-03-01,0,0.3475190523136945,0
5,2019-03-01,2019-04-01,0,0.2808031121788884,0
5,2019-04-01,2019-05-01,0,0.22546436163120404,0
5,2019-05-01,2019-06-01,0,0.24462812128034286,0
5,2019-06-01,2019-07-01,0,0.26850779373243666,0
5,2019-07-01,2019-08-01,0,0.48771891085653724,0
5,2019-08-01,2019-09-01,0,0.38611079490988703,0
5,2019-09-01,2019-10-01,0,0.6336744940413224,0
5,2019-10-01,2019-11-01,0,0.338484129613182,0
5,2019-11-01,2019-12-01,0,0.21357204782820483,0
5,2019-12-01,2020-01-01,0,0.3350764777213119,0
5,2020-01-01,2020-02-01,0,0.31042603516641026,0
5,2020-02-01,2020-03-01,0,0.3122267880462663,0
5,2020-03-01,2020-04-01,0,0.2731468776696995,0
5,2020-04-01,2020-05-01,0,0.15737295271080678,0
5,2020-05-01,2020-06-01,0,0.07435915178897225,0
5,2020-06-01,2020-07-01,0,0.05802547405498529,0
5,2020-07-01,2020-08-01,0,0.10912432316556796,0
5,2020-08-01,2020-09-01,0,0.18904355955960123,0
5,2020-09-01,2020-10-01,0,0.15822307503695732,0
5,2020-10-01,2020-11-01,0,0.20719246825953921,0
5,2020-11-01,2020-12-01,0,0.2180388451481715,0
5,2020-12-01,2021-01-01,0,0.13554496835840116,0
5,2021-01-01,2021-02-01,0,0.15775359178855033,0
5,2021-02-01,2021-03-01,0,0.09031403539029037,0
5,2021-03-01,2021-04-01,0,0.046595607867200434,0
5,2021-04-01,2021-05-01,0,0.1079771188343814,0
5,2021-05-01,2021-06-01,0,0.0976535231263756,0
5,2021-06-01,2021-07-01,0,0.17215990635088382,0
5,2021-07-01,2021-08-01,0,0.22822678747703457,0
5,2021-08-01,2021-09-01,0,0.23300546538934283,0
5,2021-09-01,2021-10-01,0,0.22081361594746235,0
5,2021-10-01,2021-11-01,0,0.31779547931759317,0
5,2021-11-01,2021-12-01,0,0.23491154531633773,0
5,2021-12-01,2022-01-01,0,0.18479230581322334,0
5,2022-01-01,2022-02-01,0,0.18757079200139742,0
5,2022-02-01,2022-03-01,0,0.08961282314320317,0
5,2022-03-01,2022-04-01,0,0.0777718770223195,0
5,2022-04-01,2022-05-01,0,0.2132706737547488,0
5,2022-05-01,2022-06-01,0,0.16928627581732755,0
5,2022-06-01,2022-07-01,0,0.3016398685672682,0
5,2022-07-01,2022-08-01,0,0.4444148962813563,0
5,2022-08-01,2022-09-01,0,0.3512878511306485,0
5,2022-09-01,2022-10-01,0,0.4609285822686801,0
5,2022-10-01,2022-11-01,0,0.43690862314538864,0
5,2022-11-01,2022-12-01,0,0.3270780397165983,0
6,2015-02-01,2015-03-01,1,0.1616514721353191,0
6,2015-03-01,2015-04-01,1,0.08539283186160802,0
6,2015-04-01,2015-05-01,1,0.22431667598099156,0
6,2015-05-01,2015-06-01,1,0.1845361335458989,0
6,2015-06-01,2015-07-01,1,0.15401300030077067,0
6,2015-07-01,2015-08-01,1,0.2164719729927958,0
6,2015-08-01,2015-09-01,1,0.2672887305326458,0
6,2015-09-01,2015-10-01,1,0.20783849219430386,0
6,2015-10-01,2015-11-01,1,0.1926211761157515,0
6,2015-11-01,2015-12-01,1,0.1851209356879185,0
6,2015-12-01,2016-01-01,1,0.17250703184632282,0
6,2016-01-01,2016-02-01,0,0.12980595927130897,0
6,2016-02-01,2016-03-01,1,0.08766898061897503,0
6,2016-03-01,2016-04-01,1,0.11077149580215821,0
6,2016-04-01,2016-05-01,1,0.15558948587342528,0
6,2016-05-01,2016-06-01,1,0.11742268702155614,0
6,2016-06-01,2016-07-01,1,0.13936357630050134,0
6,2016-07-01,2016-08-01,1,0.2820376773326652,0
6,2016-08-01,2016-09-01,1,0.2386261535307663,0
6,2016-09-01,2016-10-01,1,0.2281270584667442,0
6,2016-10-01,2016-11-01,1,0.1713673979364366,0
6,2016-11-01,2016-12-01,1,0.2820514735977681,0
6,2016-12-01,2017-01-01,1,0.21740696208536467,0
6,2017-01-01,2017-02-01,1,0.1287075390511504,0
6,2017-02-01,2017-03-01,1,0.19981336980591274,0
6,2017-03-01,2017-04-01,1,0.18280321147624254,0
6,2017-04-01,2017-05-01,1,0.1837269497652136,0
6,2017-05-01,2017-06-01,1,0.19186933062383496,0
6,2017-06-01,2017-07-01,1,0.2511847233299842,0
6,2017-07-01,2017-08-01,1,0.22317230328769636,0
6,2017-08-01,2017-09-01,1,0.29811609148832313,0
6,2017-09-01,2017-10-01,1,0.28733900540637575,0
6,2017-10-01,2017-11-01,1,0.2559691914545146,0
6,2017-11-01,2017-12-01,1,0.2501222165565523,0
6,2017-12-01,2018-01-01,1,0.19094837119693753,0
6,2018-01-01,2018-02-01,0,0.1937954624680698,0
6,2018-02-01,2018-03-01,1,0.19410834969417753,0
6,2018-03-01,2018-04-01,1,0.1439588763204225,0
6,2018-04-01,2018-05-01,1,0.19742106705222107,0
6,2018-05-01,2018-06-01,1,0.11540810239289995,0
6,2018-06-01,2018-07-01,1,0.20712613730392168,0
6,2018-07-01,2018-08-01,1,0.26231120482722814,0
6,2018-08-01,2018-09-01,1,0.3034801696721793,0
6,2018-09-01,2018-10-01,1,0.3493659653041187,0
6,2018-10-01,2018-11-01,1,0.36305922495286286,0
6,2018-11-01,2018-12-01,1,0.2579899315264041,0
6,2018-12-01,2019-01-01,1,0.276249108810077,0
6,2019-01-01,2019-02-01,0,0.28668510634826144,0
6,2019-02-01,2019-03-01,1,0.2239143642416348,0
6,2019-03-01,2019-04-01,1,0.11788337601981513,0
6,2019-04-01,2019-05-01,1,0.13128374367639564,0
6,2019-05-01,2019-06-01,1,0.19975032885233554,0
6,2019-06-01,2019-07-01,1,0.22345053745180704,0
6,2019-07-01,2019-08-01,1,0.31043537477677663,0
6,2019-08-01,2019-09-01,1,0.2938464183381342,0
6,2019-09-01,2019-10-01,1,0.1958900454454476,0
6,2019-10-01,2019-11-01,1,0.2624404101809918,0
6,2019-11-01,2019-12-01,1,0.20439956747277518,0
6,2019-12-01,2020-01-01,1,0.19277076622064748,0
6,2020-01-01,2020-02-01,1,0.16349136799782246,0
6,2020-02-01,2020-03-01,0,0.19163507114590286,0
6,2020-03-01,2020-04-01,0,0.17580648792982745,0
6,2020-04-01,2020-05-01,0,0.10086043640064622,0
6,2020-05-01,2020-06-01,0,0.08881087299816079,0
6,2020-06-01,2020-07-01,1,0.07616074416115516,0
6,2020-07-01,2020-08-01,1,0.12560321079748035,0
6,2020-08-01,2020-09-01,0,0.1741247909522913,0
6,2020-09-01,2020-10-01,1,0.16587267414708837,0
6,2020-10-01,2020-11-01,0,0.1387127172959786,0
6,2020-11-01,2020-12-01,0,0.10160242295342753,0
6,2020-12-01,2021-01-01,0,0.08618513165260192,0
6,2021-01-01,2021-02-01,0,0.07669476165940611,0
6,2021-02-01,2021-03-01,0,0.06078711722669728,0
6,2021-03-01,2021-04-01,0,0.06076539553126773,0
6,2021-04-01,2021-05-01,0,0.07626204472172743,0
6,2021-05-01,2021-06-01,1,0.08826884341374414,0
6,2021-06-01,2021-07-01,1,0.07468389744579193,0
6,2021-07-01,2021-08-01,1,0.11549771529900776,0
6,2021-08-01,2021-09-01,1,0.18486661337861995,0
6,2021-09-01,2021-10-01,1,0.15125139474899396,0
6,2021-10-01,2021-11-01,1,0.21692752443400062,0
6,2021-11-01,2021-12-01,1,0.16926482386954814,0
6,2021-12-01,2022-01-01,0,0.10883874587154241,0
6,2022-01-01,2022-02-01,0,0.13822198629174368,0
6,2022-02-01,2022-03-01,1,0.13237805706243055,0
6,2022-03-01,2022-04-01,1,0.09315923795744248,0
6,2022-04-01,2022-05-01,1,0.1389436757818791,0
6,2022-05-01,2022-06-01,1,0.1394386936988207,0
6,2022-06-01,2022-07-01,1,0.22779644789966036,0
6,2022-07-01,2022-08-01,1,0.2691467160602853,0
6,2022-08-01,2022-09-01,1,0.28108025503701384,0
6,2022-09-01,2022-10-01,1,0.2565167974587572,0
6,2022-10-01,2022-11-01,1,0.3112452194717435,0
6,2022-11-01,2022-12-01,1,0.2375317222505709,0
7,2015-02-01,2015-03-01,0,0.8023122266789285,1
7,2015-03-01,2015-04-01,0,0.47539033618678994,0
7,2015-04-01,2015-05-01,0,0.7569511529659652,1
7,2015-05-01,2015-06-01,0,0.7752029632682078,1
7,2015-06-01,2015-07-01,0,0.8320659804768678,1
7,2015-07-01,2015-08-01,0,0.9012785603812854,1
7,2015-08-01,2015-09-01,0,0.8980897078557164,1
7,2015-09-01,2015-10-01,0,0.9427313978250194,1
7,2015-10-01,2015-11-01,0,0.9141497478827958,1
7,2015-11-01,2015-12-01,0,0.90947649547997,1
7,2015-12-01,2016-01-01,0,0.8104208139772009,1
7,2016-01-01,2016-02-01,0,0.856034436113074,1
7,2016-02-01,2016-03-01,0,0.804448465474716,1
7,2016-03-01,2016-04-01,0,0.7429272292821555,1
7,2016-04-01,2016-05-01,1,0.8368976695534904,1
7,2016-05-01,2016-06-01,1,0.8473515657748616,1
7,2016-06-01,2016-07-01,0,0.893642602630553,1
7,2016-07-01,2016-08-01,0,0.940327821288932,1
7,2016-08-01,2016-09-01,1,0.9651324902114917,1
7,2016-09-01,2016-10-01,0,0.9723739513726948,1
7,2016-10-01,2016-11-01,0,0.9598876296447624,1
7,2016-11-01,2016-12-01,0,0.966047521019345,1
7,2016-12-01,2017-01-01,0,0.9216658533545565,1
7,2017-01-01,2017-02-01,0,0.8952774673265047,1
7,2017-02-01,2017-03-01,0,0.9372155293709261,1
7,2017-03-01,2017-04-01,0,0.8688334984662104,1
7,2017-04-01,2017-05-01,0,0.8482660510934587,1
7,2017-05-01,2017-06-01,1,0.9177882250197074,1
7,2017-06-01,2017-07-01,1,0.9378805458702104,1
7,2017-07-01,2017-08-01,1,0.9645774721938765,1
7,2017-08-01,2017-09-01,1,0.979532662483434,1
7,2017-09-01,2017-10-01,1,0.9805837501046066,1
7,2017-10-01,2017-11-01,1,0.9636451391220591,1
7,2017-11-01,2017-12-01,1,0.9783618702986959,1
7,2017-12-01,2018-01-01,1,0.9384796576069404,1
7,2018-01-01,2018-02-01,0,0.944362843180734,1
7,2018-02-01,2018-03-01,0,0.8844775474387948,1
7,2018-03-01,2018-04-01,0,0.682769033894474,1
7,2018-04-01,2018-05-01,1,0.8527328054454618,1
7,2018-05-01,2018-06-01,1,0.8921491831101591,1
7,2018-06-01,2018-07-01,1,0.9567957398624206,1
7,2018-07-01,2018-08-01,1,0.9609595057218713,1
7,2018-08-01,2018-09-01,1,0.980229976047749,1
7,2018-09-01,2018-10-01,1,0.9830902269474964,1
7,2018-10-01,2018-11-01,1,0.9683880926564483,1
7,2018-11-01,2018-12-01,1,0.9631369072906083,1
7,2018-12-01,2019-01-01,0,0.9364652289333124,1
7,2019-01-01,2019-02-01,0,0.9566402656484173,1
7,2019-02-01,2019-03-01,0,0.8838925567983389,1
7,2019-03-01,2019-04-01,0,0.752111363953151,1
7,2019-04-01,2019-05-01,1,0.8800340984768952,1
7,2019-05-01,2019-06-01,1,0.8989415930166361,1
7,2019-06-01,2019-07-01,1,0.93932987568667,1
7,2019-07-01,2019-08-01,0,0.9740414853090493,1
7,2019-08-01,2019-09-01,1,0.9651367079694614,1
7,2019-09-01,2019-10-01,0,0.9608420553577289,1
7,2019-10-01,2019-11-01,0,0.9325998011552485,1
7,2019-11-01,2019-12-01,0,0.9253839809128432,1
7,2019-12-01,2020-01-01,0,0.9095657949035792,1
7,2020-01-01,2020-02-01,0,0.9113728554514277,1
7,2020-02-01,2020-03-01,0,0.8650544254027768,1
7,2020-03-01,2020-04-01,0,0.7507319155540414,1
7,2020-04-01,2020-05-01,0,0.29131427171841007,0
7,2020-05-01,2020-06-01,0,0.11195342735922786,0
7,2020-06-01,2020-07-01,0,0.3526325282955598,0
7,2020-07-01,2020-08-01,0,0.3920150742771624,0
7,2020-08-01,2020-09-01,0,0.6550672889799294,1
7,2020-09-01,2020-10-01,0,0.8074784701791268,1
7,2020-10-01,2020-11-01,0,0.5768051687772959,0
7,2020-11-01,2020-12-01,0,0.5419653844770096,0
7,2020-12-01,2021-01-01,0,0.445061293634484,0
7,2021-01-01,2021-02-01,0,0.266174138447261,0
7,2021-02-01,2021-03-01,0,0.27577142196712034,0
7,2021-03-01,2021-04-01,0,0.16259189839234042,0
7,2021-04-01,2021-05-01,0,0.32977264011379126,0
7,2021-05-01,2021-06-01,0,0.33112154465810784,0
7,2021-06-01,2021-07-01,0,0.6194537456570678,0
7,2021-07-01,2021-08-01,0,0.6685942504301331,1
7,2021-08-01,2021-09-01,0,0.7781613323729624,1
7,2021-09-01,2021-10-01,0,0.8147342828335377,1
7,2021-10-01,2021-11-01,0,0.7429448438953639,1
7,2021-11-01,2021-12-01,0,0.8683277487672107,1
7,2021-12-01,2022-01-01,0,0.6459580720250365,0
7,2022-01-01,2022-02-01,0,0.7624645393680707,1
7,2022-02-01,2022-03-01,0,0.4909221537246403,0
7,2022-03-01,2022-04-01,0,0.4795308883950723,0
7,2022-04-01,2022-05-01,0,0.7482149669629462,1
7,2022-05-01,2022-06-01,0,0.6198966613002492,0
7,2022-06-01,2022-07-01,0,0.813785236133274,1
7,2022-07-01,2022-08-01,0,0.9154606702704775,1
7,2022-08-01,2022-09-01,0,0.9695430685422928,1
7,2022-09-01,2022-10-01,0,0.9244522686970834,1
7,2022-10-01,2022-11-01,0,0.9486388115666261,1
7,2022-11-01,2022-12-01,0,0.9199376551184978,1
8,2015-02-01,2015-03-01,1,0.842406870271503,1
8,2015-03-01,2015-04-01,1,0.6404954680455192,0
8,2015-04-01,2015-05-01,1,0.8970335692385195,1
8,2015-05-01,2015-06-01,1,0.9101017865443188,1
8,2015-06-01,2015-07-01,1,0.9481608422999468,1
8,2015-07-01,2015-08-01,1,0.9602671115222017,1
8,2015-08-01,2015-09-01,1,0.977061024057803,1
8,2015-09-01,2015-10-01,1,0.980426301604912,1
8,2015-10-01,2015-11-01,1,0.9687459036946848,1
8,2015-11-01,2015-12-01,1,0.9530271857970285,1
8,2015-12-01,2016-01-01,1,0.9468261082200778,1
8,2016-01-01,2016-02-01,1,0.9575941750241783,1
8,2016-02-01,2016-03-01,1,0.9501520762841921,1
8,2016-03-01,2016-04-01,1,0.8900116422266269,1
8,2016-04-01,2016-05-01,1,0.9627188098792027,1
8,2016-05-01,2016-06-01,1,0.9665796480006102,1
8,2016-06-01,2016-07-01,1,0.9864588098217858,1
8,2016-07-01,2016-08-01,1,0.9857403741421742,1
8,2016-08-01,2016-09-01,1,0.9921182252354585,1
8,2016-09-01,2016-10-01,1,0.9907839658801518,1
8,2016-10-01,2016-11-01,1,0.991164830018272,1
8,2016-11-01,2016-12-01,1,0.9874891374876265,1
8,2016-12-01,2017-01-01,1,0.9867016237447475,1
8,2017-01-01,2017-02-01,1,0.9740342323800597,1
8,2017-02-01,2017-03-01,1,0.9757208265797411,1
8,2017-03-01,2017-04-01,1,0.9335641456896808,1
8,2017-04-01,2017-05-01,1,0.9685765807830082,1
8,2017-05-01,2017-06-01,1,0.9774504693612664,1
8,2017-06-01,2017-07-01,1,0.9861496989120488,1
8,2017-07-01,2017-08-01,1,0.9931874972591876,1
8,2017-08-01,2017-09-01,1,0.9943034439463867,1
8,2017-09-01,2017-10-01,1,0.9965614787437814,1
8,2017-10-01,2017-11-01,1,0.9887596878200552,1
8,2017-11-01,2017-12-01,1,0.9914743337508224,1
8,2017-12-01,2018-01-01,1,0.9906084894241963,1
8,2018-01-01,2018-02-01,1,0.984905797614653,1
8,2018-02-01,2018-03-01,1,0.9618365075523262,1
8,2018-03-01,2018-04-01,1,0.8989893518506121,1
8,2018-04-01,2018-05-01,1,0.9696007660953705,1
8,2018-05-01,2018-06-01,1,0.9758780238782808,1
8,2018-06-01,2018-07-01,1,0.9936212617769836,1
8,2018-07-01,2018-08-01,1,0.9928382514144702,1
8,2018-08-01,2018-09-01,1,0.9941195805165617,1
8,2018-09-01,2018-10-01,1,0.997087138808688,1
8,2018-10-01,2018-11-01,1,0.9908987111425084,1
8,2018-11-01,2018-12-01,1,0.9927813626607438,1
8,2018-12-01,2019-01-01,1,0.981524291843163,1
8,2019-01-01,2019-02-01,1,0.9907369367072218,1
8,2019-02-01,2019-03-01,1,0.976104941515515,1
8,2019-03-01,2019-04-01,1,0.9439499620608031,1
8,2019-04-01,2019-05-01,1,0.9598721465434659,1
8,2019-05-01,2019-06-01,1,0.9643447590368677,1
8,2019-06-01,2019-07-01,1,0.9892622923705274,1
8,2019-07-01,2019-08-01,1,0.9900462912471599,1
8,2019-08-01,2019-09-01,1,0.9933693513944579,1
8,2019-09-01,2019-10-01,1,0.9946063881226526,1
8,2019-10-01,2019-11-01,1,0.9833520514351297,1
8,2019-11-01,2019-12-01,1,0.9854581610814632,1
8,2019-12-01,2020-01-01,1,0.967621466501199,1
8,2020-01-01,2020-02-01,1,0.9721872270091201,1
8,2020-02-01,2020-03-01,1,0.9224596466970573,1
8,2020-03-01,2020-04-01,0,0.8289941053150293,1
8,2020-04-01,2020-05-01,1,0.338319425342388,0
8,2020-05-01,2020-06-01,1,0.08851319403885959,0
8,2020-06-01,2020-07-01,1,0.5276156988444021,0
8,2020-07-01,2020-08-01,1,0.4695700288452027,0
8,2020-08-01,2020-09-01,1,0.6179948491335848,0
8,2020-09-01,2020-10-01,1,0.817124053389872,1
8,2020-10-01,2020-11-01,1,0.5460923571477342,0
8,2020-11-01,2020-12-01,1,0.6092913867661119,0
8,2020-12-01,2021-01-01,1,0.39228123908138013,0
8,2021-01-01,2021-02-01,1,0.31600357653119754,0
8,2021-02-01,2021-03-01,1,0.29535362058184905,0
8,2021-03-01,2021-04-01,1,0.1652963493362975,0
8,2021-04-01,2021-05-01,1,0.29134123614591684,0
8,2021-05-01,2021-06-01,1,0.35114032515588267,0
8,2021-06-01,2021-07-01,1,0.5486788663362786,0
8,2021-07-01,2021-08-01,1,0.7243566274209206,1
8,2021-08-01,2021-09-01,1,0.9072328244639064,1
8,2021-09-01,2021-10-01,1,0.7981979700442982,1
8,2021-10-01,2021-11-01,1,0.8222112133041378,1
8,2021-11-01,2021-12-01,1,0.9214098612291843,1
8,2021-12-01,2022-01-01,1,0.8043865017342262,1
8,2022-01-01,2022-02-01,1,0.8371338130014078,1
8,2022-02-01,2022-03-01,1,0.7685500155555097,1
8,2022-03-01,2022-04-01,1,0.7450510527343897,1
8,2022-04-01,2022-05-01,1,0.8939289833659454,1
8,2022-05-01,2022-06-01,1,0.8253758704234632,1
8,2022-06-01,2022-07-01,1,0.9129820602655079,1
8,2022-07-01,2022-08-01,1,0.9721592138879364,1
8,2022-08-01,2022-09-01,1,0.9927997535315812,1
8,2022-09-01,2022-10-01,1,0.95742435540549,1
8,2022-10-01,2022-11-01,1,0.9614575642134368,1
8,2022-11-01,2022-12-01,1,0.9807291708965008,1
9,2015-02-01,2015-03-01,0,0.03457593897896267,0
9,2015-03-01,2015-04-01,0,0.01571255755742084,0
9,2015-04-01,2015-05-01,0,0.04114584455545628,0
9,2015-05-01,2015-06-01,0,0.03290578617403373,0
9,2015-06-01,2015-07-01,0,0.04175352417058131,0
9,2015-07-01,2015-08-01,0,0.022139653217778773,0
9,2015-08-01,2015-09-01,0,0.03837045026150411,0
9,2015-09-01,2015-10-01,0,0.024708591545356418,0
9,2015-10-01,2015-11-01,0,0.043850771591099624,0
9,2015-11-01,2015-12-01,0,0.04136619545961085,0
9,2015-12-01,2016-01-01,0,0.02052702729052572,0
9,2016-01-01,2016-02-01,0,0.06209087043794814,0
9,2016-02-01,2016-03-01,0,0.0257751687486684,0
9,2016-03-01,2016-04-01,0,0.02813440989555545,0
9,2016-04-01,2016-05-01,0,0.03244252670431613,0
9,2016-05-01,2016-06-01,0,0.03367495920421587,0
9,2016-06-01,2016-07-01,0,0.06547624114166715,0
9,2016-07-01,2016-08-01,0,0.09180157157199027,0
9,2016-08-01,2016-09-01,0,0.03291739486048225,0
9,2016-09-01,2016-10-01,0,0.02102432327481745,0
9,2016-10-01,2016-11-01,0,0.03484253467388343,0
9,2016-11-01,2016-12-01,0,0.04151113630709803,0
9,2016-12-01,2017-01-01,0,0.034513862431742634,0
9,2017-01-01,2017-02-01,0,0.054323016682103105,0
9,2017-02-01,2017-03-01,0,0.032549299293603236,0
9,2017-03-01,2017-04-01,0,0.019223409417801762,0
9,2017-04-01,2017-05-01,0,0.02099145467636705,0
9,2017-05-01,2017-06-01,0,0.030739573802490934,0
9,2017-06-01,2017-07-01,0,0.019531680101407614,0
9,2017-07-01,2017-08-01,0,0.027403304059925273,0
9,2017-08-01,2017-09-01,0,0.05437363461358356,0
9,2017-09-01,2017-10-01,0,0.05344970735798134,0
9,2017-10-01,2017-11-01,0,0.018258404071609103,0
9,2017-11-01,2017-12-01,0,0.03489239569219284,0
9,2017-12-01,2018-01-01,0,0.017234169531818208,0
9,2018-01-01,2018-02-01,0,0.029027050156085272,0
9,2018-02-01,2018-03-01,0,0.06033765794601332,0
9,2018-03-01,2018-04-01,0,0.035256624903301226,0
9,2018-04-01,2018-05-01,0,0.028018857903067892,0
9,2018-05-01,2018-06-01,0,0.023832269875315636,0
9,2018-06-01,2018-07-01,0,0.030434424834095936,0
9,2018-07-01,2018-08-01,0,0.018354581296459317,0
9,2018-08-01,2018-09-01,0,0.035682203434707994,0
9,2018-09-01,2018-10-01,0,0.04409960242368808,0
9,2018-10-01,2018-11-01,0,0.02611005395782841,0
9,2018-11-01,2018-12-01,0,0.10688527584185697,0
9,2018-12-01,2019-01-01,0,0.052276306290376315,0
9,2019-01-01,2019-02-01,0,0.03092717667387443,0
9,2019-02-01,2019-03-01,0,0.03321363821574951,0
9,2019-03-01,2019-04-01,0,0.024308522385239992,0
9,2019-04-01,2019-05-01,0,0.045775126753572225,0
9,2019-05-01,2019-06-01,0,0.030358597221574107,0
9,2019-06-01,2019-07-01,0,0.04312428548112999,0
9,2019-07-01,2019-08-01,0,0.031383829739446756,0
9,2019-08-01,2019-09-01,0,0.027057229417752855,0
9,2019-09-01,2019-10-01,0,0.03280899820148807,0
9,2019-10-01,2019-11-01,0,0.016488896039984324,0
9,2019-11-01,2019-12-01,0,0.02315594917428119,0
9,2019-12-01,2020-01-01,0,0.015236921354150654,0
9,2020-01-01,2020-02-01,0,0.030241755076033862,0
9,2020-02-01,2020-03-01,0,0.03581951266823702,0
9,2020-03-01,2020-04-01,0,0.034091673982888655,0
9,2020-04-01,2020-05-01,0,0.02820356030303941,0
9,2020-05-01,2020-06-01,0,0.013383475442766843,0
9,2020-06-01,2020-07-01,0,0.022338881157688315,0
9,2020-07-01,2020-08-01,0,0.04552166470667408,0
9,2020-08-01,2020-09-01,0,0.077694173786809,0
9,2020-09-01,2020-10-01,0,0.04462642045933392,0
9,2020-10-01,2020-11-01,0,0.10518163049409375,0
9,2020-11-01,2020-12-01,0,0.1668320337601191,0
9,2020-12-01,2021-01-01,0,0.43475022062900387,0
9,2021-01-01,2021-02-01,0,0.49401103146297476,0
9,2021-02-01,2021-03-01,0,0.35774706780892634,0
9,2021-03-01,2021-04-01,0,0.03677280569561145,0
9,2021-04-01,2021-05-01,0,0.024521353503706392,0
9,2021-05-01,2021-06-01,0,0.059714835454515953,0
9,2021-06-01,2021-07-01,0,0.03223756703912649,0
9,2021-07-01,2021-08-01,0,0.06509418809432523,0
9,2021-08-01,2021-09-01,0,0.03449346501276953,0
9,2021-09-01,2021-10-01,0,0.02619430595148073,0
9,2021-10-01,2021-11-01,0,0.06828640752015942,0
9,2021-11-01,2021-12-01,0,0.026805031753368146,0
9,2021-12-01,2022-01-01,0,0.02481130607113761,0
9,2022-01-01,2022-02-01,0,0.02341938349542602,0
9,2022-02-01,2022-03-01,0,0.015893377822294767,0
9,2022-03-01,2022-04-01,0,0.0182526516810182,0
9,2022-04-01,2022-05-01,0,0.023689686548477425,0
9,2022-05-01,2022-06-01,0,0.020501987812669775,0
9,2022-06-01,2022-07-01,0,0.025236720398802613,0
9,2022-07-01,2022-08-01,0,0.027951269556662932,0
9,2022-08-01,2022-09-01,0,0.028857855237590154,0
9,2022-09-01,2022-10-01,0,0.10231547977566142,0
9,2022-10-01,2022-11-01,0,0.037862739863267256,0
9,2022-11-01,2022-12-01,0,0.035268942649659435,0
10,2015-02-01,2015-03-01,0,0.019854013550957526,0
10,2015-03-01,2015-04-01,0,0.026314204747962158,0
10,2015-04-01,2015-05-01,0,0.024390836412531446,0
10,2015-05-01,2015-06-01,0,0.017634843935844285,0
10,2015-06-01,2015-07-01,0,0.02124171383274914,0
10,2015-07-01,2015-08-01,0,0.03483797085415762,0
10,2015-08-01,2015-09-01,0,0.017768113519820963,0
10,2015-09-01,2015-10-01,0,0.045158274731819464,0
10,2015-10-01,2015-11-01,0,0.037063395341673584,0
10,2015-11-01,2015-12-01,0,0.02704127013319081,0
10,2015-12-01,2016-01-01,0,0.026682305566877094,0
10,2016-01-01,2016-02-01,0,0.029308035672875436,0
10,2016-02-01,2016-03-01,0,0.019844968721217975,0
10,2016-03-01,2016-04-01,0,0.022540435265419483,0
10,2016-04-01,2016-05-01,0,0.017252497518851193,0
10,2016-05-01,2016-06-01,0,0.02265450364225229,0
10,2016-06-01,2016-07-01,0,0.027377842283837158,0
10,2016-07-01,2016-08-01,0,0.027919147320034268,0
10,2016-08-01,2016-09-01,0,0.03623561774361272,0
10,2016-09-01,2016-10-01,0,0.0336720574633499,0
10,2016-10-01,2016-11-01,0,0.0476267260148126,0
10,2016-11-01,2016-12-01,0,0.04148143570553835,0
10,2016-12-01,2017-01-01,0,0.027862038225909554,0
10,2017-01-01,2017-02-01,0,0.02678006987912741,0
10,2017-02-01,2017-03-01,0,0.017169101210479584,0
10,2017-03-01,2017-04-01,0,0.022214353989181496,0
10,2017-04-01,2017-05-01,0,0.02112605604373855,0
10,2017-05-01,2017-06-01,0,0.01845752338538036,0
10,2017-06-01,2017-07-01,0,0.029321894233524784,0
10,2017-07-01,2017-08-01,0,0.016242613668134592,0
10,2017-08-01,2017-09-01,0,0.03959242463492063,0
10,2017-09-01,2017-10-01,0,0.023859240434767216,0
10,2017-10-01,2017-11-01,0,0.030537446019513245,0
10,2017-11-01,2017-12-01,0,0.018155247705258424,0
10,2017-12-01,2018-01-01,0,0.02516047440707366,0
10,2018-01-01,2018-02-01,0,0.03177564313259886,0
10,2018-02-01,2018-03-01,0,0.026629439000079618,0
10,2018-03-01,2018-04-01,0,0.018555970353136865,0
10,2018-04-01,2018-05-01,0,0.021493236564940947,0
10,2018-05-01,2018-06-01,0,0.023960435827995417,0
10,2018-06-01,2018-07-01,0,0.034904637995278806,0
10,2018-07-01,2018-08-01,0,0.02101321239973189,0
10,2018-08-01,2018-09-01,0,0.038339262666884893,0
10,2018-09-01,2018-10-01,0,0.036990452538144473,0
10,2018-10-01,2018-11-01,0,0.035127436023844265,0
10,2018-11-01,2018-12-01,0,0.018779490936349678,0
10,2018-12-01,2019-01-01,0,0.022414932944405535,0
10,2019-01-01,2019-02-01,0,0.024703928549017058,0
10,2019-02-01,2019-03-01,0,0.019685693809948255,0
10,2019-03-01,2019-04-01,0,0.01790916948078261,0
10,2019-04-01,2019-05-01,0,0.026271659914719685,0
10,2019-05-01,2019-06-01,0,0.022885310348747075,0
10,2019-06-01,2019-07-01,0,0.03619229257555922,0
10,2019-07-01,2019-08-01,0,0.029973574864900186,0
10,2019-08-01,2019-09-01,0,0.028070535505498248,0
10,2019-09-01,2019-10-01,0,0.03754308712242187,0
10,2019-10-01,2019-11-01,0,0.018632272388103065,0
10,2019-11-01,2019-12-01,0,0.017790178062600977,0
10,2019-12-01,2020-01-01,0,0.027690310753547363,0
10,2020-01-01,2020-02-01,0,0.03172288450507911,0
10,2020-02-01,2020-03-01,0,0.01860753652945666,0
10,2020-03-01,2020-04-01,0,0.022528726845646583,0
10,2020-04-01,2020-05-01,0,0.023554177157946787,0
10,2020-05-01,2020-06-01,0,0.023122774610933164,0
10,2020-06-01,2020-07-01,0,0.051142143446946356,0
10,2020-07-01,2020-08-01,0,0.01786281659901029,0
10,2020-08-01,2020-09-01,0,0.032143992977633935,0
10,2020-09-01,2020-10-01,0,0.05020900215696938,0
10,2020-10-01,2020-11-01,0,0.06792798349068115,0
10,2020-11-01,2020-12-01,0,0.05642318123322298,0
10,2020-12-01,2021-01-01,0,0.19069149240490496,0
10,2021-01-01,2021-02-01,0,0.26530136565001433,0
10,2021-02-01,2021-03-01,0,0.06355863668868783,0
10,2021-03-01,2021-04-01,0,0.03411493468299615,0
10,2021-04-01,2021-05-01,0,0.012733052934522477,0
10,2021-05-01,2021-06-01,0,0.018663711353147712,0
10,2021-06-01,2021-07-01,0,0.02360010052831092,0
10,2021-07-01,2021-08-01,0,0.02808458052563672,0
10,2021-08-01,2021-09-01,0,0.02118755114639686,0
10,2021-09-01,2021-10-01,0,0.019218222895875832,0
10,2021-10-01,2021-11-01,0,0.023380572762474405,0
10,2021-11-01,2021-12-01,0,0.021359145423533347,0
10,2021-12-01,2022-01-01,0,0.01507627419938373,0
10,2022-01-01,2022-02-01,0,0.0553866917756631,0
10,2022-02-01,2022-03-01,0,0.018813704619464862,0
10,2022-03-01,2022-04-01,0,0.0252139510167675,0
10,2022-04-01,2022-05-01,0,0.03643387059087854,0
10,2022-05-01,2022-06-01,0,0.02053582712216426,0
10,2022-06-01,2022-07-01,0,0.04966305124605328,0
10,2022-07-01,2022-08-01,0,0.02630332744741066,0
10,2022-08-01,2022-09-01,0,0.0313800605601275,0
10,2022-09-01,2022-10-01,0,0.03204213983815324,0
10,2022-10-01,2022-11-01,0,0.02308317513559119,0
10,2022-11-01,2022-12-01,0,0.0354356288503289,0
11,2015-02-01,2015-03-01,0,0.06026356192929255,0
11,2015-03-01,2015-04-01,0,0.04848154025760431,0
11,2015-04-01,2015-05-01,0,0.04085323279430864,0
11,2015-05-01,2015-06-01,0,0.05057590325948758,0
11,2015-06-01,2015-07-01,0,0.06083557883662946,0
11,2015-07-01,2015-08-01,0,0.06836352906945373,0
11,2015-08-01,2015-09-01,0,0.12414077885484615,0
11,2015-09-01,2015-10-01,0,0.08373590730172312,0
11,2015-10-01,2015-11-01,0,0.05063234268925843,0
11,2015-11-01,2015-12-01,0,0.06537356360089233,0
11,2015-12-01,2016-01-01,0,0.0926837216092741,0
11,2016-01-01,2016-02-01,0,0.09543349502693889,0
11,2016-02-01,2016-03-01,0,0.08705112680030404,0
11,2016-03-01,2016-04-01,0,0.04610136373307782,0
11,2016-04-01,2016-05-01,0,0.08548628665522073,0
11,2016-05-01,2016-06-01,0,0.04075198146596114,0
11,2016-06-01,2016-07-01,0,0.057592334525845404,0
11,2016-07-01,2016-08-01,0,0.0580680068641497,0
11,2016-08-01,2016-09-01,0,0.12929547949060669,0
11,2016-09-01,2016-10-01,0,0.06856700243227391,0
11,2016-10-01,2016-11-01,0,0.07004024585951563,0
11,2016-11-01,2016-12-01,0,0.10748485985842542,0
11,2016-12-01,2017-01-01,0,0.048484277100989,0
11,2017-01-01,2017-02-01,0,0.04465551556330537,0
11,2017-02-01,2017-03-01,0,0.05299480517132351,0
11,2017-03-01,2017-04-01,0,0.04859402491902126,0
11,2017-04-01,2017-05-01,0,0.05782650725795074,0
11,2017-05-01,2017-06-01,0,0.050720047262806746,0
11,2017-06-01,2017-07-01,0,0.12708205877921025,0
11,2017-07-01,2017-08-01,0,0.05655121107173718,0
11,2017-08-01,2017-09-01,0,0.05829488249923941,0
11,2017-09-01,2017-10-01,0,0.060259850653109286,0
11,2017-10-01,2017-11-01,0,0.06384222710520045,0
11,2017-11-01,2017-12-01,0,0.049209470809478635,0
11,2017-12-01,2018-01-01,0,0.09454457319504098,0
11,2018-01-01,2018-02-01,0,0.06574893864716722,0
11,2018-02-01,2018-03-01,0,0.04865057130971453,0
11,2018-03-01,2018-04-01,0,0.04129981161042845,0
11,2018-04-01,2018-05-01,0,0.049127341573570876,0
11,2018-05-01,2018-06-01,0,0.043569520490346535,0
11,2018-06-01,2018-07-01,0,0.08616492480749732,0
11,2018-07-01,2018-08-01,0,0.08039087476800302,0
11,2018-08-01,2018-09-01,0,0.05273700795423312,0
11,2018-09-01,2018-10-01,0,0.07534079547028957,0
11,2018-10-01,2018-11-01,0,0.06964124589232507,0
11,2018-11-01,2018-12-01,0,0.09028855296013792,0
11,2018-12-01,2019-01-01,0,0.059409590144046065,0
11,2019-01-01,2019-02-01,0,0.04199768587525639,0
11,2019-02-01,2019-03-01,0,0.04534985002593274,0
11,2019-03-01,2019-04-01,0,0.054917620664118476,0
11,2019-04-01,2019-05-01,0,0.08521081864783683,0
11,2019-05-01,2019-06-01,0,0.05706316049643288,0
11,2019-06-01,2019-07-01,0,0.053971243747953444,0
11,2019-07-01,2019-08-01,0,0.08173937562850715,0
11,2019-08-01,2019-09-01,0,0.11150068296558775,0
11,2019-09-01,2019-10-01,0,0.08971432909113741,0
11,2019-10-01,2019-11-01,0,0.0459463621855327,0
11,2019-11-01,2019-12-01,0,0.053235575371412304,0
11,2019-12-01,2020-01-01,0,0.07304714823153943,0
11,2020-01-01,2020-02-01,0,0.03158862295009245,0
11,2020-02-01,2020-03-01,0,0.029611210770504503,0
11,2020-03-01,2020-04-01,0,0.0363530737696019,0
11,2020-04-01,2020-05-01,0,0.0728210294080687,0
11,2020-05-01,2020-06-01,0,0.029945349401169222,0
11,2020-06-01,2020-07-01,0,0.027547003406168443,0
11,2020-07-01,2020-08-01,0,0.06683994931464464,0
11,2020-08-01,2020-09-01,0,0.12800508189331142,0
11,2020-09-01,2020-10-01,0,0.053945567007711595,0
11,2020-10-01,2020-11-01,0,0.053677947279616216,0
11,2020-11-01,2020-12-01,0,0.08610634737646253,0
11,2020-12-01,2021-01-01,0,0.1521963012556544,0
11,2021-01-01,2021-02-01,0,0.12914542627646525,0
11,2021-02-01,2021-03-01,0,0.10154056564940225,0
11,2021-03-01,2021-04-01,0,0.022571327335382325,0
11,2021-04-01,2021-05-01,0,0.02809535281449152,0
11,2021-05-01,2021-06-01,0,0.032757995495725924,0
11,2021-06-01,2021-07-01,0,0.04774125309471599,0
11,2021-07-01,2021-08-01,0,0.038146421851447405,0
11,2021-08-01,2021-09-01,0,0.06490957699851052,0
11,2021-09-01,2021-10-01,0,0.04841925352115657,0
11,2021-10-01,2021-11-01,0,0.051539032391008814,0
11,2021-11-01,2021-12-01,0,0.037184298386733865,0
11,2021-12-01,2022-01-01,0,0.044850893181264555,0
11,2022-01-01,2022-02-01,0,0.05337610175205473,0
11,2022-02-01,2022-03-01,0,0.061142126415483895,0
11,2022-03-01,2022-04-01,0,0.032000469865236525,0
11,2022-04-01,2022-05-01,0,0.036037660472555626,0
11,2022-05-01,2022-06-01,0,0.032960963129562544,0
11,2022-06-01,2022-07-01,0,0.0736954080279342,0
11,2022-07-01,2022-08-01,0,0.10556694408239306,0
11,2022-08-01,2022-09-01,0,0.05678984939453761,0
11,2022-09-01,2022-10-01,0,0.04843317386595556,0
11,2022-10-01,2022-11-01,0,0.1593318098631805,0
11,2022-11-01,2022-12-01,0,0.06205601854038818,0
12,2015-02-01,2015-03-01,0,0.07908311931302181,0
12,2015-03-01,2015-04-01,0,0.0821957188976672,0
12,2015-04-01,2015-05-01,0,0.09683892162825153,0
12,2015-05-01,2015-06-01,0,0.14099998295209715,0
12,2015-06-01,2015-07-01,0,0.05011811182014624,0
12,2015-07-01,2015-08-01,0,0.09404477290896038,0
12,2015-08-01,2015-09-01,0,0.11814567174200556,0
12,2015-09-01,2015-10-01,0,0.128023585746554,0
12,2015-10-01,2015-11-01,0,0.09664507767722999,0
12,2015-11-01,2015-12-01,0,0.1350129902171385,0
12,2015-12-01,2016-01-01,0,0.11535494296934166,0
12,2016-01-01,2016-02-01,0,0.1546563991956447,0
12,2016-02-01,2016-03-01,0,0.04715348453907341,0
12,2016-03-01,2016-04-01,0,0.05440192513913711,0
12,2016-04-01,2016-05-01,0,0.0660864846960286,0
12,2016-05-01,2016-06-01,0,0.06786699954373737,0
12,2016-06-01,2016-07-01,0,0.09777839925222144,0
12,2016-07-01,2016-08-01,0,0.07466339272012354,0
12,2016-08-01,2016-09-01,0,0.08115738246009457,0
12,2016-09-01,2016-10-01,0,0.24614084561002317,0
12,2016-10-01,2016-11-01,0,0.12612285485198718,0
12,2016-11-01,2016-12-01,0,0.08501310628336561,0
12,2016-12-01,2017-01-01,0,0.07912592072088342,0
12,2017-01-01,2017-02-01,0,0.0569030815248793,0
12,2017-02-01,2017-03-01,0,0.05673211276845786,0
12,2017-03-01,2017-04-01,0,0.112565535550769,0
12,2017-04-01,2017-05-01,0,0.24890458912224458,0
12,2017-05-01,2017-06-01,0,0.11498362749122731,0
12,2017-06-01,2017-07-01,0,0.07075306157805501,0
12,2017-07-01,2017-08-01,0,0.08375725285094308,0
12,2017-08-01,2017-09-01,0,0.17252761517430076,0
12,2017-09-01,2017-10-01,0,0.06521144634898261,0
12,2017-10-01,2017-11-01,0,0.1942714732918651,0
12,2017-11-01,2017-12-01,0,0.09486226999946477,0
12,2017-12-01,2018-01-01,0,0.06227587217503606,0
12,2018-01-01,2018-02-01,0,0.0677184737435904,0
12,2018-02-01,2018-03-01,0,0.07716350176240035,0
12,2018-03-01,2018-04-01,0,0.2218249288925925,0
12,2018-04-01,2018-05-01,0,0.07716350176240035,0
12,2018-05-01,2018-06-01,0,0.06399518611759719,0
12,2018-06-01,2018-07-01,0,0.10145925982239919,0
12,2018-07-01,2018-08-01,0,0.1127709278672184,0
12,2018-08-01,2018-09-01,0,0.23182491638642638,0
12,2018-09-01,2018-10-01,0,0.10167995012067432,0
12,2018-10-01,2018-11-01,0,0.1291793804195071,0
12,2018-11-01,2018-12-01,0,0.09665315323800659,0
12,2018-12-01,2019-01-01,0,0.10700955258586017,0
12,2019-01-01,2019-02-01,0,0.11717369946759092,0
12,2019-02-01,2019-03-01,0,0.054537076759166185,0
12,2019-03-01,2019-04-01,0,0.08076965598081011,0
12,2019-04-01,2019-05-01,0,0.0430555045541362,0
12,2019-05-01,2019-06-01,0,0.25478149815747003,0
12,2019-06-01,2019-07-01,0,0.06205267422872211,0
12,2019-07-01,2019-08-01,0,0.04645770064555924,0
12,2019-08-01,2019-09-01,0,0.05784275300723579,0
12,2019-09-01,2019-10-01,0,0.08157228599593322,0
12,2019-10-01,2019-11-01,0,0.06816173457902594,0
12,2019-11-01,2019-12-01,0,0.06578630602915295,0
12,2019-12-01,2020-01-01,0,0.07261460761309578,0
12,2020-01-01,2020-02-01,0,0.04754092908582189,0
12,2020-02-01,2020-03-01,0,0.11146189853129514,0
12,2020-03-01,2020-04-01,0,0.041597531823663346,0
12,2020-04-01,2020-05-01,0,0.031266104140063804,0
12,2020-05-01,2020-06-01,0,0.032871501202521185,0
12,2020-06-01,2020-07-01,0,0.042565291668985566,0
12,2020-07-01,2020-08-01,0,0.14077496872699236,0
12,2020-08-01,2020-09-01,0,0.050183477365406313,0
12,2020-09-01,2020-10-01,0,0.04589869335955771,0
12,2020-10-01,2020-11-01,0,0.206984058846706,0
12,2020-11-01,2020-12-01,0,0.19444407741232836,0
12,2020-12-01,2021-01-01,0,0.26994237051468745,0
12,2021-01-01,2021-02-01,0,0.17533650028974795,0
12,2021-02-01,2021-03-01,0,0.1075203983789962,0
12,2021-03-01,2021-04-01,0,0.051584888645873773,0
12,2021-04-01,2021-05-01,0,0.05795494770371075,0
12,2021-05-01,2021-06-01,0,0.08097037209211361,0
12,2021-06-01,2021-07-01,0,0.034925367264408674,0
12,2021-07-01,2021-08-01,0,0.08329857348149114,0
12,2021-08-01,2021-09-01,0,0.03897865143620764,0
12,2021-09-01,2021-10-01,0,0.05012919381915336,0
12,2021-10-01,2021-11-01,0,0.1006275910494988,0
12,2021-11-01,2021-12-01,0,0.07316228291053191,0
12,2021-12-01,2022-01-01,0,0.0592243749755993,0
12,2022-01-01,2022-02-01,0,0.09290886277611264,0
12,2022-02-01,2022-03-01,0,0.06601218586301541,0
12,2022-03-01,2022-04-01,0,0.05199573253229613,0
12,2022-04-01,2022-05-01,0,0.09105469797692915,0
12,2022-05-01,2022-06-01,0,0.051504956311605295,0
12,2022-06-01,2022-07-01,0,0.09169694199279983,0
12,2022-07-01,2022-08-01,0,0.11850222165621231,0
12,2022-08-01,2022-09-01,0,0.13781413179204435,0
12,2022-09-01,2022-10-01,0,0.10892268756884148,0
12,2022-10-01,2022-11-01,0,0.07377902511599872,0
12,2022-11-01,2022-12-01,0,0.16523323743027288,0
13,2015-02-01,2015-03-01,0,0.09158569052507846,0
13,2015-03-01,2015-04-01,0,0.07756484734683737,0
13,2015-04-01,2015-05-01,0,0.1437194025856572,0
13,2015-05-01,2015-06-01,0,0.08995479177799182,0
13,2015-06-01,2015-07-01,0,0.2943704411961283,0
13,2015-07-01,2015-08-01,0,0.179214576946444,0
13,2015-08-01,2015-09-01,0,0.1295804389144814,0
13,2015-09-01,2015-10-01,0,0.06957329446763326,0
13,2015-10-01,2015-11-01,0,0.17009880760911741,0
13,2015-11-01,2015-12-01,0,0.17015799944080606,0
13,2015-12-01,2016-01-01,0,0.1439207723196719,0
13,2016-01-01,2016-02-01,0,0.10765672194106778,0
13,2016-02-01,2016-03-01,0,0.10948810931890479,0
13,2016-03-01,2016-04-01,0,0.10805788900277731,0
13,2016-04-01,2016-05-01,0,0.19605657142967348,0
13,2016-05-01,2016-06-01,0,0.10177451852778767,0
13,2016-06-01,2016-07-01,0,0.14352335154712997,0
13,2016-07-01,2016-08-01,0,0.1546684342176949,0
13,2016-08-01,2016-09-01,0,0.16046081403207377,0
13,2016-09-01,2016-10-01,0,0.2568050112825063,0
13,2016-10-01,2016-11-01,0,0.16497954199398654,0
13,2016-11-01,2016-12-01,0,0.1517745835158008,0
13,2016-12-01,2017-01-01,0,0.3167344726171793,0
13,2017-01-01,2017-02-01,0,0.2042033198192707,0
13,2017-02-01,2017-03-01,0,0.2713501667627955,0
13,2017-03-01,2017-04-01,0,0.10782478529693258,0
13,2017-04-01,2017-05-01,0,0.17879558350660243,0
13,2017-05-01,2017-06-01,0,0.18240449488962618,0
13,2017-06-01,2017-07-01,0,0.1257921320582786,0
13,2017-07-01,2017-08-01,0,0.15274481929806402,0
13,2017-08-01,2017-09-01,0,0.18554079210356128,0
13,2017-09-01,2017-10-01,0,0.14324687761675797,0
13,2017-10-01,2017-11-01,0,0.3168345483110796,0
13,2017-11-01,2017-12-01,0,0.23901308718907024,0
13,2017-12-01,2018-01-01,0,0.13040785653665857,0
13,2018-01-01,2018-02-01,0,0.17378816748712966,0
13,2018-02-01,2018-03-01,0,0.16059475997596231,0
13,2018-03-01,2018-04-01,0,0.22645655461963743,0
13,2018-04-01,2018-05-01,0,0.2053726952721825,0
13,2018-05-01,2018-06-01,0,0.10691475252712047,0
13,2018-06-01,2018-07-01,0,0.32518569847667605,0
13,2018-07-01,2018-08-01,0,0.10987849092000536,0
13,2018-08-01,2018-09-01,0,0.14158934127387282,0
13,2018-09-01,2018-10-01,0,0.11239604723765523,0
13,2018-10-01,2018-11-01,0,0.12435852256397081,0
13,2018-11-01,2018-12-01,0,0.17322071785811294,0
13,2018-12-01,2019-01-01,0,0.10366678132883547,0
13,2019-01-01,2019-02-01,0,0.1688082027966322,0
13,2019-02-01,2019-03-01,0,0.09883925309424085,0
13,2019-03-01,2019-04-01,0,0.0708788263445059,0
13,2019-04-01,2019-05-01,0,0.07232179808172122,0
13,2019-05-01,2019-06-01,0,0.11183078462382243,0
13,2019-06-01,2019-07-01,0,0.12169653584433675,0
13,2019-07-01,2019-08-01,0,0.20303074259171505,0
13,2019-08-01,2019-09-01,0,0.1619236965319949,0
13,2019-09-01,2019-10-01,0,0.29262264288313666,0
13,2019-10-01,2019-11-01,0,0.1099034532772304,0
13,2019-11-01,2019-12-01,0,0.1453845848026131,0
13,2019-12-01,2020-01-01,0,0.08879114924911141,0
13,2020-01-01,2020-02-01,0,0.2102002935197857,0
13,2020-02-01,2020-03-01,0,0.11139345522675008,0
13,2020-03-01,2020-04-01,0,0.1503589307167984,0
13,2020-04-01,2020-05-01,0,0.13163745815146047,0
13,2020-05-01,2020-06-01,0,0.13759738565221374,0
13,2020-06-01,2020-07-01,0,0.08392671386143732,0
13,2020-07-01,2020-08-01,0,0.08578949738931868,0
13,2020-08-01,2020-09-01,0,0.15019953045392612,0
13,2020-09-01,2020-10-01,0,0.16518208327175013,0
13,2020-10-01,2020-11-01,0,0.1626709278811364,0
13,2020-11-01,2020-12-01,0,0.11734576770402984,0
13,2020-12-01,2021-01-01,0,0.09273805109331644,0
13,2021-01-01,2021-02-01,0,0.12029969279356656,0
13,2021-02-01,2021-03-01,0,0.11095882519887804,0
13,2021-03-01,2021-04-01,0,0.0690172989194714,0
13,2021-04-01,2021-05-01,0,0.10472826937603623,0
13,2021-05-01,2021-06-01,0,0.06727780022689786,0
13,2021-06-01,2021-07-01,0,0.06550124384067336,0
13,2021-07-01,2021-08-01,0,0.1831909825715106,0
13,2021-08-01,2021-09-01,0,0.09405895126918058,0
13,2021-09-01,2021-10-01,0,0.10219793804085407,0
13,2021-10-01,2021-11-01,0,0.14376786348148834,0
13,2021-11-01,2021-12-01,0,0.1793173661546941,0
13,2021-12-01,2022-01-01,0,0.07285054682209655,0
13,2022-01-01,2022-02-01,0,0.11835966919055874,0
13,2022-02-01,2022-03-01,0,0.21673104314233724,0
13,2022-03-01,2022-04-01,0,0.05304106662189716,0
13,2022-04-01,2022-05-01,0,0.0955864020780838,0
13,2022-05-01,2022-06-01,0,0.0846535637270441,0
13,2022-06-01,2022-07-01,0,0.1493072444043913,0
13,2022-07-01,2022-08-01,0,0.15621723023015702,0
13,2022-08-01,2022-09-01,0,0.19469715166033294,0
13,2022-09-01,2022-10-01,0,0.33242535937259704,0
13,2022-10-01,2022-11-01,0,0.2427691474683199,0
13,2022-11-01,2022-12-01,0,0.17331254932977355,0
14,2015-02-01,2015-03-01,0,0.10283045037377064,0
14,2015-03-01,2015-04-01,0,0.04834708628380621,0
14,2015-04-01,2015-05-01,0,0.08092988713564313,0
14,2015-05-01,2015-06-01,0,0.07325595324293091,0
14,2015-06-01,2015-07-01,0,0.07830629557615064,0
14,2015-07-01,2015-08-01,0,0.10124134385694972,0
14,2015-08-01,2015-09-01,0,0.06889259271558962,0
14,2015-09-01,2015-10-01,0,0.06712386155433653,0
14,2015-10-01,2015-11-01,0,0.0634590732632075,0
14,2015-11-01,2015-12-01,0,0.07487448347219794,0
14,2015-12-01,2016-01-01,0,0.059215491083339296,0
14,2016-01-01,2016-02-01,0,0.08259993740397555,0
14,2016-02-01,2016-03-01,0,0.07094116459011585,0
14,2016-03-01,2016-04-01,0,0.05165165851483142,0
14,2016-04-01,2016-05-01,0,0.0633781305648125,0
14,2016-05-01,2016-06-01,0,0.08286355796819117,0
14,2016-06-01,2016-07-01,0,0.06449366288826774,0
14,2016-07-01,2016-08-01,0,0.1079610402933841,0
14,2016-08-01,2016-09-01,0,0.07611067057047809,0
14,2016-09-01,2016-10-01,0,0.10880083486105975,0
14,2016-10-01,2016-11-01,0,0.10692624381519623,0
14,2016-11-01,2016-12-01,0,0.12029914126016869,0
14,2016-12-01,2017-01-01,0,0.08793866691401014,0
14,2017-01-01,2017-02-01,0,0.08126872495565114,0
14,2017-02-01,2017-03-01,0,0.07386090403028227,0
14,2017-03-01,2017-04-01,0,0.05050710995041463,0
14,2017-04-01,2017-05-01,0,0.06398804098990193,0
14,2017-05-01,2017-06-01,0,0.10302710249761304,0
14,2017-06-01,2017-07-01,0,0.1268043971736231,0
14,2017-07-01,2017-08-01,0,0.11958769720644469,0
14,2017-08-01,2017-09-01,0,0.10042684446447328,0
14,2017-09-01,2017-10-01,0,0.12341493229782775,0
14,2017-10-01,2017-11-01,0,0.1464218550513192,0
14,2017-11-01,2017-12-01,0,0.17135273728327213,0
14,2017-12-01,2018-01-01,0,0.11864524546511361,0
14,2018-01-01,2018-02-01,0,0.06510012294986767,0
14,2018-02-01,2018-03-01,0,0.05900516840598835,0
14,2018-03-01,2018-04-01,0,0.05633797001656391,0
14,2018-04-01,2018-05-01,0,0.08914737928190988,0
14,2018-05-01,2018-06-01,0,0.08114784184595215,0
14,2018-06-01,2018-07-01,0,0.09453025875609543,0
14,2018-07-01,2018-08-01,0,0.06236080062726049,0
14,2018-08-01,2018-09-01,0,0.07685534947092804,0
14,2018-09-01,2018-10-01,0,0.0954749516767232,0
14,2018-10-01,2018-11-01,0,0.09133007295472655,0
14,2018-11-01,2018-12-01,0,0.06551585552099559,0
14,2018-12-01,2019-01-01,0,0.06073578978834216,0
14,2019-01-01,2019-02-01,0,0.0802641348151062,0
14,2019-02-01,2019-03-01,0,0.08084733155798556,0
14,2019-03-01,2019-04-01,0,0.0431982580094328,0
14,2019-04-01,2019-05-01,0,0.0833196284911979,0
14,2019-05-01,2019-06-01,0,0.05638880980070458,0
14,2019-06-01,2019-07-01,0,0.07532777960545675,0
14,2019-07-01,2019-08-01,0,0.06921850079649569,0
14,2019-08-01,2019-09-01,0,0.07180110412896791,0
14,2019-09-01,2019-10-01,0,0.10585874350396308,0
14,2019-10-01,2019-11-01,0,0.09202197619333839,0
14,2019-11-01,2019-12-01,0,0.06374208904195587,0
14,2019-12-01,2020-01-01,0,0.1037243531881219,0
14,2020-01-01,2020-02-01,0,0.05530012742942557,0
14,2020-02-01,2020-03-01,0,0.06649517315446762,0
14,2020-03-01,2020-04-01,0,0.07450011040783236,0
14,2020-04-01,2020-05-01,0,0.05191204664072361,0
14,2020-05-01,2020-06-01,0,0.03440556582722352,0
14,2020-06-01,2020-07-01,0,0.053146168062441546,0
14,2020-07-01,2020-08-01,0,0.06420063636615544,0
14,2020-08-01,2020-09-01,0,0.06765581940921783,0
14,2020-09-01,2020-10-01,0,0.05506548016583625,0
14,2020-10-01,2020-11-01,0,0.05786899769727447,0
14,2020-11-01,2020-12-01,0,0.06746524018852837,0
14,2020-12-01,2021-01-01,0,0.05839680352228321,0
14,2021-01-01,2021-02-01,0,0.04560382610557918,0
14,2021-02-01,2021-03-01,0,0.04303188778151491,0
14,2021-03-01,2021-04-01,0,0.04708586071963379,0
14,2021-04-01,2021-05-01,0,0.04223346582599533,0
14,2021-05-01,2021-06-01,0,0.03904973890531519,0
14,2021-06-01,2021-07-01,0,0.057394499538296694,0
14,2021-07-01,2021-08-01,0,0.05641084114008289,0
14,2021-08-01,2021-09-01,0,0.0657728570190337,0
14,2021-09-01,2021-10-01,0,0.058669448036254915,0
14,2021-10-01,2021-11-01,0,0.06972089865349995,0
14,2021-11-01,2021-12-01,0,0.06303067415431718,0
14,2021-12-01,2022-01-01,0,0.06177248129107851,0
14,2022-01-01,2022-02-01,0,0.04359889120233214,0
14,2022-02-01,2022-03-01,0,0.050203257117447476,0
14,2022-03-01,2022-04-01,0,0.03870593769104715,0
14,2022-04-01,2022-05-01,0,0.056088509210809066,0
14,2022-05-01,2022-06-01,0,0.05293006218308403,0
14,2022-06-01,2022-07-01,0,0.07946327005077708,0
14,2022-07-01,2022-08-01,0,0.0856610916837583,0
14,2022-08-01,2022-09-01,0,0.08560515326980876,0
14,2022-09-01,2022-10-01,0,0.08759924957557429,0
14,2022-10-01,2022-11-01,0,0.09863085203160181,0
14,2022-11-01,2022-12-01,0,0.1254690373483549,0
15,2015-02-01,2015-03-01,0,0.12088068070582413,0
15,2015-03-01,2015-04-01,0,0.11024403257360427,0
15,2015-04-01,2015-05-01,0,0.09315538040655634,0
15,2015-05-01,2015-06-01,0,0.11159215830237187,0
15,2015-06-01,2015-07-01,0,0.13833990179039726,0
15,2015-07-01,2015-08-01,0,0.11013417041670531,0
15,2015-08-01,2015-09-01,0,0.11957486053204354,0
15,2015-09-01,2015-10-01,0,0.1401745652964619,0
15,2015-10-01,2015-11-01,0,0.14799124103452058,0
15,2015-11-01,2015-12-01,0,0.12891701820558998,0
15,2015-12-01,2016-01-01,0,0.08825590065753533,0
15,2016-01-01,2016-02-01,0,0.14078030299100153,0
15,2016-02-01,2016-03-01,0,0.09826511082397188,0
15,2016-03-01,2016-04-01,0,0.09347357628222072,0
15,2016-04-01,2016-05-01,0,0.11324251240807938,0
15,2016-05-01,2016-06-01,0,0.08194872726382905,0
15,2016-06-01,2016-07-01,0,0.1224857124804008,0
15,2016-07-01,2016-08-01,0,0.10223500538240003,0
15,2016-08-01,2016-09-01,0,0.1484547981807272,0
15,2016-09-01,2016-10-01,0,0.1344741865763367,0
15,2016-10-01,2016-11-01,0,0.11474224511141726,0
15,2016-11-01,2016-12-01,0,0.10623175832643825,0
15,2016-12-01,2017-01-01,0,0.156201833210684,0
15,2017-01-01,2017-02-01,0,0.10109203666915131,0
15,2017-02-01,2017-03-01,0,0.10429722342814628,0
15,2017-03-01,2017-04-01,0,0.09200574826186181,0
15,2017-04-01,2017-05-01,0,0.0896883457449739,0
15,2017-05-01,2017-06-01,0,0.09724713021726308,0
15,2017-06-01,2017-07-01,0,0.12210266799496644,0
15,2017-07-01,2017-08-01,0,0.1376498588024225,0
15,2017-08-01,2017-09-01,0,0.14642420331251427,0
15,2017-09-01,2017-10-01,0,0.1365404570470327,0
15,2017-10-01,2017-11-01,0,0.10460711523611396,0
15,2017-11-01,2017-12-01,0,0.09902608291829917,0
15,2017-12-01,2018-01-01,0,0.08434356365667356,0
15,2018-01-01,2018-02-01,0,0.1381119517700896,0
15,2018-02-01,2018-03-01,0,0.09731337164117869,0
15,2018-03-01,2018-04-01,0,0.10339771175461945,0
15,2018-04-01,2018-05-01,0,0.11342718595185267,0
15,2018-05-01,2018-06-01,0,0.09178557069451805,0
15,2018-06-01,2018-07-01,0,0.12382888050064718,0
15,2018-07-01,2018-08-01,0,0.08278859139094129,0
15,2018-08-01,2018-09-01,0,0.10712981854180978,0
15,2018-09-01,2018-10-01,0,0.09276045647969182,0
15,2018-10-01,2018-11-01,0,0.13005162218887362,0
15,2018-11-01,2018-12-01,0,0.09821614983199853,0
15,2018-12-01,2019-01-01,0,0.1822424372289436,0
15,2019-01-01,2019-02-01,0,0.14170914950475103,0
15,2019-02-01,2019-03-01,0,0.08691568862458042,0
15,2019-03-01,2019-04-01,0,0.06145597340592987,0
15,2019-04-01,2019-05-01,0,0.06207371777507187,0
15,2019-05-01,2019-06-01,0,0.11960202781127025,0
15,2019-06-01,2019-07-01,0,0.074141323579029,0
15,2019-07-01,2019-08-01,0,0.10062943979613674,0
15,2019-08-01,2019-09-01,0,0.08095235501742794,0
15,2019-09-01,2019-10-01,0,0.09056764793285393,0
15,2019-10-01,2019-11-01,0,0.07893412885792922,0
15,2019-11-01,2019-12-01,0,0.08168907278919434,0
15,2019-12-01,2020-01-01,0,0.09652128895211345,0
15,2020-01-01,2020-02-01,0,0.07904689205570384,0
15,2020-02-01,2020-03-01,0,0.09598092064439265,0
15,2020-03-01,2020-04-01,0,0.07731515715217004,0
15,2020-04-01,2020-05-01,0,0.09065175122343852,0
15,2020-05-01,2020-06-01,0,0.057107632552186136,0
15,2020-06-01,2020-07-01,0,0.0747836825448617,0
15,2020-07-01,2020-08-01,0,0.059991091234873166,0
15,2020-08-01,2020-09-01,0,0.08012425027682706,0
15,2020-09-01,2020-10-01,0,0.11226152653768873,0
15,2020-10-01,2020-11-01,0,0.07920331344346322,0
15,2020-11-01,2020-12-01,0,0.062384530735701126,0
15,2020-12-01,2021-01-01,0,0.10942175688175376,0
15,2021-01-01,2021-02-01,0,0.10519576379537002,0
15,2021-02-01,2021-03-01,0,0.08161521448738805,0
15,2021-03-01,2021-04-01,0,0.05004362713842427,0
15,2021-04-01,2021-05-01,0,0.05798243008044252,0
15,2021-05-01,2021-06-01,0,0.07441495793245739,0
15,2021-06-01,2021-07-01,0,0.06076777617438129,0
15,2021-07-01,2021-08-01,0,0.07375968242090089,0
15,2021-08-01,2021-09-01,0,0.08878518963052516,0
15,2021-09-01,2021-10-01,0,0.09435121007667413,0
15,2021-10-01,2021-11-01,0,0.1032783754557176,0
15,2021-11-01,2021-12-01,0,0.0803205182718889,0
15,2021-12-01,2022-01-01,0,0.09266595836185611,0
15,2022-01-01,2022-02-01,0,0.07289413039178151,0
15,2022-02-01,2022-03-01,0,0.061609828705562725,0
15,2022-03-01,2022-04-01,0,0.0598872527391556,0
15,2022-04-01,2022-05-01,0,0.09764032833760869,0
15,2022-05-01,2022-06-01,0,0.057543006577090015,0
15,2022-06-01,2022-07-01,0,0.07163963520198192,0
15,2022-07-01,2022-08-01,0,0.099204045453625,0
15,2022-08-01,2022-09-01,0,0.1017119185192683,0
15,2022-09-01,2022-10-01,0,0.09745173642773608,0
15,2022-10-01,2022-11-01,0,0.11843010785500904,0
15,2022-11-01,2022-12-01,0,0.15160495779243158,0
16,2015-02-01,2015-03-01,0,0.11376503383118385,0
16,2015-03-01,2015-04-01,0,0.05767954497765379,0
16,2015-04-01,2015-05-01,0,0.07850246664150067,0
16,2015-05-01,2015-06-01,0,0.0745940759932394,0
16,2015-06-01,2015-07-01,0,0.1178635844191831,0
16,2015-07-01,2015-08-01,0,0.13356454708528792,0
16,2015-08-01,2015-09-01,0,0.06577162262876166,0
16,2015-09-01,2015-10-01,0,0.08013173638187339,0
16,2015-10-01,2015-11-01,0,0.07291968859884736,0
16,2015-11-01,2015-12-01,0,0.08214709696201544,0
16,2015-12-01,2016-01-01,0,0.06204234174109795,0
16,2016-01-01,2016-02-01,0,0.048754089759337246,0
16,2016-02-01,2016-03-01,0,0.0661564874371288,0
16,2016-03-01,2016-04-01,0,0.05625179358142276,0
16,2016-04-01,2016-05-01,0,0.05933542781303381,0
16,2016-05-01,2016-06-01,0,0.04631752535705727,0
16,2016-06-01,2016-07-01,0,0.05829917734110468,0
16,2016-07-01,2016-08-01,0,0.07486926429599507,0
16,2016-08-01,2016-09-01,0,0.07534347045481261,0
16,2016-09-01,2016-10-01,0,0.10988888449216325,0
16,2016-10-01,2016-11-01,0,0.0776520355312946,0
16,2016-11-01,2016-12-01,0,0.08271851738980711,0
16,2016-12-01,2017-01-01,0,0.07505838612449828,0
16,2017-01-01,2017-02-01,0,0.1174857750974575,0
16,2017-02-01,2017-03-01,0,0.06496114547794372,0
16,2017-03-01,2017-04-01,0,0.059839234996463035,0
16,2017-04-01,2017-05-01,0,0.05954067042471706,0
16,2017-05-01,2017-06-01,0,0.07159569722537092,0
16,2017-06-01,2017-07-01,0,0.10568134362915203,0
16,2017-07-01,2017-08-01,0,0.09545445889150628,0
16,2017-08-01,2017-09-01,0,0.13512947990369475,0
16,2017-09-01,2017-10-01,0,0.1022438190385321,0
16,2017-10-01,2017-11-01,0,0.08227121560652938,0
16,2017-11-01,2017-12-01,0,0.1272105957818908,0
16,2017-12-01,2018-01-01,0,0.09368448148211345,0
16,2018-01-01,2018-02-01,0,0.07203881279992827,0
16,2018-02-01,2018-03-01,0,0.0970436716813402,0
16,2018-03-01,2018-04-01,0,0.057183787735757,0
16,2018-04-01,2018-05-01,0,0.07438833443091368,0
16,2018-05-01,2018-06-01,0,0.0974985942962218,0
16,2018-06-01,2018-07-01,0,0.09591977395160686,0
16,2018-07-01,2018-08-01,0,0.12155296177073938,0
16,2018-08-01,2018-09-01,0,0.0952348767723583,0
16,2018-09-01,2018-10-01,0,0.09715910906240316,0
16,2018-10-01,2018-11-01,0,0.07380433545554345,0
16,2018-11-01,2018-12-01,0,0.08938883434970367,0
16,2018-12-01,2019-01-01,0,0.10054091207093895,0
16,2019-01-01,2019-02-01,0,0.09133016718995329,0
16,2019-02-01,2019-03-01,0,0.06145631697313848,0
16,2019-03-01,2019-04-01,0,0.06388183855225785,0
16,2019-04-01,2019-05-01,0,0.0803975545869446,0
16,2019-05-01,2019-06-01,0,0.05662433506892451,0
16,2019-06-01,2019-07-01,0,0.05679776516955824,0
16,2019-07-01,2019-08-01,0,0.07965896804000804,0
16,2019-08-01,2019-09-01,0,0.1294342288223275,0
16,2019-09-01,2019-10-01,0,0.09190974985176642,0
16,2019-10-01,2019-11-01,0,0.13573345455354852,0
16,2019-11-01,2019-12-01,0,0.08879889754970939,0
16,2019-12-01,2020-01-01,0,0.07863434508117065,0
16,2020-01-01,2020-02-01,0,0.06404988326929636,0
16,2020-02-01,2020-03-01,0,0.07028418163041071,0
16,2020-03-01,2020-04-01,0,0.05262737981580327,0
16,2020-04-01,2020-05-01,0,0.04916968822543679,0
16,2020-05-01,2020-06-01,0,0.03818330844984829,0
16,2020-06-01,2020-07-01,0,0.03648193824539295,0
16,2020-07-01,2020-08-01,0,0.04375695051049122,0
16,2020-08-01,2020-09-01,0,0.06334026561449752,0
16,2020-09-01,2020-10-01,0,0.09350610993394569,0
16,2020-10-01,2020-11-01,0,0.055629033216481605,0
16,2020-11-01,2020-12-01,0,0.08933222827825844,0
16,2020-12-01,2021-01-01,0,0.09939328405331964,0
16,2021-01-01,2021-02-01,0,0.05044039522260236,0
16,2021-02-01,2021-03-01,0,0.05332797399364972,0
16,2021-03-01,2021-04-01,0,0.028072321083859986,0
16,2021-04-01,2021-05-01,0,0.05443603584241432,0
16,2021-05-01,2021-06-01,0,0.047338932382537766,0
16,2021-06-01,2021-07-01,0,0.07388328313278827,0
16,2021-07-01,2021-08-01,0,0.05393836549742991,0
16,2021-08-01,2021-09-01,0,0.06726298912151882,0
16,2021-09-01,2021-10-01,0,0.06759995753080723,0
16,2021-10-01,2021-11-01,0,0.07842526344686926,0
16,2021-11-01,2021-12-01,0,0.07413595079498214,0
16,2021-12-01,2022-01-01,0,0.06197142803135348,0
16,2022-01-01,2022-02-01,0,0.0553007290694929,0
16,2022-02-01,2022-03-01,0,0.03882172083192908,0
16,2022-03-01,2022-04-01,0,0.06055749679407516,0
16,2022-04-01,2022-05-01,0,0.04500171164921675,0
16,2022-05-01,2022-06-01,0,0.05008601365808494,0
16,2022-06-01,2022-07-01,0,0.097612885041049,0
16,2022-07-01,2022-08-01,0,0.09690212615191302,0
16,2022-08-01,2022-09-01,0,0.08105780195545743,0
16,2022-09-01,2022-10-01,0,0.17081446619578608,0
16,2022-10-01,2022-11-01,0,0.13249663000136738,0
16,2022-11-01,2022-12-01,0,0.11636541684015458,0
17,2015-02-01,2015-03-01,0,0.1511890532213015,0
17,2015-03-01,2015-04-01,0,0.10996039012613278,0
17,2015-04-01,2015-05-01,0,0.15275543511566492,0
17,2015-05-01,2015-06-01,0,0.15054230644453176,0
17,2015-06-01,2015-07-01,0,0.24431475001523673,0
17,2015-07-01,2015-08-01,0,0.13551040529436578,0
17,2015-08-01,2015-09-01,0,0.1569540075117521,0
17,2015-09-01,2015-10-01,0,0.19009016039238213,0
17,2015-10-01,2015-11-01,0,0.19096435671286305,0
17,2015-11-01,2015-12-01,0,0.21677370994650816,0
17,2015-12-01,2016-01-01,0,0.14630099550235964,0
17,2016-01-01,2016-02-01,0,0.1318339858752148,0
17,2016-02-01,2016-03-01,0,0.12420103355606385,0
17,2016-03-01,2016-04-01,0,0.10679886028423809,0
17,2016-04-01,2016-05-01,0,0.1369002722405251,0
17,2016-05-01,2016-06-01,0,0.1037322904204973,0
17,2016-06-01,2016-07-01,0,0.17367441016395715,0
17,2016-07-01,2016-08-01,0,0.13508542914528288,0
17,2016-08-01,2016-09-01,0,0.19062973722014978,0
17,2016-09-01,2016-10-01,0,0.18248270773851524,0
17,2016-10-01,2016-11-01,0,0.14696588970656135,0
17,2016-11-01,2016-12-01,0,0.160746690709567,0
17,2016-12-01,2017-01-01,0,0.13938825430142082,0
17,2017-01-01,2017-02-01,0,0.1168940362504423,0
17,2017-02-01,2017-03-01,0,0.16820360702338288,0
17,2017-03-01,2017-04-01,0,0.08975318871467232,0
17,2017-04-01,2017-05-01,0,0.16458140876197214,0
17,2017-05-01,2017-06-01,0,0.18664262753155678,0
17,2017-06-01,2017-07-01,0,0.18310050898487104,0
17,2017-07-01,2017-08-01,0,0.18416457176768944,0
17,2017-08-01,2017-09-01,0,0.21496571822856217,0
17,2017-09-01,2017-10-01,0,0.23107929945685637,0
17,2017-10-01,2017-11-01,0,0.12408768009402014,0
17,2017-11-01,2017-12-01,0,0.17912351199283447,0
17,2017-12-01,2018-01-01,0,0.15014412193182664,0
17,2018-01-01,2018-02-01,0,0.11520163015252761,0
17,2018-02-01,2018-03-01,0,0.14562822953208399,0
17,2018-03-01,2018-04-01,0,0.10783048304449697,0
17,2018-04-01,2018-05-01,0,0.11902483905826707,0
17,2018-05-01,2018-06-01,0,0.13472615666770948,0
17,2018-06-01,2018-07-01,0,0.17864510381384532,0
17,2018-07-01,2018-08-01,0,0.1500956410883254,0
17,2018-08-01,2018-09-01,0,0.13296342961226978,0
17,2018-09-01,2018-10-01,0,0.15473479367482784,0
17,2018-10-01,2018-11-01,0,0.2015224549048365,0
17,2018-11-01,2018-12-01,0,0.14144982815571325,0
17,2018-12-01,2019-01-01,0,0.1153392414363713,0
17,2019-01-01,2019-02-01,0,0.15986586628036692,0
17,2019-02-01,2019-03-01,0,0.13000098642998398,0
17,2019-03-01,2019-04-01,0,0.09277196444408489,0
17,2019-04-01,2019-05-01,0,0.14964759279983514,0
17,2019-05-01,2019-06-01,0,0.10703962143830965,0
17,2019-06-01,2019-07-01,0,0.14695964468945433,0
17,2019-07-01,2019-08-01,0,0.10289606596069666,0
17,2019-08-01,2019-09-01,0,0.1387487704247006,0
17,2019-09-01,2019-10-01,0,0.17372341866610622,0
17,2019-10-01,2019-11-01,0,0.10633383835616175,0
17,2019-11-01,2019-12-01,0,0.13987711548590792,0
17,2019-12-01,2020-01-01,0,0.1630603612962247,0
17,2020-01-01,2020-02-01,0,0.15935021391369625,0
17,2020-02-01,2020-03-01,0,0.13761404998748922,0
17,2020-03-01,2020-04-01,0,0.10451350408238567,0
17,2020-04-01,2020-05-01,0,0.08140903765583483,0
17,2020-05-01,2020-06-01,0,0.06940591363182064,0
17,2020-06-01,2020-07-01,0,0.08514916377663323,0
17,2020-07-01,2020-08-01,0,0.061361720202982056,0
17,2020-08-01,2020-09-01,0,0.11833891571511906,0
17,2020-09-01,2020-10-01,0,0.17343497290799556,0
17,2020-10-01,2020-11-01,0,0.16430497758682147,0
17,2020-11-01,2020-12-01,0,0.11556366521935268,0
17,2020-12-01,2021-01-01,0,0.4144365157104634,0
17,2021-01-01,2021-02-01,0,0.19659704793048172,0
17,2021-02-01,2021-03-01,0,0.13803724097680448,0
17,2021-03-01,2021-04-01,0,0.0860822128909729,0
17,2021-04-01,2021-05-01,0,0.09117479010765042,0
17,2021-05-01,2021-06-01,0,0.08683295117668029,0
17,2021-06-01,2021-07-01,0,0.09994378151013929,0
17,2021-07-01,2021-08-01,0,0.08261700506497321,0
17,2021-08-01,2021-09-01,0,0.11583202702062491,0
17,2021-09-01,2021-10-01,0,0.12890220537633634,0
17,2021-10-01,2021-11-01,0,0.14580200910199043,0
17,2021-11-01,2021-12-01,0,0.1208121627257943,0
17,2021-12-01,2022-01-01,0,0.14556977178964192,0
17,2022-01-01,2022-02-01,0,0.11443813012222996,0
17,2022-02-01,2022-03-01,0,0.08582599245741221,0
17,2022-03-01,2022-04-01,0,0.10682335112041753,0
17,2022-04-01,2022-05-01,0,0.15263727934147328,0
17,2022-05-01,2022-06-01,0,0.09939020875583475,0
17,2022-06-01,2022-07-01,0,0.1506455969106957,0
17,2022-07-01,2022-08-01,0,0.1538036467329424,0
17,2022-08-01,2022-09-01,0,0.1220621112949152,0
17,2022-09-01,2022-10-01,0,0.18338482733533515,0
17,2022-10-01,2022-11-01,0,0.28140794854568574,0
17,2022-11-01,2022-12-01,0,0.21235622378016958,0
18,2015-02-01,2015-03-01,0,0.978370893030289,1
18,2015-03-01,2015-04-01,0,0.9233192618904225,1
18,2015-04-01,2015-05-01,0,0.9839770062431842,1
18,2015-05-01,2015-06-01,0,0.9893496416564145,1
18,2015-06-01,2015-07-01,0,0.9869817711274343,1
18,2015-07-01,2015-08-01,0,0.9813766883513031,1
18,2015-08-01,2015-09-01,0,0.9889925515129593,1
18,2015-09-01,2015-10-01,0,0.9900596043625883,1
18,2015-10-01,2015-11-01,0,0.9829797517703904,1
18,2015-11-01,2015-12-01,0,0.9782960155326353,1
18,2015-12-01,2016-01-01,0,0.9699941722996972,1
18,2016-01-01,2016-02-01,0,0.9634383257208257,1
18,2016-02-01,2016-03-01,0,0.9441888897386014,1
18,2016-03-01,2016-04-01,0,0.9422264695868737,1
18,2016-04-01,2016-05-01,0,0.9728462588156476,1
18,2016-05-01,2016-06-01,0,0.9620693272548925,1
18,2016-06-01,2016-07-01,0,0.9928749809570855,1
18,2016-07-01,2016-08-01,0,0.989529197701757,1
18,2016-08-01,2016-09-01,0,0.9821612226981264,1
18,2016-09-01,2016-10-01,0,0.9745208258100908,1
18,2016-10-01,2016-11-01,0,0.9689296156471092,1
18,2016-11-01,2016-12-01,0,0.9816067308840777,1
18,2016-12-01,2017-01-01,0,0.9814772323741402,1
18,2017-01-01,2017-02-01,0,0.9490332578882448,1
18,2017-02-01,2017-03-01,0,0.9659832042271393,1
18,2017-03-01,2017-04-01,0,0.9069483497536917,1
18,2017-04-01,2017-05-01,0,0.9448953019013145,1
18,2017-05-01,2017-06-01,0,0.9558514297847926,1
18,2017-06-01,2017-07-01,0,0.9829582720653511,1
18,2017-07-01,2017-08-01,0,0.9710127431472959,1
18,2017-08-01,2017-09-01,0,0.9828782144155499,1
18,2017-09-01,2017-10-01,0,0.9842156485527108,1
18,2017-10-01,2017-11-01,0,0.9566496812270788,1
18,2017-11-01,2017-12-01,0,0.9645253555630059,1
18,2017-12-01,2018-01-01,0,0.9405092836716227,1
18,2018-01-01,2018-02-01,0,0.9328490118113035,1
18,2018-02-01,2018-03-01,0,0.9186313111354714,1
18,2018-03-01,2018-04-01,0,0.7842251592896335,1
18,2018-04-01,2018-05-01,0,0.9677917345392912,1
18,2018-05-01,2018-06-01,0,0.9410762164284614,1
18,2018-06-01,2018-07-01,0,0.9829844240965322,1
18,2018-07-01,2018-08-01,0,0.9408133819884915,1
18,2018-08-01,2018-09-01,0,0.984494332303769,1
18,2018-09-01,2018-10-01,0,0.9831102561321328,1
18,2018-10-01,2018-11-01,0,0.9573124766852191,1
18,2018-11-01,2018-12-01,0,0.9599776608405269,1
18,2018-12-01,2019-01-01,0,0.9328662195605345,1
18,2019-01-01,2019-02-01,0,0.9340746202852572,1
18,2019-02-01,2019-03-01,0,0.8691126782547186,1
18,2019-03-01,2019-04-01,0,0.8160029905273118,1
18,2019-04-01,2019-05-01,0,0.9220157261497958,1
18,2019-05-01,2019-06-01,0,0.9558279089386791,1
18,2019-06-01,2019-07-01,0,0.9671554500296168,1
18,2019-07-01,2019-08-01,0,0.9239171898195777,1
18,2019-08-01,2019-09-01,0,0.9806678337784377,1
18,2019-09-01,2019-10-01,0,0.9747752494650933,1
18,2019-10-01,2019-11-01,0,0.9388238101667162,1
18,2019-11-01,2019-12-01,0,0.942272556096185,1
18,2019-12-01,2020-01-01,0,0.9481858948456428,1
18,2020-01-01,2020-02-01,0,0.9058687885108252,1
18,2020-02-01,2020-03-01,0,0.9330898196476048,1
18,2020-03-01,2020-04-01,0,0.8838807624707968,1
18,2020-04-01,2020-05-01,0,0.8585969133792283,1
18,2020-05-01,2020-06-01,0,0.7040071470197004,1
18,2020-06-01,2020-07-01,0,0.8927337588848361,1
18,2020-07-01,2020-08-01,0,0.9133342789419973,1
18,2020-08-01,2020-09-01,0,0.9251545363712167,1
18,2020-09-01,2020-10-01,0,0.9450378666092509,1
18,2020-10-01,2020-11-01,0,0.8834384127932946,1
18,2020-11-01,2020-12-01,0,0.8907920661722162,1
18,2020-12-01,2021-01-01,0,0.9270545071146954,1
18,2021-01-01,2021-02-01,0,0.915174267557132,1
18,2021-02-01,2021-03-01,0,0.8216301558040477,1
18,2021-03-01,2021-04-01,0,0.6614814573918004,1
18,2021-04-01,2021-05-01,0,0.9156102051607797,1
18,2021-05-01,2021-06-01,0,0.8962676515691649,1
18,2021-06-01,2021-07-01,0,0.8779892286608268,1
18,2021-07-01,2021-08-01,0,0.934023816511629,1
18,2021-08-01,2021-09-01,0,0.87770088081221,1
18,2021-09-01,2021-10-01,0,0.8847080335818991,1
18,2021-10-01,2021-11-01,0,0.89270150300859,1
18,2021-11-01,2021-12-01,0,0.8866500688627963,1
18,2021-12-01,2022-01-01,0,0.9062199198602071,1
18,2022-01-01,2022-02-01,0,0.8090204453688725,1
18,2022-02-01,2022-03-01,0,0.7010502175856437,1
18,2022-03-01,2022-04-01,0,0.7228370227446103,1
18,2022-04-01,2022-05-01,0,0.8232432722576788,1
18,2022-05-01,2022-06-01,0,0.859625807667242,1
18,2022-06-01,2022-07-01,0,0.9485589723976283,1
18,2022-07-01,2022-08-01,0,0.8439202532780626,1
18,2022-08-01,2022-09-01,0,0.9233980015659063,1
18,2022-09-01,2022-10-01,0,0.9410143007470058,1
18,2022-10-01,2022-11-01,0,0.9617832354479706,1
18,2022-11-01,2022-12-01,0,0.9715868172305498,1
19,2015-02-01,2015-03-01,1,0.839503959034306,1
19,2015-03-01,2015-04-01,1,0.5924310597755522,0
19,2015-04-01,2015-05-01,1,0.8270895935736727,1
19,2015-05-01,2015-06-01,0,0.8194946175403233,1
19,2015-06-01,2015-07-01,1,0.8774766286209414,1
19,2015-07-01,2015-08-01,1,0.8341811934747135,1
19,2015-08-01,2015-09-01,1,0.8751096317596038,1
19,2015-09-01,2015-10-01,1,0.896289117532728,1
19,2015-10-01,2015-11-01,1,0.8070692561429007,1
19,2015-11-01,2015-12-01,1,0.8346582870536076,1
19,2015-12-01,2016-01-01,1,0.7098128692734397,1
19,2016-01-01,2016-02-01,0,0.7369931670785298,1
19,2016-02-01,2016-03-01,1,0.7302408776310607,1
19,2016-03-01,2016-04-01,1,0.6654641425609502,1
19,2016-04-01,2016-05-01,1,0.792050869780217,1
19,2016-05-01,2016-06-01,1,0.7398284638245376,1
19,2016-06-01,2016-07-01,1,0.8223419147749275,1
19,2016-07-01,2016-08-01,1,0.8797036124067764,1
19,2016-08-01,2016-09-01,1,0.8872229051218231,1
19,2016-09-01,2016-10-01,1,0.8372300186235866,1
19,2016-10-01,2016-11-01,1,0.8167009116215911,1
19,2016-11-01,2016-12-01,1,0.7835350265496955,1
19,2016-12-01,2017-01-01,1,0.6946082554705275,1
19,2017-01-01,2017-02-01,0,0.6611930204169377,1
19,2017-02-01,2017-03-01,1,0.7488291614466358,1
19,2017-03-01,2017-04-01,0,0.592458003533035,0
19,2017-04-01,2017-05-01,0,0.652348122756565,0
19,2017-05-01,2017-06-01,1,0.7712678024213278,1
19,2017-06-01,2017-07-01,1,0.7905768204462232,1
19,2017-07-01,2017-08-01,1,0.8249621612975593,1
19,2017-08-01,2017-09-01,1,0.7847829825430029,1
19,2017-09-01,2017-10-01,1,0.7968198039219575,1
19,2017-10-01,2017-11-01,0,0.7664852648796997,1
19,2017-11-01,2017-12-01,1,0.7364639041053597,1
19,2017-12-01,2018-01-01,1,0.6877543167149411,1
19,2018-01-01,2018-02-01,0,0.6460005796761682,0
19,2018-02-01,2018-03-01,0,0.6346506181186322,0
19,2018-03-01,2018-04-01,1,0.45522889914557707,0
19,2018-04-01,2018-05-01,1,0.7173639924857007,1
19,2018-05-01,2018-06-01,0,0.7207750474141403,1
19,2018-06-01,2018-07-01,1,0.8397511713286089,1
19,2018-07-01,2018-08-01,0,0.7582296244197836,1
19,2018-08-01,2018-09-01,1,0.8225469849183313,1
19,2018-09-01,2018-10-01,1,0.8480693013818015,1
19,2018-10-01,2018-11-01,0,0.7599582689051456,1
19,2018-11-01,2018-12-01,0,0.7755491229376519,1
19,2018-12-01,2019-01-01,1,0.6475944840730822,0
19,2019-01-01,2019-02-01,0,0.7238083378381528,1
19,2019-02-01,2019-03-01,0,0.6277888668343808,0
19,2019-03-01,2019-04-01,0,0.5213973402325136,0
19,2019-04-01,2019-05-01,0,0.6775031917931792,1
19,2019-05-01,2019-06-01,0,0.7800107755227202,1
19,2019-06-01,2019-07-01,0,0.7938604373913414,1
19,2019-07-01,2019-08-01,1,0.7782508472457009,1
19,2019-08-01,2019-09-01,1,0.8423225517225863,1
19,2019-09-01,2019-10-01,0,0.8116318935482988,1
19,2019-10-01,2019-11-01,0,0.8063776720960624,1
19,2019-11-01,2019-12-01,0,0.6666214521882958,1
19,2019-12-01,2020-01-01,0,0.5761676532262364,0
19,2020-01-01,2020-02-01,0,0.6447232107313442,0
19,2020-02-01,2020-03-01,0,0.6819747715582776,1
19,2020-03-01,2020-04-01,0,0.5738136991334606,0
19,2020-04-01,2020-05-01,0,0.5349665825050439,0
19,2020-05-01,2020-06-01,0,0.31919358605949955,0
19,2020-06-01,2020-07-01,0,0.6761133960384709,1
19,2020-07-01,2020-08-01,1,0.6941666139903488,1
19,2020-08-01,2020-09-01,0,0.6715874196857811,1
19,2020-09-01,2020-10-01,0,0.7002133477116704,1
19,2020-10-01,2020-11-01,0,0.5957819996393039,0
19,2020-11-01,2020-12-01,0,0.5707447401076993,0
19,2020-12-01,2021-01-01,0,0.5274491579164234,0
19,2021-01-01,2021-02-01,0,0.4345692298889799,0
19,2021-02-01,2021-03-01,0,0.45078038955179367,0
19,2021-03-01,2021-04-01,0,0.2674022921468284,0
19,2021-04-01,2021-05-01,0,0.5363293462069101,0
19,2021-05-01,2021-06-01,0,0.4900158191938418,0
19,2021-06-01,2021-07-01,0,0.554292730516043,0
19,2021-07-01,2021-08-01,0,0.6928638968096114,1
19,2021-08-01,2021-09-01,0,0.572926350150282,0
19,2021-09-01,2021-10-01,0,0.6004855788273809,0
19,2021-10-01,2021-11-01,0,0.5996420666700673,0
19,2021-11-01,2021-12-01,0,0.5485101451692032,0
19,2021-12-01,2022-01-01,0,0.4698755516448444,0
19,2022-01-01,2022-02-01,0,0.4360942045972814,0
19,2022-02-01,2022-03-01,0,0.33864853501064407,0
19,2022-03-01,2022-04-01,0,0.3426202443802114,0
19,2022-04-01,2022-05-01,0,0.4840314665615551,0
19,2022-05-01,2022-06-01,0,0.5145351613497163,0
19,2022-06-01,2022-07-01,0,0.6147232900558309,0
19,2022-07-01,2022-08-01,1,0.5006531383039245,0
19,2022-08-01,2022-09-01,1,0.6285106324483191,0
19,2022-09-01,2022-10-01,1,0.6793913310531952,1
19,2022-10-01,2022-11-01,1,0.6872042303686409,1
19,2022-11-01,2022-12-01,0,0.7675804850589855,1
20,2015-02-01,2015-03-01,0,0.8793105138799708,1
20,2015-03-01,2015-04-01,0,0.7027319134280294,1
20,2015-04-01,2015-05-01,0,0.8914524804078329,1
20,2015-05-01,2015-06-01,0,0.9120559269198596,1
20,2015-06-01,2015-07-01,0,0.9185762101205677,1
20,2015-07-01,2015-08-01,0,0.8985459936996936,1
20,2015-08-01,2015-09-01,0,0.9475534513594059,1
20,2015-09-01,2015-10-01,0,0.9477946067725933,1
20,2015-10-01,2015-11-01,0,0.887521646965567,1
20,2015-11-01,2015-12-01,0,0.9075229165486484,1
20,2015-12-01,2016-01-01,0,0.8390528268249304,1
20,2016-01-01,2016-02-01,0,0.8290558328770998,1
20,2016-02-01,2016-03-01,0,0.8126239711368072,1
20,2016-03-01,2016-04-01,0,0.7169131283006479,1
20,2016-04-01,2016-05-01,0,0.8463579046658587,1
20,2016-05-01,2016-06-01,0,0.8056631490784412,1
20,2016-06-01,2016-07-01,0,0.9253500131868168,1
20,2016-07-01,2016-08-01,0,0.9308124554697872,1
20,2016-08-01,2016-09-01,0,0.942904629241698,1
20,2016-09-01,2016-10-01,0,0.9150967419464169,1
20,2016-10-01,2016-11-01,0,0.8994328279950372,1
20,2016-11-01,2016-12-01,0,0.9099368476058943,1
20,2016-12-01,2017-01-01,0,0.861451889478891,1
20,2017-01-01,2017-02-01,0,0.8578179818516942,1
20,2017-02-01,2017-03-01,0,0.8505941855746414,1
20,2017-03-01,2017-04-01,0,0.7657751905465082,1
20,2017-04-01,2017-05-01,0,0.7961981056045435,1
20,2017-05-01,2017-06-01,0,0.8890824433658273,1
20,2017-06-01,2017-07-01,0,0.8974280889075,1
20,2017-07-01,2017-08-01,0,0.9070322142288234,1
20,2017-08-01,2017-09-01,0,0.9179595786282225,1
20,2017-09-01,2017-10-01,0,0.9034414977280455,1
20,2017-10-01,2017-11-01,0,0.8729550718935035,1
20,2017-11-01,2017-12-01,0,0.9110953335676859,1
20,2017-12-01,2018-01-01,0,0.8334374468088063,1
20,2018-01-01,2018-02-01,0,0.806717130583275,1
20,2018-02-01,2018-03-01,0,0.728596233864884,1
20,2018-03-01,2018-04-01,0,0.5984467623932473,0
20,2018-04-01,2018-05-01,0,0.8589040581302165,1
20,2018-05-01,2018-06-01,0,0.8830550687980435,1
20,2018-06-01,2018-07-01,0,0.9085866478765051,1
20,2018-07-01,2018-08-01,0,0.8968743735542575,1
20,2018-08-01,2018-09-01,0,0.9239938788308896,1
20,2018-09-01,2018-10-01,0,0.8912145446491785,1
20,2018-10-01,2018-11-01,0,0.8512694741554037,1
20,2018-11-01,2018-12-01,0,0.8924690208561978,1
20,2018-12-01,2019-01-01,0,0.8366619193478734,1
20,2019-01-01,2019-02-01,0,0.8811978014997834,1
20,2019-02-01,2019-03-01,0,0.7758381974505599,1
20,2019-03-01,2019-04-01,0,0.668580487121209,1
20,2019-04-01,2019-05-01,0,0.7695888993824409,1
20,2019-05-01,2019-06-01,0,0.8718866101711876,1
20,2019-06-01,2019-07-01,0,0.8922309524786667,1
20,2019-07-01,2019-08-01,0,0.8668864715094056,1
20,2019-08-01,2019-09-01,0,0.9095348181693095,1
20,2019-09-01,2019-10-01,0,0.8590907768404337,1
20,2019-10-01,2019-11-01,0,0.8568312451573201,1
20,2019-11-01,2019-12-01,0,0.8342820156889957,1
20,2019-12-01,2020-01-01,0,0.7287879504246368,1
20,2020-01-01,2020-02-01,0,0.8607548233925166,1
20,2020-02-01,2020-03-01,0,0.7695717704466725,1
20,2020-03-01,2020-04-01,0,0.6806109325571266,1
20,2020-04-01,2020-05-01,0,0.7853025396127455,1
20,2020-05-01,2020-06-01,0,0.3853613870543521,0
20,2020-06-01,2020-07-01,0,0.7014212010694735,1
20,2020-07-01,2020-08-01,0,0.6626204723236031,1
20,2020-08-01,2020-09-01,0,0.8363457175769426,1
20,2020-09-01,2020-10-01,0,0.8584345368068516,1
20,2020-10-01,2020-11-01,0,0.7041948347343924,1
20,2020-11-01,2020-12-01,0,0.6061014535513409,0
20,2020-12-01,2021-01-01,0,0.575328953747773,0
20,2021-01-01,2021-02-01,0,0.6125999311149911,0
20,2021-02-01,2021-03-01,0,0.5038261705135957,0
20,2021-03-01,2021-04-01,0,0.3666822856080833,0
20,2021-04-01,2021-05-01,0,0.5932954679147063,0
20,2021-05-01,2021-06-01,0,0.6128452500720448,0
20,2021-06-01,2021-07-01,0,0.6417674386260852,0
20,2021-07-01,2021-08-01,0,0.7470245966455827,1
20,2021-08-01,2021-09-01,0,0.7146008477445995,1
20,2021-09-01,2021-10-01,0,0.618444924024261,0
20,2021-10-01,2021-11-01,0,0.7659455123544928,1
20,2021-11-01,2021-12-01,0,0.7397548347009009,1
20,2021-12-01,2022-01-01,0,0.5591345456352291,0
20,2022-01-01,2022-02-01,0,0.7645184261518916,1
20,2022-02-01,2022-03-01,0,0.6230380848717477,0
20,2022-03-01,2022-04-01,0,0.47317918754162913,0
20,2022-04-01,2022-05-01,0,0.6837350603430156,1
20,2022-05-01,2022-06-01,0,0.6757067277331068,1
20,2022-06-01,2022-07-01,0,0.7485942457321784,1
20,2022-07-01,2022-08-01,0,0.6658346859368953,1
20,2022-08-01,2022-09-01,0,0.7411786572766526,1
20,2022-09-01,2022-10-01,0,0.7876496706741916,1
20,2022-10-01,2022-11-01,0,0.8294899884284609,1
20,2022-11-01,2022-12-01,0,0.8901828768371565,1
21,2015-02-01,2015-03-01,0,0.15380490806374308,0
21,2015-03-01,2015-04-01,0,0.15100920665633027,0
21,2015-04-01,2015-05-01,0,0.1558384028630988,0
21,2015-05-01,2015-06-01,0,0.16549432750441417,0
21,2015-06-01,2015-07-01,0,0.1825496772533551,0
21,2015-07-01,2015-08-01,0,0.19217303551767187,0
21,2015-08-01,2015-09-01,0,0.2569047622286577,0
21,2015-09-01,2015-10-01,0,0.22267770363358153,0
21,2015-10-01,2015-11-01,0,0.2013296339449666,0
21,2015-11-01,2015-12-01,0,0.25613887847267475,0
21,2015-12-01,2016-01-01,0,0.2607024382572775,0
21,2016-01-01,2016-02-01,0,0.17822732378547987,0
21,2016-02-01,2016-03-01,0,0.1431827374462633,0
21,2016-03-01,2016-04-01,0,0.13426315386250734,0
21,2016-04-01,2016-05-01,0,0.150215357949414,0
21,2016-05-01,2016-06-01,0,0.1525540060665754,0
21,2016-06-01,2016-07-01,0,0.23076907800720542,0
21,2016-07-01,2016-08-01,0,0.1618174083535119,0
21,2016-08-01,2016-09-01,0,0.23994657521419271,0
21,2016-09-01,2016-10-01,0,0.31235399308943596,0
21,2016-10-01,2016-11-01,0,0.21187254521394286,0
21,2016-11-01,2016-12-01,0,0.31558308833807264,0
21,2016-12-01,2017-01-01,0,0.24131233986406833,0
21,2017-01-01,2017-02-01,0,0.20162349418200742,0
21,2017-02-01,2017-03-01,0,0.2044844744328192,0
21,2017-03-01,2017-04-01,0,0.1338057847945854,0
21,2017-04-01,2017-05-01,0,0.21891038499912077,0
21,2017-05-01,2017-06-01,0,0.17270312685163763,0
21,2017-06-01,2017-07-01,0,0.2285809112323169,0
21,2017-07-01,2017-08-01,0,0.26146684764111316,0
21,2017-08-01,2017-09-01,0,0.34549899954230107,0
21,2017-09-01,2017-10-01,0,0.38223965000888105,0
21,2017-10-01,2017-11-01,0,0.21626415633279344,0
21,2017-11-01,2017-12-01,0,0.19538120078812418,0
21,2017-12-01,2018-01-01,0,0.14311302973702067,0
21,2018-01-01,2018-02-01,0,0.13102594297364759,0
21,2018-02-01,2018-03-01,0,0.1856280729715651,0
21,2018-03-01,2018-04-01,0,0.11280883603670022,0
21,2018-04-01,2018-05-01,0,0.16949584390907615,0
21,2018-05-01,2018-06-01,0,0.12755295315295093,0
21,2018-06-01,2018-07-01,0,0.25142039497100105,0
21,2018-07-01,2018-08-01,0,0.3398040799897415,0
21,2018-08-01,2018-09-01,0,0.2249217128420131,0
21,2018-09-01,2018-10-01,0,0.23952524963888835,0
21,2018-10-01,2018-11-01,0,0.15096780301905138,0
21,2018-11-01,2018-12-01,0,0.20496392609294883,0
21,2018-12-01,2019-01-01,0,0.16713299452281435,0
21,2019-01-01,2019-02-01,0,0.22324423188470982,0
21,2019-02-01,2019-03-01,0,0.10799503744731703,0
21,2019-03-01,2019-04-01,0,0.08897338430821816,0
21,2019-04-01,2019-05-01,0,0.10879194332117502,0
21,2019-05-01,2019-06-01,0,0.0973299654349604,0
21,2019-06-01,2019-07-01,0,0.17942172481509824,0
21,2019-07-01,2019-08-01,0,0.2023235087524542,0
21,2019-08-01,2019-09-01,0,0.27399045334664357,0
21,2019-09-01,2019-10-01,0,0.27643841913657635,0
21,2019-10-01,2019-11-01,0,0.18287878143529393,0
21,2019-11-01,2019-12-01,0,0.20440843947094353,0
21,2019-12-01,2020-01-01,0,0.20128065641037543,0
21,2020-01-01,2020-02-01,0,0.1735342493411085,0
21,2020-02-01,2020-03-01,0,0.2513023704985297,0
21,2020-03-01,2020-04-01,0,0.1119626272187092,0
21,2020-04-01,2020-05-01,0,0.0779527904423551,0
21,2020-05-01,2020-06-01,0,0.05953638761415871,0
21,2020-06-01,2020-07-01,0,0.053399108794642915,0
21,2020-07-01,2020-08-01,0,0.09259392774199444,0
21,2020-08-01,2020-09-01,0,0.1571574155972672,0
21,2020-09-01,2020-10-01,0,0.09848494755346006,0
21,2020-10-01,2020-11-01,0,0.14758700914921163,0
21,2020-11-01,2020-12-01,0,0.12946748017770018,0
21,2020-12-01,2021-01-01,0,0.11017257966779294,0
21,2021-01-01,2021-02-01,0,0.07371947532972234,0
21,2021-02-01,2021-03-01,0,0.08207934249814948,0
21,2021-03-01,2021-04-01,0,0.04986168559087656,0
21,2021-04-01,2021-05-01,0,0.09643554313364117,0
21,2021-05-01,2021-06-01,0,0.05588845856926706,0
21,2021-06-01,2021-07-01,0,0.15105746373079978,0
21,2021-07-01,2021-08-01,0,0.07418045385957825,0
21,2021-08-01,2021-09-01,0,0.11092935722964957,0
21,2021-09-01,2021-10-01,0,0.11816866097382693,0
21,2021-10-01,2021-11-01,0,0.09569990533106718,0
21,2021-11-01,2021-12-01,0,0.09511063623812553,0
21,2021-12-01,2022-01-01,0,0.08021298574042433,0
21,2022-01-01,2022-02-01,0,0.08190441607851293,0
21,2022-02-01,2022-03-01,0,0.06588202454849035,0
21,2022-03-01,2022-04-01,0,0.07421463771582171,0
21,2022-04-01,2022-05-01,0,0.11978186832441375,0
21,2022-05-01,2022-06-01,0,0.08504009648569835,0
21,2022-06-01,2022-07-01,0,0.16687966147968378,0
21,2022-07-01,2022-08-01,0,0.2444926421516942,0
21,2022-08-01,2022-09-01,0,0.18185551643610426,0
21,2022-09-01,2022-10-01,0,0.15740838367198332,0
21,2022-10-01,2022-11-01,0,0.20363895227715959,0
21,2022-11-01,2022-12-01,0,0.25065555235551457,0
22,2015-02-01,2015-03-01,1,0.4806965001053209,0
22,2015-03-01,2015-04-01,1,0.25099204218937143,0
22,2015-04-01,2015-05-01,1,0.39075332617868197,0
22,2015-05-01,2015-06-01,1,0.510903621875663,0
22,2015-06-01,2015-07-01,1,0.491043608171326,0
22,2015-07-01,2015-08-01,1,0.4795272965679656,0
22,2015-08-01,2015-09-01,1,0.6505658439104907,0
22,2015-09-01,2015-10-01,1,0.5856633312409277,0
22,2015-10-01,2015-11-01,0,0.5921208500582452,0
22,2015-11-01,2015-12-01,1,0.6073110834967969,0
22,2015-12-01,2016-01-01,1,0.5253565056307917,0
22,2016-01-01,2016-02-01,0,0.6007787362396937,0
22,2016-02-01,2016-03-01,1,0.42882617278555457,0
22,2016-03-01,2016-04-01,1,0.32215804406125936,0
22,2016-04-01,2016-05-01,1,0.5200712384392204,0
22,2016-05-01,2016-06-01,1,0.47247314585131867,0
22,2016-06-01,2016-07-01,1,0.5120132721630639,0
22,2016-07-01,2016-08-01,1,0.596518521612925,0
22,2016-08-01,2016-09-01,1,0.7078580846497324,1
22,2016-09-01,2016-10-01,1,0.7093250886912273,1
22,2016-10-01,2016-11-01,1,0.6840739018658785,1
22,2016-11-01,2016-12-01,1,0.621113543319404,0
22,2016-12-01,2017-01-01,1,0.598233257902806,0
22,2017-01-01,2017-02-01,1,0.4882049676579825,0
22,2017-02-01,2017-03-01,1,0.6241351937430291,0
22,2017-03-01,2017-04-01,1,0.4780863175098466,0
22,2017-04-01,2017-05-01,1,0.47565368362977867,0
22,2017-05-01,2017-06-01,1,0.463919311919243,0
22,2017-06-01,2017-07-01,1,0.6519344424952465,0
22,2017-07-01,2017-08-01,1,0.656061545777406,1
22,2017-08-01,2017-09-01,1,0.7323183060711731,1
22,2017-09-01,2017-10-01,1,0.6874476808627229,1
22,2017-10-01,2017-11-01,1,0.6987551951409074,1
22,2017-11-01,2017-12-01,0,0.6653927084804763,1
22,2017-12-01,2018-01-01,1,0.614032440332924,0
22,2018-01-01,2018-02-01,0,0.5752766863159025,0
22,2018-02-01,2018-03-01,0,0.4847005805192097,0
22,2018-03-01,2018-04-01,0,0.2883054925355071,0
22,2018-04-01,2018-05-01,1,0.47293913006748606,0
22,2018-05-01,2018-06-01,1,0.5035414209980628,0
22,2018-06-01,2018-07-01,1,0.6085585623422493,0
22,2018-07-01,2018-08-01,1,0.5582695699292859,0
22,2018-08-01,2018-09-01,1,0.642837585742433,0
22,2018-09-01,2018-10-01,1,0.6652916435706302,1
22,2018-10-01,2018-11-01,1,0.6770658954552539,1
22,2018-11-01,2018-12-01,1,0.7027144456279106,1
22,2018-12-01,2019-01-01,0,0.6181606320728902,0
22,2019-01-01,2019-02-01,0,0.7208992521303129,1
22,2019-02-01,2019-03-01,1,0.4366326951799139,0
22,2019-03-01,2019-04-01,0,0.3045485574481782,0
22,2019-04-01,2019-05-01,1,0.4247905297714755,0
22,2019-05-01,2019-06-01,1,0.44203485981875057,0
22,2019-06-01,2019-07-01,1,0.5796638017207265,0
22,2019-07-01,2019-08-01,1,0.7029083193208789,1
22,2019-08-01,2019-09-01,1,0.6838186827343701,1
22,2019-09-01,2019-10-01,1,0.652477379734436,0
22,2019-10-01,2019-11-01,0,0.6450522489101614,0
22,2019-11-01,2019-12-01,1,0.6555939551450634,1
22,2019-12-01,2020-01-01,1,0.602994499035249,0
22,2020-01-01,2020-02-01,0,0.47338907557868143,0
22,2020-02-01,2020-03-01,0,0.44608830046793874,0
22,2020-03-01,2020-04-01,0,0.347050940240831,0
22,2020-04-01,2020-05-01,0,0.24087721203856105,0
22,2020-05-01,2020-06-01,0,0.08057662069243397,0
22,2020-06-01,2020-07-01,0,0.19612744515233865,0
22,2020-07-01,2020-08-01,0,0.22358761579696826,0
22,2020-08-01,2020-09-01,0,0.33877912115402714,0
22,2020-09-01,2020-10-01,0,0.42142402214954217,0
22,2020-10-01,2020-11-01,0,0.2936856100257832,0
22,2020-11-01,2020-12-01,0,0.3299471843246236,0
22,2020-12-01,2021-01-01,0,0.22173182367953057,0
22,2021-01-01,2021-02-01,0,0.1532273446073665,0
22,2021-02-01,2021-03-01,0,0.15104486169666675,0
22,2021-03-01,2021-04-01,0,0.10218843713191746,0
22,2021-04-01,2021-05-01,0,0.1678361627952277,0
22,2021-05-01,2021-06-01,0,0.1566611572016919,0
22,2021-06-01,2021-07-01,0,0.18833914205841024,0
22,2021-07-01,2021-08-01,0,0.22429497644945068,0
22,2021-08-01,2021-09-01,0,0.3242432947576971,0
22,2021-09-01,2021-10-01,0,0.3012169318461144,0
22,2021-10-01,2021-11-01,0,0.31378823728854394,0
22,2021-11-01,2021-12-01,0,0.3685178350701805,0
22,2021-12-01,2022-01-01,0,0.26216486947536355,0
22,2022-01-01,2022-02-01,0,0.19867924847912607,0
22,2022-02-01,2022-03-01,0,0.15306474765966413,0
22,2022-03-01,2022-04-01,0,0.1931656649541321,0
22,2022-04-01,2022-05-01,0,0.3523881010913684,0
22,2022-05-01,2022-06-01,0,0.27961764273985834,0
22,2022-06-01,2022-07-01,0,0.4451335481812532,0
22,2022-07-01,2022-08-01,0,0.4537449515154145,0
22,2022-08-01,2022-09-01,1,0.456855228804241,0
22,2022-09-01,2022-10-01,1,0.428099461092765,0
22,2022-10-01,2022-11-01,1,0.42250079559326487,0
22,2022-11-01,2022-12-01,1,0.5825197693460467,0
23,2015-02-01,2015-03-01,1,0.9459805344877737,1
23,2015-03-01,2015-04-01,1,0.7945252816581329,1
23,2015-04-01,2015-05-01,1,0.9401235030235416,1
23,2015-05-01,2015-06-01,1,0.9479214764983599,1
23,2015-06-01,2015-07-01,1,0.9627870219643365,1
23,2015-07-01,2015-08-01,1,0.9449361992488349,1
23,2015-08-01,2015-09-01,1,0.9652284527098588,1
23,2015-09-01,2015-10-01,1,0.9756727738620027,1
23,2015-10-01,2015-11-01,1,0.9573615756660354,1
23,2015-11-01,2015-12-01,1,0.9523287139734641,1
23,2015-12-01,2016-01-01,1,0.9172978078144148,1
23,2016-01-01,2016-02-01,1,0.9263974556166467,1
23,2016-02-01,2016-03-01,1,0.9041715847237128,1
23,2016-03-01,2016-04-01,1,0.8772176801212996,1
23,2016-04-01,2016-05-01,1,0.9241451640003875,1
23,2016-05-01,2016-06-01,1,0.9390000925814196,1
23,2016-06-01,2016-07-01,1,0.9659558681341593,1
23,2016-07-01,2016-08-01,1,0.9663622035152507,1
23,2016-08-01,2016-09-01,1,0.9730879195692054,1
23,2016-09-01,2016-10-01,1,0.9664592904078675,1
23,2016-10-01,2016-11-01,1,0.9574132227388372,1
23,2016-11-01,2016-12-01,1,0.949959284188425,1
23,2016-12-01,2017-01-01,1,0.9091212971964525,1
23,2017-01-01,2017-02-01,1,0.8718269263282126,1
23,2017-02-01,2017-03-01,1,0.9340958991651321,1
23,2017-03-01,2017-04-01,1,0.8774063706881098,1
23,2017-04-01,2017-05-01,1,0.8856708929364338,1
23,2017-05-01,2017-06-01,1,0.9195657823397025,1
23,2017-06-01,2017-07-01,1,0.9380379456418185,1
23,2017-07-01,2017-08-01,1,0.9563462082188179,1
23,2017-08-01,2017-09-01,1,0.960648821961244,1
23,2017-09-01,2017-10-01,1,0.9435186769525653,1
23,2017-10-01,2017-11-01,1,0.919952497898367,1
23,2017-11-01,2017-12-01,1,0.8972574281420627,1
23,2017-12-01,2018-01-01,1,0.8530118734730027,1
23,2018-01-01,2018-02-01,1,0.8521821672607642,1
23,2018-02-01,2018-03-01,1,0.8759830161911284,1
23,2018-03-01,2018-04-01,1,0.723049149042091,1
23,2018-04-01,2018-05-01,1,0.8821417876363922,1
23,2018-05-01,2018-06-01,1,0.9084497634512656,1
23,2018-06-01,2018-07-01,1,0.9576242216762342,1
23,2018-07-01,2018-08-01,1,0.9341801164240503,1
23,2018-08-01,2018-09-01,1,0.9612242702911352,1
23,2018-09-01,2018-10-01,1,0.9590613843210027,1
23,2018-10-01,2018-11-01,1,0.9219659685591708,1
23,2018-11-01,2018-12-01,1,0.9517551510554028,1
23,2018-12-01,2019-01-01,1,0.871510655709512,1
23,2019-01-01,2019-02-01,1,0.9254261234172747,1
23,2019-02-01,2019-03-01,1,0.8926755468990978,1
23,2019-03-01,2019-04-01,1,0.7682298041032014,1
23,2019-04-01,2019-05-01,1,0.9154545371868616,1
23,2019-05-01,2019-06-01,1,0.9022869511547811,1
23,2019-06-01,2019-07-01,1,0.9517298626732881,1
23,2019-07-01,2019-08-01,1,0.9430914902764457,1
23,2019-08-01,2019-09-01,1,0.9719544525378608,1
23,2019-09-01,2019-10-01,1,0.9428358889250583,1
23,2019-10-01,2019-11-01,1,0.9202650192133326,1
23,2019-11-01,2019-12-01,1,0.9234593014541534,1
23,2019-12-01,2020-01-01,1,0.8671159017098654,1
23,2020-01-01,2020-02-01,1,0.9042152403333126,1
23,2020-02-01,2020-03-01,1,0.9153375232795959,1
23,2020-03-01,2020-04-01,1,0.7977032210887588,1
23,2020-04-01,2020-05-01,1,0.7731605800588699,1
23,2020-05-01,2020-06-01,1,0.43006507608644207,0
23,2020-06-01,2020-07-01,1,0.832793323492964,1
23,2020-07-01,2020-08-01,1,0.7456582283126856,1
23,2020-08-01,2020-09-01,1,0.8325676173550631,1
23,2020-09-01,2020-10-01,1,0.8458378469604406,1
23,2020-10-01,2020-11-01,1,0.7289393253947791,1
23,2020-11-01,2020-12-01,1,0.7566924631003389,1
23,2020-12-01,2021-01-01,1,0.6439846116244426,0
23,2021-01-01,2021-02-01,1,0.676492570758726,1
23,2021-02-01,2021-03-01,1,0.6701984047961961,1
23,2021-03-01,2021-04-01,1,0.5595858183734788,0
23,2021-04-01,2021-05-01,1,0.7485969978587899,1
23,2021-05-01,2021-06-01,1,0.5785835693750276,0
23,2021-06-01,2021-07-01,1,0.8064463689217007,1
23,2021-07-01,2021-08-01,1,0.7826923023649285,1
23,2021-08-01,2021-09-01,1,0.7965120369093304,1
23,2021-09-01,2021-10-01,1,0.7681040306897967,1
23,2021-10-01,2021-11-01,1,0.7439204965116767,1
23,2021-11-01,2021-12-01,1,0.7849627623720359,1
23,2021-12-01,2022-01-01,1,0.6321667791301882,0
23,2022-01-01,2022-02-01,1,0.6522777085296176,0
23,2022-02-01,2022-03-01,1,0.4764535779744416,0
23,2022-03-01,2022-04-01,1,0.5183048815662596,0
23,2022-04-01,2022-05-01,1,0.776889314125532,1
23,2022-05-01,2022-06-01,1,0.7531418311219246,1
23,2022-06-01,2022-07-01,1,0.7961364216416544,1
23,2022-07-01,2022-08-01,1,0.8144945830969086,1
23,2022-08-01,2022-09-01,1,0.8153436590368127,1
23,2022-09-01,2022-10-01,1,0.8632533765228952,1
23,2022-10-01,2022-11-01,1,0.8719456646116045,1
23,2022-11-01,2022-12-01,1,0.8946089580064662,1
24,2015-02-01,2015-03-01,1,0.8997114731201401,1
24,2015-03-01,2015-04-01,1,0.7362011907545817,1
24,2015-04-01,2015-05-01,1,0.9058039700061734,1
24,2015-05-01,2015-06-01,1,0.9028134250428054,1
24,2015-06-01,2015-07-01,1,0.932071001888176,1
24,2015-07-01,2015-08-01,1,0.9252604850561228,1
24,2015-08-01,2015-09-01,1,0.9696041649269402,1
24,2015-09-01,2015-10-01,1,0.9670443309122253,1
24,2015-10-01,2015-11-01,1,0.9532153796704711,1
24,2015-11-01,2015-12-01,1,0.9603399087311406,1
24,2015-12-01,2016-01-01,1,0.9102817453318092,1
24,2016-01-01,2016-02-01,1,0.9339966099178559,1
24,2016-02-01,2016-03-01,1,0.9175957754044509,1
24,2016-03-01,2016-04-01,1,0.9073179728130157,1
24,2016-04-01,2016-05-01,1,0.9518151296592848,1
24,2016-05-01,2016-06-01,1,0.9276260252171752,1
24,2016-06-01,2016-07-01,1,0.9645853475212605,1
24,2016-07-01,2016-08-01,1,0.9712244508006271,1
24,2016-08-01,2016-09-01,1,0.9822670562277808,1
24,2016-09-01,2016-10-01,1,0.9839777841612956,1
24,2016-10-01,2016-11-01,1,0.9796511919889203,1
24,2016-11-01,2016-12-01,1,0.9774611711889619,1
24,2016-12-01,2017-01-01,1,0.9614980598245297,1
24,2017-01-01,2017-02-01,1,0.9406150457027824,1
24,2017-02-01,2017-03-01,1,0.9752132970454892,1
24,2017-03-01,2017-04-01,1,0.8744460162028685,1
24,2017-04-01,2017-05-01,1,0.9185612824638045,1
24,2017-05-01,2017-06-01,1,0.9379331225425446,1
24,2017-06-01,2017-07-01,1,0.9643655693142982,1
24,2017-07-01,2017-08-01,1,0.9816703260910263,1
24,2017-08-01,2017-09-01,1,0.9810547090683324,1
24,2017-09-01,2017-10-01,1,0.9774368855530133,1
24,2017-10-01,2017-11-01,1,0.9787222295872781,1
24,2017-11-01,2017-12-01,1,0.9731089387284555,1
24,2017-12-01,2018-01-01,1,0.9622705083029863,1
24,2018-01-01,2018-02-01,1,0.9437969081870832,1
24,2018-02-01,2018-03-01,1,0.9402009570363651,1
24,2018-03-01,2018-04-01,1,0.8523374574468805,1
24,2018-04-01,2018-05-01,1,0.953467111552432,1
24,2018-05-01,2018-06-01,1,0.9529512222142495,1
24,2018-06-01,2018-07-01,1,0.9806850611804296,1
24,2018-07-01,2018-08-01,1,0.9850989123552206,1
24,2018-08-01,2018-09-01,1,0.9883544781071191,1
24,2018-09-01,2018-10-01,1,0.9891841536113276,1
24,2018-10-01,2018-11-01,1,0.9860087994880307,1
24,2018-11-01,2018-12-01,1,0.9881053849141106,1
24,2018-12-01,2019-01-01,1,0.9706572002844666,1
24,2019-01-01,2019-02-01,1,0.9762002580909839,1
24,2019-02-01,2019-03-01,1,0.9432328995543514,1
24,2019-03-01,2019-04-01,1,0.9096689305001526,1
24,2019-04-01,2019-05-01,1,0.9368596226833894,1
24,2019-05-01,2019-06-01,1,0.939420004593012,1
24,2019-06-01,2019-07-01,1,0.974512410685762,1
24,2019-07-01,2019-08-01,1,0.9833176235831308,1
24,2019-08-01,2019-09-01,1,0.9876632346510509,1
24,2019-09-01,2019-10-01,1,0.9867146305172535,1
24,2019-10-01,2019-11-01,1,0.9775406730594464,1
24,2019-11-01,2019-12-01,1,0.9700707017792924,1
24,2019-12-01,2020-01-01,1,0.9607738625699218,1
24,2020-01-01,2020-02-01,1,0.9603491610411896,1
24,2020-02-01,2020-03-01,0,0.9123195026897075,1
24,2020-03-01,2020-04-01,0,0.8671753075462011,1
24,2020-04-01,2020-05-01,1,0.7276104944248203,1
24,2020-05-01,2020-06-01,1,0.27658065523257697,0
24,2020-06-01,2020-07-01,1,0.6461163359189439,0
24,2020-07-01,2020-08-01,1,0.6510364361063558,0
24,2020-08-01,2020-09-01,1,0.7407310771642797,1
24,2020-09-01,2020-10-01,1,0.8555961251485197,1
24,2020-10-01,2020-11-01,1,0.7432807748921154,1
24,2020-11-01,2020-12-01,1,0.7219935303540844,1
24,2020-12-01,2021-01-01,1,0.6164177811980284,0
24,2021-01-01,2021-02-01,0,0.43680268891125473,0
24,2021-02-01,2021-03-01,1,0.5031548075208133,0
24,2021-03-01,2021-04-01,0,0.4463393684734269,0
24,2021-04-01,2021-05-01,1,0.61636802843412,0
24,2021-05-01,2021-06-01,1,0.5423173742126978,0
24,2021-06-01,2021-07-01,1,0.7533766060971704,1
24,2021-07-01,2021-08-01,1,0.7991167519759318,1
24,2021-08-01,2021-09-01,1,0.8151047850802554,1
24,2021-09-01,2021-10-01,1,0.7861746232500365,1
24,2021-10-01,2021-11-01,1,0.9008234727106904,1
24,2021-11-01,2021-12-01,1,0.8882533818175111,1
24,2021-12-01,2022-01-01,1,0.8397704484684178,1
24,2022-01-01,2022-02-01,1,0.8028913896793828,1
24,2022-02-01,2022-03-01,1,0.6474949879323622,0
24,2022-03-01,2022-04-01,1,0.7458547225045304,1
24,2022-04-01,2022-05-01,1,0.9024524192229046,1
24,2022-05-01,2022-06-01,1,0.8102141726141099,1
24,2022-06-01,2022-07-01,1,0.8915868255696657,1
24,2022-07-01,2022-08-01,1,0.9298715470077692,1
24,2022-08-01,2022-09-01,1,0.9473716513754767,1
24,2022-09-01,2022-10-01,1,0.9446454872275234,1
24,2022-10-01,2022-11-01,1,0.9362699900600797,1
24,2022-11-01,2022-12-01,1,0.9599031443405016,1
25,2015-02-01,2015-03-01,1,0.7993146588374376,1
25,2015-03-01,2015-04-01,1,0.5412830576989031,0
25,2015-04-01,2015-05-01,1,0.8205395743318395,1
25,2015-05-01,2015-06-01,1,0.8080423079262925,1
25,2015-06-01,2015-07-01,1,0.8132316919895579,1
25,2015-07-01,2015-08-01,1,0.7659257777896556,1
25,2015-08-01,2015-09-01,1,0.8177617910339273,1
25,2015-09-01,2015-10-01,1,0.8266218905621917,1
25,2015-10-01,2015-11-01,1,0.7607240397622813,1
25,2015-11-01,2015-12-01,1,0.8080394184713827,1
25,2015-12-01,2016-01-01,1,0.7090200317313216,1
25,2016-01-01,2016-02-01,1,0.70865843338853,1
25,2016-02-01,2016-03-01,1,0.7456967659098783,1
25,2016-03-01,2016-04-01,1,0.6561377643792078,1
25,2016-04-01,2016-05-01,1,0.8229367697265194,1
25,2016-05-01,2016-06-01,1,0.7981164405865199,1
25,2016-06-01,2016-07-01,1,0.8356803414438633,1
25,2016-07-01,2016-08-01,1,0.8204453692467957,1
25,2016-08-01,2016-09-01,1,0.7945527027255175,1
25,2016-09-01,2016-10-01,1,0.8254297106490153,1
25,2016-10-01,2016-11-01,1,0.7902670026063555,1
25,2016-11-01,2016-12-01,1,0.7632704675981773,1
25,2016-12-01,2017-01-01,1,0.6811727013898622,1
25,2017-01-01,2017-02-01,1,0.571951519325881,0
25,2017-02-01,2017-03-01,1,0.7982326446605253,1
25,2017-03-01,2017-04-01,1,0.6692051996330343,1
25,2017-04-01,2017-05-01,1,0.7099777084988633,1
25,2017-05-01,2017-06-01,1,0.7751139440126021,1
25,2017-06-01,2017-07-01,1,0.8312091451392458,1
25,2017-07-01,2017-08-01,1,0.8017678106830158,1
25,2017-08-01,2017-09-01,1,0.833011872807304,1
25,2017-09-01,2017-10-01,1,0.8370511417543604,1
25,2017-10-01,2017-11-01,1,0.7665160724734043,1
25,2017-11-01,2017-12-01,1,0.7125113135915944,1
25,2017-12-01,2018-01-01,1,0.6645378646689512,1
25,2018-01-01,2018-02-01,1,0.6132989401537563,0
25,2018-02-01,2018-03-01,1,0.6701403673843486,1
25,2018-03-01,2018-04-01,1,0.5528188631616239,0
25,2018-04-01,2018-05-01,1,0.7299424215518598,1
25,2018-05-01,2018-06-01,1,0.7564955448782539,1
25,2018-06-01,2018-07-01,1,0.8672575991088403,1
25,2018-07-01,2018-08-01,1,0.8223657665471316,1
25,2018-08-01,2018-09-01,1,0.8514310524873561,1
25,2018-09-01,2018-10-01,1,0.877091168089749,1
25,2018-10-01,2018-11-01,1,0.8182080222263927,1
25,2018-11-01,2018-12-01,1,0.834874020591738,1
25,2018-12-01,2019-01-01,1,0.6979603512700782,1
25,2019-01-01,2019-02-01,1,0.7110028629957568,1
25,2019-02-01,2019-03-01,1,0.7498555177315029,1
25,2019-03-01,2019-04-01,1,0.6659632491837707,1
25,2019-04-01,2019-05-01,1,0.7790917516035327,1
25,2019-05-01,2019-06-01,1,0.8154846421767595,1
25,2019-06-01,2019-07-01,1,0.8353760305510296,1
25,2019-07-01,2019-08-01,1,0.8280778081057363,1
25,2019-08-01,2019-09-01,1,0.851830462764984,1
25,2019-09-01,2019-10-01,1,0.8687546111200701,1
25,2019-10-01,2019-11-01,1,0.7873286418202673,1
25,2019-11-01,2019-12-01,1,0.7650354453782151,1
25,2019-12-01,2020-01-01,1,0.6736134517188236,1
25,2020-01-01,2020-02-01,1,0.7586996912927957,1
25,2020-02-01,2020-03-01,1,0.7339367160901346,1
25,2020-03-01,2020-04-01,1,0.70564893052623,1
25,2020-04-01,2020-05-01,1,0.6156707949941139,0
25,2020-05-01,2020-06-01,1,0.3867182082598403,0
25,2020-06-01,2020-07-01,1,0.7091445532278704,1
25,2020-07-01,2020-08-01,1,0.6585626929341044,1
25,2020-08-01,2020-09-01,1,0.7380552690994409,1
25,2020-09-01,2020-10-01,1,0.7936028540556318,1
25,2020-10-01,2020-11-01,1,0.7136424445446353,1
25,2020-11-01,2020-12-01,1,0.6681092700500866,1
25,2020-12-01,2021-01-01,1,0.5467145581312367,0
25,2021-01-01,2021-02-01,1,0.4975559024125889,0
25,2021-02-01,2021-03-01,1,0.45797265119598196,0
25,2021-03-01,2021-04-01,1,0.3812066119930882,0
25,2021-04-01,2021-05-01,1,0.634523834342052,0
25,2021-05-01,2021-06-01,1,0.5556174693354836,0
25,2021-06-01,2021-07-01,1,0.6660183520445577,1
25,2021-07-01,2021-08-01,1,0.6679374768742679,1
25,2021-08-01,2021-09-01,1,0.6353746688599446,0
25,2021-09-01,2021-10-01,1,0.6013587058712153,0
25,2021-10-01,2021-11-01,1,0.5665343045333713,0
25,2021-11-01,2021-12-01,1,0.5589846437455042,0
25,2021-12-01,2022-01-01,1,0.49758614256898004,0
25,2022-01-01,2022-02-01,1,0.4486212285107128,0
25,2022-02-01,2022-03-01,1,0.2916099705440461,0
25,2022-03-01,2022-04-01,1,0.43689751879105,0
25,2022-04-01,2022-05-01,1,0.4794864449686609,0
25,2022-05-01,2022-06-01,1,0.48228425987482226,0
25,2022-06-01,2022-07-01,1,0.562348463118816,0
25,2022-07-01,2022-08-01,1,0.5555522000024049,0
25,2022-08-01,2022-09-01,1,0.5921549252467946,0
25,2022-09-01,2022-10-01,1,0.6177169720417583,0
25,2022-10-01,2022-11-01,1,0.624879623950941,0
25,2022-11-01,2022-12-01,1,0.7111682129102717,1
26,2015-02-01,2015-03-01,1,0.9992870292854446,1
26,2015-03-01,2015-04-01,1,0.994410475338707,1
26,2015-04-01,2015-05-01,1,0.999352859041226,1
26,2015-05-01,2015-06-01,1,0.9984969350794136,1
26,2015-06-01,2015-07-01,1,0.9991931339612016,1
26,2015-07-01,2015-08-01,1,0.9990519175508273,1
26,2015-08-01,2015-09-01,1,0.9996948089724977,1
26,2015-09-01,2015-10-01,1,0.9995620296453815,1
26,2015-10-01,2015-11-01,1,0.9993483892163191,1
26,2015-11-01,2015-12-01,1,0.999623770629548,1
26,2015-12-01,2016-01-01,1,0.9966924310494129,1
26,2016-01-01,2016-02-01,1,0.9967913788057438,1
26,2016-02-01,2016-03-01,1,0.9973436491751232,1
26,2016-03-01,2016-04-01,1,0.9912747112896958,1
26,2016-04-01,2016-05-01,1,0.9990130440647229,1
26,2016-05-01,2016-06-01,1,0.9968148382215294,1
26,2016-06-01,2016-07-01,1,0.9987316786321736,1
26,2016-07-01,2016-08-01,1,0.999023982385065,1
26,2016-08-01,2016-09-01,1,0.9990209312477168,1
26,2016-09-01,2016-10-01,1,0.9993635100915467,1
26,2016-10-01,2016-11-01,1,0.9980922947587914,1
26,2016-11-01,2016-12-01,0,0.9972667932625805,1
26,2016-12-01,2017-01-01,1,0.9947754164342295,1
26,2017-01-01,2017-02-01,1,0.9923235067822794,1
26,2017-02-01,2017-03-01,1,0.9974566177791331,1
26,2017-03-01,2017-04-01,1,0.9925652390992992,1
26,2017-04-01,2017-05-01,1,0.9948282635379886,1
26,2017-05-01,2017-06-01,1,0.9963603900777449,1
26,2017-06-01,2017-07-01,1,0.9986875320142796,1
26,2017-07-01,2017-08-01,1,0.9979897525645822,1
26,2017-08-01,2017-09-01,1,0.9982714021800496,1
26,2017-09-01,2017-10-01,1,0.9980995320230693,1
26,2017-10-01,2017-11-01,1,0.9971303800577882,1
26,2017-11-01,2017-12-01,0,0.9961111454561627,1
26,2017-12-01,2018-01-01,1,0.9930023284328812,1
26,2018-01-01,2018-02-01,0,0.9931216217811522,1
26,2018-02-01,2018-03-01,1,0.9937563918167526,1
26,2018-03-01,2018-04-01,1,0.9696450795327303,1
26,2018-04-01,2018-05-01,1,0.996530265420092,1
26,2018-05-01,2018-06-01,1,0.9948726076703747,1
26,2018-06-01,2018-07-01,1,0.9991630278299725,1
26,2018-07-01,2018-08-01,1,0.9979607248435882,1
26,2018-08-01,2018-09-01,1,0.999132347187336,1
26,2018-09-01,2018-10-01,1,0.9991205220379737,1
26,2018-10-01,2018-11-01,1,0.9978717078957006,1
26,2018-11-01,2018-12-01,1,0.9974348984316993,1
26,2018-12-01,2019-01-01,1,0.9934692567254075,1
26,2019-01-01,2019-02-01,1,0.9976463358826859,1
26,2019-02-01,2019-03-01,1,0.9950590984243477,1
26,2019-03-01,2019-04-01,1,0.9905442404979757,1
26,2019-04-01,2019-05-01,1,0.9964720488211953,1
26,2019-05-01,2019-06-01,1,0.997672942012307,1
26,2019-06-01,2019-07-01,1,0.9979593917564762,1
26,2019-07-01,2019-08-01,1,0.9984689073308032,1
26,2019-08-01,2019-09-01,1,0.999183298918577,1
26,2019-09-01,2019-10-01,1,0.9987414244837197,1
26,2019-10-01,2019-11-01,1,0.9968184525322537,1
26,2019-11-01,2019-12-01,1,0.9942680891511239,1
26,2019-12-01,2020-01-01,1,0.989206130691691,1
26,2020-01-01,2020-02-01,1,0.9951957656049387,1
26,2020-02-01,2020-03-01,1,0.993734148538776,1
26,2020-03-01,2020-04-01,0,0.9843711357784709,1
26,2020-04-01,2020-05-01,1,0.9733167500349399,1
26,2020-05-01,2020-06-01,1,0.8780490152059821,1
26,2020-06-01,2020-07-01,1,0.990031113473474,1
26,2020-07-01,2020-08-01,1,0.9873822955540486,1
26,2020-08-01,2020-09-01,1,0.9913713323713441,1
26,2020-09-01,2020-10-01,1,0.9934566996055961,1
26,2020-10-01,2020-11-01,1,0.9823186436549317,1
26,2020-11-01,2020-12-01,0,0.9800268798321656,1
26,2020-12-01,2021-01-01,0,0.9651006197078809,1
26,2021-01-01,2021-02-01,0,0.9497068278293087,1
26,2021-02-01,2021-03-01,1,0.9745942060044379,1
26,2021-03-01,2021-04-01,1,0.9449470448495829,1
26,2021-04-01,2021-05-01,1,0.9835652430845355,1
26,2021-05-01,2021-06-01,1,0.9685419735951007,1
26,2021-06-01,2021-07-01,1,0.9817649022789604,1
26,2021-07-01,2021-08-01,0,0.9879935714031596,1
26,2021-08-01,2021-09-01,0,0.9828056681346596,1
26,2021-09-01,2021-10-01,0,0.9784612002364417,1
26,2021-10-01,2021-11-01,0,0.9866839021286522,1
26,2021-11-01,2021-12-01,0,0.9758182851186168,1
26,2021-12-01,2022-01-01,0,0.9205476694580264,1
26,2022-01-01,2022-02-01,0,0.9284924529859702,1
26,2022-02-01,2022-03-01,0,0.8164390215881346,1
26,2022-03-01,2022-04-01,0,0.8990635070093488,1
26,2022-04-01,2022-05-01,0,0.9519805944149464,1
26,2022-05-01,2022-06-01,0,0.9689687752945902,1
26,2022-06-01,2022-07-01,1,0.9766859822550202,1
26,2022-07-01,2022-08-01,0,0.9717063910568555,1
26,2022-08-01,2022-09-01,0,0.9773824257929944,1
26,2022-09-01,2022-10-01,1,0.9883536136663389,1
26,2022-10-01,2022-11-01,0,0.9895486175572445,1
26,2022-11-01,2022-12-01,0,0.9947973449435903,1
27,2015-02-01,2015-03-01,1,0.9837942099684193,1
27,2015-03-01,2015-04-01,1,0.9208707283181711,1
27,2015-04-01,2015-05-01,1,0.9827369828806997,1
27,2015-05-01,2015-06-01,1,0.9791900251104508,1
27,2015-06-01,2015-07-01,1,0.9874365841470341,1
27,2015-07-01,2015-08-01,1,0.9881496391388228,1
27,2015-08-01,2015-09-01,1,0.9881620678641886,1
27,2015-09-01,2015-10-01,1,0.9926538665070425,1
27,2015-10-01,2015-11-01,1,0.988522326161695,1
27,2015-11-01,2015-12-01,1,0.9895872567649914,1
27,2015-12-01,2016-01-01,0,0.9510552026671988,1
27,2016-01-01,2016-02-01,0,0.969270833713552,1
27,2016-02-01,2016-03-01,1,0.9713289259597662,1
27,2016-03-01,2016-04-01,1,0.9606611408348561,1
27,2016-04-01,2016-05-01,1,0.9871058804684593,1
27,2016-05-01,2016-06-01,1,0.9842911005078928,1
27,2016-06-01,2016-07-01,1,0.9914311713717026,1
27,2016-07-01,2016-08-01,1,0.9882662683035776,1
27,2016-08-01,2016-09-01,1,0.9937773801297323,1
27,2016-09-01,2016-10-01,1,0.994834561957673,1
27,2016-10-01,2016-11-01,0,0.992577936788666,1
27,2016-11-01,2016-12-01,0,0.9883323313225645,1
27,2016-12-01,2017-01-01,1,0.9836731386196669,1
27,2017-01-01,2017-02-01,0,0.9533776169156638,1
27,2017-02-01,2017-03-01,1,0.9873186307003887,1
27,2017-03-01,2017-04-01,1,0.9590322326506792,1
27,2017-04-01,2017-05-01,1,0.9781074587186753,1
27,2017-05-01,2017-06-01,1,0.9856411858286843,1
27,2017-06-01,2017-07-01,1,0.9927444080396718,1
27,2017-07-01,2017-08-01,1,0.9919444858159524,1
27,2017-08-01,2017-09-01,1,0.9931618452623785,1
27,2017-09-01,2017-10-01,1,0.9933720184948794,1
27,2017-10-01,2017-11-01,0,0.9873917282440743,1
27,2017-11-01,2017-12-01,0,0.9839245810614943,1
27,2017-12-01,2018-01-01,1,0.9779530184873354,1
27,2018-01-01,2018-02-01,0,0.9675949493051378,1
27,2018-02-01,2018-03-01,1,0.9592448303635811,1
27,2018-03-01,2018-04-01,1,0.9123687190861306,1
27,2018-04-01,2018-05-01,1,0.9696092292794278,1
27,2018-05-01,2018-06-01,1,0.9839884204585442,1
27,2018-06-01,2018-07-01,1,0.9930006251785457,1
27,2018-07-01,2018-08-01,1,0.9934840670534084,1
27,2018-08-01,2018-09-01,1,0.9942770647805657,1
27,2018-09-01,2018-10-01,1,0.9956635516802118,1
27,2018-10-01,2018-11-01,0,0.9924053113871968,1
27,2018-11-01,2018-12-01,1,0.992729049411522,1
27,2018-12-01,2019-01-01,0,0.9702025707313723,1
27,2019-01-01,2019-02-01,0,0.9763680344848258,1
27,2019-02-01,2019-03-01,0,0.9766960082081954,1
27,2019-03-01,2019-04-01,1,0.9568362560369588,1
27,2019-04-01,2019-05-01,1,0.9739554479087619,1
27,2019-05-01,2019-06-01,1,0.9821828754921201,1
27,2019-06-01,2019-07-01,1,0.9928447069072516,1
27,2019-07-01,2019-08-01,1,0.99151686912105,1
27,2019-08-01,2019-09-01,0,0.9938257260196872,1
27,2019-09-01,2019-10-01,0,0.9935768412202122,1
27,2019-10-01,2019-11-01,0,0.984517529568838,1
27,2019-11-01,2019-12-01,1,0.9865719960438281,1
27,2019-12-01,2020-01-01,0,0.9680423187589557,1
27,2020-01-01,2020-02-01,0,0.973161663144935,1
27,2020-02-01,2020-03-01,0,0.9482451821763146,1
27,2020-03-01,2020-04-01,0,0.9472425087534699,1
27,2020-04-01,2020-05-01,0,0.8893869443643515,1
27,2020-05-01,2020-06-01,0,0.6116070319759866,0
27,2020-06-01,2020-07-01,0,0.9268575201366434,1
27,2020-07-01,2020-08-01,0,0.9042361671946021,1
27,2020-08-01,2020-09-01,0,0.9460180646007034,1
27,2020-09-01,2020-10-01,0,0.9689225284306654,1
27,2020-10-01,2020-11-01,0,0.9531572382025707,1
27,2020-11-01,2020-12-01,0,0.9149484235828863,1
27,2020-12-01,2021-01-01,0,0.8298693437822235,1
27,2021-01-01,2021-02-01,0,0.8281972290576287,1
27,2021-02-01,2021-03-01,0,0.7989074800174649,1
27,2021-03-01,2021-04-01,0,0.6934104249749212,1
27,2021-04-01,2021-05-01,0,0.8686043534482544,1
27,2021-05-01,2021-06-01,0,0.8213557279049172,1
27,2021-06-01,2021-07-01,0,0.9197820298621664,1
27,2021-07-01,2021-08-01,0,0.9230128346318099,1
27,2021-08-01,2021-09-01,0,0.9265735722147165,1
27,2021-09-01,2021-10-01,0,0.9078874509161698,1
27,2021-10-01,2021-11-01,0,0.9456412766677552,1
27,2021-11-01,2021-12-01,0,0.959090625029671,1
27,2021-12-01,2022-01-01,0,0.8989081819513062,1
27,2022-01-01,2022-02-01,0,0.8343817165739916,1
27,2022-02-01,2022-03-01,0,0.793197370942789,1
27,2022-03-01,2022-04-01,0,0.8000241998755236,1
27,2022-04-01,2022-05-01,0,0.9425888019072056,1
27,2022-05-01,2022-06-01,0,0.9032996674052813,1
27,2022-06-01,2022-07-01,0,0.9336332078387269,1
27,2022-07-01,2022-08-01,0,0.967343638585662,1
27,2022-08-01,2022-09-01,0,0.9698093279173247,1
27,2022-09-01,2022-10-01,1,0.9608896684651778,1
27,2022-10-01,2022-11-01,0,0.9678428585875649,1
27,2022-11-01,2022-12-01,0,0.9832888582149801,1
28,2015-02-01,2015-03-01,1,0.7227837534517306,1
28,2015-03-01,2015-04-01,1,0.5109915316892447,0
28,2015-04-01,2015-05-01,1,0.7917985060747215,1
28,2015-05-01,2015-06-01,1,0.7678749610453369,1
28,2015-06-01,2015-07-01,1,0.8464614892324177,1
28,2015-07-01,2015-08-01,1,0.8927424821710279,1
28,2015-08-01,2015-09-01,1,0.928780099476801,1
28,2015-09-01,2015-10-01,1,0.9443332143853828,1
28,2015-10-01,2015-11-01,1,0.8868682425062314,1
28,2015-11-01,2015-12-01,1,0.881364616434104,1
28,2015-12-01,2016-01-01,1,0.7994137436918248,1
28,2016-01-01,2016-02-01,1,0.8619714604453832,1
28,2016-02-01,2016-03-01,1,0.8494130539967246,1
28,2016-03-01,2016-04-01,1,0.7390420809245919,1
28,2016-04-01,2016-05-01,1,0.8920555966626434,1
28,2016-05-01,2016-06-01,1,0.8664359469669798,1
28,2016-06-01,2016-07-01,1,0.9407321536508577,1
28,2016-07-01,2016-08-01,1,0.9532336791609263,1
28,2016-08-01,2016-09-01,1,0.9691794627248862,1
28,2016-09-01,2016-10-01,1,0.9657089940336518,1
28,2016-10-01,2016-11-01,1,0.9480851969769588,1
28,2016-11-01,2016-12-01,1,0.9457937950692337,1
28,2016-12-01,2017-01-01,1,0.9081842252070383,1
28,2017-01-01,2017-02-01,1,0.9022397887249733,1
28,2017-02-01,2017-03-01,1,0.9178803819039091,1
28,2017-03-01,2017-04-01,1,0.8538575624588922,1
28,2017-04-01,2017-05-01,1,0.8981756463769855,1
28,2017-05-01,2017-06-01,1,0.9204625315971812,1
28,2017-06-01,2017-07-01,1,0.951503553802779,1
28,2017-07-01,2017-08-01,1,0.9591533591457406,1
28,2017-08-01,2017-09-01,1,0.9649952217593735,1
28,2017-09-01,2017-10-01,1,0.976470229835436,1
28,2017-10-01,2017-11-01,1,0.9508058561747879,1
28,2017-11-01,2017-12-01,1,0.9537939854317361,1
28,2017-12-01,2018-01-01,1,0.9328645701276109,1
28,2018-01-01,2018-02-01,1,0.9213126711401852,1
28,2018-02-01,2018-03-01,1,0.9011601719091309,1
28,2018-03-01,2018-04-01,1,0.7788736291888112,1
28,2018-04-01,2018-05-01,1,0.9187578913180809,1
28,2018-05-01,2018-06-01,1,0.9044665624596507,1
28,2018-06-01,2018-07-01,1,0.9813078871207492,1
28,2018-07-01,2018-08-01,1,0.9645774353759916,1
28,2018-08-01,2018-09-01,1,0.9769913998575823,1
28,2018-09-01,2018-10-01,1,0.987129537394895,1
28,2018-10-01,2018-11-01,1,0.9546365149828865,1
28,2018-11-01,2018-12-01,1,0.9518324920302986,1
28,2018-12-01,2019-01-01,1,0.8996170297539101,1
28,2019-01-01,2019-02-01,1,0.9432809871651541,1
28,2019-02-01,2019-03-01,1,0.9090246183413122,1
28,2019-03-01,2019-04-01,1,0.8236743332932625,1
28,2019-04-01,2019-05-01,1,0.914136719098426,1
28,2019-05-01,2019-06-01,1,0.905415085583153,1
28,2019-06-01,2019-07-01,1,0.938532933011003,1
28,2019-07-01,2019-08-01,1,0.9619821514778616,1
28,2019-08-01,2019-09-01,1,0.9675949976715291,1
28,2019-09-01,2019-10-01,1,0.9699320174607576,1
28,2019-10-01,2019-11-01,1,0.9394632865230921,1
28,2019-11-01,2019-12-01,1,0.9294456040242264,1
28,2019-12-01,2020-01-01,1,0.9057492246834122,1
28,2020-01-01,2020-02-01,1,0.8969715176635544,1
28,2020-02-01,2020-03-01,1,0.8199491215410312,1
28,2020-03-01,2020-04-01,0,0.6992074355092376,1
28,2020-04-01,2020-05-01,1,0.3258320040579481,0
28,2020-05-01,2020-06-01,1,0.1266602645553799,0
28,2020-06-01,2020-07-01,1,0.4226199802566709,0
28,2020-07-01,2020-08-01,1,0.3661878678834346,0
28,2020-08-01,2020-09-01,1,0.6307826173707544,0
28,2020-09-01,2020-10-01,1,0.6658785390774952,1
28,2020-10-01,2020-11-01,1,0.4752716562787545,0
28,2020-11-01,2020-12-01,1,0.49322675952365275,0
28,2020-12-01,2021-01-01,1,0.3090227761784854,0
28,2021-01-01,2021-02-01,1,0.33305392144838647,0
28,2021-02-01,2021-03-01,1,0.3391959389649519,0
28,2021-03-01,2021-04-01,1,0.25159983931886365,0
28,2021-04-01,2021-05-01,1,0.2803620885037241,0
28,2021-05-01,2021-06-01,1,0.29839809093857117,0
28,2021-06-01,2021-07-01,1,0.5028520843757794,0
28,2021-07-01,2021-08-01,1,0.6306293715894958,0
28,2021-08-01,2021-09-01,1,0.7764084980015308,1
28,2021-09-01,2021-10-01,1,0.6893232789327066,1
28,2021-10-01,2021-11-01,1,0.8018887963699624,1
28,2021-11-01,2021-12-01,1,0.8432126445740034,1
28,2021-12-01,2022-01-01,1,0.7185001246091861,1
28,2022-01-01,2022-02-01,1,0.6811497925148795,1
28,2022-02-01,2022-03-01,1,0.6643784709330535,1
28,2022-03-01,2022-04-01,1,0.6477443402408898,0
28,2022-04-01,2022-05-01,1,0.7553867627686932,1
28,2022-05-01,2022-06-01,1,0.6733993060611562,1
28,2022-06-01,2022-07-01,1,0.7834872356168362,1
28,2022-07-01,2022-08-01,1,0.8802074391753423,1
28,2022-08-01,2022-09-01,1,0.9440904368684817,1
28,2022-09-01,2022-10-01,1,0.8733145615685427,1
28,2022-10-01,2022-11-01,1,0.8804946888007096,1
28,2022-11-01,2022-12-01,1,0.9084012003352421,1
29,2015-02-01,2015-03-01,1,0.9751395668090913,1
29,2015-03-01,2015-04-01,1,0.8907239430722356,1
29,2015-04-01,2015-05-01,1,0.9756827920031506,1
29,2015-05-01,2015-06-01,1,0.983452604478685,1
29,2015-06-01,2015-07-01,1,0.9814779509608237,1
29,2015-07-01,2015-08-01,1,0.9824535767280549,1
29,2015-08-01,2015-09-01,1,0.9863290376300796,1
29,2015-09-01,2015-10-01,1,0.9881580380099219,1
29,2015-10-01,2015-11-01,1,0.9809228428239795,1
29,2015-11-01,2015-12-01,1,0.9783324322664098,1
29,2015-12-01,2016-01-01,1,0.9555148810409245,1
29,2016-01-01,2016-02-01,1,0.9623482752470854,1
29,2016-02-01,2016-03-01,1,0.9630427347478745,1
29,2016-03-01,2016-04-01,1,0.9416586728224425,1
29,2016-04-01,2016-05-01,1,0.9755339698871347,1
29,2016-05-01,2016-06-01,1,0.9789006753699114,1
29,2016-06-01,2016-07-01,1,0.9868155799866718,1
29,2016-07-01,2016-08-01,1,0.9913946953407781,1
29,2016-08-01,2016-09-01,1,0.9918344660432847,1
29,2016-09-01,2016-10-01,1,0.9879673633964869,1
29,2016-10-01,2016-11-01,1,0.9849298301620186,1
29,2016-11-01,2016-12-01,1,0.978023073666801,1
29,2016-12-01,2017-01-01,1,0.9615295066371626,1
29,2017-01-01,2017-02-01,1,0.9310187638097757,1
29,2017-02-01,2017-03-01,1,0.9704993652519567,1
29,2017-03-01,2017-04-01,1,0.9279617603980819,1
29,2017-04-01,2017-05-01,1,0.956154491055439,1
29,2017-05-01,2017-06-01,1,0.9640976670018353,1
29,2017-06-01,2017-07-01,1,0.9793066900942282,1
29,2017-07-01,2017-08-01,1,0.9783654739870702,1
29,2017-08-01,2017-09-01,1,0.9789803570535927,1
29,2017-09-01,2017-10-01,1,0.9797802806978523,1
29,2017-10-01,2017-11-01,1,0.956164025131505,1
29,2017-11-01,2017-12-01,1,0.9454980517611874,1
29,2017-12-01,2018-01-01,1,0.9277468542623258,1
29,2018-01-01,2018-02-01,1,0.9412154803239572,1
29,2018-02-01,2018-03-01,1,0.9513557262074224,1
29,2018-03-01,2018-04-01,1,0.8778411180236213,1
29,2018-04-01,2018-05-01,1,0.9651985170181215,1
29,2018-05-01,2018-06-01,1,0.9478525403452007,1
29,2018-06-01,2018-07-01,1,0.9837421341747493,1
29,2018-07-01,2018-08-01,1,0.9780615151211952,1
29,2018-08-01,2018-09-01,1,0.9873555890103229,1
29,2018-09-01,2018-10-01,1,0.9861139551689233,1
29,2018-10-01,2018-11-01,1,0.9725247898586115,1
29,2018-11-01,2018-12-01,1,0.9837815699379648,1
29,2018-12-01,2019-01-01,1,0.9408948691491043,1
29,2019-01-01,2019-02-01,1,0.9730659412084594,1
29,2019-02-01,2019-03-01,1,0.9643616292485616,1
29,2019-03-01,2019-04-01,1,0.9157034160702565,1
29,2019-04-01,2019-05-01,1,0.9600965416870956,1
29,2019-05-01,2019-06-01,1,0.9605276001599072,1
29,2019-06-01,2019-07-01,1,0.9819346179975575,1
29,2019-07-01,2019-08-01,1,0.9757493999845608,1
29,2019-08-01,2019-09-01,1,0.9889993711391931,1
29,2019-09-01,2019-10-01,1,0.9867580466482427,1
29,2019-10-01,2019-11-01,1,0.9762709962341143,1
29,2019-11-01,2019-12-01,1,0.9617234577062035,1
29,2019-12-01,2020-01-01,1,0.9333483300991033,1
29,2020-01-01,2020-02-01,1,0.9576659615895247,1
29,2020-02-01,2020-03-01,1,0.9170853536318126,1
29,2020-03-01,2020-04-01,1,0.921741800411449,1
29,2020-04-01,2020-05-01,1,0.9058967487937774,1
29,2020-05-01,2020-06-01,1,0.6528021077425362,0
29,2020-06-01,2020-07-01,1,0.9274000217617815,1
29,2020-07-01,2020-08-01,1,0.9134677749518173,1
29,2020-08-01,2020-09-01,1,0.9371316299924595,1
29,2020-09-01,2020-10-01,1,0.9333688321531696,1
29,2020-10-01,2020-11-01,1,0.8777859247829463,1
29,2020-11-01,2020-12-01,1,0.8854029194577886,1
29,2020-12-01,2021-01-01,1,0.8386510531275446,1
29,2021-01-01,2021-02-01,1,0.764349989656195,1
29,2021-02-01,2021-03-01,1,0.7243913336810599,1
29,2021-03-01,2021-04-01,1,0.6233390796781942,0
29,2021-04-01,2021-05-01,1,0.8347088024025939,1
29,2021-05-01,2021-06-01,1,0.7900162571246149,1
29,2021-06-01,2021-07-01,1,0.9089204748673627,1
29,2021-07-01,2021-08-01,1,0.9147952068938388,1
29,2021-08-01,2021-09-01,1,0.8821323979874669,1
29,2021-09-01,2021-10-01,1,0.8411451139065521,1
29,2021-10-01,2021-11-01,1,0.9046571616392314,1
29,2021-11-01,2021-12-01,1,0.8976359704687468,1
29,2021-12-01,2022-01-01,1,0.808548260842843,1
29,2022-01-01,2022-02-01,1,0.8210691538001231,1
29,2022-02-01,2022-03-01,1,0.7088919802369995,1
29,2022-03-01,2022-04-01,1,0.7955235185889633,1
29,2022-04-01,2022-05-01,1,0.8804672414948836,1
29,2022-05-01,2022-06-01,1,0.89957037781823,1
29,2022-06-01,2022-07-01,1,0.917850578486839,1
29,2022-07-01,2022-08-01,1,0.9317363901271233,1
29,2022-08-01,2022-09-01,1,0.9399959318131604,1
29,2022-09-01,2022-10-01,1,0.9633880337137194,1
29,2022-10-01,2022-11-01,1,0.953088246139291,1
29,2022-11-01,2022-12-01,1,0.9568784758921411,1
30,2015-02-01,2015-03-01,1,0.30926563070297897,0
30,2015-03-01,2015-04-01,1,0.24924726990881463,0
30,2015-04-01,2015-05-01,1,0.38406278878252426,0
30,2015-05-01,2015-06-01,0,0.3911349105958654,0
30,2015-06-01,2015-07-01,1,0.408920906684224,0
30,2015-07-01,2015-08-01,1,0.4764921276066852,0
30,2015-08-01,2015-09-01,1,0.46156561119708556,0
30,2015-09-01,2015-10-01,0,0.4516078590732526,0
30,2015-10-01,2015-11-01,0,0.3728725454374011,0
30,2015-11-01,2015-12-01,0,0.33652424161455885,0
30,2015-12-01,2016-01-01,1,0.31915376541767165,0
30,2016-01-01,2016-02-01,0,0.25920610885180795,0
30,2016-02-01,2016-03-01,1,0.3391763188283695,0
30,2016-03-01,2016-04-01,0,0.2714756888935409,0
30,2016-04-01,2016-05-01,1,0.46165785128517056,0
30,2016-05-01,2016-06-01,1,0.41408457341041005,0
30,2016-06-01,2016-07-01,1,0.4269304773863136,0
30,2016-07-01,2016-08-01,1,0.3734486564002266,0
30,2016-08-01,2016-09-01,1,0.49048437713190796,0
30,2016-09-01,2016-10-01,1,0.5218921544730827,0
30,2016-10-01,2016-11-01,0,0.40463052681750783,0
30,2016-11-01,2016-12-01,0,0.41270821536899094,0
30,2016-12-01,2017-01-01,0,0.3813280071654725,0
30,2017-01-01,2017-02-01,0,0.23791099069223098,0
30,2017-02-01,2017-03-01,0,0.36310466145907955,0
30,2017-03-01,2017-04-01,0,0.264873317594705,0
30,2017-04-01,2017-05-01,1,0.3063322603298853,0
30,2017-05-01,2017-06-01,1,0.3657554949877827,0
30,2017-06-01,2017-07-01,1,0.3870019065754176,0
30,2017-07-01,2017-08-01,1,0.3391279315581717,0
30,2017-08-01,2017-09-01,1,0.42696679853503744,0
30,2017-09-01,2017-10-01,0,0.4674835994420968,0
30,2017-10-01,2017-11-01,0,0.37263732543409744,0
30,2017-11-01,2017-12-01,0,0.37690904565581507,0
30,2017-12-01,2018-01-01,0,0.30657721760874573,0
30,2018-01-01,2018-02-01,0,0.30712197275897274,0
30,2018-02-01,2018-03-01,0,0.27959691831238453,0
30,2018-03-01,2018-04-01,0,0.23569990407130847,0
30,2018-04-01,2018-05-01,1,0.41655055301724175,0
30,2018-05-01,2018-06-01,1,0.32239550970772773,0
30,2018-06-01,2018-07-01,1,0.4302863494626747,0
30,2018-07-01,2018-08-01,1,0.4311007014357689,0
30,2018-08-01,2018-09-01,1,0.47818337433103636,0
30,2018-09-01,2018-10-01,1,0.4427887024231729,0
30,2018-10-01,2018-11-01,1,0.3781027650570499,0
30,2018-11-01,2018-12-01,1,0.39152925202414884,0
30,2018-12-01,2019-01-01,0,0.3058862692057102,0
30,2019-01-01,2019-02-01,0,0.3222082224159427,0
30,2019-02-01,2019-03-01,0,0.2560545587931871,0
30,2019-03-01,2019-04-01,1,0.26724424246345857,0
30,2019-04-01,2019-05-01,1,0.355949574460359,0
30,2019-05-01,2019-06-01,1,0.30270324679416666,0
30,2019-06-01,2019-07-01,1,0.38762326323412927,0
30,2019-07-01,2019-08-01,1,0.36296672360806237,0
30,2019-08-01,2019-09-01,1,0.3987454627290698,0
30,2019-09-01,2019-10-01,0,0.49050489039690437,0
30,2019-10-01,2019-11-01,0,0.373356324382763,0
30,2019-11-01,2019-12-01,0,0.28150758797271774,0
30,2019-12-01,2020-01-01,0,0.2803814028145198,0
30,2020-01-01,2020-02-01,0,0.28719893443367117,0
30,2020-02-01,2020-03-01,0,0.27641109073010656,0
30,2020-03-01,2020-04-01,0,0.258472652283807,0
30,2020-04-01,2020-05-01,0,0.23239291069909424,0
30,2020-05-01,2020-06-01,0,0.1663591210878844,0
30,2020-06-01,2020-07-01,0,0.30487539945717373,0
30,2020-07-01,2020-08-01,0,0.19452110385376892,0
30,2020-08-01,2020-09-01,0,0.3124846579549409,0
30,2020-09-01,2020-10-01,0,0.3382959329950472,0
30,2020-10-01,2020-11-01,0,0.2145621780387196,0
30,2020-11-01,2020-12-01,0,0.2554400141927281,0
30,2020-12-01,2021-01-01,0,0.19235101061679152,0
30,2021-01-01,2021-02-01,0,0.19620485495282117,0
30,2021-02-01,2021-03-01,0,0.15518997126293124,0
30,2021-03-01,2021-04-01,0,0.20692493630367756,0
30,2021-04-01,2021-05-01,0,0.17249141169074036,0
30,2021-05-01,2021-06-01,0,0.2142784982280786,0
30,2021-06-01,2021-07-01,0,0.2644484918586638,0
30,2021-07-01,2021-08-01,0,0.33394367071794107,0
30,2021-08-01,2021-09-01,0,0.18961560941660788,0
30,2021-09-01,2021-10-01,0,0.2732337774446868,0
30,2021-10-01,2021-11-01,0,0.27096598395490945,0
30,2021-11-01,2021-12-01,0,0.2915697587254985,0
30,2021-12-01,2022-01-01,0,0.17568810994522696,0
30,2022-01-01,2022-02-01,0,0.20686940767405199,0
30,2022-02-01,2022-03-01,0,0.17426805033970316,0
30,2022-03-01,2022-04-01,0,0.220968929044398,0
30,2022-04-01,2022-05-01,0,0.2569677751996303,0
30,2022-05-01,2022-06-01,0,0.24834380051072732,0
30,2022-06-01,2022-07-01,0,0.2455784721057008,0
30,2022-07-01,2022-08-01,0,0.3450082364383922,0
30,2022-08-01,2022-09-01,0,0.2955353482567084,0
30,2022-09-01,2022-10-01,0,0.3184472632288996,0
30,2022-10-01,2022-11-01,0,0.3733070368371123,0
30,2022-11-01,2022-12-01,0,0.3173460206775127,0
31,2015-02-01,2015-03-01,0,0.30073401167383723,0
31,2015-03-01,2015-04-01,0,0.1850420042163645,0
31,2015-04-01,2015-05-01,0,0.400187621405761,0
31,2015-05-01,2015-06-01,0,0.41394520889770686,0
31,2015-06-01,2015-07-01,0,0.5079299701909478,0
31,2015-07-01,2015-08-01,0,0.4783748129306006,0
31,2015-08-01,2015-09-01,0,0.49763217869700577,0
31,2015-09-01,2015-10-01,0,0.5112336309107802,0
31,2015-10-01,2015-11-01,0,0.4732096301631224,0
31,2015-11-01,2015-12-01,0,0.5161100424453027,0
31,2015-12-01,2016-01-01,0,0.3409716269796245,0
31,2016-01-01,2016-02-01,0,0.42046747656257,0
31,2016-02-01,2016-03-01,0,0.38583817547991794,0
31,2016-03-01,2016-04-01,0,0.3667289984924303,0
31,2016-04-01,2016-05-01,0,0.4662517183747771,0
31,2016-05-01,2016-06-01,0,0.45534227445898917,0
31,2016-06-01,2016-07-01,0,0.4481515013048744,0
31,2016-07-01,2016-08-01,0,0.551210045737311,0
31,2016-08-01,2016-09-01,0,0.6131611324792743,0
31,2016-09-01,2016-10-01,0,0.6412055363303543,0
31,2016-10-01,2016-11-01,0,0.5653628304691629,0
31,2016-11-01,2016-12-01,0,0.5891654625470559,0
31,2016-12-01,2017-01-01,0,0.46881836448328007,0
31,2017-01-01,2017-02-01,0,0.376671666418622,0
31,2017-02-01,2017-03-01,0,0.492908943157255,0
31,2017-03-01,2017-04-01,0,0.37525635088066395,0
31,2017-04-01,2017-05-01,0,0.3109451363284821,0
31,2017-05-01,2017-06-01,0,0.43473340676724453,0
31,2017-06-01,2017-07-01,0,0.44012034680152357,0
31,2017-07-01,2017-08-01,0,0.4704424818900152,0
31,2017-08-01,2017-09-01,0,0.5643636948834276,0
31,2017-09-01,2017-10-01,0,0.5633830820785869,0
31,2017-10-01,2017-11-01,0,0.4569034118505637,0
31,2017-11-01,2017-12-01,0,0.48444687345666027,0
31,2017-12-01,2018-01-01,0,0.5170328016659519,0
31,2018-01-01,2018-02-01,0,0.44767844069499707,0
31,2018-02-01,2018-03-01,0,0.33809787047806045,0
31,2018-03-01,2018-04-01,0,0.285693479462107,0
31,2018-04-01,2018-05-01,0,0.4442802390204433,0
31,2018-05-01,2018-06-01,0,0.3913387700320153,0
31,2018-06-01,2018-07-01,0,0.5454622352374487,0
31,2018-07-01,2018-08-01,0,0.6612539074103736,1
31,2018-08-01,2018-09-01,0,0.6590163350544702,1
31,2018-09-01,2018-10-01,0,0.6147394169234889,0
31,2018-10-01,2018-11-01,0,0.5766571388503211,0
31,2018-11-01,2018-12-01,0,0.623188297578433,0
31,2018-12-01,2019-01-01,0,0.5290625101188066,0
31,2019-01-01,2019-02-01,0,0.4934248225435425,0
31,2019-02-01,2019-03-01,0,0.4724397726553787,0
31,2019-03-01,2019-04-01,0,0.3216525697035032,0
31,2019-04-01,2019-05-01,0,0.46698604616215994,0
31,2019-05-01,2019-06-01,0,0.4799859754518989,0
31,2019-06-01,2019-07-01,0,0.5154479360095067,0
31,2019-07-01,2019-08-01,0,0.4932720956864814,0
31,2019-08-01,2019-09-01,0,0.5756789123696452,0
31,2019-09-01,2019-10-01,0,0.5971120112175069,0
31,2019-10-01,2019-11-01,0,0.5860906654008744,0
31,2019-11-01,2019-12-01,0,0.4550322340720504,0
31,2019-12-01,2020-01-01,0,0.6058707809827611,0
31,2020-01-01,2020-02-01,0,0.5737517991720039,0
31,2020-02-01,2020-03-01,0,0.3040530149108524,0
31,2020-03-01,2020-04-01,0,0.4195109239869627,0
31,2020-04-01,2020-05-01,0,0.4100949465182449,0
31,2020-05-01,2020-06-01,0,0.12258994810586138,0
31,2020-06-01,2020-07-01,0,0.2519122408077286,0
31,2020-07-01,2020-08-01,0,0.23187003215644073,0
31,2020-08-01,2020-09-01,0,0.3329395191441052,0
31,2020-09-01,2020-10-01,0,0.38143718413295463,0
31,2020-10-01,2020-11-01,0,0.30765633747865917,0
31,2020-11-01,2020-12-01,0,0.27587874938729456,0
31,2020-12-01,2021-01-01,0,0.18556954571401219,0
31,2021-01-01,2021-02-01,0,0.18600091100305768,0
31,2021-02-01,2021-03-01,0,0.18116374676976735,0
31,2021-03-01,2021-04-01,0,0.11643427638356182,0
31,2021-04-01,2021-05-01,0,0.194037876667414,0
31,2021-05-01,2021-06-01,0,0.2341036595778687,0
31,2021-06-01,2021-07-01,0,0.2962798141311816,0
31,2021-07-01,2021-08-01,0,0.30262091403675057,0
31,2021-08-01,2021-09-01,0,0.26777070664182356,0
31,2021-09-01,2021-10-01,0,0.2979927566289906,0
31,2021-10-01,2021-11-01,0,0.37302355356339334,0
31,2021-11-01,2021-12-01,0,0.3964347724593361,0
31,2021-12-01,2022-01-01,0,0.27323020139241994,0
31,2022-01-01,2022-02-01,0,0.2875568325715771,0
31,2022-02-01,2022-03-01,0,0.24517329748877276,0
31,2022-03-01,2022-04-01,0,0.26917349388823586,0
31,2022-04-01,2022-05-01,0,0.3477970830726677,0
31,2022-05-01,2022-06-01,0,0.4326511072399751,0
31,2022-06-01,2022-07-01,0,0.42416028829512653,0
31,2022-07-01,2022-08-01,0,0.48400411069940985,0
31,2022-08-01,2022-09-01,0,0.5409424190833578,0
31,2022-09-01,2022-10-01,0,0.5423008886340488,0
31,2022-10-01,2022-11-01,0,0.49606797103162836,0
31,2022-11-01,2022-12-01,0,0.44858856784981566,0
32,2015-02-01,2015-03-01,1,0.8670723886313754,1
32,2015-03-01,2015-04-01,1,0.6741138028295539,1
32,2015-04-01,2015-05-01,1,0.8932776046410932,1
32,2015-05-01,2015-06-01,1,0.9421184715863723,1
32,2015-06-01,2015-07-01,1,0.964166425530151,1
32,2015-07-01,2015-08-01,1,0.9689352556484797,1
32,2015-08-01,2015-09-01,1,0.9807695670173885,1
32,2015-09-01,2015-10-01,1,0.9864805599453316,1
32,2015-10-01,2015-11-01,1,0.9636019934395762,1
32,2015-11-01,2015-12-01,1,0.9620920992935608,1
32,2015-12-01,2016-01-01,1,0.9596361393144923,1
32,2016-01-01,2016-02-01,1,0.9625641050467807,1
32,2016-02-01,2016-03-01,1,0.9684594799173735,1
32,2016-03-01,2016-04-01,1,0.9266588749383656,1
32,2016-04-01,2016-05-01,1,0.968143950199884,1
32,2016-05-01,2016-06-01,1,0.9533286784094952,1
32,2016-06-01,2016-07-01,1,0.9788558105071758,1
32,2016-07-01,2016-08-01,1,0.9886263100683531,1
32,2016-08-01,2016-09-01,1,0.990941698912211,1
32,2016-09-01,2016-10-01,1,0.9936620723711519,1
32,2016-10-01,2016-11-01,1,0.9894759705472952,1
32,2016-11-01,2016-12-01,1,0.9897563449438934,1
32,2016-12-01,2017-01-01,1,0.9816611414873857,1
32,2017-01-01,2017-02-01,1,0.9722657364514445,1
32,2017-02-01,2017-03-01,1,0.9781134030776412,1
32,2017-03-01,2017-04-01,1,0.9356928886970914,1
32,2017-04-01,2017-05-01,1,0.9682098028306775,1
32,2017-05-01,2017-06-01,1,0.9802786666357782,1
32,2017-06-01,2017-07-01,1,0.9830807885170725,1
32,2017-07-01,2017-08-01,1,0.9935318382978903,1
32,2017-08-01,2017-09-01,1,0.9963589395005275,1
32,2017-09-01,2017-10-01,1,0.9961679539788632,1
32,2017-10-01,2017-11-01,1,0.994353203891703,1
32,2017-11-01,2017-12-01,1,0.9944368342241996,1
32,2017-12-01,2018-01-01,1,0.9908324619855168,1
32,2018-01-01,2018-02-01,1,0.9918003303676688,1
32,2018-02-01,2018-03-01,1,0.9798397456750495,1
32,2018-03-01,2018-04-01,1,0.9129058886260144,1
32,2018-04-01,2018-05-01,1,0.9780326401857962,1
32,2018-05-01,2018-06-01,1,0.9910100104107048,1
32,2018-06-01,2018-07-01,1,0.9960608289664415,1
32,2018-07-01,2018-08-01,1,0.9957598608031198,1
32,2018-08-01,2018-09-01,1,0.9979578075992538,1
32,2018-09-01,2018-10-01,1,0.9969969244770497,1
32,2018-10-01,2018-11-01,1,0.9932281550457314,1
32,2018-11-01,2018-12-01,1,0.99417553083623,1
32,2018-12-01,2019-01-01,1,0.9854861825901411,1
32,2019-01-01,2019-02-01,1,0.9899644450684144,1
32,2019-02-01,2019-03-01,1,0.9808627042948524,1
32,2019-03-01,2019-04-01,1,0.9689401240553471,1
32,2019-04-01,2019-05-01,1,0.97825715823381,1
32,2019-05-01,2019-06-01,1,0.9814964176196553,1
32,2019-06-01,2019-07-01,1,0.992737636842351,1
32,2019-07-01,2019-08-01,1,0.9946203514054198,1
32,2019-08-01,2019-09-01,1,0.996032595782855,1
32,2019-09-01,2019-10-01,1,0.9937045366700208,1
32,2019-10-01,2019-11-01,1,0.9879369909618414,1
32,2019-11-01,2019-12-01,1,0.9909869253297119,1
32,2019-12-01,2020-01-01,1,0.9863340705605856,1
32,2020-01-01,2020-02-01,1,0.9841309250040109,1
32,2020-02-01,2020-03-01,1,0.9525744874590435,1
32,2020-03-01,2020-04-01,0,0.9368979370352803,1
32,2020-04-01,2020-05-01,1,0.608990228838113,0
32,2020-05-01,2020-06-01,0,0.0801710202258169,0
32,2020-06-01,2020-07-01,1,0.5368924092259449,0
32,2020-07-01,2020-08-01,1,0.4328930440819749,0
32,2020-08-01,2020-09-01,1,0.6776013451346423,1
32,2020-09-01,2020-10-01,1,0.8587329960278498,1
32,2020-10-01,2020-11-01,0,0.6548067187471216,0
32,2020-11-01,2020-12-01,0,0.6235554292038287,0
32,2020-12-01,2021-01-01,0,0.40306422364690364,0
32,2021-01-01,2021-02-01,0,0.48508325237480204,0
32,2021-02-01,2021-03-01,0,0.41020975072453186,0
32,2021-03-01,2021-04-01,0,0.30493437637626497,0
32,2021-04-01,2021-05-01,1,0.37415858577536015,0
32,2021-05-01,2021-06-01,1,0.4466314626432586,0
32,2021-06-01,2021-07-01,1,0.7157032676734855,1
32,2021-07-01,2021-08-01,1,0.9509299401018569,1
32,2021-08-01,2021-09-01,1,0.9071375861803747,1
32,2021-09-01,2021-10-01,1,0.901732895859187,1
32,2021-10-01,2021-11-01,1,0.9304979177818296,1
32,2021-11-01,2021-12-01,1,0.959709949581755,1
32,2021-12-01,2022-01-01,1,0.8911553816248364,1
32,2022-01-01,2022-02-01,1,0.8704739050587162,1
32,2022-02-01,2022-03-01,1,0.8819957659270389,1
32,2022-03-01,2022-04-01,1,0.8285981822779798,1
32,2022-04-01,2022-05-01,1,0.9405894335545205,1
32,2022-05-01,2022-06-01,1,0.875675896982901,1
32,2022-06-01,2022-07-01,1,0.9669651286127425,1
32,2022-07-01,2022-08-01,1,0.9941708450667037,1
32,2022-08-01,2022-09-01,1,0.9895765651217134,1
32,2022-09-01,2022-10-01,1,0.987433058495898,1
32,2022-10-01,2022-11-01,1,0.9798681256184938,1
32,2022-11-01,2022-12-01,1,0.983911628312787,1
33,2015-02-01,2015-03-01,0,0.31012184836860535,0
33,2015-03-01,2015-04-01,0,0.18412423717952348,0
33,2015-04-01,2015-05-01,0,0.43850298276368405,0
33,2015-05-01,2015-06-01,0,0.5287539880076024,0
33,2015-06-01,2015-07-01,0,0.6546577594766445,0
33,2015-07-01,2015-08-01,0,0.6453657456121377,0
33,2015-08-01,2015-09-01,0,0.722798110876943,1
33,2015-09-01,2015-10-01,0,0.7537861317360929,1
33,2015-10-01,2015-11-01,0,0.6712850779850662,1
33,2015-11-01,2015-12-01,0,0.5716576285467196,0
33,2015-12-01,2016-01-01,0,0.5310234556582222,0
33,2016-01-01,2016-02-01,0,0.5120326775099009,0
33,2016-02-01,2016-03-01,0,0.681540523948419,1
33,2016-03-01,2016-04-01,0,0.5489009261490574,0
33,2016-04-01,2016-05-01,0,0.7147888877910011,1
33,2016-05-01,2016-06-01,0,0.5650134709990218,0
33,2016-06-01,2016-07-01,0,0.7253419651579688,1
33,2016-07-01,2016-08-01,0,0.7019081434029419,1
33,2016-08-01,2016-09-01,0,0.8534165663066365,1
33,2016-09-01,2016-10-01,0,0.8032231705708918,1
33,2016-10-01,2016-11-01,0,0.7470111731746609,1
33,2016-11-01,2016-12-01,0,0.77592320495394,1
33,2016-12-01,2017-01-01,0,0.7441133113829238,1
33,2017-01-01,2017-02-01,0,0.6144041416652332,0
33,2017-02-01,2017-03-01,0,0.6887238874698836,1
33,2017-03-01,2017-04-01,0,0.5333651404342313,0
33,2017-04-01,2017-05-01,0,0.6116170137091671,0
33,2017-05-01,2017-06-01,0,0.7208717884535595,1
33,2017-06-01,2017-07-01,0,0.6472757838294914,0
33,2017-07-01,2017-08-01,0,0.785242591960872,1
33,2017-08-01,2017-09-01,0,0.7189463216501047,1
33,2017-09-01,2017-10-01,0,0.8310745586699297,1
33,2017-10-01,2017-11-01,0,0.644572571328668,0
33,2017-11-01,2017-12-01,0,0.6170452681696538,0
33,2017-12-01,2018-01-01,0,0.6891537122544632,1
33,2018-01-01,2018-02-01,0,0.6598183670133623,1
33,2018-02-01,2018-03-01,0,0.6093262237794317,0
33,2018-03-01,2018-04-01,0,0.48517363035595434,0
33,2018-04-01,2018-05-01,0,0.6257725156079165,0
33,2018-05-01,2018-06-01,0,0.7314110962690755,1
33,2018-06-01,2018-07-01,0,0.8386491471438101,1
33,2018-07-01,2018-08-01,0,0.852925414343167,1
33,2018-08-01,2018-09-01,0,0.9163051736147356,1
33,2018-09-01,2018-10-01,0,0.8507142944233699,1
33,2018-10-01,2018-11-01,0,0.7350004593159472,1
33,2018-11-01,2018-12-01,0,0.6980389492102818,1
33,2018-12-01,2019-01-01,0,0.628989706156067,0
33,2019-01-01,2019-02-01,0,0.7677661562030519,1
33,2019-02-01,2019-03-01,0,0.6591371838150748,1
33,2019-03-01,2019-04-01,0,0.5839231324519153,0
33,2019-04-01,2019-05-01,0,0.7020057876902518,1
33,2019-05-01,2019-06-01,0,0.5825467598461802,0
33,2019-06-01,2019-07-01,0,0.7365403609207122,1
33,2019-07-01,2019-08-01,0,0.7689905009103261,1
33,2019-08-01,2019-09-01,0,0.8015065649473776,1
33,2019-09-01,2019-10-01,0,0.8158438558360203,1
33,2019-10-01,2019-11-01,0,0.6922674158047543,1
33,2019-11-01,2019-12-01,0,0.7797786360853992,1
33,2019-12-01,2020-01-01,0,0.6834835658945758,1
33,2020-01-01,2020-02-01,0,0.7294300254521536,1
33,2020-02-01,2020-03-01,0,0.5378692140322853,0
33,2020-03-01,2020-04-01,0,0.4432278506383457,0
33,2020-04-01,2020-05-01,0,0.20497875079797692,0
33,2020-05-01,2020-06-01,0,0.07133589270348804,0
33,2020-06-01,2020-07-01,0,0.22064011218545435,0
33,2020-07-01,2020-08-01,0,0.15028522902235977,0
33,2020-08-01,2020-09-01,0,0.2350327759727122,0
33,2020-09-01,2020-10-01,0,0.2533624046653032,0
33,2020-10-01,2020-11-01,0,0.21395782743968272,0
33,2020-11-01,2020-12-01,0,0.19820265853952745,0
33,2020-12-01,2021-01-01,0,0.24567386845781747,0
33,2021-01-01,2021-02-01,0,0.15324560263911643,0
33,2021-02-01,2021-03-01,0,0.10609287440725737,0
33,2021-03-01,2021-04-01,0,0.09849853606398232,0
33,2021-04-01,2021-05-01,0,0.16105481246749073,0
33,2021-05-01,2021-06-01,0,0.13895633746430155,0
33,2021-06-01,2021-07-01,0,0.18332775061374462,0
33,2021-07-01,2021-08-01,0,0.3205540168646035,0
33,2021-08-01,2021-09-01,0,0.4097838683243472,0
33,2021-09-01,2021-10-01,0,0.29502543644482987,0
33,2021-10-01,2021-11-01,0,0.33298894611837665,0
33,2021-11-01,2021-12-01,0,0.42219238179767166,0
33,2021-12-01,2022-01-01,0,0.30962903093476685,0
33,2022-01-01,2022-02-01,0,0.312782925849242,0
33,2022-02-01,2022-03-01,0,0.3100038722206936,0
33,2022-03-01,2022-04-01,0,0.23170686124890252,0
33,2022-04-01,2022-05-01,0,0.5606432296410148,0
33,2022-05-01,2022-06-01,0,0.3618502590629743,0
33,2022-06-01,2022-07-01,0,0.5632590435646891,0
33,2022-07-01,2022-08-01,0,0.6714112135267746,1
33,2022-08-01,2022-09-01,0,0.8699105301871516,1
33,2022-09-01,2022-10-01,0,0.7187216010004295,1
33,2022-10-01,2022-11-01,0,0.5883024223442003,0
33,2022-11-01,2022-12-01,0,0.6521888779209278,0
34,2015-02-01,2015-03-01,0,0.4179770513048142,0
34,2015-03-01,2015-04-01,0,0.2596473499668996,0
34,2015-04-01,2015-05-01,0,0.38826484610815565,0
34,2015-05-01,2015-06-01,0,0.25536787039215525,0
34,2015-06-01,2015-07-01,0,0.39209207561496257,0
34,2015-07-01,2015-08-01,0,0.40333971858573636,0
34,2015-08-01,2015-09-01,0,0.3140458194937791,0
34,2015-09-01,2015-10-01,0,0.36300261028428044,0
34,2015-10-01,2015-11-01,0,0.37358057588281945,0
34,2015-11-01,2015-12-01,0,0.37935854429836713,0
34,2015-12-01,2016-01-01,0,0.29731221166839766,0
34,2016-01-01,2016-02-01,0,0.24422962504800244,0
34,2016-02-01,2016-03-01,0,0.35082508179949695,0
34,2016-03-01,2016-04-01,0,0.25607771983191546,0
34,2016-04-01,2016-05-01,0,0.31454859198791274,0
34,2016-05-01,2016-06-01,0,0.31080478870282674,0
34,2016-06-01,2016-07-01,0,0.31615936413733536,0
34,2016-07-01,2016-08-01,0,0.4128204996478651,0
34,2016-08-01,2016-09-01,0,0.6450209633597094,0
34,2016-09-01,2016-10-01,0,0.6223578218130661,0
34,2016-10-01,2016-11-01,0,0.602338170245462,0
34,2016-11-01,2016-12-01,0,0.4730836184769188,0
34,2016-12-01,2017-01-01,0,0.41550659337546014,0
34,2017-01-01,2017-02-01,0,0.34664065186912413,0
34,2017-02-01,2017-03-01,0,0.38551004787630366,0
34,2017-03-01,2017-04-01,0,0.30256462285079877,0
34,2017-04-01,2017-05-01,0,0.38361501031503065,0
34,2017-05-01,2017-06-01,0,0.31711016295165445,0
34,2017-06-01,2017-07-01,0,0.3041810455972568,0
34,2017-07-01,2017-08-01,0,0.6454925559230502,0
34,2017-08-01,2017-09-01,0,0.47617749915889324,0
34,2017-09-01,2017-10-01,0,0.5499920791667798,0
34,2017-10-01,2017-11-01,0,0.4315166700914057,0
34,2017-11-01,2017-12-01,0,0.5432942446186512,0
34,2017-12-01,2018-01-01,0,0.2922472666296166,0
34,2018-01-01,2018-02-01,0,0.34772954263006745,0
34,2018-02-01,2018-03-01,0,0.30674740079713364,0
34,2018-03-01,2018-04-01,0,0.27086033785865365,0
34,2018-04-01,2018-05-01,0,0.42091346960424364,0
34,2018-05-01,2018-06-01,0,0.5010645604700394,0
34,2018-06-01,2018-07-01,0,0.6664053182836446,1
34,2018-07-01,2018-08-01,0,0.5529106900026035,0
34,2018-08-01,2018-09-01,0,0.5617154130412416,0
34,2018-09-01,2018-10-01,0,0.5447097773808885,0
34,2018-10-01,2018-11-01,0,0.44410435126040393,0
34,2018-11-01,2018-12-01,0,0.5527510134535035,0
34,2018-12-01,2019-01-01,0,0.536324504964563,0
34,2019-01-01,2019-02-01,0,0.594955859542633,0
34,2019-02-01,2019-03-01,0,0.37608263763102934,0
34,2019-03-01,2019-04-01,0,0.28151553393320594,0
34,2019-04-01,2019-05-01,0,0.45680922588860606,0
34,2019-05-01,2019-06-01,0,0.3788552644310169,0
34,2019-06-01,2019-07-01,0,0.5361741537680499,0
34,2019-07-01,2019-08-01,0,0.6126107534303687,0
34,2019-08-01,2019-09-01,0,0.4946219723930878,0
34,2019-09-01,2019-10-01,0,0.6155284183758454,0
34,2019-10-01,2019-11-01,0,0.48538084053926706,0
34,2019-11-01,2019-12-01,0,0.5714278297668579,0
34,2019-12-01,2020-01-01,0,0.45155475821898367,0
34,2020-01-01,2020-02-01,0,0.4199275852951237,0
34,2020-02-01,2020-03-01,0,0.42189694974831576,0
34,2020-03-01,2020-04-01,0,0.4587390403071889,0
34,2020-04-01,2020-05-01,0,0.14897423692627812,0
34,2020-05-01,2020-06-01,0,0.13040965420892317,0
34,2020-06-01,2020-07-01,0,0.32962104359793754,0
34,2020-07-01,2020-08-01,0,0.1766232679514089,0
34,2020-08-01,2020-09-01,0,0.22528325836399585,0
34,2020-09-01,2020-10-01,0,0.24796805766407656,0
34,2020-10-01,2020-11-01,0,0.22499856085000236,0
34,2020-11-01,2020-12-01,0,0.23843109246718186,0
34,2020-12-01,2021-01-01,0,0.1953662937907774,0
34,2021-01-01,2021-02-01,0,0.23867989883570112,0
34,2021-02-01,2021-03-01,0,0.1704971543647419,0
34,2021-03-01,2021-04-01,0,0.1376365832202053,0
34,2021-04-01,2021-05-01,0,0.3165515669092561,0
34,2021-05-01,2021-06-01,0,0.16223687473199389,0
34,2021-06-01,2021-07-01,0,0.18433346973992876,0
34,2021-07-01,2021-08-01,0,0.23136931288748178,0
34,2021-08-01,2021-09-01,0,0.272819304460386,0
34,2021-09-01,2021-10-01,0,0.23392664266024446,0
34,2021-10-01,2021-11-01,0,0.3152514017594084,0
34,2021-11-01,2021-12-01,0,0.37625108331972645,0
34,2021-12-01,2022-01-01,0,0.24160204562264273,0
34,2022-01-01,2022-02-01,0,0.28300672144339206,0
34,2022-02-01,2022-03-01,0,0.2988353884682709,0
34,2022-03-01,2022-04-01,0,0.27369341845142975,0
34,2022-04-01,2022-05-01,0,0.26968877039132333,0
34,2022-05-01,2022-06-01,0,0.37320414466624413,0
34,2022-06-01,2022-07-01,0,0.4393570149632797,0
34,2022-07-01,2022-08-01,0,0.6251366427350402,0
34,2022-08-01,2022-09-01,0,0.49202998825360245,0
34,2022-09-01,2022-10-01,0,0.4901838348850471,0
34,2022-10-01,2022-11-01,0,0.5408967721621997,0
34,2022-11-01,2022-12-01,0,0.4867285969871288,0
35,2015-02-01,2015-03-01,0,0.1335729064556317,0
35,2015-03-01,2015-04-01,0,0.06165936022781833,0
35,2015-04-01,2015-05-01,0,0.08865571584945424,0
35,2015-05-01,2015-06-01,0,0.08371195041188191,0
35,2015-06-01,2015-07-01,0,0.08520846308938615,0
35,2015-07-01,2015-08-01,0,0.11213895646721006,0
35,2015-08-01,2015-09-01,0,0.2140326555357971,0
35,2015-09-01,2015-10-01,0,0.15887679930726206,0
35,2015-10-01,2015-11-01,0,0.16124210301057695,0
35,2015-11-01,2015-12-01,0,0.2120757935246089,0
35,2015-12-01,2016-01-01,0,0.14390025361276282,0
35,2016-01-01,2016-02-01,0,0.14274779594332487,0
35,2016-02-01,2016-03-01,0,0.1487175586285796,0
35,2016-03-01,2016-04-01,0,0.10763547345346686,0
35,2016-04-01,2016-05-01,0,0.1357223007056703,0
35,2016-05-01,2016-06-01,0,0.08978962431398364,0
35,2016-06-01,2016-07-01,0,0.11415680389206542,0
35,2016-07-01,2016-08-01,0,0.08827841909294651,0
35,2016-08-01,2016-09-01,0,0.12485775086167426,0
35,2016-09-01,2016-10-01,0,0.14159443652961118,0
35,2016-10-01,2016-11-01,0,0.18524086996577172,0
35,2016-11-01,2016-12-01,0,0.1937675216798995,0
35,2016-12-01,2017-01-01,0,0.16935533093982436,0
35,2017-01-01,2017-02-01,0,0.09395497927673231,0
35,2017-02-01,2017-03-01,0,0.08723121479307559,0
35,2017-03-01,2017-04-01,0,0.12047975321198844,0
35,2017-04-01,2017-05-01,0,0.1337806725734648,0
35,2017-05-01,2017-06-01,0,0.12932839052883086,0
35,2017-06-01,2017-07-01,0,0.15063726055061,0
35,2017-07-01,2017-08-01,0,0.19503197648276122,0
35,2017-08-01,2017-09-01,0,0.15425728127704494,0
35,2017-09-01,2017-10-01,0,0.2209142055683136,0
35,2017-10-01,2017-11-01,0,0.1072148233632079,0
35,2017-11-01,2017-12-01,0,0.1527643969728388,0
35,2017-12-01,2018-01-01,0,0.11523328715607196,0
35,2018-01-01,2018-02-01,0,0.11658865780774329,0
35,2018-02-01,2018-03-01,0,0.1149888205081635,0
35,2018-03-01,2018-04-01,0,0.08858538169877947,0
35,2018-04-01,2018-05-01,0,0.08916636217206471,0
35,2018-05-01,2018-06-01,0,0.13659293916243093,0
35,2018-06-01,2018-07-01,0,0.14560178808426247,0
35,2018-07-01,2018-08-01,0,0.178362585627226,0
35,2018-08-01,2018-09-01,0,0.15866626680534165,0
35,2018-09-01,2018-10-01,0,0.1573673770826841,0
35,2018-10-01,2018-11-01,0,0.12194408440089885,0
35,2018-11-01,2018-12-01,0,0.1286142785672585,0
35,2018-12-01,2019-01-01,0,0.14482743836211423,0
35,2019-01-01,2019-02-01,0,0.13410853375362328,0
35,2019-02-01,2019-03-01,0,0.07690230221896319,0
35,2019-03-01,2019-04-01,0,0.10485998803088066,0
35,2019-04-01,2019-05-01,0,0.10115060132889299,0
35,2019-05-01,2019-06-01,0,0.09075841844598942,0
35,2019-06-01,2019-07-01,0,0.14960682551851998,0
35,2019-07-01,2019-08-01,0,0.1994971668199738,0
35,2019-08-01,2019-09-01,0,0.1331761088553592,0
35,2019-09-01,2019-10-01,0,0.17186008837158107,0
35,2019-10-01,2019-11-01,0,0.18606615015300917,0
35,2019-11-01,2019-12-01,0,0.1606751566349358,0
35,2019-12-01,2020-01-01,0,0.1929990643645292,0
35,2020-01-01,2020-02-01,0,0.14297758927770146,0
35,2020-02-01,2020-03-01,0,0.1155447626154497,0
35,2020-03-01,2020-04-01,0,0.1199455426965054,0
35,2020-04-01,2020-05-01,0,0.07534292129107019,0
35,2020-05-01,2020-06-01,0,0.06288633928506616,0
35,2020-06-01,2020-07-01,0,0.09575098309340407,0
35,2020-07-01,2020-08-01,0,0.09996554614071301,0
35,2020-08-01,2020-09-01,0,0.10166064342429015,0
35,2020-09-01,2020-10-01,0,0.12434211916971105,0
35,2020-10-01,2020-11-01,0,0.06505073441742466,0
35,2020-11-01,2020-12-01,0,0.09208869002633059,0
35,2020-12-01,2021-01-01,0,0.07413181845105903,0
35,2021-01-01,2021-02-01,0,0.08426716278933286,0
35,2021-02-01,2021-03-01,0,0.0986240836836947,0
35,2021-03-01,2021-04-01,0,0.06696974811815858,0
35,2021-04-01,2021-05-01,0,0.0762122758057161,0
35,2021-05-01,2021-06-01,0,0.07384363023024801,0
35,2021-06-01,2021-07-01,0,0.0909152676078951,0
35,2021-07-01,2021-08-01,0,0.09409038872639736,0
35,2021-08-01,2021-09-01,0,0.11203558593664949,0
35,2021-09-01,2021-10-01,0,0.09096545012930791,0
35,2021-10-01,2021-11-01,0,0.13165801325533727,0
35,2021-11-01,2021-12-01,0,0.10771742325781399,0
35,2021-12-01,2022-01-01,0,0.09823413795146883,0
35,2022-01-01,2022-02-01,0,0.12333082054628314,0
35,2022-02-01,2022-03-01,0,0.1149657922967258,0
35,2022-03-01,2022-04-01,0,0.1031251245760481,0
35,2022-04-01,2022-05-01,0,0.13706237260968968,0
35,2022-05-01,2022-06-01,0,0.11830695700088008,0
35,2022-06-01,2022-07-01,0,0.16696594746544052,0
35,2022-07-01,2022-08-01,0,0.1258377756215732,0
35,2022-08-01,2022-09-01,0,0.3014205299321965,0
35,2022-09-01,2022-10-01,0,0.1949333643264218,0
35,2022-10-01,2022-11-01,0,0.1498940988711899,0
35,2022-11-01,2022-12-01,0,0.20044558926558467,0
36,2015-02-01,2015-03-01,0,0.2692312603024993,0
36,2015-03-01,2015-04-01,0,0.09910130763614418,0
36,2015-04-01,2015-05-01,0,0.19101148712151544,0
36,2015-05-01,2015-06-01,0,0.1952560729180482,0
36,2015-06-01,2015-07-01,0,0.29777444732650343,0
36,2015-07-01,2015-08-01,0,0.266295084114245,0
36,2015-08-01,2015-09-01,0,0.19899241004064863,0
36,2015-09-01,2015-10-01,0,0.14267578029766942,0
36,2015-10-01,2015-11-01,0,0.23265493330335332,0
36,2015-11-01,2015-12-01,0,0.22754177533862902,0
36,2015-12-01,2016-01-01,0,0.2445787273398137,0
36,2016-01-01,2016-02-01,0,0.10775856034000272,0
36,2016-02-01,2016-03-01,0,0.1481757459384486,0
36,2016-03-01,2016-04-01,0,0.14866130847888995,0
36,2016-04-01,2016-05-01,0,0.33603569901823943,0
36,2016-05-01,2016-06-01,0,0.17498630946541593,0
36,2016-06-01,2016-07-01,0,0.23232423099472413,0
36,2016-07-01,2016-08-01,0,0.31541327529779584,0
36,2016-08-01,2016-09-01,0,0.251385943629787,0
36,2016-09-01,2016-10-01,0,0.4085569432896258,0
36,2016-10-01,2016-11-01,0,0.3593975176727849,0
36,2016-11-01,2016-12-01,0,0.5981140206231794,0
36,2016-12-01,2017-01-01,0,0.19127578193221137,0
36,2017-01-01,2017-02-01,0,0.1905137711580752,0
36,2017-02-01,2017-03-01,0,0.22990191207091354,0
36,2017-03-01,2017-04-01,0,0.14747379605502764,0
36,2017-04-01,2017-05-01,0,0.19318146094362137,0
36,2017-05-01,2017-06-01,0,0.24304903691297647,0
36,2017-06-01,2017-07-01,0,0.19341056324818048,0
36,2017-07-01,2017-08-01,0,0.24781988560890075,0
36,2017-08-01,2017-09-01,0,0.2842824366156286,0
36,2017-09-01,2017-10-01,0,0.24936701436344827,0
36,2017-10-01,2017-11-01,0,0.14038784284063657,0
36,2017-11-01,2017-12-01,0,0.20991725964546804,0
36,2017-12-01,2018-01-01,0,0.3811552786713564,0
36,2018-01-01,2018-02-01,0,0.1841685991155221,0
36,2018-02-01,2018-03-01,0,0.222844514235584,0
36,2018-03-01,2018-04-01,0,0.15583953477109963,0
36,2018-04-01,2018-05-01,0,0.24816378680454698,0
36,2018-05-01,2018-06-01,0,0.2522166099329462,0
36,2018-06-01,2018-07-01,0,0.3540401898470189,0
36,2018-07-01,2018-08-01,0,0.26003432943333965,0
36,2018-08-01,2018-09-01,0,0.2510461114344381,0
36,2018-09-01,2018-10-01,0,0.22221515358503474,0
36,2018-10-01,2018-11-01,0,0.18932348056960996,0
36,2018-11-01,2018-12-01,0,0.15285128717879815,0
36,2018-12-01,2019-01-01,0,0.2139779464937494,0
36,2019-01-01,2019-02-01,0,0.17037291905108903,0
36,2019-02-01,2019-03-01,0,0.17805743615654823,0
36,2019-03-01,2019-04-01,0,0.1484606839861588,0
36,2019-04-01,2019-05-01,0,0.17637320515206673,0
36,2019-05-01,2019-06-01,0,0.21217259859056664,0
36,2019-06-01,2019-07-01,0,0.27913898609208015,0
36,2019-07-01,2019-08-01,0,0.3312204326265755,0
36,2019-08-01,2019-09-01,0,0.2515147856167575,0
36,2019-09-01,2019-10-01,0,0.28977416347528584,0
36,2019-10-01,2019-11-01,0,0.2755269884024488,0
36,2019-11-01,2019-12-01,0,0.32897893543659407,0
36,2019-12-01,2020-01-01,0,0.16752134217601952,0
36,2020-01-01,2020-02-01,0,0.22049309362197705,0
36,2020-02-01,2020-03-01,0,0.3318916831225347,0
36,2020-03-01,2020-04-01,0,0.19241353713929046,0
36,2020-04-01,2020-05-01,0,0.11177758140657976,0
36,2020-05-01,2020-06-01,0,0.14472980451412812,0
36,2020-06-01,2020-07-01,0,0.1584456244582467,0
36,2020-07-01,2020-08-01,0,0.14061206567222315,0
36,2020-08-01,2020-09-01,0,0.23380194674823734,0
36,2020-09-01,2020-10-01,0,0.2154882845905037,0
36,2020-10-01,2020-11-01,0,0.12312150334571484,0
36,2020-11-01,2020-12-01,0,0.1326316654051819,0
36,2020-12-01,2021-01-01,0,0.21858361857078173,0
36,2021-01-01,2021-02-01,0,0.1311773608018807,0
36,2021-02-01,2021-03-01,0,0.12830599596318046,0
36,2021-03-01,2021-04-01,0,0.09086449072015292,0
36,2021-04-01,2021-05-01,0,0.20237408117704025,0
36,2021-05-01,2021-06-01,0,0.139821552709302,0
36,2021-06-01,2021-07-01,0,0.1569283256751411,0
36,2021-07-01,2021-08-01,0,0.22575390994982045,0
36,2021-08-01,2021-09-01,0,0.18548920810515065,0
36,2021-09-01,2021-10-01,0,0.38301208651195473,0
36,2021-10-01,2021-11-01,0,0.16131490014304067,0
36,2021-11-01,2021-12-01,0,0.19223314256770885,0
36,2021-12-01,2022-01-01,0,0.2936711694837691,0
36,2022-01-01,2022-02-01,0,0.2648132786547625,0
36,2022-02-01,2022-03-01,0,0.15405250395323658,0
36,2022-03-01,2022-04-01,0,0.15525546296886766,0
36,2022-04-01,2022-05-01,0,0.23712825129317644,0
36,2022-05-01,2022-06-01,0,0.2585002846370201,0
36,2022-06-01,2022-07-01,0,0.25606372501213387,0
36,2022-07-01,2022-08-01,0,0.266467081840388,0
36,2022-08-01,2022-09-01,0,0.33152167079276207,0
36,2022-09-01,2022-10-01,0,0.30229287686236567,0
36,2022-10-01,2022-11-01,0,0.4174755539016159,0
36,2022-11-01,2022-12-01,0,0.4451464725566979,0
37,2015-02-01,2015-03-01,0,0.46473575477131773,0
37,2015-03-01,2015-04-01,0,0.2757749018147717,0
37,2015-04-01,2015-05-01,0,0.5136237563541045,0
37,2015-05-01,2015-06-01,0,0.5023473778424192,0
37,2015-06-01,2015-07-01,0,0.5876116776409951,0
37,2015-07-01,2015-08-01,0,0.5077304484660737,0
37,2015-08-01,2015-09-01,0,0.5489650321673991,0
37,2015-09-01,2015-10-01,0,0.7876211919384176,1
37,2015-10-01,2015-11-01,0,0.4282917657001244,0
37,2015-11-01,2015-12-01,0,0.6470454015628646,0
37,2015-12-01,2016-01-01,0,0.557472631607412,0
37,2016-01-01,2016-02-01,0,0.45016403790836645,0
37,2016-02-01,2016-03-01,0,0.4094196505536569,0
37,2016-03-01,2016-04-01,0,0.39393200225078506,0
37,2016-04-01,2016-05-01,0,0.4402459760793396,0
37,2016-05-01,2016-06-01,0,0.4721692107308245,0
37,2016-06-01,2016-07-01,0,0.6350460084942119,0
37,2016-07-01,2016-08-01,0,0.5713313675420255,0
37,2016-08-01,2016-09-01,0,0.6853339216115806,1
37,2016-09-01,2016-10-01,0,0.6754160406758762,1
37,2016-10-01,2016-11-01,0,0.7008746003850775,1
37,2016-11-01,2016-12-01,0,0.6360680714591042,0
37,2016-12-01,2017-01-01,0,0.31915631965464575,0
37,2017-01-01,2017-02-01,0,0.38830937820116046,0
37,2017-02-01,2017-03-01,0,0.37653181651840867,0
37,2017-03-01,2017-04-01,0,0.23617990099811867,0
37,2017-04-01,2017-05-01,0,0.5319568681592342,0
37,2017-05-01,2017-06-01,0,0.4148433286947729,0
37,2017-06-01,2017-07-01,0,0.6016368741432141,0
37,2017-07-01,2017-08-01,0,0.5258496070924286,0
37,2017-08-01,2017-09-01,0,0.6248435030103158,0
37,2017-09-01,2017-10-01,0,0.6403369756764268,0
37,2017-10-01,2017-11-01,0,0.4780858481542867,0
37,2017-11-01,2017-12-01,0,0.416108797931443,0
37,2017-12-01,2018-01-01,0,0.532568879418593,0
37,2018-01-01,2018-02-01,0,0.3100474938860333,0
37,2018-02-01,2018-03-01,0,0.30734871696141763,0
37,2018-03-01,2018-04-01,0,0.21312003305848146,0
37,2018-04-01,2018-05-01,0,0.3579936101680411,0
37,2018-05-01,2018-06-01,0,0.48531665727804935,0
37,2018-06-01,2018-07-01,0,0.5921203152869821,0
37,2018-07-01,2018-08-01,0,0.5433252093791774,0
37,2018-08-01,2018-09-01,0,0.6278204617969841,0
37,2018-09-01,2018-10-01,0,0.6462693281442446,0
37,2018-10-01,2018-11-01,0,0.5694343639028925,0
37,2018-11-01,2018-12-01,0,0.544654961765201,0
37,2018-12-01,2019-01-01,0,0.32277155428062815,0
37,2019-01-01,2019-02-01,0,0.3006844329314064,0
37,2019-02-01,2019-03-01,0,0.2908298779487713,0
37,2019-03-01,2019-04-01,0,0.33762891123575944,0
37,2019-04-01,2019-05-01,0,0.3124636303321995,0
37,2019-05-01,2019-06-01,0,0.34383861361442564,0
37,2019-06-01,2019-07-01,0,0.5360462722455132,0
37,2019-07-01,2019-08-01,0,0.44986833719905744,0
37,2019-08-01,2019-09-01,0,0.5840419391856464,0
37,2019-09-01,2019-10-01,0,0.46433610593264246,0
37,2019-10-01,2019-11-01,0,0.41176791411622293,0
37,2019-11-01,2019-12-01,0,0.3585278235317206,0
37,2019-12-01,2020-01-01,0,0.4507909357400767,0
37,2020-01-01,2020-02-01,0,0.34046996940878005,0
37,2020-02-01,2020-03-01,0,0.33203974604224457,0
37,2020-03-01,2020-04-01,0,0.2606260257851819,0
37,2020-04-01,2020-05-01,0,0.2400668877135878,0
37,2020-05-01,2020-06-01,0,0.2102746278559664,0
37,2020-06-01,2020-07-01,0,0.27737850500216704,0
37,2020-07-01,2020-08-01,0,0.4599878959005717,0
37,2020-08-01,2020-09-01,0,0.4297423910499654,0
37,2020-09-01,2020-10-01,0,0.37966033620082623,0
37,2020-10-01,2020-11-01,0,0.24782496996125122,0
37,2020-11-01,2020-12-01,0,0.23647561852369703,0
37,2020-12-01,2021-01-01,0,0.3025483016269575,0
37,2021-01-01,2021-02-01,0,0.2463114377609465,0
37,2021-02-01,2021-03-01,0,0.26480502035590153,0
37,2021-03-01,2021-04-01,0,0.2032091444766068,0
37,2021-04-01,2021-05-01,0,0.2584580857523371,0
37,2021-05-01,2021-06-01,0,0.24997185038601283,0
37,2021-06-01,2021-07-01,0,0.3024246111252523,0
37,2021-07-01,2021-08-01,0,0.4523485895623772,0
37,2021-08-01,2021-09-01,0,0.35934892902801946,0
37,2021-09-01,2021-10-01,0,0.44027033206498617,0
37,2021-10-01,2021-11-01,0,0.3432110365380873,0
37,2021-11-01,2021-12-01,0,0.3394318426606436,0
37,2021-12-01,2022-01-01,0,0.2942667383836341,0
37,2022-01-01,2022-02-01,0,0.2923026805781788,0
37,2022-02-01,2022-03-01,0,0.3703233502848816,0
37,2022-03-01,2022-04-01,0,0.19960637276873525,0
37,2022-04-01,2022-05-01,0,0.2667369740855654,0
37,2022-05-01,2022-06-01,0,0.275769317883971,0
37,2022-06-01,2022-07-01,0,0.4835961062691446,0
37,2022-07-01,2022-08-01,0,0.3644272433000646,0
37,2022-08-01,2022-09-01,0,0.5445668128591324,0
37,2022-09-01,2022-10-01,0,0.4037464179949693,0
37,2022-10-01,2022-11-01,0,0.43301151283869754,0
37,2022-11-01,2022-12-01,0,0.3370162901195999,0
38,2015-02-01,2015-03-01,0,0.13614953226552454,0
38,2015-03-01,2015-04-01,0,0.09434065968811751,0
38,2015-04-01,2015-05-01,0,0.11970703128402096,0
38,2015-05-01,2015-06-01,0,0.09671797298803021,0
38,2015-06-01,2015-07-01,0,0.13043733657887852,0
38,2015-07-01,2015-08-01,0,0.12434055067646388,0
38,2015-08-01,2015-09-01,0,0.14113100906492546,0
38,2015-09-01,2015-10-01,0,0.12034512719707463,0
38,2015-10-01,2015-11-01,0,0.15906851619602777,0
38,2015-11-01,2015-12-01,0,0.11955465113189202,0
38,2015-12-01,2016-01-01,0,0.1107769846601133,0
38,2016-01-01,2016-02-01,0,0.11158486722394181,0
38,2016-02-01,2016-03-01,0,0.0893494895912719,0
38,2016-03-01,2016-04-01,0,0.07445354022172904,0
38,2016-04-01,2016-05-01,0,0.08729815787739882,0
38,2016-05-01,2016-06-01,0,0.08974267620599607,0
38,2016-06-01,2016-07-01,0,0.11047387716654704,0
38,2016-07-01,2016-08-01,0,0.15169613588925843,0
38,2016-08-01,2016-09-01,0,0.1474838913997554,0
38,2016-09-01,2016-10-01,0,0.12388409407923892,0
38,2016-10-01,2016-11-01,0,0.13323114286464185,0
38,2016-11-01,2016-12-01,0,0.138020717939289,0
38,2016-12-01,2017-01-01,0,0.11076451829905248,0
38,2017-01-01,2017-02-01,0,0.08716982015000017,0
38,2017-02-01,2017-03-01,0,0.11596364576301088,0
38,2017-03-01,2017-04-01,0,0.08143529425014229,0
38,2017-04-01,2017-05-01,0,0.09551497623131663,0
38,2017-05-01,2017-06-01,0,0.1014321247458719,0
38,2017-06-01,2017-07-01,0,0.12721468260809496,0
38,2017-07-01,2017-08-01,0,0.13849047071180076,0
38,2017-08-01,2017-09-01,0,0.14630216758698464,0
38,2017-09-01,2017-10-01,0,0.12048631131229515,0
38,2017-10-01,2017-11-01,0,0.10987889221199683,0
38,2017-11-01,2017-12-01,0,0.11856689889002524,0
38,2017-12-01,2018-01-01,0,0.10534282523353865,0
38,2018-01-01,2018-02-01,0,0.10367880257943626,0
38,2018-02-01,2018-03-01,0,0.1439074890532928,0
38,2018-03-01,2018-04-01,0,0.06841334278259106,0
38,2018-04-01,2018-05-01,0,0.12873611335094867,0
38,2018-05-01,2018-06-01,0,0.10723509166053234,0
38,2018-06-01,2018-07-01,0,0.13550719100754835,0
38,2018-07-01,2018-08-01,0,0.20646078702850218,0
38,2018-08-01,2018-09-01,0,0.14422676823119807,0
38,2018-09-01,2018-10-01,0,0.11742894038226023,0
38,2018-10-01,2018-11-01,0,0.09888632516002338,0
38,2018-11-01,2018-12-01,0,0.17770052790253732,0
38,2018-12-01,2019-01-01,0,0.11062310411496523,0
38,2019-01-01,2019-02-01,0,0.11579514965312604,0
38,2019-02-01,2019-03-01,0,0.08819698172410861,0
38,2019-03-01,2019-04-01,0,0.10831937531002761,0
38,2019-04-01,2019-05-01,0,0.1250734209566832,0
38,2019-05-01,2019-06-01,0,0.1188101802779766,0
38,2019-06-01,2019-07-01,0,0.1210153333828791,0
38,2019-07-01,2019-08-01,0,0.12775004528522355,0
38,2019-08-01,2019-09-01,0,0.13005937782641355,0
38,2019-09-01,2019-10-01,0,0.1372529765678148,0
38,2019-10-01,2019-11-01,0,0.1257507196889372,0
38,2019-11-01,2019-12-01,0,0.14465063306720763,0
38,2019-12-01,2020-01-01,0,0.10004241175042781,0
38,2020-01-01,2020-02-01,0,0.08722030292485958,0
38,2020-02-01,2020-03-01,0,0.11364272039006779,0
38,2020-03-01,2020-04-01,0,0.12122672480608084,0
38,2020-04-01,2020-05-01,0,0.09833501169064944,0
38,2020-05-01,2020-06-01,0,0.05612929609479368,0
38,2020-06-01,2020-07-01,0,0.08388708026240434,0
38,2020-07-01,2020-08-01,0,0.08530394215295299,0
38,2020-08-01,2020-09-01,0,0.10587942499330068,0
38,2020-09-01,2020-10-01,0,0.1020231556241238,0
38,2020-10-01,2020-11-01,0,0.07102945435974456,0
38,2020-11-01,2020-12-01,0,0.09872288364699637,0
38,2020-12-01,2021-01-01,0,0.07681130801783967,0
38,2021-01-01,2021-02-01,0,0.07371822862667658,0
38,2021-02-01,2021-03-01,0,0.07408004647020178,0
38,2021-03-01,2021-04-01,0,0.05008648387063542,0
38,2021-04-01,2021-05-01,0,0.0738313675515466,0
38,2021-05-01,2021-06-01,0,0.08333463697447584,0
38,2021-06-01,2021-07-01,0,0.08998633835750382,0
38,2021-07-01,2021-08-01,0,0.08200989353030294,0
38,2021-08-01,2021-09-01,0,0.08659073113284094,0
38,2021-09-01,2021-10-01,0,0.0926625970573062,0
38,2021-10-01,2021-11-01,0,0.08711603371917466,0
38,2021-11-01,2021-12-01,0,0.085176329214307,0
38,2021-12-01,2022-01-01,0,0.09414684133092752,0
38,2022-01-01,2022-02-01,0,0.08713910791525417,0
38,2022-02-01,2022-03-01,0,0.0742097584781921,0
38,2022-03-01,2022-04-01,0,0.07819483770608371,0
38,2022-04-01,2022-05-01,0,0.07251271080816363,0
38,2022-05-01,2022-06-01,0,0.089730725461716,0
38,2022-06-01,2022-07-01,0,0.08667629620201486,0
38,2022-07-01,2022-08-01,0,0.1258498163543684,0
38,2022-08-01,2022-09-01,0,0.12500153227747615,0
38,2022-09-01,2022-10-01,0,0.11761673783191755,0
38,2022-10-01,2022-11-01,0,0.13719302396451535,0
38,2022-11-01,2022-12-01,0,0.15557574665701593,0
39,2015-02-01,2015-03-01,0,0.08680919259188132,0
39,2015-03-01,2015-04-01,0,0.06731972734783746,0
39,2015-04-01,2015-05-01,0,0.07803789455387178,0
39,2015-05-01,2015-06-01,0,0.07584085150795285,0
39,2015-06-01,2015-07-01,0,0.10295179542313788,0
39,2015-07-01,2015-08-01,0,0.1198803426177541,0
39,2015-08-01,2015-09-01,0,0.11265947380681088,0
39,2015-09-01,2015-10-01,0,0.21931121361155112,0
39,2015-10-01,2015-11-01,0,0.17010047801127834,0
39,2015-11-01,2015-12-01,0,0.12256471020407221,0
39,2015-12-01,2016-01-01,0,0.12113250361949957,0
39,2016-01-01,2016-02-01,0,0.08832629642205195,0
39,2016-02-01,2016-03-01,0,0.1169452038660473,0
39,2016-03-01,2016-04-01,0,0.12507692666704925,0
39,2016-04-01,2016-05-01,0,0.10207614782161918,0
39,2016-05-01,2016-06-01,0,0.09325467952273897,0
39,2016-06-01,2016-07-01,0,0.13231167269702365,0
39,2016-07-01,2016-08-01,0,0.1815655532124347,0
39,2016-08-01,2016-09-01,0,0.1938813872261116,0
39,2016-09-01,2016-10-01,0,0.26919229884349316,0
39,2016-10-01,2016-11-01,0,0.13542974457828952,0
39,2016-11-01,2016-12-01,0,0.1564732171640713,0
39,2016-12-01,2017-01-01,0,0.1399250857344926,0
39,2017-01-01,2017-02-01,0,0.16273136738265098,0
39,2017-02-01,2017-03-01,0,0.08138521867221955,0
39,2017-03-01,2017-04-01,0,0.08273050309422846,0
39,2017-04-01,2017-05-01,0,0.22531913052312105,0
39,2017-05-01,2017-06-01,0,0.12494527348437978,0
39,2017-06-01,2017-07-01,0,0.16475748049088426,0
39,2017-07-01,2017-08-01,0,0.1555791855185392,0
39,2017-08-01,2017-09-01,0,0.24894597732689125,0
39,2017-09-01,2017-10-01,0,0.17250249676472273,0
39,2017-10-01,2017-11-01,0,0.14859058096950442,0
39,2017-11-01,2017-12-01,0,0.16383497182719292,0
39,2017-12-01,2018-01-01,0,0.21799396161527,0
39,2018-01-01,2018-02-01,0,0.16812344961678916,0
39,2018-02-01,2018-03-01,0,0.11393235281767751,0
39,2018-03-01,2018-04-01,0,0.14019481351930438,0
39,2018-04-01,2018-05-01,0,0.10958691160434797,0
39,2018-05-01,2018-06-01,0,0.12065995970065183,0
39,2018-06-01,2018-07-01,0,0.20950969703662553,0
39,2018-07-01,2018-08-01,0,0.2225562406737484,0
39,2018-08-01,2018-09-01,0,0.23262601633065622,0
39,2018-09-01,2018-10-01,0,0.17276007873914673,0
39,2018-10-01,2018-11-01,0,0.17536037497296186,0
39,2018-11-01,2018-12-01,0,0.16813104050526917,0
39,2018-12-01,2019-01-01,0,0.1388236462477856,0
39,2019-01-01,2019-02-01,0,0.10416167166935571,0
39,2019-02-01,2019-03-01,0,0.08693331754543819,0
39,2019-03-01,2019-04-01,0,0.09920644211480648,0
39,2019-04-01,2019-05-01,0,0.10173758683275436,0
39,2019-05-01,2019-06-01,0,0.09653283869193519,0
39,2019-06-01,2019-07-01,0,0.15572682957630077,0
39,2019-07-01,2019-08-01,0,0.2605613114645727,0
39,2019-08-01,2019-09-01,0,0.2969075930397811,0
39,2019-09-01,2019-10-01,0,0.12244952629555751,0
39,2019-10-01,2019-11-01,0,0.23514715793592544,0
39,2019-11-01,2019-12-01,0,0.13853876889284272,0
39,2019-12-01,2020-01-01,0,0.08138958671304661,0
39,2020-01-01,2020-02-01,0,0.11952642717449063,0
39,2020-02-01,2020-03-01,0,0.1355505955483881,0
39,2020-03-01,2020-04-01,0,0.08356926132860441,0
39,2020-04-01,2020-05-01,0,0.12656948728789427,0
39,2020-05-01,2020-06-01,0,0.055992076610091236,0
39,2020-06-01,2020-07-01,0,0.08063667825654246,0
39,2020-07-01,2020-08-01,0,0.12081365174595611,0
39,2020-08-01,2020-09-01,0,0.10511594287184087,0
39,2020-09-01,2020-10-01,0,0.18670950713897413,0
39,2020-10-01,2020-11-01,0,0.087701735398782,0
39,2020-11-01,2020-12-01,0,0.0871170005709069,0
39,2020-12-01,2021-01-01,0,0.11560890680753905,0
39,2021-01-01,2021-02-01,0,0.05849640835760329,0
39,2021-02-01,2021-03-01,0,0.06806681993611076,0
39,2021-03-01,2021-04-01,0,0.08145883654638211,0
39,2021-04-01,2021-05-01,0,0.10054602987628339,0
39,2021-05-01,2021-06-01,0,0.12275536159626173,0
39,2021-06-01,2021-07-01,0,0.0683485929323242,0
39,2021-07-01,2021-08-01,0,0.10552572655661441,0
39,2021-08-01,2021-09-01,0,0.12251637287960368,0
39,2021-09-01,2021-10-01,0,0.10813132092646176,0
39,2021-10-01,2021-11-01,0,0.13505105730206762,0
39,2021-11-01,2021-12-01,0,0.15310180688547098,0
39,2021-12-01,2022-01-01,0,0.10726301245204183,0
39,2022-01-01,2022-02-01,0,0.11269863494041388,0
39,2022-02-01,2022-03-01,0,0.07972202301233311,0
39,2022-03-01,2022-04-01,0,0.1127970036800431,0
39,2022-04-01,2022-05-01,0,0.12483688247456724,0
39,2022-05-01,2022-06-01,0,0.1307454526023814,0
39,2022-06-01,2022-07-01,0,0.12307335495261879,0
39,2022-07-01,2022-08-01,0,0.13495126962874707,0
39,2022-08-01,2022-09-01,0,0.1902973110392584,0
39,2022-09-01,2022-10-01,0,0.22187658789792378,0
39,2022-10-01,2022-11-01,0,0.14398557202112078,0
39,2022-11-01,2022-12-01,0,0.23548610877243073,0
40,2015-02-01,2015-03-01,0,0.5098912052009862,0
40,2015-03-01,2015-04-01,0,0.2962023643312747,0
40,2015-04-01,2015-05-01,0,0.500706124716544,0
40,2015-05-01,2015-06-01,0,0.5200178663419764,0
40,2015-06-01,2015-07-01,0,0.7265725039180688,1
40,2015-07-01,2015-08-01,0,0.6066981218131438,0
40,2015-08-01,2015-09-01,0,0.6246986159935312,0
40,2015-09-01,2015-10-01,0,0.5727046370578703,0
40,2015-10-01,2015-11-01,0,0.522075152058743,0
40,2015-11-01,2015-12-01,0,0.5533638674245802,0
40,2015-12-01,2016-01-01,0,0.40100487683441177,0
40,2016-01-01,2016-02-01,0,0.505690438810117,0
40,2016-02-01,2016-03-01,0,0.5035630962391572,0
40,2016-03-01,2016-04-01,0,0.3334896673950132,0
40,2016-04-01,2016-05-01,0,0.5342816865586338,0
40,2016-05-01,2016-06-01,0,0.48588803670169195,0
40,2016-06-01,2016-07-01,0,0.49795049096411537,0
40,2016-07-01,2016-08-01,0,0.6113015579480339,0
40,2016-08-01,2016-09-01,0,0.5679506244892323,0
40,2016-09-01,2016-10-01,0,0.5261557447033218,0
40,2016-10-01,2016-11-01,0,0.5403128164665343,0
40,2016-11-01,2016-12-01,0,0.5823531467004182,0
40,2016-12-01,2017-01-01,0,0.4732772839932416,0
40,2017-01-01,2017-02-01,0,0.31859174891151737,0
40,2017-02-01,2017-03-01,0,0.5331020294836439,0
40,2017-03-01,2017-04-01,0,0.4301922240893774,0
40,2017-04-01,2017-05-01,0,0.43612384325534825,0
40,2017-05-01,2017-06-01,0,0.5130256331268781,0
40,2017-06-01,2017-07-01,0,0.5973531541049283,0
40,2017-07-01,2017-08-01,0,0.5959326030713482,0
40,2017-08-01,2017-09-01,0,0.6595545562851156,1
40,2017-09-01,2017-10-01,0,0.5411038114536201,0
40,2017-10-01,2017-11-01,0,0.5390914141529651,0
40,2017-11-01,2017-12-01,0,0.4554929058379603,0
40,2017-12-01,2018-01-01,0,0.5078613070492467,0
40,2018-01-01,2018-02-01,0,0.494784683056765,0
40,2018-02-01,2018-03-01,0,0.3785787051607945,0
40,2018-03-01,2018-04-01,0,0.2890396009065918,0
40,2018-04-01,2018-05-01,0,0.40544796911868425,0
40,2018-05-01,2018-06-01,0,0.39363925990506726,0
40,2018-06-01,2018-07-01,0,0.6493341732681938,0
40,2018-07-01,2018-08-01,0,0.6034706594089572,0
40,2018-08-01,2018-09-01,0,0.6297568774141789,0
40,2018-09-01,2018-10-01,0,0.6228602152085575,0
40,2018-10-01,2018-11-01,0,0.592403980171621,0
40,2018-11-01,2018-12-01,0,0.39100700768633917,0
40,2018-12-01,2019-01-01,0,0.34025177824624714,0
40,2019-01-01,2019-02-01,0,0.39012748681862286,0
40,2019-02-01,2019-03-01,0,0.35700888261038394,0
40,2019-03-01,2019-04-01,0,0.3753423761374847,0
40,2019-04-01,2019-05-01,0,0.501754906774275,0
40,2019-05-01,2019-06-01,0,0.48145082210282975,0
40,2019-06-01,2019-07-01,0,0.5996738549551658,0
40,2019-07-01,2019-08-01,0,0.6390668796802875,0
40,2019-08-01,2019-09-01,0,0.5742862143277679,0
40,2019-09-01,2019-10-01,0,0.6475889046234474,0
40,2019-10-01,2019-11-01,0,0.5004892701072126,0
40,2019-11-01,2019-12-01,0,0.48305725476277567,0
40,2019-12-01,2020-01-01,0,0.3762328576309784,0
40,2020-01-01,2020-02-01,0,0.3771252958510549,0
40,2020-02-01,2020-03-01,0,0.4981627505426514,0
40,2020-03-01,2020-04-01,0,0.31085272293532135,0
40,2020-04-01,2020-05-01,0,0.3677049167921618,0
40,2020-05-01,2020-06-01,0,0.21453953589394612,0
40,2020-06-01,2020-07-01,0,0.49611503429675946,0
40,2020-07-01,2020-08-01,0,0.543597745020188,0
40,2020-08-01,2020-09-01,0,0.5399109295222585,0
40,2020-09-01,2020-10-01,0,0.3926954445088177,0
40,2020-10-01,2020-11-01,0,0.40105491913891433,0
40,2020-11-01,2020-12-01,0,0.4559767572735754,0
40,2020-12-01,2021-01-01,0,0.33891714537727813,0
40,2021-01-01,2021-02-01,0,0.32221312253151096,0
40,2021-02-01,2021-03-01,0,0.24841590549845496,0
40,2021-03-01,2021-04-01,0,0.19656682515352153,0
40,2021-04-01,2021-05-01,0,0.35296915038256477,0
40,2021-05-01,2021-06-01,0,0.27889178326227015,0
40,2021-06-01,2021-07-01,0,0.5343814852799582,0
40,2021-07-01,2021-08-01,0,0.43920462940424465,0
40,2021-08-01,2021-09-01,0,0.4884964882672817,0
40,2021-09-01,2021-10-01,0,0.3789734724241208,0
40,2021-10-01,2021-11-01,0,0.29952553194857573,0
40,2021-11-01,2021-12-01,0,0.4270477712873279,0
40,2021-12-01,2022-01-01,0,0.3182338024713938,0
40,2022-01-01,2022-02-01,0,0.36443103619874667,0
40,2022-02-01,2022-03-01,0,0.29367548479762157,0
40,2022-03-01,2022-04-01,0,0.2194473787090316,0
40,2022-04-01,2022-05-01,0,0.30621406209071317,0
40,2022-05-01,2022-06-01,0,0.3029767935756836,0
40,2022-06-01,2022-07-01,0,0.3409219446818438,0
40,2022-07-01,2022-08-01,0,0.45567350178930754,0
40,2022-08-01,2022-09-01,0,0.46866671222102446,0
40,2022-09-01,2022-10-01,0,0.43913905864232095,0
40,2022-10-01,2022-11-01,0,0.42901752079627087,0
40,2022-11-01,2022-12-01,0,0.5270161972449179,0
41,2015-02-01,2015-03-01,0,0.167551926806831,0
41,2015-03-01,2015-04-01,0,0.14724098204716154,0
41,2015-04-01,2015-05-01,0,0.20734747221375519,0
41,2015-05-01,2015-06-01,0,0.3733644924968242,0
41,2015-06-01,2015-07-01,0,0.35289271265937894,0
41,2015-07-01,2015-08-01,0,0.3537631882748092,0
41,2015-08-01,2015-09-01,0,0.3960544941370225,0
41,2015-09-01,2015-10-01,0,0.5251928227888748,0
41,2015-10-01,2015-11-01,0,0.35031984259551274,0
41,2015-11-01,2015-12-01,0,0.32934092747545257,0
41,2015-12-01,2016-01-01,0,0.26449309083928707,0
41,2016-01-01,2016-02-01,0,0.17656163306282321,0
41,2016-02-01,2016-03-01,0,0.15495817736858397,0
41,2016-03-01,2016-04-01,0,0.16013793658707892,0
41,2016-04-01,2016-05-01,0,0.31054197501178304,0
41,2016-05-01,2016-06-01,0,0.3510382443616862,0
41,2016-06-01,2016-07-01,0,0.3628940742488214,0
41,2016-07-01,2016-08-01,0,0.4315210429092467,0
41,2016-08-01,2016-09-01,0,0.4981301069393919,0
41,2016-09-01,2016-10-01,0,0.4812666285820792,0
41,2016-10-01,2016-11-01,0,0.2577969872841907,0
41,2016-11-01,2016-12-01,0,0.46076282759276677,0
41,2016-12-01,2017-01-01,0,0.2634179757802965,0
41,2017-01-01,2017-02-01,0,0.3622295395482881,0
41,2017-02-01,2017-03-01,0,0.26231121569239646,0
41,2017-03-01,2017-04-01,0,0.22561754584712523,0
41,2017-04-01,2017-05-01,0,0.3265181085040895,0
41,2017-05-01,2017-06-01,0,0.34059278258139614,0
41,2017-06-01,2017-07-01,0,0.42997108609331913,0
41,2017-07-01,2017-08-01,0,0.6810936444952547,1
41,2017-08-01,2017-09-01,0,0.483938625058844,0
41,2017-09-01,2017-10-01,0,0.47190561854293384,0
41,2017-10-01,2017-11-01,0,0.29507184085043664,0
41,2017-11-01,2017-12-01,0,0.4316501309102431,0
41,2017-12-01,2018-01-01,0,0.3841145386732805,0
41,2018-01-01,2018-02-01,0,0.33400056516048565,0
41,2018-02-01,2018-03-01,0,0.2384034628970557,0
41,2018-03-01,2018-04-01,0,0.2209133775277627,0
41,2018-04-01,2018-05-01,0,0.36583941419041216,0
41,2018-05-01,2018-06-01,0,0.29663365414358667,0
41,2018-06-01,2018-07-01,0,0.43668132151566186,0
41,2018-07-01,2018-08-01,0,0.4908508779447558,0
41,2018-08-01,2018-09-01,0,0.45640067773678994,0
41,2018-09-01,2018-10-01,0,0.4888455828595535,0
41,2018-10-01,2018-11-01,0,0.2990226313415186,0
41,2018-11-01,2018-12-01,0,0.28540467470076136,0
41,2018-12-01,2019-01-01,0,0.2220761915718384,0
41,2019-01-01,2019-02-01,0,0.2398421778639187,0
41,2019-02-01,2019-03-01,0,0.22487021547311378,0
41,2019-03-01,2019-04-01,0,0.2411475757173741,0
41,2019-04-01,2019-05-01,0,0.18494950718302086,0
41,2019-05-01,2019-06-01,0,0.22985601523602406,0
41,2019-06-01,2019-07-01,0,0.5163219601381864,0
41,2019-07-01,2019-08-01,0,0.5316125086481284,0
41,2019-08-01,2019-09-01,0,0.4148636835204948,0
41,2019-09-01,2019-10-01,0,0.36433633455251757,0
41,2019-10-01,2019-11-01,0,0.40190735535728545,0
41,2019-11-01,2019-12-01,0,0.3759498669000294,0
41,2019-12-01,2020-01-01,0,0.3164212894243801,0
41,2020-01-01,2020-02-01,0,0.2489508300378185,0
41,2020-02-01,2020-03-01,0,0.26577688743600886,0
41,2020-03-01,2020-04-01,0,0.14288730614585382,0
41,2020-04-01,2020-05-01,0,0.09481748225528697,0
41,2020-05-01,2020-06-01,0,0.11839349724522989,0
41,2020-06-01,2020-07-01,0,0.1923623334701218,0
41,2020-07-01,2020-08-01,0,0.2228025948223975,0
41,2020-08-01,2020-09-01,0,0.3034741603215776,0
41,2020-09-01,2020-10-01,0,0.36265854923033863,0
41,2020-10-01,2020-11-01,0,0.19226172593706106,0
41,2020-11-01,2020-12-01,0,0.25599962790798253,0
41,2020-12-01,2021-01-01,0,0.1781432905630928,0
41,2021-01-01,2021-02-01,0,0.1456190669993444,0
41,2021-02-01,2021-03-01,0,0.22082341317459034,0
41,2021-03-01,2021-04-01,0,0.16353666644788847,0
41,2021-04-01,2021-05-01,0,0.16933432377852564,0
41,2021-05-01,2021-06-01,0,0.18700948882480445,0
41,2021-06-01,2021-07-01,0,0.27099253195010997,0
41,2021-07-01,2021-08-01,0,0.18905148425101584,0
41,2021-08-01,2021-09-01,0,0.2912614125031273,0
41,2021-09-01,2021-10-01,0,0.2712060952818075,0
41,2021-10-01,2021-11-01,0,0.3643380659175579,0
41,2021-11-01,2021-12-01,0,0.3003353828765115,0
41,2021-12-01,2022-01-01,0,0.25236168226640876,0
41,2022-01-01,2022-02-01,0,0.16273464031221346,0
41,2022-02-01,2022-03-01,0,0.16200367379720812,0
41,2022-03-01,2022-04-01,0,0.21891507902471444,0
41,2022-04-01,2022-05-01,0,0.3316887347622131,0
41,2022-05-01,2022-06-01,0,0.22252343530550062,0
41,2022-06-01,2022-07-01,0,0.31705443026945745,0
41,2022-07-01,2022-08-01,0,0.24740070846357767,0
41,2022-08-01,2022-09-01,0,0.5927739839248413,0
41,2022-09-01,2022-10-01,0,0.37986781361159394,0
41,2022-10-01,2022-11-01,0,0.46449091757594924,0
41,2022-11-01,2022-12-01,0,0.4117844531670145,0
42,2015-02-01,2015-03-01,0,0.756689465848776,1
42,2015-03-01,2015-04-01,0,0.4960644130988978,0
42,2015-04-01,2015-05-01,0,0.7945181289873157,1
42,2015-05-01,2015-06-01,0,0.8253347485916229,1
42,2015-06-01,2015-07-01,0,0.8422301537292692,1
42,2015-07-01,2015-08-01,0,0.7860624297927757,1
42,2015-08-01,2015-09-01,0,0.8159360217785245,1
42,2015-09-01,2015-10-01,0,0.8361986311766061,1
42,2015-10-01,2015-11-01,0,0.8382893671364359,1
42,2015-11-01,2015-12-01,0,0.7964593638046857,1
42,2015-12-01,2016-01-01,0,0.6790520122109881,1
42,2016-01-01,2016-02-01,0,0.7380028465106209,1
42,2016-02-01,2016-03-01,0,0.6543923147764623,0
42,2016-03-01,2016-04-01,0,0.5996329217643586,0
42,2016-04-01,2016-05-01,0,0.7804654492126898,1
42,2016-05-01,2016-06-01,0,0.6467381892485757,0
42,2016-06-01,2016-07-01,0,0.827065791584521,1
42,2016-07-01,2016-08-01,0,0.8349625446894083,1
42,2016-08-01,2016-09-01,0,0.8333596002203105,1
42,2016-09-01,2016-10-01,0,0.8563115181000026,1
42,2016-10-01,2016-11-01,0,0.7730896138898911,1
42,2016-11-01,2016-12-01,0,0.768282817382443,1
42,2016-12-01,2017-01-01,0,0.6428297363211068,0
42,2017-01-01,2017-02-01,0,0.5629906775143914,0
42,2017-02-01,2017-03-01,0,0.7044260216281951,1
42,2017-03-01,2017-04-01,0,0.5815739908357497,0
42,2017-04-01,2017-05-01,0,0.6513946976250634,0
42,2017-05-01,2017-06-01,1,0.7113795405931754,1
42,2017-06-01,2017-07-01,0,0.8296244539461995,1
42,2017-07-01,2017-08-01,0,0.8332498536899405,1
42,2017-08-01,2017-09-01,0,0.8586773149692745,1
42,2017-09-01,2017-10-01,0,0.8892995385725375,1
42,2017-10-01,2017-11-01,0,0.7406026507581609,1
42,2017-11-01,2017-12-01,0,0.7424377281353013,1
42,2017-12-01,2018-01-01,0,0.8126192713756542,1
42,2018-01-01,2018-02-01,0,0.7248351309954152,1
42,2018-02-01,2018-03-01,0,0.7317619678701851,1
42,2018-03-01,2018-04-01,0,0.6043204579299314,0
42,2018-04-01,2018-05-01,0,0.7416926651101605,1
42,2018-05-01,2018-06-01,1,0.7396749988443954,1
42,2018-06-01,2018-07-01,0,0.8980707569988735,1
42,2018-07-01,2018-08-01,0,0.825164440001547,1
42,2018-08-01,2018-09-01,0,0.860132175741559,1
42,2018-09-01,2018-10-01,0,0.8382913575848202,1
42,2018-10-01,2018-11-01,0,0.7738204506828311,1
42,2018-11-01,2018-12-01,0,0.7725254514461619,1
42,2018-12-01,2019-01-01,0,0.6746679658509017,1
42,2019-01-01,2019-02-01,0,0.7579131244833965,1
42,2019-02-01,2019-03-01,0,0.7313298258941363,1
42,2019-03-01,2019-04-01,0,0.6332261965139373,0
42,2019-04-01,2019-05-01,1,0.6856372708321954,1
42,2019-05-01,2019-06-01,0,0.7534752976451229,1
42,2019-06-01,2019-07-01,0,0.8219647597671051,1
42,2019-07-01,2019-08-01,0,0.832947268396745,1
42,2019-08-01,2019-09-01,0,0.9186274370661999,1
42,2019-09-01,2019-10-01,0,0.8386922368295783,1
42,2019-10-01,2019-11-01,0,0.8108460291688611,1
42,2019-11-01,2019-12-01,0,0.7281885225220488,1
42,2019-12-01,2020-01-01,0,0.6957673926734955,1
42,2020-01-01,2020-02-01,0,0.7014307832513169,1
42,2020-02-01,2020-03-01,0,0.7694388258683122,1
42,2020-03-01,2020-04-01,0,0.6568172583846617,1
42,2020-04-01,2020-05-01,0,0.6049876065974491,0
42,2020-05-01,2020-06-01,0,0.43876834104468326,0
42,2020-06-01,2020-07-01,0,0.6669896476380388,1
42,2020-07-01,2020-08-01,0,0.7024958962477529,1
42,2020-08-01,2020-09-01,0,0.8416478294092741,1
42,2020-09-01,2020-10-01,0,0.7052160318471538,1
42,2020-10-01,2020-11-01,0,0.6150449683845745,0
42,2020-11-01,2020-12-01,0,0.6796935555499063,1
42,2020-12-01,2021-01-01,0,0.5063297784503773,0
42,2021-01-01,2021-02-01,0,0.5665720525034231,0
42,2021-02-01,2021-03-01,0,0.4964655922838431,0
42,2021-03-01,2021-04-01,0,0.36630056517427256,0
42,2021-04-01,2021-05-01,0,0.5920723648551299,0
42,2021-05-01,2021-06-01,0,0.5889014330055072,0
42,2021-06-01,2021-07-01,0,0.6687587859163817,1
42,2021-07-01,2021-08-01,0,0.6617194033480894,1
42,2021-08-01,2021-09-01,0,0.709520258421216,1
42,2021-09-01,2021-10-01,0,0.5801549098366552,0
42,2021-10-01,2021-11-01,0,0.6375145004212551,0
42,2021-11-01,2021-12-01,0,0.6415209484273082,0
42,2021-12-01,2022-01-01,0,0.557716393011814,0
42,2022-01-01,2022-02-01,0,0.5510375753856697,0
42,2022-02-01,2022-03-01,0,0.4996231498206609,0
42,2022-03-01,2022-04-01,0,0.4318854411237306,0
42,2022-04-01,2022-05-01,0,0.6769860043065734,1
42,2022-05-01,2022-06-01,0,0.6379017276980774,0
42,2022-06-01,2022-07-01,0,0.6233024954038114,0
42,2022-07-01,2022-08-01,0,0.6499243449975031,0
42,2022-08-01,2022-09-01,0,0.7212547845484948,1
42,2022-09-01,2022-10-01,0,0.8367117052102979,1
42,2022-10-01,2022-11-01,0,0.7685978354322381,1
42,2022-11-01,2022-12-01,0,0.7725555634288623,1
43,2015-02-01,2015-03-01,1,0.5428302235164895,0
43,2015-03-01,2015-04-01,1,0.3656257295482162,0
43,2015-04-01,2015-05-01,1,0.6684207347639258,1
43,2015-05-01,2015-06-01,1,0.6632128965963454,1
43,2015-06-01,2015-07-01,1,0.7104773117967901,1
43,2015-07-01,2015-08-01,1,0.7528316685008822,1
43,2015-08-01,2015-09-01,1,0.7843450419335035,1
43,2015-09-01,2015-10-01,1,0.7871187977385878,1
43,2015-10-01,2015-11-01,1,0.7061772899380098,1
43,2015-11-01,2015-12-01,1,0.6680483656409081,1
43,2015-12-01,2016-01-01,1,0.5645794335508891,0
43,2016-01-01,2016-02-01,1,0.6708192856202467,1
43,2016-02-01,2016-03-01,1,0.6055089981766858,0
43,2016-03-01,2016-04-01,1,0.5153518468441592,0
43,2016-04-01,2016-05-01,1,0.7148808700389726,1
43,2016-05-01,2016-06-01,1,0.5918850671148683,0
43,2016-06-01,2016-07-01,1,0.7406092239521355,1
43,2016-07-01,2016-08-01,1,0.7032316373727086,1
43,2016-08-01,2016-09-01,1,0.7398591472116952,1
43,2016-09-01,2016-10-01,1,0.6976614987907336,1
43,2016-10-01,2016-11-01,1,0.6630352254676863,1
43,2016-11-01,2016-12-01,1,0.6634030511084679,1
43,2016-12-01,2017-01-01,1,0.5345436846849555,0
43,2017-01-01,2017-02-01,1,0.5096248196662319,0
43,2017-02-01,2017-03-01,1,0.6395996397027064,0
43,2017-03-01,2017-04-01,1,0.518290148731284,0
43,2017-04-01,2017-05-01,1,0.6015992490320647,0
43,2017-05-01,2017-06-01,1,0.6955889501702804,1
43,2017-06-01,2017-07-01,1,0.6940512487675936,1
43,2017-07-01,2017-08-01,1,0.6743316141695971,1
43,2017-08-01,2017-09-01,1,0.7641870226390814,1
43,2017-09-01,2017-10-01,1,0.7322077113259065,1
43,2017-10-01,2017-11-01,1,0.6311813019729311,0
43,2017-11-01,2017-12-01,1,0.6492353401721712,0
43,2017-12-01,2018-01-01,1,0.5602985582681257,0
43,2018-01-01,2018-02-01,1,0.5716738644511636,0
43,2018-02-01,2018-03-01,1,0.5283197720678021,0
43,2018-03-01,2018-04-01,1,0.37553550881849923,0
43,2018-04-01,2018-05-01,1,0.5066268803667209,0
43,2018-05-01,2018-06-01,1,0.5693018113517958,0
43,2018-06-01,2018-07-01,1,0.6729434267346232,1
43,2018-07-01,2018-08-01,1,0.6800512040710879,1
43,2018-08-01,2018-09-01,1,0.6281346460212048,0
43,2018-09-01,2018-10-01,1,0.6810710744261624,1
43,2018-10-01,2018-11-01,1,0.645785276814627,0
43,2018-11-01,2018-12-01,1,0.5304316108138948,0
43,2018-12-01,2019-01-01,1,0.48216977684427587,0
43,2019-01-01,2019-02-01,1,0.5913325680444491,0
43,2019-02-01,2019-03-01,1,0.44676375127927676,0
43,2019-03-01,2019-04-01,1,0.49736105290503346,0
43,2019-04-01,2019-05-01,1,0.609367505227671,0
43,2019-05-01,2019-06-01,1,0.6284270481319012,0
43,2019-06-01,2019-07-01,1,0.7910934317481404,1
43,2019-07-01,2019-08-01,1,0.7076193224704627,1
43,2019-08-01,2019-09-01,1,0.7793613209836755,1
43,2019-09-01,2019-10-01,1,0.6991301648345518,1
43,2019-10-01,2019-11-01,1,0.5782956469591014,0
43,2019-11-01,2019-12-01,1,0.5435076656549733,0
43,2019-12-01,2020-01-01,1,0.43956831519708583,0
43,2020-01-01,2020-02-01,1,0.492613219990512,0
43,2020-02-01,2020-03-01,1,0.4578700469536371,0
43,2020-03-01,2020-04-01,1,0.4780849468741644,0
43,2020-04-01,2020-05-01,1,0.4571907506660393,0
43,2020-05-01,2020-06-01,1,0.28004410484325704,0
43,2020-06-01,2020-07-01,1,0.5703372134891753,0
43,2020-07-01,2020-08-01,1,0.5214493940685707,0
43,2020-08-01,2020-09-01,1,0.6484517182571958,0
43,2020-09-01,2020-10-01,1,0.5928589011723779,0
43,2020-10-01,2020-11-01,1,0.4694826314795072,0
43,2020-11-01,2020-12-01,1,0.5231407383451537,0
43,2020-12-01,2021-01-01,1,0.42311201702555734,0
43,2021-01-01,2021-02-01,1,0.3673366533353767,0
43,2021-02-01,2021-03-01,1,0.46645604566211896,0
43,2021-03-01,2021-04-01,1,0.31369079884273143,0
43,2021-04-01,2021-05-01,1,0.4437468906858346,0
43,2021-05-01,2021-06-01,1,0.43186236914074155,0
43,2021-06-01,2021-07-01,1,0.5613237068319449,0
43,2021-07-01,2021-08-01,1,0.5480115194977407,0
43,2021-08-01,2021-09-01,1,0.5453713825321462,0
43,2021-09-01,2021-10-01,1,0.4704733580273334,0
43,2021-10-01,2021-11-01,1,0.5112174399610487,0
43,2021-11-01,2021-12-01,1,0.4435949442622688,0
43,2021-12-01,2022-01-01,1,0.40445322872318534,0
43,2022-01-01,2022-02-01,1,0.5044291935372435,0
43,2022-02-01,2022-03-01,1,0.4236756503776753,0
43,2022-03-01,2022-04-01,1,0.2759543414986707,0
43,2022-04-01,2022-05-01,1,0.4256139395486963,0
43,2022-05-01,2022-06-01,1,0.470237079638337,0
43,2022-06-01,2022-07-01,1,0.5376486705461622,0
43,2022-07-01,2022-08-01,1,0.49853833811798054,0
43,2022-08-01,2022-09-01,1,0.5861164883184491,0
43,2022-09-01,2022-10-01,1,0.5870954471833282,0
43,2022-10-01,2022-11-01,1,0.6257815690256798,0
43,2022-11-01,2022-12-01,1,0.6353980721911616,0
44,2015-02-01,2015-03-01,1,0.5652877521740396,0
44,2015-03-01,2015-04-01,1,0.32789258613317884,0
44,2015-04-01,2015-05-01,1,0.6221509529037806,0
44,2015-05-01,2015-06-01,1,0.6406926513085457,0
44,2015-06-01,2015-07-01,1,0.689923424394644,1
44,2015-07-01,2015-08-01,1,0.6485546666017273,0
44,2015-08-01,2015-09-01,1,0.7001791368714845,1
44,2015-09-01,2015-10-01,1,0.6673303392831381,1
44,2015-10-01,2015-11-01,1,0.6969569737431255,1
44,2015-11-01,2015-12-01,1,0.6110184888211622,0
44,2015-12-01,2016-01-01,1,0.620817845202232,0
44,2016-01-01,2016-02-01,1,0.5399938172118999,0
44,2016-02-01,2016-03-01,1,0.4958743639461426,0
44,2016-03-01,2016-04-01,1,0.4217644917589707,0
44,2016-04-01,2016-05-01,1,0.5601845200377673,0
44,2016-05-01,2016-06-01,1,0.5623600802594638,0
44,2016-06-01,2016-07-01,1,0.6641781780856237,1
44,2016-07-01,2016-08-01,1,0.6796589287052922,1
44,2016-08-01,2016-09-01,1,0.7073247646744163,1
44,2016-09-01,2016-10-01,1,0.6485446927625165,0
44,2016-10-01,2016-11-01,1,0.6438375120615931,0
44,2016-11-01,2016-12-01,1,0.6564675244447663,1
44,2016-12-01,2017-01-01,1,0.5868966018747821,0
44,2017-01-01,2017-02-01,1,0.4734185951909899,0
44,2017-02-01,2017-03-01,1,0.5704374843662591,0
44,2017-03-01,2017-04-01,1,0.49085059006326714,0
44,2017-04-01,2017-05-01,1,0.5469459524758745,0
44,2017-05-01,2017-06-01,1,0.6106160855192815,0
44,2017-06-01,2017-07-01,1,0.6620957476213226,1
44,2017-07-01,2017-08-01,1,0.6087415179767173,0
44,2017-08-01,2017-09-01,1,0.741790024758911,1
44,2017-09-01,2017-10-01,1,0.7156520742878373,1
44,2017-10-01,2017-11-01,1,0.5699400985166615,0
44,2017-11-01,2017-12-01,1,0.6135647694343815,0
44,2017-12-01,2018-01-01,1,0.5703505649857024,0
44,2018-01-01,2018-02-01,1,0.5707389599457051,0
44,2018-02-01,2018-03-01,1,0.48646291317992063,0
44,2018-03-01,2018-04-01,1,0.36681918125931573,0
44,2018-04-01,2018-05-01,1,0.5968368304075152,0
44,2018-05-01,2018-06-01,1,0.5101287389410138,0
44,2018-06-01,2018-07-01,1,0.7511125246820927,1
44,2018-07-01,2018-08-01,1,0.6514938971263085,0
44,2018-08-01,2018-09-01,1,0.7225037245357313,1
44,2018-09-01,2018-10-01,1,0.7110210165131309,1
44,2018-10-01,2018-11-01,1,0.6193093532770139,0
44,2018-11-01,2018-12-01,1,0.6019776956410886,0
44,2018-12-01,2019-01-01,1,0.5357496172572879,0
44,2019-01-01,2019-02-01,1,0.5847918108475338,0
44,2019-02-01,2019-03-01,1,0.4540498428235634,0
44,2019-03-01,2019-04-01,1,0.4892609087036138,0
44,2019-04-01,2019-05-01,1,0.4773794463391117,0
44,2019-05-01,2019-06-01,1,0.561938874670002,0
44,2019-06-01,2019-07-01,1,0.7329253235178653,1
44,2019-07-01,2019-08-01,1,0.662594983976984,1
44,2019-08-01,2019-09-01,1,0.7320438156166619,1
44,2019-09-01,2019-10-01,1,0.6401621109172839,0
44,2019-10-01,2019-11-01,1,0.6045560963393691,0
44,2019-11-01,2019-12-01,1,0.5951279453655168,0
44,2019-12-01,2020-01-01,1,0.5095581969986472,0
44,2020-01-01,2020-02-01,1,0.4856257563533178,0
44,2020-02-01,2020-03-01,1,0.4945048206608988,0
44,2020-03-01,2020-04-01,1,0.4274549532642794,0
44,2020-04-01,2020-05-01,1,0.44351331943777383,0
44,2020-05-01,2020-06-01,1,0.2416840115423781,0
44,2020-06-01,2020-07-01,1,0.5959931127983376,0
44,2020-07-01,2020-08-01,1,0.5076397396680032,0
44,2020-08-01,2020-09-01,1,0.5795284945606531,0
44,2020-09-01,2020-10-01,1,0.5685398739378416,0
44,2020-10-01,2020-11-01,1,0.4815691999688334,0
44,2020-11-01,2020-12-01,1,0.45444145608339215,0
44,2020-12-01,2021-01-01,1,0.40445036630223047,0
44,2021-01-01,2021-02-01,0,0.32560843523137334,0
44,2021-02-01,2021-03-01,1,0.393307460241009,0
44,2021-03-01,2021-04-01,1,0.2590281838608728,0
44,2021-04-01,2021-05-01,1,0.42381125873255315,0
44,2021-05-01,2021-06-01,1,0.35141656852263586,0
44,2021-06-01,2021-07-01,1,0.4629816460245009,0
44,2021-07-01,2021-08-01,1,0.4694982231195818,0
44,2021-08-01,2021-09-01,1,0.49515678100425803,0
44,2021-09-01,2021-10-01,1,0.45829648027790965,0
44,2021-10-01,2021-11-01,1,0.5027329659567603,0
44,2021-11-01,2021-12-01,1,0.3952184016211743,0
44,2021-12-01,2022-01-01,0,0.427048663934975,0
44,2022-01-01,2022-02-01,1,0.40891690296002403,0
44,2022-02-01,2022-03-01,1,0.2928237884758098,0
44,2022-03-01,2022-04-01,1,0.2448534039552885,0
44,2022-04-01,2022-05-01,1,0.4302080525427273,0
44,2022-05-01,2022-06-01,1,0.4237039344979961,0
44,2022-06-01,2022-07-01,1,0.41486567644823563,0
44,2022-07-01,2022-08-01,1,0.4325829081347149,0
44,2022-08-01,2022-09-01,1,0.4670563042298632,0
44,2022-09-01,2022-10-01,1,0.5196497516154737,0
44,2022-10-01,2022-11-01,1,0.5435327817627198,0
44,2022-11-01,2022-12-01,1,0.6092829810271717,0
45,2015-02-01,2015-03-01,0,0.7750155098411009,1
45,2015-03-01,2015-04-01,0,0.4641710509698249,0
45,2015-04-01,2015-05-01,0,0.7093361860357632,1
45,2015-05-01,2015-06-01,0,0.7196415426108453,1
45,2015-06-01,2015-07-01,0,0.7867931439733076,1
45,2015-07-01,2015-08-01,0,0.7355443568053828,1
45,2015-08-01,2015-09-01,0,0.8462065981403633,1
45,2015-09-01,2015-10-01,0,0.838208721458884,1
45,2015-10-01,2015-11-01,0,0.7857146173251067,1
45,2015-11-01,2015-12-01,0,0.747075237789109,1
45,2015-12-01,2016-01-01,0,0.6114541128626325,0
45,2016-01-01,2016-02-01,0,0.7248142928759638,1
45,2016-02-01,2016-03-01,0,0.5100927809298449,0
45,2016-03-01,2016-04-01,0,0.48950420227106356,0
45,2016-04-01,2016-05-01,0,0.7064223901510379,1
45,2016-05-01,2016-06-01,0,0.5643496167382408,0
45,2016-06-01,2016-07-01,0,0.8004249553478435,1
45,2016-07-01,2016-08-01,0,0.7279789132008397,1
45,2016-08-01,2016-09-01,0,0.7466212654529283,1
45,2016-09-01,2016-10-01,0,0.8282230696470048,1
45,2016-10-01,2016-11-01,0,0.8308797068369799,1
45,2016-11-01,2016-12-01,0,0.7564454094649726,1
45,2016-12-01,2017-01-01,0,0.7260568022508979,1
45,2017-01-01,2017-02-01,0,0.6140443100919861,0
45,2017-02-01,2017-03-01,0,0.6723619975707518,1
45,2017-03-01,2017-04-01,0,0.560615367586638,0
45,2017-04-01,2017-05-01,0,0.649656115888572,0
45,2017-05-01,2017-06-01,0,0.7730993677011939,1
45,2017-06-01,2017-07-01,0,0.7742825445720214,1
45,2017-07-01,2017-08-01,0,0.7451748923006088,1
45,2017-08-01,2017-09-01,0,0.8078287815480729,1
45,2017-09-01,2017-10-01,0,0.7928483953733495,1
45,2017-10-01,2017-11-01,0,0.7978824825238809,1
45,2017-11-01,2017-12-01,0,0.7005281879284967,1
45,2017-12-01,2018-01-01,0,0.7767508572820205,1
45,2018-01-01,2018-02-01,0,0.6855153961026821,1
45,2018-02-01,2018-03-01,0,0.6407925644667483,0
45,2018-03-01,2018-04-01,0,0.5695960115987001,0
45,2018-04-01,2018-05-01,0,0.6366571379589063,0
45,2018-05-01,2018-06-01,0,0.685141404048204,1
45,2018-06-01,2018-07-01,0,0.8187244012391286,1
45,2018-07-01,2018-08-01,0,0.754702252248607,1
45,2018-08-01,2018-09-01,0,0.7891900513134861,1
45,2018-09-01,2018-10-01,0,0.7789136893823129,1
45,2018-10-01,2018-11-01,0,0.7979776983297124,1
45,2018-11-01,2018-12-01,0,0.6193670149498857,0
45,2018-12-01,2019-01-01,0,0.6897047911443775,1
45,2019-01-01,2019-02-01,0,0.7697098547065383,1
45,2019-02-01,2019-03-01,0,0.590012985741961,0
45,2019-03-01,2019-04-01,0,0.5633542241695351,0
45,2019-04-01,2019-05-01,0,0.64314262169459,0
45,2019-05-01,2019-06-01,0,0.6479299845777994,0
45,2019-06-01,2019-07-01,0,0.8063832953608348,1
45,2019-07-01,2019-08-01,0,0.7673592842250275,1
45,2019-08-01,2019-09-01,0,0.8547874603189802,1
45,2019-09-01,2019-10-01,0,0.7912742179504436,1
45,2019-10-01,2019-11-01,0,0.7149180701823079,1
45,2019-11-01,2019-12-01,0,0.6922163751215843,1
45,2019-12-01,2020-01-01,0,0.6620453075478705,1
45,2020-01-01,2020-02-01,0,0.6332335239688244,0
45,2020-02-01,2020-03-01,0,0.572285320771379,0
45,2020-03-01,2020-04-01,0,0.5913293743138162,0
45,2020-04-01,2020-05-01,0,0.557491095902306,0
45,2020-05-01,2020-06-01,0,0.4016065990229356,0
45,2020-06-01,2020-07-01,0,0.5792660577270394,0
45,2020-07-01,2020-08-01,0,0.623766233425981,0
45,2020-08-01,2020-09-01,0,0.6277430094462327,0
45,2020-09-01,2020-10-01,0,0.5920871246107048,0
45,2020-10-01,2020-11-01,0,0.4991585083339944,0
45,2020-11-01,2020-12-01,0,0.5914213136027212,0
45,2020-12-01,2021-01-01,0,0.46931001357588176,0
45,2021-01-01,2021-02-01,0,0.38959779133838884,0
45,2021-02-01,2021-03-01,0,0.524409008155816,0
45,2021-03-01,2021-04-01,0,0.28618696846006947,0
45,2021-04-01,2021-05-01,0,0.5280504024534745,0
45,2021-05-01,2021-06-01,0,0.4347534718467679,0
45,2021-06-01,2021-07-01,0,0.6005424651395294,0
45,2021-07-01,2021-08-01,0,0.5523453635924931,0
45,2021-08-01,2021-09-01,0,0.58495202743185,0
45,2021-09-01,2021-10-01,0,0.6547804762700237,0
45,2021-10-01,2021-11-01,0,0.6891891837987828,1
45,2021-11-01,2021-12-01,0,0.5195291534228282,0
45,2021-12-01,2022-01-01,0,0.6140187485513758,0
45,2022-01-01,2022-02-01,0,0.4867506565677613,0
45,2022-02-01,2022-03-01,0,0.37976668698843824,0
45,2022-03-01,2022-04-01,0,0.3845238663327918,0
45,2022-04-01,2022-05-01,0,0.5054836126275798,0
45,2022-05-01,2022-06-01,0,0.5483785035680668,0
45,2022-06-01,2022-07-01,0,0.6729374735112652,1
45,2022-07-01,2022-08-01,0,0.7111154903579021,1
45,2022-08-01,2022-09-01,0,0.747362333475259,1
45,2022-09-01,2022-10-01,0,0.7224008254504367,1
45,2022-10-01,2022-11-01,0,0.7269922451930426,1
45,2022-11-01,2022-12-01,0,0.7512915204188085,1
46,2015-02-01,2015-03-01,1,0.3922793339040513,0
46,2015-03-01,2015-04-01,1,0.23643823076259934,0
46,2015-04-01,2015-05-01,1,0.400596148978645,0
46,2015-05-01,2015-06-01,1,0.5234962090107269,0
46,2015-06-01,2015-07-01,1,0.44042461543640876,0
46,2015-07-01,2015-08-01,1,0.4214107233486336,0
46,2015-08-01,2015-09-01,1,0.4769989579138906,0
46,2015-09-01,2015-10-01,1,0.3791877828758788,0
46,2015-10-01,2015-11-01,1,0.43414700968197295,0
46,2015-11-01,2015-12-01,1,0.32120883334835243,0
46,2015-12-01,2016-01-01,1,0.2896336793571037,0
46,2016-01-01,2016-02-01,0,0.3364044737267983,0
46,2016-02-01,2016-03-01,1,0.2717857003227866,0
46,2016-03-01,2016-04-01,0,0.2197424563944695,0
46,2016-04-01,2016-05-01,1,0.3379258161326781,0
46,2016-05-01,2016-06-01,1,0.35745097703535816,0
46,2016-06-01,2016-07-01,1,0.4559738420889036,0
46,2016-07-01,2016-08-01,1,0.35918934605170666,0
46,2016-08-01,2016-09-01,1,0.36520207660232784,0
46,2016-09-01,2016-10-01,1,0.45831233403751764,0
46,2016-10-01,2016-11-01,1,0.33076045556287065,0
46,2016-11-01,2016-12-01,0,0.408846765409441,0
46,2016-12-01,2017-01-01,0,0.37553489670148593,0
46,2017-01-01,2017-02-01,0,0.2504323770653134,0
46,2017-02-01,2017-03-01,0,0.35863334972409555,0
46,2017-03-01,2017-04-01,1,0.23991465999008263,0
46,2017-04-01,2017-05-01,1,0.3193272434273093,0
46,2017-05-01,2017-06-01,0,0.39973412298908617,0
46,2017-06-01,2017-07-01,1,0.4024845326877224,0
46,2017-07-01,2017-08-01,1,0.3515935453995484,0
46,2017-08-01,2017-09-01,1,0.421443178720607,0
46,2017-09-01,2017-10-01,1,0.47785825663405546,0
46,2017-10-01,2017-11-01,0,0.37644602412819106,0
46,2017-11-01,2017-12-01,0,0.34794078653041505,0
46,2017-12-01,2018-01-01,0,0.316276450293699,0
46,2018-01-01,2018-02-01,0,0.31833431934754275,0
46,2018-02-01,2018-03-01,0,0.2876053035609969,0
46,2018-03-01,2018-04-01,1,0.2430303808309275,0
46,2018-04-01,2018-05-01,1,0.26455033340979117,0
46,2018-05-01,2018-06-01,1,0.3787928678514616,0
46,2018-06-01,2018-07-01,1,0.4163688729239284,0
46,2018-07-01,2018-08-01,1,0.3881137800818884,0
46,2018-08-01,2018-09-01,0,0.4300907017905091,0
46,2018-09-01,2018-10-01,1,0.48641468289976003,0
46,2018-10-01,2018-11-01,0,0.3448387751638343,0
46,2018-11-01,2018-12-01,1,0.3156935783909157,0
46,2018-12-01,2019-01-01,0,0.3422565685395625,0
46,2019-01-01,2019-02-01,0,0.3315813907051267,0
46,2019-02-01,2019-03-01,0,0.26522746805993574,0
46,2019-03-01,2019-04-01,0,0.3358878304746844,0
46,2019-04-01,2019-05-01,1,0.37824857069262674,0
46,2019-05-01,2019-06-01,1,0.34241136558670215,0
46,2019-06-01,2019-07-01,1,0.38358915883374517,0
46,2019-07-01,2019-08-01,1,0.369695364216016,0
46,2019-08-01,2019-09-01,0,0.42485615619631945,0
46,2019-09-01,2019-10-01,0,0.28495243147858695,0
46,2019-10-01,2019-11-01,0,0.3236830902678273,0
46,2019-11-01,2019-12-01,0,0.33199120898142753,0
46,2019-12-01,2020-01-01,0,0.3242924331106086,0
46,2020-01-01,2020-02-01,0,0.30041248203225834,0
46,2020-02-01,2020-03-01,0,0.37988306080443185,0
46,2020-03-01,2020-04-01,0,0.27450870046895487,0
46,2020-04-01,2020-05-01,0,0.3190468434018751,0
46,2020-05-01,2020-06-01,0,0.15722951337731939,0
46,2020-06-01,2020-07-01,0,0.39135659385673693,0
46,2020-07-01,2020-08-01,0,0.24916029987208763,0
46,2020-08-01,2020-09-01,0,0.3858851983333632,0
46,2020-09-01,2020-10-01,0,0.33710849721190994,0
46,2020-10-01,2020-11-01,0,0.34580228769161603,0
46,2020-11-01,2020-12-01,0,0.2545319425932294,0
46,2020-12-01,2021-01-01,0,0.2081620144308989,0
46,2021-01-01,2021-02-01,0,0.23129445766309928,0
46,2021-02-01,2021-03-01,0,0.30009160545041225,0
46,2021-03-01,2021-04-01,0,0.18315073448367103,0
46,2021-04-01,2021-05-01,0,0.26768377813902755,0
46,2021-05-01,2021-06-01,0,0.2485448795727377,0
46,2021-06-01,2021-07-01,0,0.2943369167420717,0
46,2021-07-01,2021-08-01,0,0.3642446777849591,0
46,2021-08-01,2021-09-01,0,0.29305184080035296,0
46,2021-09-01,2021-10-01,0,0.3108067941670979,0
46,2021-10-01,2021-11-01,0,0.26767179922555595,0
46,2021-11-01,2021-12-01,0,0.26668820603326987,0
46,2021-12-01,2022-01-01,0,0.22744039112007364,0
46,2022-01-01,2022-02-01,0,0.21227931356295812,0
46,2022-02-01,2022-03-01,0,0.23836307308025162,0
46,2022-03-01,2022-04-01,0,0.16837477109161342,0
46,2022-04-01,2022-05-01,0,0.2650074383894591,0
46,2022-05-01,2022-06-01,0,0.287165057268093,0
46,2022-06-01,2022-07-01,1,0.30977727469550403,0
46,2022-07-01,2022-08-01,1,0.30053176380141117,0
46,2022-08-01,2022-09-01,1,0.31755382400172505,0
46,2022-09-01,2022-10-01,1,0.34364143705495936,0
46,2022-10-01,2022-11-01,0,0.37573555747161946,0
46,2022-11-01,2022-12-01,1,0.42323530521311564,0
47,2015-02-01,2015-03-01,0,0.35361086208545817,0
47,2015-03-01,2015-04-01,0,0.3404243217170162,0
47,2015-04-01,2015-05-01,0,0.4205793763212151,0
47,2015-05-01,2015-06-01,0,0.3695738886489976,0
47,2015-06-01,2015-07-01,0,0.3940928483432552,0
47,2015-07-01,2015-08-01,0,0.39767654163838073,0
47,2015-08-01,2015-09-01,0,0.5604913889868613,0
47,2015-09-01,2015-10-01,0,0.33412156998713605,0
47,2015-10-01,2015-11-01,0,0.4051843419363764,0
47,2015-11-01,2015-12-01,0,0.39447096909754276,0
47,2015-12-01,2016-01-01,0,0.3249839783725321,0
47,2016-01-01,2016-02-01,0,0.40247469673060715,0
47,2016-02-01,2016-03-01,0,0.26652658963546466,0
47,2016-03-01,2016-04-01,0,0.25429729258643907,0
47,2016-04-01,2016-05-01,0,0.46018226626418796,0
47,2016-05-01,2016-06-01,0,0.3343717910850731,0
47,2016-06-01,2016-07-01,0,0.4363300428121562,0
47,2016-07-01,2016-08-01,0,0.5849944605413429,0
47,2016-08-01,2016-09-01,0,0.5020500658011074,0
47,2016-09-01,2016-10-01,0,0.523914842000459,0
47,2016-10-01,2016-11-01,0,0.5771155474447216,0
47,2016-11-01,2016-12-01,0,0.5601752454618069,0
47,2016-12-01,2017-01-01,0,0.27760340227265784,0
47,2017-01-01,2017-02-01,0,0.3893652125999574,0
47,2017-02-01,2017-03-01,0,0.40334462027112705,0
47,2017-03-01,2017-04-01,0,0.3811657945185648,0
47,2017-04-01,2017-05-01,0,0.330514081639797,0
47,2017-05-01,2017-06-01,0,0.39156175297679197,0
47,2017-06-01,2017-07-01,0,0.352204944926338,0
47,2017-07-01,2017-08-01,0,0.3749458615943946,0
47,2017-08-01,2017-09-01,0,0.41311973391629553,0
47,2017-09-01,2017-10-01,0,0.5749954667962514,0
47,2017-10-01,2017-11-01,0,0.6303792460291014,0
47,2017-11-01,2017-12-01,0,0.3718777948122407,0
47,2017-12-01,2018-01-01,0,0.27365787296144894,0
47,2018-01-01,2018-02-01,0,0.291243784726423,0
47,2018-02-01,2018-03-01,0,0.3235151313481054,0
47,2018-03-01,2018-04-01,0,0.24759127493473737,0
47,2018-04-01,2018-05-01,0,0.32694812794060596,0
47,2018-05-01,2018-06-01,0,0.36109885191296304,0
47,2018-06-01,2018-07-01,0,0.48874989668742663,0
47,2018-07-01,2018-08-01,0,0.39357851769713625,0
47,2018-08-01,2018-09-01,0,0.5982240873176946,0
47,2018-09-01,2018-10-01,0,0.42386910838134745,0
47,2018-10-01,2018-11-01,0,0.30118909936881705,0
47,2018-11-01,2018-12-01,0,0.5536550451166589,0
47,2018-12-01,2019-01-01,0,0.2923109464429441,0
47,2019-01-01,2019-02-01,0,0.4360603177233631,0
47,2019-02-01,2019-03-01,0,0.2542681129288938,0
47,2019-03-01,2019-04-01,0,0.25377630241350846,0
47,2019-04-01,2019-05-01,0,0.4995223035781421,0
47,2019-05-01,2019-06-01,0,0.38711975351467276,0
47,2019-06-01,2019-07-01,0,0.4969696379667458,0
47,2019-07-01,2019-08-01,0,0.3926700429951201,0
47,2019-08-01,2019-09-01,0,0.46174776018587244,0
47,2019-09-01,2019-10-01,0,0.4569384331688014,0
47,2019-10-01,2019-11-01,0,0.5489453368563969,0
47,2019-11-01,2019-12-01,0,0.4059736315846018,0
47,2019-12-01,2020-01-01,0,0.40660238113254427,0
47,2020-01-01,2020-02-01,0,0.4029938273732896,0
47,2020-02-01,2020-03-01,0,0.30211896612389866,0
47,2020-03-01,2020-04-01,0,0.6286571152472039,0
47,2020-04-01,2020-05-01,0,0.38516068824929345,0
47,2020-05-01,2020-06-01,0,0.12309491915896176,0
47,2020-06-01,2020-07-01,0,0.5594956540979735,0
47,2020-07-01,2020-08-01,0,0.5945755017221221,0
47,2020-08-01,2020-09-01,0,0.390033985724913,0
47,2020-09-01,2020-10-01,0,0.43828287059469734,0
47,2020-10-01,2020-11-01,0,0.4569826601478108,0
47,2020-11-01,2020-12-01,0,0.5286320346737593,0
47,2020-12-01,2021-01-01,0,0.2745037730460643,0
47,2021-01-01,2021-02-01,0,0.2651073519186855,0
47,2021-02-01,2021-03-01,0,0.37740584309115704,0
47,2021-03-01,2021-04-01,0,0.26799526898078463,0
47,2021-04-01,2021-05-01,0,0.31304098581913625,0
47,2021-05-01,2021-06-01,0,0.39205379127170525,0
47,2021-06-01,2021-07-01,0,0.46511459757035495,0
47,2021-07-01,2021-08-01,0,0.3574434132244917,0
47,2021-08-01,2021-09-01,0,0.4060215546144508,0
47,2021-09-01,2021-10-01,0,0.42184346041056164,0
47,2021-10-01,2021-11-01,0,0.3098260032706428,0
47,2021-11-01,2021-12-01,0,0.31551106573969556,0
47,2021-12-01,2022-01-01,0,0.569766558281109,0
47,2022-01-01,2022-02-01,0,0.1866995330318323,0
47,2022-02-01,2022-03-01,0,0.22796087429167441,0
47,2022-03-01,2022-04-01,0,0.12872993683784495,0
47,2022-04-01,2022-05-01,0,0.4790409022378619,0
47,2022-05-01,2022-06-01,0,0.4097125252345069,0
47,2022-06-01,2022-07-01,0,0.7252385763658105,1
47,2022-07-01,2022-08-01,0,0.5207361822313414,0
47,2022-08-01,2022-09-01,0,0.3932911966415731,0
47,2022-09-01,2022-10-01,0,0.5307179553630625,0
47,2022-10-01,2022-11-01,0,0.46743257247511305,0
47,2022-11-01,2022-12-01,0,0.4743164812424931,0
48,2015-02-01,2015-03-01,0,0.22131229741384145,0
48,2015-03-01,2015-04-01,0,0.17032978731289414,0
48,2015-04-01,2015-05-01,0,0.34867041637206514,0
48,2015-05-01,2015-06-01,0,0.2984940411989855,0
48,2015-06-01,2015-07-01,0,0.3579626910602213,0
48,2015-07-01,2015-08-01,0,0.3157439735742191,0
48,2015-08-01,2015-09-01,0,0.4486723836899241,0
48,2015-09-01,2015-10-01,0,0.3473574324042449,0
48,2015-10-01,2015-11-01,0,0.27362118006676084,0
48,2015-11-01,2015-12-01,0,0.2500716380939995,0
48,2015-12-01,2016-01-01,0,0.22194709441765045,0
48,2016-01-01,2016-02-01,0,0.2136062118905558,0
48,2016-02-01,2016-03-01,0,0.29863078126147913,0
48,2016-03-01,2016-04-01,0,0.21623864937198944,0
48,2016-04-01,2016-05-01,0,0.2821155894213403,0
48,2016-05-01,2016-06-01,0,0.28301904361298297,0
48,2016-06-01,2016-07-01,0,0.34772070149386364,0
48,2016-07-01,2016-08-01,0,0.3333524596241026,0
48,2016-08-01,2016-09-01,0,0.3492567656309958,0
48,2016-09-01,2016-10-01,0,0.3574651548453126,0
48,2016-10-01,2016-11-01,0,0.32890687460284307,0
48,2016-11-01,2016-12-01,0,0.2862099059949294,0
48,2016-12-01,2017-01-01,0,0.24452295489808093,0
48,2017-01-01,2017-02-01,0,0.19601082299048322,0
48,2017-02-01,2017-03-01,0,0.26395006518077946,0
48,2017-03-01,2017-04-01,0,0.18444864712701173,0
48,2017-04-01,2017-05-01,0,0.25105859651020934,0
48,2017-05-01,2017-06-01,0,0.2544946358828905,0
48,2017-06-01,2017-07-01,0,0.3276142291239648,0
48,2017-07-01,2017-08-01,0,0.2319164619824619,0
48,2017-08-01,2017-09-01,0,0.36820333305712444,0
48,2017-09-01,2017-10-01,0,0.29928772843697893,0
48,2017-10-01,2017-11-01,0,0.2660143901764087,0
48,2017-11-01,2017-12-01,0,0.3093298875908742,0
48,2017-12-01,2018-01-01,0,0.22314417224204283,0
48,2018-01-01,2018-02-01,0,0.30999135696511504,0
48,2018-02-01,2018-03-01,0,0.23854822001391854,0
48,2018-03-01,2018-04-01,0,0.1987258116156276,0
48,2018-04-01,2018-05-01,0,0.22529569174148617,0
48,2018-05-01,2018-06-01,0,0.22628297383117033,0
48,2018-06-01,2018-07-01,0,0.326553193126814,0
48,2018-07-01,2018-08-01,0,0.3891672602443082,0
48,2018-08-01,2018-09-01,0,0.29597318297146585,0
48,2018-09-01,2018-10-01,0,0.35375809477633285,0
48,2018-10-01,2018-11-01,0,0.2513077918059194,0
48,2018-11-01,2018-12-01,0,0.32808961452990104,0
48,2018-12-01,2019-01-01,0,0.29017621337428223,0
48,2019-01-01,2019-02-01,0,0.2883346585022844,0
48,2019-02-01,2019-03-01,0,0.2632776979038568,0
48,2019-03-01,2019-04-01,0,0.21502623930636464,0
48,2019-04-01,2019-05-01,0,0.31186680705318454,0
48,2019-05-01,2019-06-01,0,0.30275269621616413,0
48,2019-06-01,2019-07-01,0,0.3448155089376204,0
48,2019-07-01,2019-08-01,0,0.373282034272682,0
48,2019-08-01,2019-09-01,0,0.35800344347546437,0
48,2019-09-01,2019-10-01,0,0.2813120801359981,0
48,2019-10-01,2019-11-01,0,0.3303930664649308,0
48,2019-11-01,2019-12-01,0,0.2642978927588151,0
48,2019-12-01,2020-01-01,0,0.18936795352859942,0
48,2020-01-01,2020-02-01,0,0.23262163224956856,0
48,2020-02-01,2020-03-01,0,0.1790651437829167,0
48,2020-03-01,2020-04-01,0,0.20351882284508993,0
48,2020-04-01,2020-05-01,0,0.302732551875611,0
48,2020-05-01,2020-06-01,0,0.12575590846522566,0
48,2020-06-01,2020-07-01,0,0.209110961595424,0
48,2020-07-01,2020-08-01,0,0.16854082113854846,0
48,2020-08-01,2020-09-01,0,0.21461979343684298,0
48,2020-09-01,2020-10-01,0,0.19551813975707508,0
48,2020-10-01,2020-11-01,0,0.20780546604903471,0
48,2020-11-01,2020-12-01,0,0.1890676253884776,0
48,2020-12-01,2021-01-01,0,0.13452619311806935,0
48,2021-01-01,2021-02-01,0,0.18167212679541617,0
48,2021-02-01,2021-03-01,0,0.18424910751115495,0
48,2021-03-01,2021-04-01,0,0.10911821803737835,0
48,2021-04-01,2021-05-01,0,0.21850712897798696,0
48,2021-05-01,2021-06-01,0,0.17321896293089858,0
48,2021-06-01,2021-07-01,0,0.17082293859905445,0
48,2021-07-01,2021-08-01,0,0.2817495604438183,0
48,2021-08-01,2021-09-01,0,0.28218114778122866,0
48,2021-09-01,2021-10-01,0,0.20367582819972072,0
48,2021-10-01,2021-11-01,0,0.2479049047230491,0
48,2021-11-01,2021-12-01,0,0.199004356738164,0
48,2021-12-01,2022-01-01,0,0.1505214316531087,0
48,2022-01-01,2022-02-01,0,0.1647648696940349,0
48,2022-02-01,2022-03-01,0,0.14747932178103831,0
48,2022-03-01,2022-04-01,0,0.12015519377013573,0
48,2022-04-01,2022-05-01,0,0.18030832848798103,0
48,2022-05-01,2022-06-01,0,0.2552706261023929,0
48,2022-06-01,2022-07-01,0,0.23729562189221295,0
48,2022-07-01,2022-08-01,0,0.24077523272922022,0
48,2022-08-01,2022-09-01,0,0.2560590768589175,0
48,2022-09-01,2022-10-01,0,0.3774658833264934,0
48,2022-10-01,2022-11-01,0,0.3803976319414714,0
48,2022-11-01,2022-12-01,0,0.3891990012328418,0
49,2015-02-01,2015-03-01,1,0.36245659061477153,0
49,2015-03-01,2015-04-01,1,0.23754431948494006,0
49,2015-04-01,2015-05-01,1,0.3567533036675866,0
49,2015-05-01,2015-06-01,1,0.4535164871920526,0
49,2015-06-01,2015-07-01,1,0.4594246262134663,0
49,2015-07-01,2015-08-01,1,0.420114988942015,0
49,2015-08-01,2015-09-01,1,0.45468328409578096,0
49,2015-09-01,2015-10-01,1,0.5255323944229133,0
49,2015-10-01,2015-11-01,1,0.4676524821560948,0
49,2015-11-01,2015-12-01,1,0.43068552355548306,0
49,2015-12-01,2016-01-01,1,0.34318474525407905,0
49,2016-01-01,2016-02-01,1,0.29387247295621827,0
49,2016-02-01,2016-03-01,1,0.33285929599550795,0
49,2016-03-01,2016-04-01,1,0.34095043450569695,0
49,2016-04-01,2016-05-01,1,0.3873772147942646,0
49,2016-05-01,2016-06-01,1,0.41532346505102286,0
49,2016-06-01,2016-07-01,1,0.5068341921489183,0
49,2016-07-01,2016-08-01,1,0.4602228846528107,0
49,2016-08-01,2016-09-01,1,0.43959292117315707,0
49,2016-09-01,2016-10-01,1,0.46084393953740005,0
49,2016-10-01,2016-11-01,1,0.4069758211972601,0
49,2016-11-01,2016-12-01,1,0.4670689967185815,0
49,2016-12-01,2017-01-01,1,0.34817934051806887,0
49,2017-01-01,2017-02-01,1,0.26581715432360037,0
49,2017-02-01,2017-03-01,1,0.36979782892888463,0
49,2017-03-01,2017-04-01,1,0.3232582863696019,0
49,2017-04-01,2017-05-01,1,0.333088502604336,0
49,2017-05-01,2017-06-01,1,0.43612049676301423,0
49,2017-06-01,2017-07-01,1,0.49309897022573007,0
49,2017-07-01,2017-08-01,1,0.41553976644495944,0
49,2017-08-01,2017-09-01,1,0.4874109757439423,0
49,2017-09-01,2017-10-01,1,0.40173621456349534,0
49,2017-10-01,2017-11-01,1,0.4271900911256154,0
49,2017-11-01,2017-12-01,1,0.4385242757791651,0
49,2017-12-01,2018-01-01,1,0.34707333852487193,0
49,2018-01-01,2018-02-01,1,0.3210468670512492,0
49,2018-02-01,2018-03-01,1,0.3352153874222971,0
49,2018-03-01,2018-04-01,1,0.25951570005565044,0
49,2018-04-01,2018-05-01,1,0.4086238346756622,0
49,2018-05-01,2018-06-01,1,0.4182812607043161,0
49,2018-06-01,2018-07-01,1,0.5139541739246859,0
49,2018-07-01,2018-08-01,1,0.4888637639415444,0
49,2018-08-01,2018-09-01,1,0.49396385335375703,0
49,2018-09-01,2018-10-01,1,0.5322097271554286,0
49,2018-10-01,2018-11-01,1,0.4279052968007611,0
49,2018-11-01,2018-12-01,1,0.3794616898785379,0
49,2018-12-01,2019-01-01,1,0.3058262863055608,0
49,2019-01-01,2019-02-01,1,0.33355191638366527,0
49,2019-02-01,2019-03-01,1,0.31529895862717927,0
49,2019-03-01,2019-04-01,1,0.28437057528682036,0
49,2019-04-01,2019-05-01,1,0.37816006658856083,0
49,2019-05-01,2019-06-01,1,0.37813144743341986,0
49,2019-06-01,2019-07-01,1,0.5932490147736668,0
49,2019-07-01,2019-08-01,1,0.4495972420377959,0
49,2019-08-01,2019-09-01,1,0.5634828247787128,0
49,2019-09-01,2019-10-01,1,0.44987349112334934,0
49,2019-10-01,2019-11-01,1,0.3684391721078292,0
49,2019-11-01,2019-12-01,1,0.45557486461715624,0
49,2019-12-01,2020-01-01,1,0.3874993820623901,0
49,2020-01-01,2020-02-01,1,0.34479017749517143,0
49,2020-02-01,2020-03-01,1,0.30427093606996597,0
49,2020-03-01,2020-04-01,1,0.2543552971402152,0
49,2020-04-01,2020-05-01,1,0.28889398762730356,0
49,2020-05-01,2020-06-01,1,0.1934799156077449,0
49,2020-06-01,2020-07-01,1,0.3417500158243651,0
49,2020-07-01,2020-08-01,1,0.3583591046891213,0
49,2020-08-01,2020-09-01,1,0.41864303728869007,0
49,2020-09-01,2020-10-01,1,0.3159670487106017,0
49,2020-10-01,2020-11-01,1,0.3087233297294708,0
49,2020-11-01,2020-12-01,1,0.390292185587413,0
49,2020-12-01,2021-01-01,1,0.27152216870609885,0
49,2021-01-01,2021-02-01,0,0.23115259083246453,0
49,2021-02-01,2021-03-01,1,0.24874810524611096,0
49,2021-03-01,2021-04-01,1,0.1682405082109059,0
49,2021-04-01,2021-05-01,1,0.25048413966515565,0
49,2021-05-01,2021-06-01,1,0.2659330423119397,0
49,2021-06-01,2021-07-01,1,0.3024206631813088,0
49,2021-07-01,2021-08-01,1,0.3527345381600554,0
49,2021-08-01,2021-09-01,1,0.38286329100848127,0
49,2021-09-01,2021-10-01,1,0.29039716002783583,0
49,2021-10-01,2021-11-01,1,0.32150783420696233,0
49,2021-11-01,2021-12-01,1,0.2725167250069163,0
49,2021-12-01,2022-01-01,1,0.27750928285657617,0
49,2022-01-01,2022-02-01,0,0.2961890940860187,0
49,2022-02-01,2022-03-01,1,0.19015378171607247,0
49,2022-03-01,2022-04-01,1,0.17365443099995326,0
49,2022-04-01,2022-05-01,1,0.28100469543121526,0
49,2022-05-01,2022-06-01,1,0.3367213442635708,0
49,2022-06-01,2022-07-01,1,0.3066145175251184,0
49,2022-07-01,2022-08-01,1,0.261109832049833,0
49,2022-08-01,2022-09-01,1,0.29105651434949714,0
49,2022-09-01,2022-10-01,1,0.31142483186123066,0
49,2022-10-01,2022-11-01,1,0.3996698132428837,0
49,2022-11-01,2022-12-01,1,0.4520416084680211,0
50,2015-02-01,2015-03-01,0,0.3484570159842949,0
50,2015-03-01,2015-04-01,0,0.20488912026475356,0
50,2015-04-01,2015-05-01,0,0.2785836942488112,0
50,2015-05-01,2015-06-01,0,0.24256141528881953,0
50,2015-06-01,2015-07-01,0,0.2562384732537494,0
50,2015-07-01,2015-08-01,0,0.3015702830618175,0
50,2015-08-01,2015-09-01,0,0.30619583472843837,0
50,2015-09-01,2015-10-01,0,0.3800896468795703,0
50,2015-10-01,2015-11-01,0,0.3217083170841159,0
50,2015-11-01,2015-12-01,0,0.177953046632981,0
50,2015-12-01,2016-01-01,0,0.26718390556694643,0
50,2016-01-01,2016-02-01,0,0.22291533666849364,0
50,2016-02-01,2016-03-01,0,0.2838069289112922,0
50,2016-03-01,2016-04-01,0,0.2511884399156097,0
50,2016-04-01,2016-05-01,0,0.27896830327661054,0
50,2016-05-01,2016-06-01,0,0.23782138270128259,0
50,2016-06-01,2016-07-01,0,0.38716524651014045,0
50,2016-07-01,2016-08-01,0,0.2742740448509771,0
50,2016-08-01,2016-09-01,0,0.3260398519124618,0
50,2016-09-01,2016-10-01,0,0.2862958163892702,0
50,2016-10-01,2016-11-01,0,0.3562993762281796,0
50,2016-11-01,2016-12-01,0,0.30840069628645655,0
50,2016-12-01,2017-01-01,0,0.31054148548635463,0
50,2017-01-01,2017-02-01,0,0.21350848970838923,0
50,2017-02-01,2017-03-01,0,0.2431214837194178,0
50,2017-03-01,2017-04-01,0,0.2547825919424124,0
50,2017-04-01,2017-05-01,0,0.244134697010207,0
50,2017-05-01,2017-06-01,0,0.23574606901945913,0
50,2017-06-01,2017-07-01,0,0.41995534058442957,0
50,2017-07-01,2017-08-01,0,0.4424510838287189,0
50,2017-08-01,2017-09-01,0,0.3599606645849175,0
50,2017-09-01,2017-10-01,0,0.45441328608895787,0
50,2017-10-01,2017-11-01,0,0.47733839452882576,0
50,2017-11-01,2017-12-01,0,0.3045303882388837,0
50,2017-12-01,2018-01-01,0,0.3283610486171895,0
50,2018-01-01,2018-02-01,0,0.3092857831544445,0
50,2018-02-01,2018-03-01,0,0.2698125565726035,0
50,2018-03-01,2018-04-01,0,0.1741257138479455,0
50,2018-04-01,2018-05-01,0,0.3439706971299982,0
50,2018-05-01,2018-06-01,0,0.32379413252758216,0
50,2018-06-01,2018-07-01,0,0.4517417729027321,0
50,2018-07-01,2018-08-01,0,0.4531436591308763,0
50,2018-08-01,2018-09-01,0,0.34514143936910807,0
50,2018-09-01,2018-10-01,0,0.4117941152971376,0
50,2018-10-01,2018-11-01,0,0.30965594202907426,0
50,2018-11-01,2018-12-01,0,0.3607613345556812,0
50,2018-12-01,2019-01-01,0,0.330888071779494,0
50,2019-01-01,2019-02-01,0,0.2588021966966073,0
50,2019-02-01,2019-03-01,0,0.1773932593037742,0
50,2019-03-01,2019-04-01,0,0.19616823674152165,0
50,2019-04-01,2019-05-01,0,0.2438082246716623,0
50,2019-05-01,2019-06-01,0,0.24761826586150887,0
50,2019-06-01,2019-07-01,0,0.3232332925273589,0
50,2019-07-01,2019-08-01,0,0.389544503935461,0
50,2019-08-01,2019-09-01,0,0.4112692755047822,0
50,2019-09-01,2019-10-01,0,0.2778598232728617,0
50,2019-10-01,2019-11-01,0,0.31618997973685753,0
50,2019-11-01,2019-12-01,0,0.29734600396311517,0
50,2019-12-01,2020-01-01,0,0.21256999893376333,0
50,2020-01-01,2020-02-01,0,0.22109586080418536,0
50,2020-02-01,2020-03-01,0,0.23794003957848736,0
50,2020-03-01,2020-04-01,0,0.23046828525525564,0
50,2020-04-01,2020-05-01,0,0.23853049416439498,0
50,2020-05-01,2020-06-01,0,0.1824401424125888,0
50,2020-06-01,2020-07-01,0,0.22350718374453366,0
50,2020-07-01,2020-08-01,0,0.24240499624153625,0
50,2020-08-01,2020-09-01,0,0.23536050231151276,0
50,2020-09-01,2020-10-01,0,0.38605924923906243,0
50,2020-10-01,2020-11-01,0,0.2561448721581266,0
50,2020-11-01,2020-12-01,0,0.3244647638112896,0
50,2020-12-01,2021-01-01,0,0.148719780410616,0
50,2021-01-01,2021-02-01,0,0.24433290812453715,0
50,2021-02-01,2021-03-01,0,0.17948270941044198,0
50,2021-03-01,2021-04-01,0,0.10052503435862599,0
50,2021-04-01,2021-05-01,0,0.13635341584541777,0
50,2021-05-01,2021-06-01,0,0.1303639265116065,0
50,2021-06-01,2021-07-01,0,0.19625198996294457,0
50,2021-07-01,2021-08-01,0,0.1956431615206423,0
50,2021-08-01,2021-09-01,0,0.22520511465868026,0
50,2021-09-01,2021-10-01,0,0.23595610392313798,0
50,2021-10-01,2021-11-01,0,0.2253056254419513,0
50,2021-11-01,2021-12-01,0,0.15666252115208626,0
50,2021-12-01,2022-01-01,0,0.2201904801995151,0
50,2022-01-01,2022-02-01,0,0.18231200146774687,0
50,2022-02-01,2022-03-01,0,0.13628589686547568,0
50,2022-03-01,2022-04-01,0,0.09768388920647708,0
50,2022-04-01,2022-05-01,0,0.17802064083153069,0
50,2022-05-01,2022-06-01,0,0.3527959716166904,0
50,2022-06-01,2022-07-01,0,0.20841988230926028,0
50,2022-07-01,2022-08-01,0,0.2110756161428788,0
50,2022-08-01,2022-09-01,0,0.2317250663085621,0
50,2022-09-01,2022-10-01,0,0.27873897300630035,0
50,2022-10-01,2022-11-01,0,0.25316727548127915,0
50,2022-11-01,2022-12-01,0,0.29311290068947304,0
51,2015-02-01,2015-03-01,0,0.11967531145875304,0
51,2015-03-01,2015-04-01,0,0.08714123503482948,0
51,2015-04-01,2015-05-01,0,0.12546852012149018,0
51,2015-05-01,2015-06-01,0,0.1464476445807517,0
51,2015-06-01,2015-07-01,0,0.14925932425580316,0
51,2015-07-01,2015-08-01,0,0.15458693209229615,0
51,2015-08-01,2015-09-01,0,0.135942526731906,0
51,2015-09-01,2015-10-01,0,0.14366517239336882,0
51,2015-10-01,2015-11-01,0,0.14613316072440605,0
51,2015-11-01,2015-12-01,0,0.14524278246174283,0
51,2015-12-01,2016-01-01,0,0.08349854318981462,0
51,2016-01-01,2016-02-01,0,0.1295305045008722,0
51,2016-02-01,2016-03-01,0,0.17553339979859203,0
51,2016-03-01,2016-04-01,0,0.15042020959906574,0
51,2016-04-01,2016-05-01,0,0.10102181402307712,0
51,2016-05-01,2016-06-01,0,0.16102173275970724,0
51,2016-06-01,2016-07-01,0,0.1361369045835849,0
51,2016-07-01,2016-08-01,0,0.16758513649777962,0
51,2016-08-01,2016-09-01,0,0.13415583491028882,0
51,2016-09-01,2016-10-01,0,0.12979234426878544,0
51,2016-10-01,2016-11-01,0,0.12679015888165662,0
51,2016-11-01,2016-12-01,0,0.11488175918201803,0
51,2016-12-01,2017-01-01,0,0.15161703161233486,0
51,2017-01-01,2017-02-01,0,0.12198416157933038,0
51,2017-02-01,2017-03-01,0,0.1298986204820068,0
51,2017-03-01,2017-04-01,0,0.08350224292597615,0
51,2017-04-01,2017-05-01,0,0.1563124163042479,0
51,2017-05-01,2017-06-01,0,0.14489820662990707,0
51,2017-06-01,2017-07-01,0,0.20292750943403162,0
51,2017-07-01,2017-08-01,0,0.16794277909581828,0
51,2017-08-01,2017-09-01,0,0.16381778194156363,0
51,2017-09-01,2017-10-01,0,0.1510758569255299,0
51,2017-10-01,2017-11-01,0,0.12030432595306029,0
51,2017-11-01,2017-12-01,0,0.1384836314472077,0
51,2017-12-01,2018-01-01,0,0.13223465170593215,0
51,2018-01-01,2018-02-01,0,0.10870304479863359,0
51,2018-02-01,2018-03-01,0,0.10248436082473732,0
51,2018-03-01,2018-04-01,0,0.0927167946807168,0
51,2018-04-01,2018-05-01,0,0.1475990073389212,0
51,2018-05-01,2018-06-01,0,0.15663935378706464,0
51,2018-06-01,2018-07-01,0,0.14438695826749237,0
51,2018-07-01,2018-08-01,0,0.1551622351719248,0
51,2018-08-01,2018-09-01,0,0.14949548375629226,0
51,2018-09-01,2018-10-01,0,0.212314185136121,0
51,2018-10-01,2018-11-01,0,0.1357543413065601,0
51,2018-11-01,2018-12-01,0,0.2176090974236031,0
51,2018-12-01,2019-01-01,0,0.14926278079693686,0
51,2019-01-01,2019-02-01,0,0.10476546763970719,0
51,2019-02-01,2019-03-01,0,0.12541384531591263,0
51,2019-03-01,2019-04-01,0,0.10290872755349961,0
51,2019-04-01,2019-05-01,0,0.13936972749731177,0
51,2019-05-01,2019-06-01,0,0.16412467383286344,0
51,2019-06-01,2019-07-01,0,0.17047421568241344,0
51,2019-07-01,2019-08-01,0,0.1702940681410865,0
51,2019-08-01,2019-09-01,0,0.17153804005597503,0
51,2019-09-01,2019-10-01,0,0.19989339020466734,0
51,2019-10-01,2019-11-01,0,0.13132305437111585,0
51,2019-11-01,2019-12-01,0,0.16476507859225295,0
51,2019-12-01,2020-01-01,0,0.15538265416832994,0
51,2020-01-01,2020-02-01,0,0.12318420326034465,0
51,2020-02-01,2020-03-01,0,0.13691930642261796,0
51,2020-03-01,2020-04-01,0,0.08128014872052175,0
51,2020-04-01,2020-05-01,0,0.12260607573851769,0
51,2020-05-01,2020-06-01,0,0.057858740269850634,0
51,2020-06-01,2020-07-01,0,0.1401548576810274,0
51,2020-07-01,2020-08-01,0,0.10317348882229344,0
51,2020-08-01,2020-09-01,0,0.11250176635901181,0
51,2020-09-01,2020-10-01,0,0.10354453172237559,0
51,2020-10-01,2020-11-01,0,0.11766949224356975,0
51,2020-11-01,2020-12-01,0,0.07893797140501545,0
51,2020-12-01,2021-01-01,0,0.05933627928671109,0
51,2021-01-01,2021-02-01,0,0.06197960370710167,0
51,2021-02-01,2021-03-01,0,0.08694914779646151,0
51,2021-03-01,2021-04-01,0,0.06837252681175074,0
51,2021-04-01,2021-05-01,0,0.08851759004697315,0
51,2021-05-01,2021-06-01,0,0.12100153553198746,0
51,2021-06-01,2021-07-01,0,0.1096301892189291,0
51,2021-07-01,2021-08-01,0,0.09651423541318976,0
51,2021-08-01,2021-09-01,0,0.11976098774836166,0
51,2021-09-01,2021-10-01,0,0.10455116052715108,0
51,2021-10-01,2021-11-01,0,0.11909554223743729,0
51,2021-11-01,2021-12-01,0,0.10155637509639295,0
51,2021-12-01,2022-01-01,0,0.08124336576151958,0
51,2022-01-01,2022-02-01,0,0.08978161619738988,0
51,2022-02-01,2022-03-01,0,0.07248122965896527,0
51,2022-03-01,2022-04-01,0,0.0832756201164901,0
51,2022-04-01,2022-05-01,0,0.10658754415523643,0
51,2022-05-01,2022-06-01,0,0.10644345462884688,0
51,2022-06-01,2022-07-01,0,0.10945656178527549,0
51,2022-07-01,2022-08-01,0,0.11387419944460614,0
51,2022-08-01,2022-09-01,0,0.13790821177716475,0
51,2022-09-01,2022-10-01,0,0.12108776566649508,0
51,2022-10-01,2022-11-01,0,0.12379222942618198,0
51,2022-11-01,2022-12-01,0,0.15310246600816782,0
52,2015-02-01,2015-03-01,0,0.2578360665077756,0
52,2015-03-01,2015-04-01,0,0.13639668074991362,0
52,2015-04-01,2015-05-01,0,0.24562781461756658,0
52,2015-05-01,2015-06-01,0,0.23601170030511148,0
52,2015-06-01,2015-07-01,0,0.2798917611585156,0
52,2015-07-01,2015-08-01,0,0.3033210197705521,0
52,2015-08-01,2015-09-01,0,0.43399811452205506,0
52,2015-09-01,2015-10-01,0,0.30845342555968597,0
52,2015-10-01,2015-11-01,0,0.23202648925545558,0
52,2015-11-01,2015-12-01,0,0.36096469372376017,0
52,2015-12-01,2016-01-01,0,0.2521996504551856,0
52,2016-01-01,2016-02-01,0,0.2038276556068551,0
52,2016-02-01,2016-03-01,0,0.16854892736085714,0
52,2016-03-01,2016-04-01,0,0.20719083206234665,0
52,2016-04-01,2016-05-01,0,0.2831144408328636,0
52,2016-05-01,2016-06-01,0,0.24194990039863537,0
52,2016-06-01,2016-07-01,0,0.29692427629506263,0
52,2016-07-01,2016-08-01,0,0.3068786337708099,0
52,2016-08-01,2016-09-01,0,0.25591869306105264,0
52,2016-09-01,2016-10-01,0,0.35484180336363363,0
52,2016-10-01,2016-11-01,0,0.32018966894224904,0
52,2016-11-01,2016-12-01,0,0.25746906391780344,0
52,2016-12-01,2017-01-01,0,0.268533373672946,0
52,2017-01-01,2017-02-01,0,0.21027269681058341,0
52,2017-02-01,2017-03-01,0,0.24620119714198932,0
52,2017-03-01,2017-04-01,0,0.17229472028557344,0
52,2017-04-01,2017-05-01,0,0.2947867704745356,0
52,2017-05-01,2017-06-01,0,0.25594353823132976,0
52,2017-06-01,2017-07-01,0,0.2975184133231917,0
52,2017-07-01,2017-08-01,0,0.2147044989200205,0
52,2017-08-01,2017-09-01,0,0.2768196541010281,0
52,2017-09-01,2017-10-01,0,0.2927654975590772,0
52,2017-10-01,2017-11-01,0,0.2999493730929344,0
52,2017-11-01,2017-12-01,0,0.2500660584179334,0
52,2017-12-01,2018-01-01,0,0.2753900706989263,0
52,2018-01-01,2018-02-01,0,0.2165633145024168,0
52,2018-02-01,2018-03-01,0,0.21300330690205563,0
52,2018-03-01,2018-04-01,0,0.18514522542027148,0
52,2018-04-01,2018-05-01,0,0.17356240098705306,0
52,2018-05-01,2018-06-01,0,0.25875523395471334,0
52,2018-06-01,2018-07-01,0,0.42611245956028865,0
52,2018-07-01,2018-08-01,0,0.30503845257911505,0
52,2018-08-01,2018-09-01,0,0.2523100066464371,0
52,2018-09-01,2018-10-01,0,0.37545037993721253,0
52,2018-10-01,2018-11-01,0,0.23052932199959003,0
52,2018-11-01,2018-12-01,0,0.1836366772631296,0
52,2018-12-01,2019-01-01,0,0.19273015615020186,0
52,2019-01-01,2019-02-01,0,0.24763421948272774,0
52,2019-02-01,2019-03-01,0,0.3110938621648567,0
52,2019-03-01,2019-04-01,0,0.1052361880198742,0
52,2019-04-01,2019-05-01,0,0.25550637598910014,0
52,2019-05-01,2019-06-01,0,0.2289837672856735,0
52,2019-06-01,2019-07-01,0,0.40365551001294164,0
52,2019-07-01,2019-08-01,0,0.20962509283458786,0
52,2019-08-01,2019-09-01,0,0.23253025385568435,0
52,2019-09-01,2019-10-01,0,0.22278446733018814,0
52,2019-10-01,2019-11-01,0,0.27962712437878107,0
52,2019-11-01,2019-12-01,0,0.16177659995634325,0
52,2019-12-01,2020-01-01,0,0.13796602378757017,0
52,2020-01-01,2020-02-01,0,0.19767054608787277,0
52,2020-02-01,2020-03-01,0,0.18659721135385132,0
52,2020-03-01,2020-04-01,0,0.14077139510480474,0
52,2020-04-01,2020-05-01,0,0.1052426166232808,0
52,2020-05-01,2020-06-01,0,0.11674388149191822,0
52,2020-06-01,2020-07-01,0,0.21141531674314412,0
52,2020-07-01,2020-08-01,0,0.17758596705642943,0
52,2020-08-01,2020-09-01,0,0.3555427851373936,0
52,2020-09-01,2020-10-01,0,0.2458940706741446,0
52,2020-10-01,2020-11-01,0,0.13560445901076518,0
52,2020-11-01,2020-12-01,0,0.21654405065671214,0
52,2020-12-01,2021-01-01,0,0.11967808874996752,0
52,2021-01-01,2021-02-01,0,0.12164137451948837,0
52,2021-02-01,2021-03-01,0,0.10403159148898145,0
52,2021-03-01,2021-04-01,0,0.09204454217736154,0
52,2021-04-01,2021-05-01,0,0.16586610467707044,0
52,2021-05-01,2021-06-01,0,0.15643549592761688,0
52,2021-06-01,2021-07-01,0,0.1765231710403026,0
52,2021-07-01,2021-08-01,0,0.20284657338056,0
52,2021-08-01,2021-09-01,0,0.21255701352286724,0
52,2021-09-01,2021-10-01,0,0.19138099310425843,0
52,2021-10-01,2021-11-01,0,0.23855902843742569,0
52,2021-11-01,2021-12-01,0,0.15681212873698014,0
52,2021-12-01,2022-01-01,0,0.12212584808523728,0
52,2022-01-01,2022-02-01,0,0.1951816370470427,0
52,2022-02-01,2022-03-01,0,0.1306693189657725,0
52,2022-03-01,2022-04-01,0,0.20776069379626944,0
52,2022-04-01,2022-05-01,0,0.1580358729787294,0
52,2022-05-01,2022-06-01,0,0.209955717008111,0
52,2022-06-01,2022-07-01,0,0.2641524674406648,0
52,2022-07-01,2022-08-01,0,0.19899185908021028,0
52,2022-08-01,2022-09-01,0,0.2998599269681139,0
52,2022-09-01,2022-10-01,0,0.2715503143062433,0
52,2022-10-01,2022-11-01,0,0.3186406032690959,0
52,2022-11-01,2022-12-01,0,0.3176689114512752,0
53,2015-02-01,2015-03-01,0,0.42905566450898863,0
53,2015-03-01,2015-04-01,0,0.20731578274564413,0
53,2015-04-01,2015-05-01,1,0.46512771402096414,0
53,2015-05-01,2015-06-01,0,0.5160436878342933,0
53,2015-06-01,2015-07-01,1,0.5938618178812974,0
53,2015-07-01,2015-08-01,1,0.5143723413144609,0
53,2015-08-01,2015-09-01,0,0.49532716838261454,0
53,2015-09-01,2015-10-01,1,0.5107708169963162,0
53,2015-10-01,2015-11-01,0,0.3977009334540187,0
53,2015-11-01,2015-12-01,0,0.3730546143303599,0
53,2015-12-01,2016-01-01,0,0.274905114145451,0
53,2016-01-01,2016-02-01,0,0.2355318364649648,0
53,2016-02-01,2016-03-01,0,0.32187657794993363,0
53,2016-03-01,2016-04-01,0,0.30182409210939826,0
53,2016-04-01,2016-05-01,0,0.4165687051854527,0
53,2016-05-01,2016-06-01,0,0.3322354751109884,0
53,2016-06-01,2016-07-01,0,0.5299028528448827,0
53,2016-07-01,2016-08-01,1,0.5231863601318808,0
53,2016-08-01,2016-09-01,0,0.6058090537034255,0
53,2016-09-01,2016-10-01,0,0.43991353267524513,0
53,2016-10-01,2016-11-01,0,0.5257348644577688,0
53,2016-11-01,2016-12-01,0,0.5117746042536985,0
53,2016-12-01,2017-01-01,0,0.5203066489366212,0
53,2017-01-01,2017-02-01,0,0.35379301523198164,0
53,2017-02-01,2017-03-01,0,0.44170572736702246,0
53,2017-03-01,2017-04-01,0,0.3204300555299609,0
53,2017-04-01,2017-05-01,0,0.44146623623903825,0
53,2017-05-01,2017-06-01,0,0.5079664190262166,0
53,2017-06-01,2017-07-01,1,0.5496340986756876,0
53,2017-07-01,2017-08-01,1,0.6160104918335885,0
53,2017-08-01,2017-09-01,0,0.5852646058582797,0
53,2017-09-01,2017-10-01,0,0.5008958075998577,0
53,2017-10-01,2017-11-01,0,0.4417975194002881,0
53,2017-11-01,2017-12-01,0,0.40444487542616336,0
53,2017-12-01,2018-01-01,0,0.44245273041316996,0
53,2018-01-01,2018-02-01,0,0.40593890957673107,0
53,2018-02-01,2018-03-01,0,0.3307285203456175,0
53,2018-03-01,2018-04-01,0,0.2586294924994475,0
53,2018-04-01,2018-05-01,1,0.4430577149119566,0
53,2018-05-01,2018-06-01,1,0.4353420688886551,0
53,2018-06-01,2018-07-01,1,0.6386847325331633,0
53,2018-07-01,2018-08-01,1,0.5864992120846445,0
53,2018-08-01,2018-09-01,0,0.5236918429385343,0
53,2018-09-01,2018-10-01,0,0.5802373143028563,0
53,2018-10-01,2018-11-01,0,0.3924175141334834,0
53,2018-11-01,2018-12-01,0,0.4198612466965517,0
53,2018-12-01,2019-01-01,0,0.3158466961834125,0
53,2019-01-01,2019-02-01,0,0.3751801877542037,0
53,2019-02-01,2019-03-01,0,0.3409136615878039,0
53,2019-03-01,2019-04-01,0,0.3555877498738014,0
53,2019-04-01,2019-05-01,1,0.36024702613883713,0
53,2019-05-01,2019-06-01,0,0.5120495943137882,0
53,2019-06-01,2019-07-01,0,0.5666011619099486,0
53,2019-07-01,2019-08-01,0,0.528952354162842,0
53,2019-08-01,2019-09-01,0,0.5836347970793307,0
53,2019-09-01,2019-10-01,0,0.5462035593178751,0
53,2019-10-01,2019-11-01,0,0.3814416193310994,0
53,2019-11-01,2019-12-01,0,0.39207093524462794,0
53,2019-12-01,2020-01-01,0,0.3601363726045317,0
53,2020-01-01,2020-02-01,0,0.31918531195917194,0
53,2020-02-01,2020-03-01,0,0.3890172734793997,0
53,2020-03-01,2020-04-01,0,0.2793395965664807,0
53,2020-04-01,2020-05-01,0,0.2610082057505229,0
53,2020-05-01,2020-06-01,0,0.19238559597457794,0
53,2020-06-01,2020-07-01,0,0.46057312997603883,0
53,2020-07-01,2020-08-01,0,0.4279766293657491,0
53,2020-08-01,2020-09-01,0,0.38082820428781305,0
53,2020-09-01,2020-10-01,0,0.40081081368589305,0
53,2020-10-01,2020-11-01,0,0.3269497206943325,0
53,2020-11-01,2020-12-01,0,0.3879947609349939,0
53,2020-12-01,2021-01-01,0,0.22950851940958675,0
53,2021-01-01,2021-02-01,0,0.2672777430643973,0
53,2021-02-01,2021-03-01,0,0.27122263992899165,0
53,2021-03-01,2021-04-01,0,0.1668953869456915,0
53,2021-04-01,2021-05-01,0,0.2738209648713567,0
53,2021-05-01,2021-06-01,0,0.24942103206293445,0
53,2021-06-01,2021-07-01,0,0.3284581533710605,0
53,2021-07-01,2021-08-01,0,0.3389881267770311,0
53,2021-08-01,2021-09-01,0,0.2943464031584255,0
53,2021-09-01,2021-10-01,0,0.30139240706869946,0
53,2021-10-01,2021-11-01,0,0.334319466671664,0
53,2021-11-01,2021-12-01,0,0.30733906554351775,0
53,2021-12-01,2022-01-01,0,0.2526792871727468,0
53,2022-01-01,2022-02-01,0,0.21072403268605122,0
53,2022-02-01,2022-03-01,0,0.19488422151947912,0
53,2022-03-01,2022-04-01,0,0.16271174527806523,0
53,2022-04-01,2022-05-01,0,0.2877848760132856,0
53,2022-05-01,2022-06-01,0,0.3050055232174118,0
53,2022-06-01,2022-07-01,0,0.32455941972098024,0
53,2022-07-01,2022-08-01,0,0.31678455228442315,0
53,2022-08-01,2022-09-01,0,0.308043092020704,0
53,2022-09-01,2022-10-01,0,0.4280975976907524,0
53,2022-10-01,2022-11-01,0,0.5089306014400594,0
53,2022-11-01,2022-12-01,0,0.5112417254383117,0
54,2015-02-01,2015-03-01,0,0.5173875753923302,0
54,2015-03-01,2015-04-01,0,0.23215617982738648,0
54,2015-04-01,2015-05-01,0,0.4533643860847583,0
54,2015-05-01,2015-06-01,0,0.39725325773993225,0
54,2015-06-01,2015-07-01,0,0.4616885010125671,0
54,2015-07-01,2015-08-01,0,0.5292557176895827,0
54,2015-08-01,2015-09-01,0,0.5318660079723495,0
54,2015-09-01,2015-10-01,0,0.6887711382440665,1
54,2015-10-01,2015-11-01,0,0.4522231405214976,0
54,2015-11-01,2015-12-01,0,0.37940601605126045,0
54,2015-12-01,2016-01-01,0,0.2424392111690711,0
54,2016-01-01,2016-02-01,0,0.3288475045354319,0
54,2016-02-01,2016-03-01,0,0.3788879470101748,0
54,2016-03-01,2016-04-01,0,0.4280733709456728,0
54,2016-04-01,2016-05-01,0,0.5249687374350407,0
54,2016-05-01,2016-06-01,0,0.47263012272642746,0
54,2016-06-01,2016-07-01,0,0.5957588209985735,0
54,2016-07-01,2016-08-01,0,0.45237633715585396,0
54,2016-08-01,2016-09-01,0,0.636227608720426,0
54,2016-09-01,2016-10-01,0,0.5061345819553134,0
54,2016-10-01,2016-11-01,0,0.360668039655348,0
54,2016-11-01,2016-12-01,0,0.49743747980347314,0
54,2016-12-01,2017-01-01,0,0.49330645114729,0
54,2017-01-01,2017-02-01,0,0.33163643997307224,0
54,2017-02-01,2017-03-01,0,0.48024149702306396,0
54,2017-03-01,2017-04-01,0,0.2177290358650595,0
54,2017-04-01,2017-05-01,0,0.35013131914225454,0
54,2017-05-01,2017-06-01,0,0.691457638624433,1
54,2017-06-01,2017-07-01,0,0.5702438884143096,0
54,2017-07-01,2017-08-01,0,0.4392092301415719,0
54,2017-08-01,2017-09-01,0,0.6879187268347164,1
54,2017-09-01,2017-10-01,0,0.5100208745259756,0
54,2017-10-01,2017-11-01,0,0.5013215577261417,0
54,2017-11-01,2017-12-01,0,0.4005684072921116,0
54,2017-12-01,2018-01-01,0,0.35985391366922165,0
54,2018-01-01,2018-02-01,0,0.4143258916197485,0
54,2018-02-01,2018-03-01,0,0.315997923354119,0
54,2018-03-01,2018-04-01,0,0.22839453962657497,0
54,2018-04-01,2018-05-01,0,0.40204378212148034,0
54,2018-05-01,2018-06-01,0,0.5223074366115974,0
54,2018-06-01,2018-07-01,0,0.5912195857968555,0
54,2018-07-01,2018-08-01,0,0.6193598472383363,0
54,2018-08-01,2018-09-01,0,0.487803211170922,0
54,2018-09-01,2018-10-01,0,0.4763986590497554,0
54,2018-10-01,2018-11-01,0,0.3592289466135516,0
54,2018-11-01,2018-12-01,0,0.37255082992146127,0
54,2018-12-01,2019-01-01,0,0.27211697349433017,0
54,2019-01-01,2019-02-01,0,0.3913341967520577,0
54,2019-02-01,2019-03-01,0,0.4330972499383017,0
54,2019-03-01,2019-04-01,0,0.36637420951897304,0
54,2019-04-01,2019-05-01,0,0.3550919953158711,0
54,2019-05-01,2019-06-01,0,0.3284892192782014,0
54,2019-06-01,2019-07-01,0,0.41142433158418024,0
54,2019-07-01,2019-08-01,0,0.4737981731065177,0
54,2019-08-01,2019-09-01,0,0.4643198316723228,0
54,2019-09-01,2019-10-01,0,0.3911999456864439,0
54,2019-10-01,2019-11-01,0,0.3527497126707388,0
54,2019-11-01,2019-12-01,0,0.35978989704940234,0
54,2019-12-01,2020-01-01,0,0.42815300085433006,0
54,2020-01-01,2020-02-01,0,0.3625042188388341,0
54,2020-02-01,2020-03-01,0,0.5159451282600852,0
54,2020-03-01,2020-04-01,0,0.3716146902897373,0
54,2020-04-01,2020-05-01,0,0.26165816203034764,0
54,2020-05-01,2020-06-01,0,0.2276952551191733,0
54,2020-06-01,2020-07-01,0,0.3531656587995746,0
54,2020-07-01,2020-08-01,0,0.3826323809278767,0
54,2020-08-01,2020-09-01,0,0.4292266346433705,0
54,2020-09-01,2020-10-01,0,0.40077353105671976,0
54,2020-10-01,2020-11-01,0,0.47058606192137725,0
54,2020-11-01,2020-12-01,0,0.5316645031477177,0
54,2020-12-01,2021-01-01,0,0.2656713862076902,0
54,2021-01-01,2021-02-01,0,0.2638855464809506,0
54,2021-02-01,2021-03-01,0,0.25248807769181714,0
54,2021-03-01,2021-04-01,0,0.2117547185159835,0
54,2021-04-01,2021-05-01,0,0.2911893157310681,0
54,2021-05-01,2021-06-01,0,0.2254705556446212,0
54,2021-06-01,2021-07-01,0,0.4426212617305049,0
54,2021-07-01,2021-08-01,0,0.3304627606231681,0
54,2021-08-01,2021-09-01,0,0.3689926372047731,0
54,2021-09-01,2021-10-01,0,0.3661882319553322,0
54,2021-10-01,2021-11-01,0,0.3414169809848827,0
54,2021-11-01,2021-12-01,0,0.28110718078515257,0
54,2021-12-01,2022-01-01,0,0.2249586088939345,0
54,2022-01-01,2022-02-01,0,0.2415650105028557,0
54,2022-02-01,2022-03-01,0,0.3043095688810058,0
54,2022-03-01,2022-04-01,0,0.19061681943168776,0
54,2022-04-01,2022-05-01,0,0.2703610012171467,0
54,2022-05-01,2022-06-01,0,0.3128745151988936,0
54,2022-06-01,2022-07-01,0,0.3362222242441652,0
54,2022-07-01,2022-08-01,0,0.3940261749828571,0
54,2022-08-01,2022-09-01,0,0.3601013971984706,0
54,2022-09-01,2022-10-01,0,0.28736478862369574,0
54,2022-10-01,2022-11-01,0,0.3820113063667876,0
54,2022-11-01,2022-12-01,0,0.3289170418197502,0
55,2015-02-01,2015-03-01,0,0.20524211208040308,0
55,2015-03-01,2015-04-01,0,0.07487070741928482,0
55,2015-04-01,2015-05-01,0,0.09689030851558693,0
55,2015-05-01,2015-06-01,0,0.11815037580765697,0
55,2015-06-01,2015-07-01,0,0.18874267560384367,0
55,2015-07-01,2015-08-01,0,0.19547279737431514,0
55,2015-08-01,2015-09-01,0,0.1598275728490966,0
55,2015-09-01,2015-10-01,0,0.14547159548323105,0
55,2015-10-01,2015-11-01,0,0.2860674866989864,0
55,2015-11-01,2015-12-01,0,0.11347219318125684,0
55,2015-12-01,2016-01-01,0,0.07286309800866156,0
55,2016-01-01,2016-02-01,0,0.259354881699875,0
55,2016-02-01,2016-03-01,0,0.11973005931370495,0
55,2016-03-01,2016-04-01,0,0.08102115486494246,0
55,2016-04-01,2016-05-01,0,0.1190113200334424,0
55,2016-05-01,2016-06-01,0,0.12003219091293395,0
55,2016-06-01,2016-07-01,0,0.19052231523048338,0
55,2016-07-01,2016-08-01,0,0.1926764056381937,0
55,2016-08-01,2016-09-01,0,0.2314181445869431,0
55,2016-09-01,2016-10-01,0,0.15720736993078924,0
55,2016-10-01,2016-11-01,0,0.16782047891186638,0
55,2016-11-01,2016-12-01,0,0.1470859956034411,0
55,2016-12-01,2017-01-01,0,0.1235538067698091,0
55,2017-01-01,2017-02-01,0,0.09707381512335711,0
55,2017-02-01,2017-03-01,0,0.20385004708382987,0
55,2017-03-01,2017-04-01,0,0.12187081541514784,0
55,2017-04-01,2017-05-01,0,0.08340193871539918,0
55,2017-05-01,2017-06-01,0,0.11547801438050431,0
55,2017-06-01,2017-07-01,0,0.14518731098782986,0
55,2017-07-01,2017-08-01,0,0.16781755340248555,0
55,2017-08-01,2017-09-01,0,0.09615194305763877,0
55,2017-09-01,2017-10-01,0,0.11906329739512946,0
55,2017-10-01,2017-11-01,0,0.11516305154520816,0
55,2017-11-01,2017-12-01,0,0.12280272611459073,0
55,2017-12-01,2018-01-01,0,0.08844699807949212,0
55,2018-01-01,2018-02-01,0,0.1809663579643537,0
55,2018-02-01,2018-03-01,0,0.1462004896870597,0
55,2018-03-01,2018-04-01,0,0.06624590729037748,0
55,2018-04-01,2018-05-01,0,0.23390424082795352,0
55,2018-05-01,2018-06-01,0,0.08918521148300176,0
55,2018-06-01,2018-07-01,0,0.09622850310748299,0
55,2018-07-01,2018-08-01,0,0.12423257457303565,0
55,2018-08-01,2018-09-01,0,0.11641076428998663,0
55,2018-09-01,2018-10-01,0,0.1670139350333636,0
55,2018-10-01,2018-11-01,0,0.07835533193037884,0
55,2018-11-01,2018-12-01,0,0.13179051134033748,0
55,2018-12-01,2019-01-01,0,0.20242292343929616,0
55,2019-01-01,2019-02-01,0,0.2347631488477172,0
55,2019-02-01,2019-03-01,0,0.12261899832698654,0
55,2019-03-01,2019-04-01,0,0.10092802508034474,0
55,2019-04-01,2019-05-01,0,0.11506202215707034,0
55,2019-05-01,2019-06-01,0,0.12801711155170645,0
55,2019-06-01,2019-07-01,0,0.14074912208727525,0
55,2019-07-01,2019-08-01,0,0.130454637953297,0
55,2019-08-01,2019-09-01,0,0.20315321391147312,0
55,2019-09-01,2019-10-01,0,0.1462004896870597,0
55,2019-10-01,2019-11-01,0,0.12353407464917318,0
55,2019-11-01,2019-12-01,0,0.11655786486610908,0
55,2019-12-01,2020-01-01,0,0.17663887528144992,0
55,2020-01-01,2020-02-01,0,0.11766341159953425,0
55,2020-02-01,2020-03-01,0,0.06518955546621384,0
55,2020-03-01,2020-04-01,0,0.11848617005986224,0
55,2020-04-01,2020-05-01,0,0.0790550173137417,0
55,2020-05-01,2020-06-01,0,0.1457009787521255,0
55,2020-06-01,2020-07-01,0,0.18398809369882,0
55,2020-07-01,2020-08-01,0,0.11494735680020965,0
55,2020-08-01,2020-09-01,0,0.12959626018155646,0
55,2020-09-01,2020-10-01,0,0.10355411806171928,0
55,2020-10-01,2020-11-01,0,0.06257975776254587,0
55,2020-11-01,2020-12-01,0,0.05654762308818243,0
55,2020-12-01,2021-01-01,0,0.07593015601529347,0
55,2021-01-01,2021-02-01,0,0.09516173892782077,0
55,2021-02-01,2021-03-01,0,0.10397035887356412,0
55,2021-03-01,2021-04-01,0,0.07506567025670607,0
55,2021-04-01,2021-05-01,0,0.10051095704874732,0
55,2021-05-01,2021-06-01,0,0.10041596696757138,0
55,2021-06-01,2021-07-01,0,0.12877273430191208,0
55,2021-07-01,2021-08-01,0,0.09200327525857505,0
55,2021-08-01,2021-09-01,0,0.12320469216131011,0
55,2021-09-01,2021-10-01,0,0.09153376256567551,0
55,2021-10-01,2021-11-01,0,0.13697467594518692,0
55,2021-11-01,2021-12-01,0,0.16068163074666364,0
55,2021-12-01,2022-01-01,0,0.10182472239042216,0
55,2022-01-01,2022-02-01,0,0.07554448245976743,0
55,2022-02-01,2022-03-01,0,0.13732486406186872,0
55,2022-03-01,2022-04-01,0,0.07473149411763012,0
55,2022-04-01,2022-05-01,0,0.11450994251010903,0
55,2022-05-01,2022-06-01,0,0.0776909312287033,0
55,2022-06-01,2022-07-01,0,0.12839365328723265,0
55,2022-07-01,2022-08-01,0,0.09899597268241579,0
55,2022-08-01,2022-09-01,0,0.1458965775500441,0
55,2022-09-01,2022-10-01,0,0.19174972546697783,0
55,2022-10-01,2022-11-01,0,0.11812512223953991,0
55,2022-11-01,2022-12-01,0,0.18589763276721774,0
56,2015-02-01,2015-03-01,0,0.07912859645792533,0
56,2015-03-01,2015-04-01,0,0.06777860218460958,0
56,2015-04-01,2015-05-01,0,0.10772610072281093,0
56,2015-05-01,2015-06-01,0,0.13567310385697298,0
56,2015-06-01,2015-07-01,0,0.2352707249291357,0
56,2015-07-01,2015-08-01,0,0.15386481287930945,0
56,2015-08-01,2015-09-01,0,0.14158487060728747,0
56,2015-09-01,2015-10-01,0,0.14856122632866386,0
56,2015-10-01,2015-11-01,0,0.11457913183144741,0
56,2015-11-01,2015-12-01,0,0.16397415127065146,0
56,2015-12-01,2016-01-01,0,0.17900814815462654,0
56,2016-01-01,2016-02-01,0,0.15107600206771396,0
56,2016-02-01,2016-03-01,0,0.1599427069309104,0
56,2016-03-01,2016-04-01,0,0.13378823046469465,0
56,2016-04-01,2016-05-01,0,0.17308271622735322,0
56,2016-05-01,2016-06-01,0,0.12020705212851646,0
56,2016-06-01,2016-07-01,0,0.16921946601960222,0
56,2016-07-01,2016-08-01,0,0.22352659038347472,0
56,2016-08-01,2016-09-01,0,0.1839910134429482,0
56,2016-09-01,2016-10-01,0,0.2078420923683898,0
56,2016-10-01,2016-11-01,0,0.214515529266023,0
56,2016-11-01,2016-12-01,0,0.1381682149224179,0
56,2016-12-01,2017-01-01,0,0.10257153377437687,0
56,2017-01-01,2017-02-01,0,0.10628478072771734,0
56,2017-02-01,2017-03-01,0,0.14244237732422413,0
56,2017-03-01,2017-04-01,0,0.0815079448588712,0
56,2017-04-01,2017-05-01,0,0.11613505308871415,0
56,2017-05-01,2017-06-01,0,0.08786292991811076,0
56,2017-06-01,2017-07-01,0,0.10858328577727927,0
56,2017-07-01,2017-08-01,0,0.1466904576695618,0
56,2017-08-01,2017-09-01,0,0.17456607703048457,0
56,2017-09-01,2017-10-01,0,0.11894485167790432,0
56,2017-10-01,2017-11-01,0,0.14192367079220547,0
56,2017-11-01,2017-12-01,0,0.11578696086850711,0
56,2017-12-01,2018-01-01,0,0.11148903713820851,0
56,2018-01-01,2018-02-01,0,0.19122035700829612,0
56,2018-02-01,2018-03-01,0,0.09881093622813045,0
56,2018-03-01,2018-04-01,0,0.11909005270194035,0
56,2018-04-01,2018-05-01,0,0.11383014141119807,0
56,2018-05-01,2018-06-01,0,0.10487282011874505,0
56,2018-06-01,2018-07-01,0,0.13884004187551477,0
56,2018-07-01,2018-08-01,0,0.1658705125960214,0
56,2018-08-01,2018-09-01,0,0.17768126899728742,0
56,2018-09-01,2018-10-01,0,0.1453309630066033,0
56,2018-10-01,2018-11-01,0,0.17132188732936418,0
56,2018-11-01,2018-12-01,0,0.14641829012680133,0
56,2018-12-01,2019-01-01,0,0.15113527915954875,0
56,2019-01-01,2019-02-01,0,0.17843616559328138,0
56,2019-02-01,2019-03-01,0,0.14512385612856768,0
56,2019-03-01,2019-04-01,0,0.13937712009865055,0
56,2019-04-01,2019-05-01,0,0.1259065776674413,0
56,2019-05-01,2019-06-01,0,0.0872924567466219,0
56,2019-06-01,2019-07-01,0,0.1422152111017402,0
56,2019-07-01,2019-08-01,0,0.1943114328358013,0
56,2019-08-01,2019-09-01,0,0.32072293430814164,0
56,2019-09-01,2019-10-01,0,0.19684075084404554,0
56,2019-10-01,2019-11-01,0,0.16923881773028407,0
56,2019-11-01,2019-12-01,0,0.12028831361800064,0
56,2019-12-01,2020-01-01,0,0.10095491028796184,0
56,2020-01-01,2020-02-01,0,0.10102280666041812,0
56,2020-02-01,2020-03-01,0,0.1069334060306877,0
56,2020-03-01,2020-04-01,0,0.0804442343812318,0
56,2020-04-01,2020-05-01,0,0.08560629584335755,0
56,2020-05-01,2020-06-01,0,0.05053374752303026,0
56,2020-06-01,2020-07-01,0,0.08464448694474376,0
56,2020-07-01,2020-08-01,0,0.08974362317319833,0
56,2020-08-01,2020-09-01,0,0.07781918509812911,0
56,2020-09-01,2020-10-01,0,0.07436310332747166,0
56,2020-10-01,2020-11-01,0,0.08485178443019895,0
56,2020-11-01,2020-12-01,0,0.1052275191701024,0
56,2020-12-01,2021-01-01,0,0.16029046054220766,0
56,2021-01-01,2021-02-01,0,0.18429450593051513,0
56,2021-02-01,2021-03-01,0,0.06098907908291505,0
56,2021-03-01,2021-04-01,0,0.07704049927474546,0
56,2021-04-01,2021-05-01,0,0.08345676418877467,0
56,2021-05-01,2021-06-01,0,0.06551523185019055,0
56,2021-06-01,2021-07-01,0,0.06208778325951665,0
56,2021-07-01,2021-08-01,0,0.11309364716262311,0
56,2021-08-01,2021-09-01,0,0.09564176820156589,0
56,2021-09-01,2021-10-01,0,0.10630796949091471,0
56,2021-10-01,2021-11-01,0,0.12919748307774478,0
56,2021-11-01,2021-12-01,0,0.10229906612879401,0
56,2021-12-01,2022-01-01,0,0.07049079637440629,0
56,2022-01-01,2022-02-01,0,0.0922442522850809,0
56,2022-02-01,2022-03-01,0,0.0692126855570049,0
56,2022-03-01,2022-04-01,0,0.05548459740222056,0
56,2022-04-01,2022-05-01,0,0.14241437297659418,0
56,2022-05-01,2022-06-01,0,0.1306860505673318,0
56,2022-06-01,2022-07-01,0,0.14231025573404799,0
56,2022-07-01,2022-08-01,0,0.1146300408679535,0
56,2022-08-01,2022-09-01,0,0.13771931625927017,0
56,2022-09-01,2022-10-01,0,0.1255183313453509,0
56,2022-10-01,2022-11-01,0,0.09989971478138164,0
56,2022-11-01,2022-12-01,0,0.10850907606685598,0
57,2015-02-01,2015-03-01,0,0.21971752919078583,0
57,2015-03-01,2015-04-01,0,0.18088060522426183,0
57,2015-04-01,2015-05-01,0,0.3644540260628892,0
57,2015-05-01,2015-06-01,0,0.28470648995992026,0
57,2015-06-01,2015-07-01,0,0.22834733370055904,0
57,2015-07-01,2015-08-01,0,0.2456893029586541,0
57,2015-08-01,2015-09-01,0,0.33388931972701935,0
57,2015-09-01,2015-10-01,0,0.35963363351425753,0
57,2015-10-01,2015-11-01,0,0.34635838082559933,0
57,2015-11-01,2015-12-01,0,0.22570914540904374,0
57,2015-12-01,2016-01-01,0,0.2568815903096577,0
57,2016-01-01,2016-02-01,0,0.39030154747832213,0
57,2016-02-01,2016-03-01,0,0.24064671958501757,0
57,2016-03-01,2016-04-01,0,0.29910755500042807,0
57,2016-04-01,2016-05-01,0,0.2816092690964565,0
57,2016-05-01,2016-06-01,0,0.31058347425713423,0
57,2016-06-01,2016-07-01,0,0.3927028719729796,0
57,2016-07-01,2016-08-01,0,0.36883767019313163,0
57,2016-08-01,2016-09-01,0,0.3759570520779236,0
57,2016-09-01,2016-10-01,0,0.307755292862174,0
57,2016-10-01,2016-11-01,0,0.47513585666901076,0
57,2016-11-01,2016-12-01,0,0.3067079680409899,0
57,2016-12-01,2017-01-01,0,0.25100069882006404,0
57,2017-01-01,2017-02-01,0,0.18579707523837255,0
57,2017-02-01,2017-03-01,0,0.2593776803708061,0
57,2017-03-01,2017-04-01,0,0.19362552813388176,0
57,2017-04-01,2017-05-01,0,0.2800375239109604,0
57,2017-05-01,2017-06-01,0,0.1860945041378238,0
57,2017-06-01,2017-07-01,0,0.30714830061299736,0
57,2017-07-01,2017-08-01,0,0.2177645842864051,0
57,2017-08-01,2017-09-01,0,0.3196064168667835,0
57,2017-09-01,2017-10-01,0,0.35881383191258054,0
57,2017-10-01,2017-11-01,0,0.36668363530648335,0
57,2017-11-01,2017-12-01,0,0.22183287109524671,0
57,2017-12-01,2018-01-01,0,0.20700669307750222,0
57,2018-01-01,2018-02-01,0,0.2176992211947874,0
57,2018-02-01,2018-03-01,0,0.2817597697523911,0
57,2018-03-01,2018-04-01,0,0.29714718755188213,0
57,2018-04-01,2018-05-01,0,0.2016305981568972,0
57,2018-05-01,2018-06-01,0,0.322083667158889,0
57,2018-06-01,2018-07-01,0,0.2502639163566499,0
57,2018-07-01,2018-08-01,0,0.41177309859827094,0
57,2018-08-01,2018-09-01,0,0.3997442101125047,0
57,2018-09-01,2018-10-01,0,0.33372983113733007,0
57,2018-10-01,2018-11-01,0,0.2976287782306867,0
57,2018-11-01,2018-12-01,0,0.40717736019927386,0
57,2018-12-01,2019-01-01,0,0.2680368448745316,0
57,2019-01-01,2019-02-01,0,0.32452298028133963,0
57,2019-02-01,2019-03-01,0,0.2780080328589313,0
57,2019-03-01,2019-04-01,0,0.21852941463425993,0
57,2019-04-01,2019-05-01,0,0.3632301416601312,0
57,2019-05-01,2019-06-01,0,0.3340552236011561,0
57,2019-06-01,2019-07-01,0,0.39123029852771035,0
57,2019-07-01,2019-08-01,0,0.363179515275245,0
57,2019-08-01,2019-09-01,0,0.38585023438613253,0
57,2019-09-01,2019-10-01,0,0.45524656122981083,0
57,2019-10-01,2019-11-01,0,0.3884905540060299,0
57,2019-11-01,2019-12-01,0,0.46152847335152725,0
57,2019-12-01,2020-01-01,0,0.2053469058425611,0
57,2020-01-01,2020-02-01,0,0.21748586811586332,0
57,2020-02-01,2020-03-01,0,0.30163506719962546,0
57,2020-03-01,2020-04-01,0,0.18051778451266068,0
57,2020-04-01,2020-05-01,0,0.20002124759795742,0
57,2020-05-01,2020-06-01,0,0.12019474193973287,0
57,2020-06-01,2020-07-01,0,0.17016103449609424,0
57,2020-07-01,2020-08-01,0,0.13839117114759217,0
57,2020-08-01,2020-09-01,0,0.14825302349933986,0
57,2020-09-01,2020-10-01,0,0.2697776309124437,0
57,2020-10-01,2020-11-01,0,0.23223517929010723,0
57,2020-11-01,2020-12-01,0,0.2676922132991969,0
57,2020-12-01,2021-01-01,0,0.16063325048056512,0
57,2021-01-01,2021-02-01,0,0.13401289469872577,0
57,2021-02-01,2021-03-01,0,0.1643210346051479,0
57,2021-03-01,2021-04-01,0,0.09512520918621019,0
57,2021-04-01,2021-05-01,0,0.1108733542318457,0
57,2021-05-01,2021-06-01,0,0.11636415802942457,0
57,2021-06-01,2021-07-01,0,0.2386532413529157,0
57,2021-07-01,2021-08-01,0,0.18688843682919362,0
57,2021-08-01,2021-09-01,0,0.15984396034852225,0
57,2021-09-01,2021-10-01,0,0.148099869974933,0
57,2021-10-01,2021-11-01,0,0.3273977543756019,0
57,2021-11-01,2021-12-01,0,0.17228718175788796,0
57,2021-12-01,2022-01-01,0,0.20935385909875434,0
57,2022-01-01,2022-02-01,0,0.3462144623478544,0
57,2022-02-01,2022-03-01,0,0.17689537905296973,0
57,2022-03-01,2022-04-01,0,0.16515712434060853,0
57,2022-04-01,2022-05-01,0,0.2979936919917675,0
57,2022-05-01,2022-06-01,0,0.17440083222073371,0
57,2022-06-01,2022-07-01,0,0.23958654991350703,0
57,2022-07-01,2022-08-01,0,0.23316311179141117,0
57,2022-08-01,2022-09-01,0,0.2097423972216323,0
57,2022-09-01,2022-10-01,0,0.21553251895183426,0
57,2022-10-01,2022-11-01,0,0.24489792035121516,0
57,2022-11-01,2022-12-01,0,0.29330089240710544,0
58,2015-02-01,2015-03-01,0,0.19576160516751454,0
58,2015-03-01,2015-04-01,0,0.12257439387932123,0
58,2015-04-01,2015-05-01,0,0.29747037052692943,0
58,2015-05-01,2015-06-01,0,0.345304247593012,0
58,2015-06-01,2015-07-01,0,0.3280285275424569,0
58,2015-07-01,2015-08-01,0,0.2803531590411375,0
58,2015-08-01,2015-09-01,0,0.34546002208515075,0
58,2015-09-01,2015-10-01,0,0.2756400709589058,0
58,2015-10-01,2015-11-01,0,0.30047342228344703,0
58,2015-11-01,2015-12-01,0,0.25340024451489296,0
58,2015-12-01,2016-01-01,0,0.21139991256820687,0
58,2016-01-01,2016-02-01,0,0.23053412932192113,0
58,2016-02-01,2016-03-01,0,0.25376494627690016,0
58,2016-03-01,2016-04-01,0,0.2134290316933653,0
58,2016-04-01,2016-05-01,0,0.20456712572648017,0
58,2016-05-01,2016-06-01,0,0.19311592329636465,0
58,2016-06-01,2016-07-01,0,0.24953564023625838,0
58,2016-07-01,2016-08-01,0,0.37072526349857987,0
58,2016-08-01,2016-09-01,0,0.32044132154141525,0
58,2016-09-01,2016-10-01,0,0.35091721839028683,0
58,2016-10-01,2016-11-01,0,0.3196530085784245,0
58,2016-11-01,2016-12-01,0,0.2653684010865225,0
58,2016-12-01,2017-01-01,0,0.20928325389960345,0
58,2017-01-01,2017-02-01,0,0.1807820074020106,0
58,2017-02-01,2017-03-01,0,0.25397048511505443,0
58,2017-03-01,2017-04-01,0,0.17360260671732758,0
58,2017-04-01,2017-05-01,0,0.31965251667653005,0
58,2017-05-01,2017-06-01,0,0.2836797568810851,0
58,2017-06-01,2017-07-01,0,0.32206384628119594,0
58,2017-07-01,2017-08-01,0,0.2839740112003332,0
58,2017-08-01,2017-09-01,0,0.2702496724452292,0
58,2017-09-01,2017-10-01,0,0.28727248826372787,0
58,2017-10-01,2017-11-01,0,0.3116483543693916,0
58,2017-11-01,2017-12-01,0,0.23426849693164142,0
58,2017-12-01,2018-01-01,0,0.19689358967876572,0
58,2018-01-01,2018-02-01,0,0.17154828297079078,0
58,2018-02-01,2018-03-01,0,0.20666657486495765,0
58,2018-03-01,2018-04-01,0,0.16752597661540553,0
58,2018-04-01,2018-05-01,0,0.24185156365586802,0
58,2018-05-01,2018-06-01,0,0.18574079298139992,0
58,2018-06-01,2018-07-01,0,0.2643431365387597,0
58,2018-07-01,2018-08-01,0,0.29261813099613176,0
58,2018-08-01,2018-09-01,0,0.3684174202557475,0
58,2018-09-01,2018-10-01,0,0.33350131389558363,0
58,2018-10-01,2018-11-01,0,0.2726059388023157,0
58,2018-11-01,2018-12-01,0,0.21369984844581275,0
58,2018-12-01,2019-01-01,0,0.1723345715803938,0
58,2019-01-01,2019-02-01,0,0.20422120616229658,0
58,2019-02-01,2019-03-01,0,0.15609218222254068,0
58,2019-03-01,2019-04-01,0,0.16513865640482678,0
58,2019-04-01,2019-05-01,0,0.15716589207482246,0
58,2019-05-01,2019-06-01,0,0.2379247161224104,0
58,2019-06-01,2019-07-01,0,0.32298084705697094,0
58,2019-07-01,2019-08-01,0,0.29823871334170104,0
58,2019-08-01,2019-09-01,0,0.24192973542271076,0
58,2019-09-01,2019-10-01,0,0.3271641324573569,0
58,2019-10-01,2019-11-01,0,0.2763565376604799,0
58,2019-11-01,2019-12-01,0,0.1882780568194557,0
58,2019-12-01,2020-01-01,0,0.18096586959824415,0
58,2020-01-01,2020-02-01,0,0.17220193514251403,0
58,2020-02-01,2020-03-01,0,0.1921069914426646,0
58,2020-03-01,2020-04-01,0,0.22484509936995456,0
58,2020-04-01,2020-05-01,0,0.16933224380487633,0
58,2020-05-01,2020-06-01,0,0.13092846905464428,0
58,2020-06-01,2020-07-01,0,0.21691748147488088,0
58,2020-07-01,2020-08-01,0,0.21214992273355635,0
58,2020-08-01,2020-09-01,0,0.22403536379370292,0
58,2020-09-01,2020-10-01,0,0.14451938444126017,0
58,2020-10-01,2020-11-01,0,0.16122073855232036,0
58,2020-11-01,2020-12-01,0,0.16269219509064425,0
58,2020-12-01,2021-01-01,0,0.1090320045135719,0
58,2021-01-01,2021-02-01,0,0.10866667803593304,0
58,2021-02-01,2021-03-01,0,0.09769055092459128,0
58,2021-03-01,2021-04-01,0,0.1018236366983632,0
58,2021-04-01,2021-05-01,0,0.16248623163712522,0
58,2021-05-01,2021-06-01,0,0.1859882889389635,0
58,2021-06-01,2021-07-01,0,0.165266739203688,0
58,2021-07-01,2021-08-01,0,0.1852604319462504,0
58,2021-08-01,2021-09-01,0,0.19543284315350584,0
58,2021-09-01,2021-10-01,0,0.24857111087533545,0
58,2021-10-01,2021-11-01,0,0.23193147437900077,0
58,2021-11-01,2021-12-01,0,0.15937771584785634,0
58,2021-12-01,2022-01-01,0,0.14187130650416127,0
58,2022-01-01,2022-02-01,0,0.142654753254038,0
58,2022-02-01,2022-03-01,0,0.15335207672250326,0
58,2022-03-01,2022-04-01,0,0.14311670740482846,0
58,2022-04-01,2022-05-01,0,0.18419102960026876,0
58,2022-05-01,2022-06-01,0,0.19606557909600175,0
58,2022-06-01,2022-07-01,0,0.23511243977010177,0
58,2022-07-01,2022-08-01,0,0.26270540396897696,0
58,2022-08-01,2022-09-01,0,0.22186583955602268,0
58,2022-09-01,2022-10-01,0,0.22965865976777236,0
58,2022-10-01,2022-11-01,0,0.23410765035450418,0
58,2022-11-01,2022-12-01,0,0.22787308708695989,0
59,2015-02-01,2015-03-01,0,0.4828975574375625,0
59,2015-03-01,2015-04-01,0,0.2609504084481964,0
59,2015-04-01,2015-05-01,0,0.5874844007262376,0
59,2015-05-01,2015-06-01,0,0.41196472237726645,0
59,2015-06-01,2015-07-01,0,0.5336629343634818,0
59,2015-07-01,2015-08-01,0,0.7214776373099341,1
59,2015-08-01,2015-09-01,0,0.5039429049406372,0
59,2015-09-01,2015-10-01,0,0.5498126555955778,0
59,2015-10-01,2015-11-01,0,0.5342770052933159,0
59,2015-11-01,2015-12-01,0,0.4104553184482982,0
59,2015-12-01,2016-01-01,0,0.3109508695529209,0
59,2016-01-01,2016-02-01,0,0.3838618786174972,0
59,2016-02-01,2016-03-01,0,0.3662250371339492,0
59,2016-03-01,2016-04-01,0,0.33099296053629196,0
59,2016-04-01,2016-05-01,0,0.48371248142828926,0
59,2016-05-01,2016-06-01,0,0.4530414334432512,0
59,2016-06-01,2016-07-01,0,0.49329704650026746,0
59,2016-07-01,2016-08-01,0,0.6019737528078823,0
59,2016-08-01,2016-09-01,0,0.5880721649633284,0
59,2016-09-01,2016-10-01,0,0.49344951537627124,0
59,2016-10-01,2016-11-01,0,0.7365529991197483,1
59,2016-11-01,2016-12-01,0,0.4390870086192187,0
59,2016-12-01,2017-01-01,0,0.4282054317135909,0
59,2017-01-01,2017-02-01,0,0.33399871683054116,0
59,2017-02-01,2017-03-01,0,0.3540782900444472,0
59,2017-03-01,2017-04-01,0,0.33715629014442156,0
59,2017-04-01,2017-05-01,0,0.33681456981470886,0
59,2017-05-01,2017-06-01,0,0.327852337288946,0
59,2017-06-01,2017-07-01,0,0.3667715179537669,0
59,2017-07-01,2017-08-01,0,0.4677867845683929,0
59,2017-08-01,2017-09-01,0,0.35570036045343734,0
59,2017-09-01,2017-10-01,0,0.42751582777539926,0
59,2017-10-01,2017-11-01,0,0.45895927407815534,0
59,2017-11-01,2017-12-01,0,0.3166391428103426,0
59,2017-12-01,2018-01-01,0,0.37687544009318924,0
59,2018-01-01,2018-02-01,0,0.4961289527730513,0
59,2018-02-01,2018-03-01,0,0.32853179937936927,0
59,2018-03-01,2018-04-01,0,0.18905691511705847,0
59,2018-04-01,2018-05-01,0,0.5807757979123904,0
59,2018-05-01,2018-06-01,0,0.27737452310661326,0
59,2018-06-01,2018-07-01,0,0.37388739871023063,0
59,2018-07-01,2018-08-01,0,0.4533949893894044,0
59,2018-08-01,2018-09-01,0,0.5041631954454495,0
59,2018-09-01,2018-10-01,0,0.49086350031242365,0
59,2018-10-01,2018-11-01,0,0.369374038745626,0
59,2018-11-01,2018-12-01,0,0.623353082694769,0
59,2018-12-01,2019-01-01,0,0.2837588143192449,0
59,2019-01-01,2019-02-01,0,0.46665642569676336,0
59,2019-02-01,2019-03-01,0,0.3702392747343772,0
59,2019-03-01,2019-04-01,0,0.3230757638621089,0
59,2019-04-01,2019-05-01,0,0.5829177603091352,0
59,2019-05-01,2019-06-01,0,0.260422855423568,0
59,2019-06-01,2019-07-01,0,0.6325595318599888,0
59,2019-07-01,2019-08-01,0,0.44508870461600997,0
59,2019-08-01,2019-09-01,0,0.5006182644180289,0
59,2019-09-01,2019-10-01,0,0.5304148430807337,0
59,2019-10-01,2019-11-01,0,0.49484083977655696,0
59,2019-11-01,2019-12-01,0,0.3691026179119632,0
59,2019-12-01,2020-01-01,0,0.3619185270141578,0
59,2020-01-01,2020-02-01,0,0.3172783853467137,0
59,2020-02-01,2020-03-01,0,0.34756597101266534,0
59,2020-03-01,2020-04-01,0,0.342170714115503,0
59,2020-04-01,2020-05-01,0,0.17755416935325438,0
59,2020-05-01,2020-06-01,0,0.12811281691087015,0
59,2020-06-01,2020-07-01,0,0.21620393621428793,0
59,2020-07-01,2020-08-01,0,0.2900606861223026,0
59,2020-08-01,2020-09-01,0,0.23190983727240333,0
59,2020-09-01,2020-10-01,0,0.21051090008458476,0
59,2020-10-01,2020-11-01,0,0.1787843653094797,0
59,2020-11-01,2020-12-01,0,0.24629480023841344,0
59,2020-12-01,2021-01-01,0,0.17187814396526202,0
59,2021-01-01,2021-02-01,0,0.194323297896188,0
59,2021-02-01,2021-03-01,0,0.23433719417346072,0
59,2021-03-01,2021-04-01,0,0.23945295881814851,0
59,2021-04-01,2021-05-01,0,0.20517395606274125,0
59,2021-05-01,2021-06-01,0,0.20223487341129975,0
59,2021-06-01,2021-07-01,0,0.17025628344629973,0
59,2021-07-01,2021-08-01,0,0.2939810795824482,0
59,2021-08-01,2021-09-01,0,0.31622855561572616,0
59,2021-09-01,2021-10-01,0,0.28229767542726425,0
59,2021-10-01,2021-11-01,0,0.2533496540006457,0
59,2021-11-01,2021-12-01,0,0.22093121353453465,0
59,2021-12-01,2022-01-01,0,0.16174854859461052,0
59,2022-01-01,2022-02-01,0,0.23879797057162042,0
59,2022-02-01,2022-03-01,0,0.3316617128214157,0
59,2022-03-01,2022-04-01,0,0.32356192241563314,0
59,2022-04-01,2022-05-01,0,0.3860600348423123,0
59,2022-05-01,2022-06-01,0,0.43951475457184797,0
59,2022-06-01,2022-07-01,0,0.30396160223559937,0
59,2022-07-01,2022-08-01,0,0.29653347573305566,0
59,2022-08-01,2022-09-01,0,0.3724216942172157,0
59,2022-09-01,2022-10-01,0,0.3666228371768747,0
59,2022-10-01,2022-11-01,0,0.2894604742549651,0
59,2022-11-01,2022-12-01,0,0.49042030603367537,0
60,2015-02-01,2015-03-01,0,0.12300951686488965,0
60,2015-03-01,2015-04-01,0,0.09414372205592757,0
60,2015-04-01,2015-05-01,0,0.16272565116608145,0
60,2015-05-01,2015-06-01,0,0.13645925588050128,0
60,2015-06-01,2015-07-01,0,0.21913272041981904,0
60,2015-07-01,2015-08-01,0,0.33631215786710195,0
60,2015-08-01,2015-09-01,0,0.23266036325777173,0
60,2015-09-01,2015-10-01,0,0.22055760288952256,0
60,2015-10-01,2015-11-01,0,0.2089771581367347,0
60,2015-11-01,2015-12-01,0,0.2206328212154892,0
60,2015-12-01,2016-01-01,0,0.11056620851854312,0
60,2016-01-01,2016-02-01,0,0.12038678348693833,0
60,2016-02-01,2016-03-01,0,0.18271313219637925,0
60,2016-03-01,2016-04-01,0,0.10699133881526836,0
60,2016-04-01,2016-05-01,0,0.17341759181297503,0
60,2016-05-01,2016-06-01,0,0.1513174025514291,0
60,2016-06-01,2016-07-01,0,0.1457034230573849,0
60,2016-07-01,2016-08-01,0,0.2140369435947072,0
60,2016-08-01,2016-09-01,0,0.3076279879706291,0
60,2016-09-01,2016-10-01,0,0.17447019996518648,0
60,2016-10-01,2016-11-01,0,0.2691398167051442,0
60,2016-11-01,2016-12-01,0,0.18756196372072417,0
60,2016-12-01,2017-01-01,0,0.23848310040661774,0
60,2017-01-01,2017-02-01,0,0.10784862639761221,0
60,2017-02-01,2017-03-01,0,0.15784742028557197,0
60,2017-03-01,2017-04-01,0,0.15694139218977773,0
60,2017-04-01,2017-05-01,0,0.16059830300238062,0
60,2017-05-01,2017-06-01,0,0.21030557586981374,0
60,2017-06-01,2017-07-01,0,0.21753426891971717,0
60,2017-07-01,2017-08-01,0,0.2837639588272529,0
60,2017-08-01,2017-09-01,0,0.2259609015994177,0
60,2017-09-01,2017-10-01,0,0.14986654373863134,0
60,2017-10-01,2017-11-01,0,0.1417026094748262,0
60,2017-11-01,2017-12-01,0,0.21890042262961154,0
60,2017-12-01,2018-01-01,0,0.20300401495242462,0
60,2018-01-01,2018-02-01,0,0.10901556769632756,0
60,2018-02-01,2018-03-01,0,0.10000090801169662,0
60,2018-03-01,2018-04-01,0,0.11305707454230435,0
60,2018-04-01,2018-05-01,0,0.11853792167137768,0
60,2018-05-01,2018-06-01,0,0.1335816999142901,0
60,2018-06-01,2018-07-01,0,0.25290528855699046,0
60,2018-07-01,2018-08-01,0,0.1599354133201568,0
60,2018-08-01,2018-09-01,0,0.16108621297006817,0
60,2018-09-01,2018-10-01,0,0.16271500968924846,0
60,2018-10-01,2018-11-01,0,0.14065519148228411,0
60,2018-11-01,2018-12-01,0,0.10385491304279487,0
60,2018-12-01,2019-01-01,0,0.09417571818489932,0
60,2019-01-01,2019-02-01,0,0.10378906110667135,0
60,2019-02-01,2019-03-01,0,0.11200897698292045,0
60,2019-03-01,2019-04-01,0,0.10553710413027642,0
60,2019-04-01,2019-05-01,0,0.13124120616090026,0
60,2019-05-01,2019-06-01,0,0.1370683471940503,0
60,2019-06-01,2019-07-01,0,0.17618711490644387,0
60,2019-07-01,2019-08-01,0,0.14131465591756842,0
60,2019-08-01,2019-09-01,0,0.1519563561117972,0
60,2019-09-01,2019-10-01,0,0.1873972129337641,0
60,2019-10-01,2019-11-01,0,0.1544891243631499,0
60,2019-11-01,2019-12-01,0,0.13521409016150251,0
60,2019-12-01,2020-01-01,0,0.18629168319603995,0
60,2020-01-01,2020-02-01,0,0.19266921118232042,0
60,2020-02-01,2020-03-01,0,0.09994871009006857,0
60,2020-03-01,2020-04-01,0,0.14000760209195803,0
60,2020-04-01,2020-05-01,0,0.12012866794208861,0
60,2020-05-01,2020-06-01,0,0.07257156539044658,0
60,2020-06-01,2020-07-01,0,0.11706200462116942,0
60,2020-07-01,2020-08-01,0,0.11308945568315298,0
60,2020-08-01,2020-09-01,0,0.144260853053754,0
60,2020-09-01,2020-10-01,0,0.11339213457195425,0
60,2020-10-01,2020-11-01,0,0.08794859253424679,0
60,2020-11-01,2020-12-01,0,0.1094778313105503,0
60,2020-12-01,2021-01-01,0,0.1471850315466354,0
60,2021-01-01,2021-02-01,0,0.12113820360151197,0
60,2021-02-01,2021-03-01,0,0.0740318821099395,0
60,2021-03-01,2021-04-01,0,0.06702891822739213,0
60,2021-04-01,2021-05-01,0,0.08090571196371366,0
60,2021-05-01,2021-06-01,0,0.07513734035378324,0
60,2021-06-01,2021-07-01,0,0.08523405673962124,0
60,2021-07-01,2021-08-01,0,0.08049110751747558,0
60,2021-08-01,2021-09-01,0,0.12196621415058054,0
60,2021-09-01,2021-10-01,0,0.1245912153517831,0
60,2021-10-01,2021-11-01,0,0.1619789015868824,0
60,2021-11-01,2021-12-01,0,0.10846874561526906,0
60,2021-12-01,2022-01-01,0,0.10007529909137637,0
60,2022-01-01,2022-02-01,0,0.10324079330841109,0
60,2022-02-01,2022-03-01,0,0.07556525743481331,0
60,2022-03-01,2022-04-01,0,0.18196374816006408,0
60,2022-04-01,2022-05-01,0,0.14093949379638462,0
60,2022-05-01,2022-06-01,0,0.15258851297429768,0
60,2022-06-01,2022-07-01,0,0.12922961097055424,0
60,2022-07-01,2022-08-01,0,0.16326953864066965,0
60,2022-08-01,2022-09-01,0,0.15432453025140308,0
60,2022-09-01,2022-10-01,0,0.20224403716973374,0
60,2022-10-01,2022-11-01,0,0.20187805955778307,0
60,2022-11-01,2022-12-01,0,0.2105512647299492,0
61,2015-02-01,2015-03-01,1,0.36566299768664695,0
61,2015-03-01,2015-04-01,1,0.2476395270738777,0
61,2015-04-01,2015-05-01,1,0.4620683646022786,0
61,2015-05-01,2015-06-01,1,0.5448269221597981,0
61,2015-06-01,2015-07-01,1,0.6431278131711511,0
61,2015-07-01,2015-08-01,1,0.5101115681876763,0
61,2015-08-01,2015-09-01,1,0.5114682485202131,0
61,2015-09-01,2015-10-01,1,0.5641968579675758,0
61,2015-10-01,2015-11-01,0,0.36693899183890244,0
61,2015-11-01,2015-12-01,0,0.45868028108029335,0
61,2015-12-01,2016-01-01,1,0.40550222901611305,0
61,2016-01-01,2016-02-01,0,0.30193045326357143,0
61,2016-02-01,2016-03-01,1,0.38449847845520224,0
61,2016-03-01,2016-04-01,1,0.26229882954484957,0
61,2016-04-01,2016-05-01,1,0.40883672335373233,0
61,2016-05-01,2016-06-01,1,0.5308700310447703,0
61,2016-06-01,2016-07-01,1,0.512577143226522,0
61,2016-07-01,2016-08-01,1,0.5022008662248422,0
61,2016-08-01,2016-09-01,1,0.44995033185374006,0
61,2016-09-01,2016-10-01,1,0.533013054376747,0
61,2016-10-01,2016-11-01,1,0.4447072922756663,0
61,2016-11-01,2016-12-01,0,0.36865736133096316,0
61,2016-12-01,2017-01-01,1,0.35874407897275445,0
61,2017-01-01,2017-02-01,0,0.2921665064051799,0
61,2017-02-01,2017-03-01,1,0.3346672273388755,0
61,2017-03-01,2017-04-01,0,0.2693871818764756,0
61,2017-04-01,2017-05-01,1,0.34057236495137605,0
61,2017-05-01,2017-06-01,1,0.4273303035696016,0
61,2017-06-01,2017-07-01,1,0.4317591143232376,0
61,2017-07-01,2017-08-01,1,0.4948789828573706,0
61,2017-08-01,2017-09-01,1,0.4776074050866036,0
61,2017-09-01,2017-10-01,1,0.45034798753898564,0
61,2017-10-01,2017-11-01,0,0.4180549339119133,0
61,2017-11-01,2017-12-01,0,0.3758935444331027,0
61,2017-12-01,2018-01-01,0,0.3009521173508242,0
61,2018-01-01,2018-02-01,0,0.3439017198142778,0
61,2018-02-01,2018-03-01,0,0.28747551296318913,0
61,2018-03-01,2018-04-01,0,0.20925148473981947,0
61,2018-04-01,2018-05-01,1,0.318578113267766,0
61,2018-05-01,2018-06-01,1,0.37642597644060155,0
61,2018-06-01,2018-07-01,1,0.5130648229195292,0
61,2018-07-01,2018-08-01,1,0.39368096114710827,0
61,2018-08-01,2018-09-01,0,0.5301259815700067,0
61,2018-09-01,2018-10-01,0,0.4641461784867803,0
61,2018-10-01,2018-11-01,0,0.3882296618407135,0
61,2018-11-01,2018-12-01,0,0.3937494999079489,0
61,2018-12-01,2019-01-01,0,0.32889733755174166,0
61,2019-01-01,2019-02-01,0,0.36220096861905793,0
61,2019-02-01,2019-03-01,0,0.2595033187165697,0
61,2019-03-01,2019-04-01,0,0.28527102881246486,0
61,2019-04-01,2019-05-01,1,0.2872149928675247,0
61,2019-05-01,2019-06-01,0,0.3624523025841533,0
61,2019-06-01,2019-07-01,1,0.4794051616601893,0
61,2019-07-01,2019-08-01,1,0.47461250301209307,0
61,2019-08-01,2019-09-01,1,0.4492084734966031,0
61,2019-09-01,2019-10-01,0,0.4824463054395018,0
61,2019-10-01,2019-11-01,0,0.3857626112549255,0
61,2019-11-01,2019-12-01,0,0.3607393244753889,0
61,2019-12-01,2020-01-01,0,0.2936773121394147,0
61,2020-01-01,2020-02-01,0,0.3313220584368645,0
61,2020-02-01,2020-03-01,0,0.3165896342730346,0
61,2020-03-01,2020-04-01,0,0.2347162631433498,0
61,2020-04-01,2020-05-01,0,0.21631428665498276,0
61,2020-05-01,2020-06-01,0,0.17735308612511216,0
61,2020-06-01,2020-07-01,0,0.40617292361109864,0
61,2020-07-01,2020-08-01,0,0.3033471403481073,0
61,2020-08-01,2020-09-01,0,0.4518907836709016,0
61,2020-09-01,2020-10-01,0,0.3843653526541478,0
61,2020-10-01,2020-11-01,0,0.22092541152352974,0
61,2020-11-01,2020-12-01,0,0.29549858866055106,0
61,2020-12-01,2021-01-01,0,0.2084984953600744,0
61,2021-01-01,2021-02-01,0,0.22985827142688792,0
61,2021-02-01,2021-03-01,0,0.2155484168206579,0
61,2021-03-01,2021-04-01,0,0.18389814246448624,0
61,2021-04-01,2021-05-01,0,0.178983657634769,0
61,2021-05-01,2021-06-01,0,0.2555831989600491,0
61,2021-06-01,2021-07-01,0,0.3461601007490221,0
61,2021-07-01,2021-08-01,0,0.2987654343991516,0
61,2021-08-01,2021-09-01,0,0.35894528229976613,0
61,2021-09-01,2021-10-01,0,0.2486821918727105,0
61,2021-10-01,2021-11-01,0,0.3228493030050713,0
61,2021-11-01,2021-12-01,0,0.27760316234404936,0
61,2021-12-01,2022-01-01,0,0.19417277630308907,0
61,2022-01-01,2022-02-01,0,0.16137858309861616,0
61,2022-02-01,2022-03-01,0,0.18063438083409125,0
61,2022-03-01,2022-04-01,0,0.15777648346221546,0
61,2022-04-01,2022-05-01,0,0.22239608800539473,0
61,2022-05-01,2022-06-01,1,0.19746135226290784,0
61,2022-06-01,2022-07-01,0,0.2585461700177279,0
61,2022-07-01,2022-08-01,0,0.35961579009793115,0
61,2022-08-01,2022-09-01,0,0.2690113663799602,0
61,2022-09-01,2022-10-01,0,0.25935729288446335,0
61,2022-10-01,2022-11-01,0,0.3153522695284712,0
61,2022-11-01,2022-12-01,0,0.2863940119685543,0
62,2015-02-01,2015-03-01,0,0.12330880653832059,0
62,2015-03-01,2015-04-01,0,0.1077525196697616,0
62,2015-04-01,2015-05-01,0,0.13747627792946146,0
62,2015-05-01,2015-06-01,0,0.12354176282037392,0
62,2015-06-01,2015-07-01,0,0.16939881136160448,0
62,2015-07-01,2015-08-01,0,0.19229262642833178,0
62,2015-08-01,2015-09-01,0,0.14924283373756494,0
62,2015-09-01,2015-10-01,0,0.15776398977364106,0
62,2015-10-01,2015-11-01,0,0.13573644722871425,0
62,2015-11-01,2015-12-01,0,0.1973613686475082,0
62,2015-12-01,2016-01-01,0,0.20475919103958115,0
62,2016-01-01,2016-02-01,0,0.11692867161126529,0
62,2016-02-01,2016-03-01,0,0.12057397746114792,0
62,2016-03-01,2016-04-01,0,0.08969906100440297,0
62,2016-04-01,2016-05-01,0,0.1558275035138178,0
62,2016-05-01,2016-06-01,0,0.12524446140594234,0
62,2016-06-01,2016-07-01,0,0.21802103466530365,0
62,2016-07-01,2016-08-01,0,0.17155047185001876,0
62,2016-08-01,2016-09-01,0,0.2117474960176323,0
62,2016-09-01,2016-10-01,0,0.22286683062021173,0
62,2016-10-01,2016-11-01,0,0.2454688066819393,0
62,2016-11-01,2016-12-01,0,0.12609501401390494,0
62,2016-12-01,2017-01-01,0,0.15710155995086844,0
62,2017-01-01,2017-02-01,0,0.13448724876896986,0
62,2017-02-01,2017-03-01,0,0.14869610871509825,0
62,2017-03-01,2017-04-01,0,0.12898706279823663,0
62,2017-04-01,2017-05-01,0,0.1736404081696772,0
62,2017-05-01,2017-06-01,0,0.10870013760405454,0
62,2017-06-01,2017-07-01,0,0.14194281875178785,0
62,2017-07-01,2017-08-01,0,0.14025287880908832,0
62,2017-08-01,2017-09-01,0,0.19499630722334482,0
62,2017-09-01,2017-10-01,0,0.1576363124204023,0
62,2017-10-01,2017-11-01,0,0.1802235788222592,0
62,2017-11-01,2017-12-01,0,0.1468593465845905,0
62,2017-12-01,2018-01-01,0,0.12051136486633096,0
62,2018-01-01,2018-02-01,0,0.09885590180852191,0
62,2018-02-01,2018-03-01,0,0.08171864534320901,0
62,2018-03-01,2018-04-01,0,0.18945784679699726,0
62,2018-04-01,2018-05-01,0,0.17654632360139189,0
62,2018-05-01,2018-06-01,0,0.20143024555949618,0
62,2018-06-01,2018-07-01,0,0.24771664701824456,0
62,2018-07-01,2018-08-01,0,0.2032860113460682,0
62,2018-08-01,2018-09-01,0,0.13798268931556443,0
62,2018-09-01,2018-10-01,0,0.27549564816684186,0
62,2018-10-01,2018-11-01,0,0.16242813769891795,0
62,2018-11-01,2018-12-01,0,0.14422436951012726,0
62,2018-12-01,2019-01-01,0,0.18059174668545205,0
62,2019-01-01,2019-02-01,0,0.10079346328842945,0
62,2019-02-01,2019-03-01,0,0.1273600759219113,0
62,2019-03-01,2019-04-01,0,0.1511468935891145,0
62,2019-04-01,2019-05-01,0,0.12109540078266208,0
62,2019-05-01,2019-06-01,0,0.12118753936530678,0
62,2019-06-01,2019-07-01,0,0.20808809368895165,0
62,2019-07-01,2019-08-01,0,0.12823635010168505,0
62,2019-08-01,2019-09-01,0,0.13072247800311546,0
62,2019-09-01,2019-10-01,0,0.1360054677821885,0
62,2019-10-01,2019-11-01,0,0.09842983307351778,0
62,2019-11-01,2019-12-01,0,0.16341630544096758,0
62,2019-12-01,2020-01-01,0,0.15740910062336524,0
62,2020-01-01,2020-02-01,0,0.28273511054736283,0
62,2020-02-01,2020-03-01,0,0.17576734854566572,0
62,2020-03-01,2020-04-01,0,0.1076689448939793,0
62,2020-04-01,2020-05-01,0,0.15554669973707186,0
62,2020-05-01,2020-06-01,0,0.06841949421213016,0
62,2020-06-01,2020-07-01,0,0.08474345058662669,0
62,2020-07-01,2020-08-01,0,0.07344823203199663,0
62,2020-08-01,2020-09-01,0,0.09288724382609552,0
62,2020-09-01,2020-10-01,0,0.08128683747788458,0
62,2020-10-01,2020-11-01,0,0.09800018525550569,0
62,2020-11-01,2020-12-01,0,0.0762027504562138,0
62,2020-12-01,2021-01-01,0,0.09291288792171726,0
62,2021-01-01,2021-02-01,0,0.09765802033064586,0
62,2021-02-01,2021-03-01,0,0.08299926083262733,0
62,2021-03-01,2021-04-01,0,0.056651809691615394,0
62,2021-04-01,2021-05-01,0,0.12198181293601912,0
62,2021-05-01,2021-06-01,0,0.07635600185590709,0
62,2021-06-01,2021-07-01,0,0.08553415198944597,0
62,2021-07-01,2021-08-01,0,0.09551865062990629,0
62,2021-08-01,2021-09-01,0,0.12011870056849726,0
62,2021-09-01,2021-10-01,0,0.05721453466468789,0
62,2021-10-01,2021-11-01,0,0.08586888152279,0
62,2021-11-01,2021-12-01,0,0.08322178427642578,0
62,2021-12-01,2022-01-01,0,0.0668452227106714,0
62,2022-01-01,2022-02-01,0,0.12454437598249916,0
62,2022-02-01,2022-03-01,0,0.08591320737600286,0
62,2022-03-01,2022-04-01,0,0.06279040153773846,0
62,2022-04-01,2022-05-01,0,0.09685366657767489,0
62,2022-05-01,2022-06-01,0,0.0872341672370896,0
62,2022-06-01,2022-07-01,0,0.08522258715830136,0
62,2022-07-01,2022-08-01,0,0.1054032208564729,0
62,2022-08-01,2022-09-01,0,0.16584391240732,0
62,2022-09-01,2022-10-01,0,0.13748854926288168,0
62,2022-10-01,2022-11-01,0,0.11451021089011028,0
62,2022-11-01,2022-12-01,0,0.14047620879028047,0
63,2015-02-01,2015-03-01,0,0.5186084078505995,0
63,2015-03-01,2015-04-01,0,0.3424027631931342,0
63,2015-04-01,2015-05-01,0,0.6234500508572144,0
63,2015-05-01,2015-06-01,0,0.6608533214519432,1
63,2015-06-01,2015-07-01,0,0.7579818225878974,1
63,2015-07-01,2015-08-01,0,0.6909659771969259,1
63,2015-08-01,2015-09-01,0,0.7027970812709883,1
63,2015-09-01,2015-10-01,0,0.727534466119525,1
63,2015-10-01,2015-11-01,0,0.6199483864325279,0
63,2015-11-01,2015-12-01,0,0.681951036812139,1
63,2015-12-01,2016-01-01,0,0.5260957289811121,0
63,2016-01-01,2016-02-01,0,0.5288666601130761,0
63,2016-02-01,2016-03-01,0,0.48908261428884936,0
63,2016-03-01,2016-04-01,0,0.4486547626331626,0
63,2016-04-01,2016-05-01,0,0.5570824317491816,0
63,2016-05-01,2016-06-01,0,0.6267051982132791,0
63,2016-06-01,2016-07-01,0,0.6919492686011929,1
63,2016-07-01,2016-08-01,0,0.6578121378125368,1
63,2016-08-01,2016-09-01,0,0.7181100698005665,1
63,2016-09-01,2016-10-01,0,0.68180435784391,1
63,2016-10-01,2016-11-01,0,0.6869094943599765,1
63,2016-11-01,2016-12-01,0,0.6899914378439596,1
63,2016-12-01,2017-01-01,0,0.5447861995183587,0
63,2017-01-01,2017-02-01,0,0.4767118930316006,0
63,2017-02-01,2017-03-01,0,0.5402535869573593,0
63,2017-03-01,2017-04-01,0,0.44149398180863364,0
63,2017-04-01,2017-05-01,0,0.5027995382620071,0
63,2017-05-01,2017-06-01,0,0.4617547884751006,0
63,2017-06-01,2017-07-01,0,0.5626403929094421,0
63,2017-07-01,2017-08-01,0,0.6069730823960969,0
63,2017-08-01,2017-09-01,0,0.6644691064575182,1
63,2017-09-01,2017-10-01,0,0.6887448134728872,1
63,2017-10-01,2017-11-01,0,0.6228057614203075,0
63,2017-11-01,2017-12-01,0,0.5763602130625678,0
63,2017-12-01,2018-01-01,0,0.46814916203530976,0
63,2018-01-01,2018-02-01,0,0.43566372922712415,0
63,2018-02-01,2018-03-01,0,0.39492677899042256,0
63,2018-03-01,2018-04-01,0,0.3026650009308762,0
63,2018-04-01,2018-05-01,0,0.5346527677917299,0
63,2018-05-01,2018-06-01,0,0.4693479319636546,0
63,2018-06-01,2018-07-01,0,0.7270870164090228,1
63,2018-07-01,2018-08-01,0,0.607035594660251,0
63,2018-08-01,2018-09-01,0,0.6678747341799867,1
63,2018-09-01,2018-10-01,0,0.738598523954945,1
63,2018-10-01,2018-11-01,0,0.5724129174516676,0
63,2018-11-01,2018-12-01,0,0.5176071818657224,0
63,2018-12-01,2019-01-01,0,0.5133313983593091,0
63,2019-01-01,2019-02-01,0,0.4596914414641789,0
63,2019-02-01,2019-03-01,0,0.3821292011391472,0
63,2019-03-01,2019-04-01,0,0.441410624876081,0
63,2019-04-01,2019-05-01,0,0.3818995152091488,0
63,2019-05-01,2019-06-01,0,0.4447031752480103,0
63,2019-06-01,2019-07-01,0,0.5330090641193337,0
63,2019-07-01,2019-08-01,0,0.518593804283961,0
63,2019-08-01,2019-09-01,0,0.6029114692110191,0
63,2019-09-01,2019-10-01,0,0.6114484740623604,0
63,2019-10-01,2019-11-01,0,0.5513800774869964,0
63,2019-11-01,2019-12-01,0,0.4902832365253884,0
63,2019-12-01,2020-01-01,0,0.39977490733485105,0
63,2020-01-01,2020-02-01,0,0.4354867329933539,0
63,2020-02-01,2020-03-01,0,0.44195595997809833,0
63,2020-03-01,2020-04-01,0,0.3246736360920903,0
63,2020-04-01,2020-05-01,0,0.40005161441294573,0
63,2020-05-01,2020-06-01,0,0.2209532195867893,0
63,2020-06-01,2020-07-01,0,0.5100229019245007,0
63,2020-07-01,2020-08-01,0,0.44995245419547064,0
63,2020-08-01,2020-09-01,0,0.5181111341884005,0
63,2020-09-01,2020-10-01,0,0.4365168142782585,0
63,2020-10-01,2020-11-01,0,0.3935352093682631,0
63,2020-11-01,2020-12-01,0,0.3392699147637349,0
63,2020-12-01,2021-01-01,0,0.25185486568837817,0
63,2021-01-01,2021-02-01,0,0.3025975135320728,0
63,2021-02-01,2021-03-01,0,0.2808327244055632,0
63,2021-03-01,2021-04-01,0,0.18405602370901675,0
63,2021-04-01,2021-05-01,0,0.38210530081314265,0
63,2021-05-01,2021-06-01,0,0.34036349769365254,0
63,2021-06-01,2021-07-01,0,0.3317398810778803,0
63,2021-07-01,2021-08-01,0,0.3339436309536944,0
63,2021-08-01,2021-09-01,0,0.37507479808939403,0
63,2021-09-01,2021-10-01,0,0.41360071644814267,0
63,2021-10-01,2021-11-01,0,0.38803953166285493,0
63,2021-11-01,2021-12-01,0,0.4125453212091424,0
63,2021-12-01,2022-01-01,0,0.2640662652835542,0
63,2022-01-01,2022-02-01,0,0.2318987425846497,0
63,2022-02-01,2022-03-01,0,0.29455280630557934,0
63,2022-03-01,2022-04-01,0,0.30150598098159437,0
63,2022-04-01,2022-05-01,0,0.3534152498688503,0
63,2022-05-01,2022-06-01,0,0.36669657294451147,0
63,2022-06-01,2022-07-01,0,0.4411742312199174,0
63,2022-07-01,2022-08-01,0,0.3825512295679486,0
63,2022-08-01,2022-09-01,0,0.5834631593142011,0
63,2022-09-01,2022-10-01,0,0.4689152197259903,0
63,2022-10-01,2022-11-01,0,0.4114581733057836,0
63,2022-11-01,2022-12-01,0,0.39688141292827395,0
64,2015-02-01,2015-03-01,0,0.0922118235359266,0
64,2015-03-01,2015-04-01,0,0.11111198570483624,0
64,2015-04-01,2015-05-01,0,0.08972995413624824,0
64,2015-05-01,2015-06-01,0,0.09345183372199786,0
64,2015-06-01,2015-07-01,0,0.07906323946978101,0
64,2015-07-01,2015-08-01,0,0.08755348603721029,0
64,2015-08-01,2015-09-01,0,0.08798097413876219,0
64,2015-09-01,2015-10-01,0,0.11418733886853238,0
64,2015-10-01,2015-11-01,0,0.11938820476094927,0
64,2015-11-01,2015-12-01,0,0.11640227625984147,0
64,2015-12-01,2016-01-01,0,0.07952645304917513,0
64,2016-01-01,2016-02-01,0,0.09250211743301948,0
64,2016-02-01,2016-03-01,0,0.10532569595357297,0
64,2016-03-01,2016-04-01,0,0.06821853667014527,0
64,2016-04-01,2016-05-01,0,0.13134796309727004,0
64,2016-05-01,2016-06-01,0,0.10482740845607955,0
64,2016-06-01,2016-07-01,0,0.12313629924189991,0
64,2016-07-01,2016-08-01,0,0.1342925522979933,0
64,2016-08-01,2016-09-01,0,0.10555868764995009,0
64,2016-09-01,2016-10-01,0,0.16558551558956022,0
64,2016-10-01,2016-11-01,0,0.10472528548706145,0
64,2016-11-01,2016-12-01,0,0.0865264890758962,0
64,2016-12-01,2017-01-01,0,0.08137925212999167,0
64,2017-01-01,2017-02-01,0,0.09969944901361409,0
64,2017-02-01,2017-03-01,0,0.10646818928524986,0
64,2017-03-01,2017-04-01,0,0.08495594549701396,0
64,2017-04-01,2017-05-01,0,0.08883896591721661,0
64,2017-05-01,2017-06-01,0,0.12185312060431501,0
64,2017-06-01,2017-07-01,0,0.07803252473445088,0
64,2017-07-01,2017-08-01,0,0.10260243568349534,0
64,2017-08-01,2017-09-01,0,0.1697679347380796,0
64,2017-09-01,2017-10-01,0,0.14081724698090262,0
64,2017-10-01,2017-11-01,0,0.12530389486058024,0
64,2017-11-01,2017-12-01,0,0.0859278650286664,0
64,2017-12-01,2018-01-01,0,0.08722934664043822,0
64,2018-01-01,2018-02-01,0,0.12278509276265863,0
64,2018-02-01,2018-03-01,0,0.08387400821430632,0
64,2018-03-01,2018-04-01,0,0.06999083145160988,0
64,2018-04-01,2018-05-01,0,0.10530838541534648,0
64,2018-05-01,2018-06-01,0,0.12177661897480009,0
64,2018-06-01,2018-07-01,0,0.11045597273828546,0
64,2018-07-01,2018-08-01,0,0.14377306081578786,0
64,2018-08-01,2018-09-01,0,0.1175657720953641,0
64,2018-09-01,2018-10-01,0,0.1572066758017016,0
64,2018-10-01,2018-11-01,0,0.09830470835276844,0
64,2018-11-01,2018-12-01,0,0.08183908562612703,0
64,2018-12-01,2019-01-01,0,0.09693082504664131,0
64,2019-01-01,2019-02-01,0,0.06464248219125775,0
64,2019-02-01,2019-03-01,0,0.09165816582256178,0
64,2019-03-01,2019-04-01,0,0.09660992459182789,0
64,2019-04-01,2019-05-01,0,0.07692124053644252,0
64,2019-05-01,2019-06-01,0,0.08135474754935387,0
64,2019-06-01,2019-07-01,0,0.11278272044231726,0
64,2019-07-01,2019-08-01,0,0.08901282025385139,0
64,2019-08-01,2019-09-01,0,0.08980387372438811,0
64,2019-09-01,2019-10-01,0,0.12145345726701148,0
64,2019-10-01,2019-11-01,0,0.08309141076136588,0
64,2019-11-01,2019-12-01,0,0.08403424605063303,0
64,2019-12-01,2020-01-01,0,0.06815441685761191,0
64,2020-01-01,2020-02-01,0,0.0633211178385626,0
64,2020-02-01,2020-03-01,0,0.07695434501371816,0
64,2020-03-01,2020-04-01,0,0.06002297086860621,0
64,2020-04-01,2020-05-01,0,0.05329401366999633,0
64,2020-05-01,2020-06-01,0,0.08666583590282159,0
64,2020-06-01,2020-07-01,0,0.04549629062936576,0
64,2020-07-01,2020-08-01,0,0.05776527792822788,0
64,2020-08-01,2020-09-01,0,0.09418152461371442,0
64,2020-09-01,2020-10-01,0,0.044727595947114306,0
64,2020-10-01,2020-11-01,0,0.07374015378303458,0
64,2020-11-01,2020-12-01,0,0.1119921953459884,0
64,2020-12-01,2021-01-01,0,0.13551248568398017,0
64,2021-01-01,2021-02-01,0,0.25087458588015676,0
64,2021-02-01,2021-03-01,0,0.09578914248415776,0
64,2021-03-01,2021-04-01,0,0.06376465649955575,0
64,2021-04-01,2021-05-01,0,0.0739028738059342,0
64,2021-05-01,2021-06-01,0,0.04370910348522394,0
64,2021-06-01,2021-07-01,0,0.06799398249715492,0
64,2021-07-01,2021-08-01,0,0.059350805558957775,0
64,2021-08-01,2021-09-01,0,0.06224606225059019,0
64,2021-09-01,2021-10-01,0,0.06265974678430845,0
64,2021-10-01,2021-11-01,0,0.058403569014661434,0
64,2021-11-01,2021-12-01,0,0.07025972122678763,0
64,2021-12-01,2022-01-01,0,0.06308204620639103,0
64,2022-01-01,2022-02-01,0,0.05385181881826117,0
64,2022-02-01,2022-03-01,0,0.0720837058635299,0
64,2022-03-01,2022-04-01,0,0.08968654668251742,0
64,2022-04-01,2022-05-01,0,0.06767511305370495,0
64,2022-05-01,2022-06-01,0,0.07964004769103916,0
64,2022-06-01,2022-07-01,0,0.07376312858992336,0
64,2022-07-01,2022-08-01,0,0.06682185931238308,0
64,2022-08-01,2022-09-01,0,0.1413653843951745,0
64,2022-09-01,2022-10-01,0,0.09050130460728127,0
64,2022-10-01,2022-11-01,0,0.08001058686782687,0
64,2022-11-01,2022-12-01,0,0.10987801199477573,0
65,2015-02-01,2015-03-01,0,0.36672724799928325,0
65,2015-03-01,2015-04-01,0,0.25299279896438476,0
65,2015-04-01,2015-05-01,0,0.3920613017678526,0
65,2015-05-01,2015-06-01,0,0.30804483584324216,0
65,2015-06-01,2015-07-01,0,0.3540598795245935,0
65,2015-07-01,2015-08-01,0,0.4555010880519043,0
65,2015-08-01,2015-09-01,0,0.417673037683538,0
65,2015-09-01,2015-10-01,0,0.33932458255299447,0
65,2015-10-01,2015-11-01,0,0.3737632425389452,0
65,2015-11-01,2015-12-01,0,0.37917189401658097,0
65,2015-12-01,2016-01-01,0,0.38780924754140755,0
65,2016-01-01,2016-02-01,0,0.20457456588143194,0
65,2016-02-01,2016-03-01,0,0.34431315968137344,0
65,2016-03-01,2016-04-01,0,0.19374262664553485,0
65,2016-04-01,2016-05-01,0,0.23004836055872116,0
65,2016-05-01,2016-06-01,0,0.27936783072945715,0
65,2016-06-01,2016-07-01,0,0.3186443874525432,0
65,2016-07-01,2016-08-01,0,0.3692192083769163,0
65,2016-08-01,2016-09-01,0,0.3009704875192496,0
65,2016-09-01,2016-10-01,0,0.4287044875261275,0
65,2016-10-01,2016-11-01,0,0.2960444672057421,0
65,2016-11-01,2016-12-01,0,0.3486858923283583,0
65,2016-12-01,2017-01-01,0,0.25349972693869494,0
65,2017-01-01,2017-02-01,0,0.24103767970578785,0
65,2017-02-01,2017-03-01,0,0.36150396712322314,0
65,2017-03-01,2017-04-01,0,0.2628180222717973,0
65,2017-04-01,2017-05-01,0,0.3145085159688913,0
65,2017-05-01,2017-06-01,0,0.2440205719083219,0
65,2017-06-01,2017-07-01,0,0.2521745581299454,0
65,2017-07-01,2017-08-01,0,0.2691867622830626,0
65,2017-08-01,2017-09-01,0,0.25970043431618545,0
65,2017-09-01,2017-10-01,0,0.3139933708427817,0
65,2017-10-01,2017-11-01,0,0.2969470657659054,0
65,2017-11-01,2017-12-01,0,0.22965081605721632,0
65,2017-12-01,2018-01-01,0,0.39753497682374694,0
65,2018-01-01,2018-02-01,0,0.23763462995486442,0
65,2018-02-01,2018-03-01,0,0.325739507168159,0
65,2018-03-01,2018-04-01,0,0.20478530245149673,0
65,2018-04-01,2018-05-01,0,0.3196564308364744,0
65,2018-05-01,2018-06-01,0,0.2905464919677609,0
65,2018-06-01,2018-07-01,0,0.34199634003146084,0
65,2018-07-01,2018-08-01,0,0.2524494001280171,0
65,2018-08-01,2018-09-01,0,0.3582166454907203,0
65,2018-09-01,2018-10-01,0,0.29557271880022246,0
65,2018-10-01,2018-11-01,0,0.24648146215692746,0
65,2018-11-01,2018-12-01,0,0.3062360698813906,0
65,2018-12-01,2019-01-01,0,0.221226404647152,0
65,2019-01-01,2019-02-01,0,0.20706609024854353,0
65,2019-02-01,2019-03-01,0,0.18742750242166312,0
65,2019-03-01,2019-04-01,0,0.18468539790248825,0
65,2019-04-01,2019-05-01,0,0.16028689669394852,0
65,2019-05-01,2019-06-01,0,0.2776746503531621,0
65,2019-06-01,2019-07-01,0,0.24493939306610865,0
65,2019-07-01,2019-08-01,0,0.23799850890774668,0
65,2019-08-01,2019-09-01,0,0.39209690894143745,0
65,2019-09-01,2019-10-01,0,0.2747462668668253,0
65,2019-10-01,2019-11-01,0,0.33542570491123946,0
65,2019-11-01,2019-12-01,0,0.2913024891405365,0
65,2019-12-01,2020-01-01,0,0.3625267443026816,0
65,2020-01-01,2020-02-01,0,0.2964620263288943,0
65,2020-02-01,2020-03-01,0,0.3334611278229697,0
65,2020-03-01,2020-04-01,0,0.17859178669524883,0
65,2020-04-01,2020-05-01,0,0.17562179370491116,0
65,2020-05-01,2020-06-01,0,0.11212255178456472,0
65,2020-06-01,2020-07-01,0,0.23241839683903032,0
65,2020-07-01,2020-08-01,0,0.15560919244976454,0
65,2020-08-01,2020-09-01,0,0.21067363160234667,0
65,2020-09-01,2020-10-01,0,0.22996068538746522,0
65,2020-10-01,2020-11-01,0,0.1361988828309408,0
65,2020-11-01,2020-12-01,0,0.20003724730741473,0
65,2020-12-01,2021-01-01,0,0.20594997824837763,0
65,2021-01-01,2021-02-01,0,0.19216117473335392,0
65,2021-02-01,2021-03-01,0,0.1289680121865651,0
65,2021-03-01,2021-04-01,0,0.13365913360338574,0
65,2021-04-01,2021-05-01,0,0.11353799311684004,0
65,2021-05-01,2021-06-01,0,0.09608413316804028,0
65,2021-06-01,2021-07-01,0,0.14775996546071915,0
65,2021-07-01,2021-08-01,0,0.1677098391280772,0
65,2021-08-01,2021-09-01,0,0.2028075186513958,0
65,2021-09-01,2021-10-01,0,0.1687265294424882,0
65,2021-10-01,2021-11-01,0,0.21063034488274987,0
65,2021-11-01,2021-12-01,0,0.17000448852955105,0
65,2021-12-01,2022-01-01,0,0.1768964324783542,0
65,2022-01-01,2022-02-01,0,0.2067011727885931,0
65,2022-02-01,2022-03-01,0,0.17109137644565658,0
65,2022-03-01,2022-04-01,0,0.14453113214496185,0
65,2022-04-01,2022-05-01,0,0.16989685971615978,0
65,2022-05-01,2022-06-01,0,0.16156820421400975,0
65,2022-06-01,2022-07-01,0,0.2192186931204642,0
65,2022-07-01,2022-08-01,0,0.19677214759580858,0
65,2022-08-01,2022-09-01,0,0.27051229065646254,0
65,2022-09-01,2022-10-01,0,0.26405211164448616,0
65,2022-10-01,2022-11-01,0,0.18686370481368675,0
65,2022-11-01,2022-12-01,0,0.32062844893627024,0
66,2015-02-01,2015-03-01,1,0.6087023635271193,0
66,2015-03-01,2015-04-01,1,0.4486543173640386,0
66,2015-04-01,2015-05-01,1,0.7029844020213223,1
66,2015-05-01,2015-06-01,1,0.706260805153392,1
66,2015-06-01,2015-07-01,1,0.7810850034950603,1
66,2015-07-01,2015-08-01,1,0.7809029284891328,1
66,2015-08-01,2015-09-01,1,0.77341762430955,1
66,2015-09-01,2015-10-01,1,0.7942696648343586,1
66,2015-10-01,2015-11-01,1,0.6659525778953596,1
66,2015-11-01,2015-12-01,1,0.73072843923614,1
66,2015-12-01,2016-01-01,1,0.6318192367656701,0
66,2016-01-01,2016-02-01,1,0.6758581166858022,1
66,2016-02-01,2016-03-01,1,0.661229772949708,1
66,2016-03-01,2016-04-01,1,0.5292563461496713,0
66,2016-04-01,2016-05-01,1,0.7185833627974705,1
66,2016-05-01,2016-06-01,1,0.7201543198450783,1
66,2016-06-01,2016-07-01,1,0.7441344359889537,1
66,2016-07-01,2016-08-01,1,0.7608346968941644,1
66,2016-08-01,2016-09-01,1,0.7549875114518184,1
66,2016-09-01,2016-10-01,1,0.8229405648537226,1
66,2016-10-01,2016-11-01,1,0.6921806381661096,1
66,2016-11-01,2016-12-01,1,0.6877784712141294,1
66,2016-12-01,2017-01-01,1,0.6693626562876641,1
66,2017-01-01,2017-02-01,1,0.532340061965171,0
66,2017-02-01,2017-03-01,1,0.6801472563248468,1
66,2017-03-01,2017-04-01,1,0.6055830244323264,0
66,2017-04-01,2017-05-01,1,0.6270276640114384,0
66,2017-05-01,2017-06-01,1,0.7325575721146524,1
66,2017-06-01,2017-07-01,1,0.7324081588917848,1
66,2017-07-01,2017-08-01,1,0.7127878022657659,1
66,2017-08-01,2017-09-01,1,0.7673622622599693,1
66,2017-09-01,2017-10-01,1,0.7568594655933308,1
66,2017-10-01,2017-11-01,1,0.6143276489181808,0
66,2017-11-01,2017-12-01,1,0.6443243251337422,0
66,2017-12-01,2018-01-01,1,0.5169840178783126,0
66,2018-01-01,2018-02-01,1,0.5662704527369414,0
66,2018-02-01,2018-03-01,1,0.5856977026639624,0
66,2018-03-01,2018-04-01,1,0.45920757342688145,0
66,2018-04-01,2018-05-01,1,0.6216278692651088,0
66,2018-05-01,2018-06-01,1,0.6255376187778197,0
66,2018-06-01,2018-07-01,1,0.7595691578716126,1
66,2018-07-01,2018-08-01,1,0.7177521509310543,1
66,2018-08-01,2018-09-01,1,0.8074514332106189,1
66,2018-09-01,2018-10-01,1,0.7477331946153232,1
66,2018-10-01,2018-11-01,1,0.7073640761652825,1
66,2018-11-01,2018-12-01,1,0.6606044520417474,1
66,2018-12-01,2019-01-01,1,0.5650532456191099,0
66,2019-01-01,2019-02-01,1,0.6384495606842147,0
66,2019-02-01,2019-03-01,1,0.5672165845882546,0
66,2019-03-01,2019-04-01,1,0.4943341322073735,0
66,2019-04-01,2019-05-01,1,0.5443939151584223,0
66,2019-05-01,2019-06-01,1,0.5875736490524318,0
66,2019-06-01,2019-07-01,1,0.7827728597070808,1
66,2019-07-01,2019-08-01,1,0.6822626835596475,1
66,2019-08-01,2019-09-01,1,0.7489756549941631,1
66,2019-09-01,2019-10-01,1,0.7489325844843204,1
66,2019-10-01,2019-11-01,1,0.6779545027801757,1
66,2019-11-01,2019-12-01,1,0.6856082627198318,1
66,2019-12-01,2020-01-01,1,0.513463576939429,0
66,2020-01-01,2020-02-01,0,0.5506260033239517,0
66,2020-02-01,2020-03-01,1,0.5692201239725918,0
66,2020-03-01,2020-04-01,0,0.4252767471002944,0
66,2020-04-01,2020-05-01,1,0.466614268790172,0
66,2020-05-01,2020-06-01,1,0.22031358020721895,0
66,2020-06-01,2020-07-01,1,0.5918256779151748,0
66,2020-07-01,2020-08-01,1,0.5912045640474802,0
66,2020-08-01,2020-09-01,0,0.6406031317126353,0
66,2020-09-01,2020-10-01,1,0.562694258858628,0
66,2020-10-01,2020-11-01,0,0.49089362793172386,0
66,2020-11-01,2020-12-01,0,0.4424904441526126,0
66,2020-12-01,2021-01-01,1,0.3730302933928135,0
66,2021-01-01,2021-02-01,0,0.4431359971467263,0
66,2021-02-01,2021-03-01,1,0.3971734439404731,0
66,2021-03-01,2021-04-01,0,0.30594083205457756,0
66,2021-04-01,2021-05-01,1,0.39028372470812467,0
66,2021-05-01,2021-06-01,1,0.4218345909460355,0
66,2021-06-01,2021-07-01,1,0.5248793644997954,0
66,2021-07-01,2021-08-01,1,0.47762447114140427,0
66,2021-08-01,2021-09-01,1,0.5953339976006768,0
66,2021-09-01,2021-10-01,1,0.43511147994120547,0
66,2021-10-01,2021-11-01,1,0.3866680247817717,0
66,2021-11-01,2021-12-01,0,0.4081012137144125,0
66,2021-12-01,2022-01-01,0,0.3371906926248825,0
66,2022-01-01,2022-02-01,0,0.3749681860172769,0
66,2022-02-01,2022-03-01,1,0.2994527850047619,0
66,2022-03-01,2022-04-01,1,0.26912186194750504,0
66,2022-04-01,2022-05-01,1,0.43949630594114614,0
66,2022-05-01,2022-06-01,1,0.3767665366128022,0
66,2022-06-01,2022-07-01,1,0.46639553411057494,0
66,2022-07-01,2022-08-01,1,0.4145434470270959,0
66,2022-08-01,2022-09-01,1,0.5183881540821689,0
66,2022-09-01,2022-10-01,1,0.46552683386135363,0
66,2022-10-01,2022-11-01,1,0.4836626845089578,0
66,2022-11-01,2022-12-01,1,0.6045150447114542,0
67,2015-02-01,2015-03-01,1,0.8732512230092245,1
67,2015-03-01,2015-04-01,1,0.7306396976398881,1
67,2015-04-01,2015-05-01,1,0.8856711219379714,1
67,2015-05-01,2015-06-01,1,0.9271532597951108,1
67,2015-06-01,2015-07-01,1,0.9662483803132851,1
67,2015-07-01,2015-08-01,1,0.9447364744399169,1
67,2015-08-01,2015-09-01,1,0.9145271195986852,1
67,2015-09-01,2015-10-01,1,0.9573032803485925,1
67,2015-10-01,2015-11-01,1,0.907217549548468,1
67,2015-11-01,2015-12-01,1,0.918959086099192,1
67,2015-12-01,2016-01-01,1,0.889041143275488,1
67,2016-01-01,2016-02-01,1,0.8559279113603911,1
67,2016-02-01,2016-03-01,1,0.8762700155442885,1
67,2016-03-01,2016-04-01,1,0.7872422504595014,1
67,2016-04-01,2016-05-01,1,0.8836476018930148,1
67,2016-05-01,2016-06-01,1,0.8676081040453374,1
67,2016-06-01,2016-07-01,1,0.9227444403730622,1
67,2016-07-01,2016-08-01,1,0.929398823591876,1
67,2016-08-01,2016-09-01,1,0.9372435493355078,1
67,2016-09-01,2016-10-01,1,0.9235542769188794,1
67,2016-10-01,2016-11-01,1,0.9138806928367942,1
67,2016-11-01,2016-12-01,1,0.904068268063408,1
67,2016-12-01,2017-01-01,1,0.815646943879832,1
67,2017-01-01,2017-02-01,1,0.6979578112466208,1
67,2017-02-01,2017-03-01,1,0.8564016929343489,1
67,2017-03-01,2017-04-01,1,0.7662940548275935,1
67,2017-04-01,2017-05-01,1,0.840681119696564,1
67,2017-05-01,2017-06-01,1,0.8722323023392321,1
67,2017-06-01,2017-07-01,1,0.9310844469509487,1
67,2017-07-01,2017-08-01,1,0.9177632592376688,1
67,2017-08-01,2017-09-01,1,0.9167837717652411,1
67,2017-09-01,2017-10-01,1,0.925123161398585,1
67,2017-10-01,2017-11-01,1,0.8666770596283494,1
67,2017-11-01,2017-12-01,1,0.873819907931055,1
67,2017-12-01,2018-01-01,1,0.7531782177731167,1
67,2018-01-01,2018-02-01,1,0.769086467553151,1
67,2018-02-01,2018-03-01,1,0.7799842044754782,1
67,2018-03-01,2018-04-01,1,0.6671240379993529,1
67,2018-04-01,2018-05-01,1,0.8534054278348533,1
67,2018-05-01,2018-06-01,1,0.8334675702457719,1
67,2018-06-01,2018-07-01,1,0.9363424678899929,1
67,2018-07-01,2018-08-01,1,0.9046426789301449,1
67,2018-08-01,2018-09-01,1,0.9330970867398776,1
67,2018-09-01,2018-10-01,1,0.9123716345595272,1
67,2018-10-01,2018-11-01,1,0.8457141321180836,1
67,2018-11-01,2018-12-01,1,0.8520568851876931,1
67,2018-12-01,2019-01-01,1,0.7759590391000003,1
67,2019-01-01,2019-02-01,1,0.8272649112878463,1
67,2019-02-01,2019-03-01,1,0.752432604293476,1
67,2019-03-01,2019-04-01,1,0.7769312127156991,1
67,2019-04-01,2019-05-01,1,0.836826676782842,1
67,2019-05-01,2019-06-01,1,0.8398780682212265,1
67,2019-06-01,2019-07-01,1,0.9261908955310472,1
67,2019-07-01,2019-08-01,1,0.8916473563908438,1
67,2019-08-01,2019-09-01,1,0.93110720885244,1
67,2019-09-01,2019-10-01,1,0.9315787969063413,1
67,2019-10-01,2019-11-01,1,0.8638642112647774,1
67,2019-11-01,2019-12-01,1,0.8854925265892767,1
67,2019-12-01,2020-01-01,1,0.7908113732061633,1
67,2020-01-01,2020-02-01,1,0.7701472068213724,1
67,2020-02-01,2020-03-01,1,0.8181182199630788,1
67,2020-03-01,2020-04-01,0,0.7581377859549371,1
67,2020-04-01,2020-05-01,1,0.7392114831546808,1
67,2020-05-01,2020-06-01,1,0.5306514142401024,0
67,2020-06-01,2020-07-01,1,0.7895925531942733,1
67,2020-07-01,2020-08-01,1,0.8015889174690856,1
67,2020-08-01,2020-09-01,1,0.8735654014438564,1
67,2020-09-01,2020-10-01,1,0.8154347507573807,1
67,2020-10-01,2020-11-01,1,0.7103431141439417,1
67,2020-11-01,2020-12-01,1,0.7210873762541573,1
67,2020-12-01,2021-01-01,1,0.5225076385855083,0
67,2021-01-01,2021-02-01,0,0.6295907145627203,0
67,2021-02-01,2021-03-01,1,0.6247515365180152,0
67,2021-03-01,2021-04-01,1,0.47846284618107104,0
67,2021-04-01,2021-05-01,1,0.7153532220446088,1
67,2021-05-01,2021-06-01,1,0.6406525006470484,0
67,2021-06-01,2021-07-01,1,0.7524300878842551,1
67,2021-07-01,2021-08-01,1,0.7842470418163208,1
67,2021-08-01,2021-09-01,1,0.7920423980727421,1
67,2021-09-01,2021-10-01,1,0.8001802160666761,1
67,2021-10-01,2021-11-01,0,0.7104517324776647,1
67,2021-11-01,2021-12-01,0,0.7224363428727232,1
67,2021-12-01,2022-01-01,0,0.6654944361498988,1
67,2022-01-01,2022-02-01,0,0.5773041996451027,0
67,2022-02-01,2022-03-01,1,0.5539216938034841,0
67,2022-03-01,2022-04-01,0,0.5694514088470295,0
67,2022-04-01,2022-05-01,1,0.6819064161896665,1
67,2022-05-01,2022-06-01,1,0.7657443832136828,1
67,2022-06-01,2022-07-01,1,0.7740889116640519,1
67,2022-07-01,2022-08-01,1,0.7264999233994278,1
67,2022-08-01,2022-09-01,1,0.689219969542468,1
67,2022-09-01,2022-10-01,1,0.7729203617387143,1
67,2022-10-01,2022-11-01,0,0.6955786957792838,1
67,2022-11-01,2022-12-01,0,0.7724667679489973,1
68,2015-02-01,2015-03-01,1,0.7447508207944299,1
68,2015-03-01,2015-04-01,1,0.5611986426904902,0
68,2015-04-01,2015-05-01,1,0.8281093414279542,1
68,2015-05-01,2015-06-01,1,0.8578107249644062,1
68,2015-06-01,2015-07-01,1,0.9114757633081167,1
68,2015-07-01,2015-08-01,1,0.8669009970185897,1
68,2015-08-01,2015-09-01,1,0.8975776684958449,1
68,2015-09-01,2015-10-01,1,0.9159395692835798,1
68,2015-10-01,2015-11-01,1,0.9036039501237204,1
68,2015-11-01,2015-12-01,1,0.8938613392631221,1
68,2015-12-01,2016-01-01,1,0.8034013235238321,1
68,2016-01-01,2016-02-01,1,0.8219633557663748,1
68,2016-02-01,2016-03-01,1,0.8160369081760668,1
68,2016-03-01,2016-04-01,1,0.7029775348648676,1
68,2016-04-01,2016-05-01,1,0.850900512011481,1
68,2016-05-01,2016-06-01,1,0.8416653424130169,1
68,2016-06-01,2016-07-01,1,0.8891908087562271,1
68,2016-07-01,2016-08-01,1,0.9044770366261417,1
68,2016-08-01,2016-09-01,1,0.9075600538486835,1
68,2016-09-01,2016-10-01,1,0.8919453578235031,1
68,2016-10-01,2016-11-01,1,0.8556300691884253,1
68,2016-11-01,2016-12-01,1,0.8873921433215326,1
68,2016-12-01,2017-01-01,1,0.8144506691918876,1
68,2017-01-01,2017-02-01,1,0.7005543599703541,1
68,2017-02-01,2017-03-01,1,0.8357855083173472,1
68,2017-03-01,2017-04-01,1,0.7419456274060306,1
68,2017-04-01,2017-05-01,1,0.7537234638976651,1
68,2017-05-01,2017-06-01,1,0.8424439072181693,1
68,2017-06-01,2017-07-01,1,0.8759408943298409,1
68,2017-07-01,2017-08-01,1,0.8747545563445187,1
68,2017-08-01,2017-09-01,1,0.9240344380965734,1
68,2017-09-01,2017-10-01,1,0.9158300244906725,1
68,2017-10-01,2017-11-01,1,0.8205271709222599,1
68,2017-11-01,2017-12-01,1,0.8428913976789484,1
68,2017-12-01,2018-01-01,1,0.7621082212857934,1
68,2018-01-01,2018-02-01,0,0.7436973168043302,1
68,2018-02-01,2018-03-01,1,0.6914770677705434,1
68,2018-03-01,2018-04-01,1,0.6112624393997674,0
68,2018-04-01,2018-05-01,1,0.8128658879678217,1
68,2018-05-01,2018-06-01,1,0.8088842832995411,1
68,2018-06-01,2018-07-01,1,0.9025812575068624,1
68,2018-07-01,2018-08-01,1,0.8960629079380307,1
68,2018-08-01,2018-09-01,1,0.9151122372214018,1
68,2018-09-01,2018-10-01,1,0.9031264581780851,1
68,2018-10-01,2018-11-01,1,0.8715749976177017,1
68,2018-11-01,2018-12-01,1,0.7839622046073943,1
68,2018-12-01,2019-01-01,1,0.804537769049099,1
68,2019-01-01,2019-02-01,1,0.7606776733255859,1
68,2019-02-01,2019-03-01,1,0.7118093233384447,1
68,2019-03-01,2019-04-01,1,0.67626089444983,1
68,2019-04-01,2019-05-01,1,0.775354146268594,1
68,2019-05-01,2019-06-01,1,0.8076504848146184,1
68,2019-06-01,2019-07-01,1,0.9095830631924344,1
68,2019-07-01,2019-08-01,1,0.8625553342764459,1
68,2019-08-01,2019-09-01,1,0.9083138355374295,1
68,2019-09-01,2019-10-01,1,0.8822503680525334,1
68,2019-10-01,2019-11-01,1,0.8583868199277828,1
68,2019-11-01,2019-12-01,1,0.800744490991036,1
68,2019-12-01,2020-01-01,1,0.7373831311252552,1
68,2020-01-01,2020-02-01,1,0.7288465412630973,1
68,2020-02-01,2020-03-01,1,0.7745940475900204,1
68,2020-03-01,2020-04-01,0,0.6916419370751051,1
68,2020-04-01,2020-05-01,1,0.7265139689927993,1
68,2020-05-01,2020-06-01,1,0.4585385816597991,0
68,2020-06-01,2020-07-01,1,0.7699812190406244,1
68,2020-07-01,2020-08-01,1,0.7598533592950681,1
68,2020-08-01,2020-09-01,1,0.8208641066513255,1
68,2020-09-01,2020-10-01,1,0.7384654044133163,1
68,2020-10-01,2020-11-01,0,0.6370498155559189,0
68,2020-11-01,2020-12-01,1,0.7218218550838604,1
68,2020-12-01,2021-01-01,1,0.5772417442544142,0
68,2021-01-01,2021-02-01,0,0.5813102744098004,0
68,2021-02-01,2021-03-01,0,0.6520185878714929,0
68,2021-03-01,2021-04-01,1,0.45941017633939873,0
68,2021-04-01,2021-05-01,1,0.5971177525661523,0
68,2021-05-01,2021-06-01,1,0.6058452133009172,0
68,2021-06-01,2021-07-01,1,0.7137043320299941,1
68,2021-07-01,2021-08-01,1,0.6937683750902929,1
68,2021-08-01,2021-09-01,1,0.7377047881808206,1
68,2021-09-01,2021-10-01,1,0.7021941909008254,1
68,2021-10-01,2021-11-01,0,0.6786380229529209,1
68,2021-11-01,2021-12-01,0,0.636650591070688,0
68,2021-12-01,2022-01-01,0,0.6177453741683099,0
68,2022-01-01,2022-02-01,0,0.601243237077497,0
68,2022-02-01,2022-03-01,0,0.49882975912490957,0
68,2022-03-01,2022-04-01,1,0.45433585016947164,0
68,2022-04-01,2022-05-01,1,0.6279267572033149,0
68,2022-05-01,2022-06-01,1,0.6642649643638203,1
68,2022-06-01,2022-07-01,0,0.6948219381643785,1
68,2022-07-01,2022-08-01,1,0.6775112716407561,1
68,2022-08-01,2022-09-01,1,0.7188218838927395,1
68,2022-09-01,2022-10-01,1,0.7416115385160499,1
68,2022-10-01,2022-11-01,1,0.7008413559300815,1
68,2022-11-01,2022-12-01,1,0.6919052075553147,1
69,2015-02-01,2015-03-01,1,0.8673035912489864,1
69,2015-03-01,2015-04-01,1,0.6662269620089192,1
69,2015-04-01,2015-05-01,1,0.8984420941492973,1
69,2015-05-01,2015-06-01,1,0.9149812356092162,1
69,2015-06-01,2015-07-01,1,0.9241331862499333,1
69,2015-07-01,2015-08-01,1,0.887507370903944,1
69,2015-08-01,2015-09-01,1,0.9060162410957127,1
69,2015-09-01,2015-10-01,1,0.9432295436363777,1
69,2015-10-01,2015-11-01,1,0.8799086640673374,1
69,2015-11-01,2015-12-01,1,0.879135963187804,1
69,2015-12-01,2016-01-01,1,0.8429252316301018,1
69,2016-01-01,2016-02-01,1,0.8131879076429496,1
69,2016-02-01,2016-03-01,1,0.8199562582460144,1
69,2016-03-01,2016-04-01,1,0.711212404172732,1
69,2016-04-01,2016-05-01,1,0.8829932443276872,1
69,2016-05-01,2016-06-01,1,0.8026243263759041,1
69,2016-06-01,2016-07-01,1,0.9155732410005439,1
69,2016-07-01,2016-08-01,1,0.892004351668737,1
69,2016-08-01,2016-09-01,1,0.9090655124919381,1
69,2016-09-01,2016-10-01,1,0.9044967456421498,1
69,2016-10-01,2016-11-01,1,0.8698367426939139,1
69,2016-11-01,2016-12-01,1,0.8719108745799724,1
69,2016-12-01,2017-01-01,1,0.7862326245302549,1
69,2017-01-01,2017-02-01,1,0.6951869999112634,1
69,2017-02-01,2017-03-01,1,0.8377226571880619,1
69,2017-03-01,2017-04-01,1,0.7325910827609513,1
69,2017-04-01,2017-05-01,1,0.8034632000309541,1
69,2017-05-01,2017-06-01,1,0.8909564317994587,1
69,2017-06-01,2017-07-01,1,0.9006302466943829,1
69,2017-07-01,2017-08-01,1,0.9142001213052441,1
69,2017-08-01,2017-09-01,1,0.9052640492625016,1
69,2017-09-01,2017-10-01,1,0.912128075450179,1
69,2017-10-01,2017-11-01,1,0.8641660140058929,1
69,2017-11-01,2017-12-01,1,0.8294288617863331,1
69,2017-12-01,2018-01-01,1,0.8265135962222955,1
69,2018-01-01,2018-02-01,1,0.8234422862335397,1
69,2018-02-01,2018-03-01,1,0.76668352675981,1
69,2018-03-01,2018-04-01,1,0.6081904429367718,0
69,2018-04-01,2018-05-01,1,0.8007466471796064,1
69,2018-05-01,2018-06-01,1,0.8174547610506835,1
69,2018-06-01,2018-07-01,1,0.9314701476480381,1
69,2018-07-01,2018-08-01,1,0.9133607940890857,1
69,2018-08-01,2018-09-01,1,0.92856720120236,1
69,2018-09-01,2018-10-01,1,0.9099978108440727,1
69,2018-10-01,2018-11-01,1,0.8907528072910372,1
69,2018-11-01,2018-12-01,1,0.844773887841803,1
69,2018-12-01,2019-01-01,1,0.8040623313117256,1
69,2019-01-01,2019-02-01,1,0.8414454884817325,1
69,2019-02-01,2019-03-01,1,0.7756372436320211,1
69,2019-03-01,2019-04-01,1,0.7735395014266919,1
69,2019-04-01,2019-05-01,1,0.8382638775693263,1
69,2019-05-01,2019-06-01,1,0.8537810737253192,1
69,2019-06-01,2019-07-01,1,0.904166129369754,1
69,2019-07-01,2019-08-01,1,0.9092281968947632,1
69,2019-08-01,2019-09-01,1,0.9338528181287137,1
69,2019-09-01,2019-10-01,1,0.9135163383605425,1
69,2019-10-01,2019-11-01,1,0.8828308499896637,1
69,2019-11-01,2019-12-01,1,0.8701745909892595,1
69,2019-12-01,2020-01-01,1,0.7766894571696857,1
69,2020-01-01,2020-02-01,1,0.7850157862098022,1
69,2020-02-01,2020-03-01,1,0.8159341160859073,1
69,2020-03-01,2020-04-01,1,0.7006008921971743,1
69,2020-04-01,2020-05-01,1,0.6883569594908476,1
69,2020-05-01,2020-06-01,1,0.49745111915878226,0
69,2020-06-01,2020-07-01,1,0.7404463670090933,1
69,2020-07-01,2020-08-01,1,0.7760358097824609,1
69,2020-08-01,2020-09-01,1,0.8227166835919439,1
69,2020-09-01,2020-10-01,1,0.7745916634984383,1
69,2020-10-01,2020-11-01,1,0.688150302323867,1
69,2020-11-01,2020-12-01,1,0.6994936761854971,1
69,2020-12-01,2021-01-01,1,0.5748898609134819,0
69,2021-01-01,2021-02-01,1,0.6246865688839675,0
69,2021-02-01,2021-03-01,1,0.7041261880776174,1
69,2021-03-01,2021-04-01,1,0.4092674229590754,0
69,2021-04-01,2021-05-01,1,0.6702976768178038,1
69,2021-05-01,2021-06-01,1,0.6115469314115031,0
69,2021-06-01,2021-07-01,1,0.711217965785198,1
69,2021-07-01,2021-08-01,1,0.8117318379801567,1
69,2021-08-01,2021-09-01,1,0.7722270269125465,1
69,2021-09-01,2021-10-01,1,0.7231739642761336,1
69,2021-10-01,2021-11-01,1,0.7090776335871862,1
69,2021-11-01,2021-12-01,1,0.7378744485645714,1
69,2021-12-01,2022-01-01,1,0.5921358792466194,0
69,2022-01-01,2022-02-01,0,0.6005337817250276,0
69,2022-02-01,2022-03-01,1,0.5473778295016863,0
69,2022-03-01,2022-04-01,1,0.4817070132485684,0
69,2022-04-01,2022-05-01,1,0.6732064038880986,1
69,2022-05-01,2022-06-01,1,0.6994501551082086,1
69,2022-06-01,2022-07-01,1,0.781248364590605,1
69,2022-07-01,2022-08-01,1,0.7532880642039931,1
69,2022-08-01,2022-09-01,1,0.7180356719180999,1
69,2022-09-01,2022-10-01,1,0.8059606750622506,1
69,2022-10-01,2022-11-01,1,0.8072095301919325,1
69,2022-11-01,2022-12-01,1,0.7718068064765081,1
70,2015-02-01,2015-03-01,0,0.4585944627044791,0
70,2015-03-01,2015-04-01,0,0.2943168008473122,0
70,2015-04-01,2015-05-01,0,0.5595282880425966,0
70,2015-05-01,2015-06-01,0,0.6250476867789287,0
70,2015-06-01,2015-07-01,0,0.7193992493878989,1
70,2015-07-01,2015-08-01,0,0.6415643475607103,0
70,2015-08-01,2015-09-01,0,0.602918223793475,0
70,2015-09-01,2015-10-01,0,0.6001192551267159,0
70,2015-10-01,2015-11-01,0,0.6466685583637382,0
70,2015-11-01,2015-12-01,0,0.5722477949078354,0
70,2015-12-01,2016-01-01,0,0.5422090740193765,0
70,2016-01-01,2016-02-01,0,0.44096823780902994,0
70,2016-02-01,2016-03-01,0,0.5001882099166259,0
70,2016-03-01,2016-04-01,0,0.38913798445559394,0
70,2016-04-01,2016-05-01,0,0.4898086510706977,0
70,2016-05-01,2016-06-01,0,0.47827511539739737,0
70,2016-06-01,2016-07-01,0,0.5980352634724266,0
70,2016-07-01,2016-08-01,0,0.6283931860418372,0
70,2016-08-01,2016-09-01,0,0.7218623702390733,1
70,2016-09-01,2016-10-01,0,0.6927151611011433,1
70,2016-10-01,2016-11-01,0,0.5124198818059437,0
70,2016-11-01,2016-12-01,0,0.6384096989929708,0
70,2016-12-01,2017-01-01,0,0.5530268076598154,0
70,2017-01-01,2017-02-01,0,0.34604345906389217,0
70,2017-02-01,2017-03-01,0,0.4707372839922153,0
70,2017-03-01,2017-04-01,0,0.42795464611985534,0
70,2017-04-01,2017-05-01,0,0.42362716971773867,0
70,2017-05-01,2017-06-01,0,0.5222871818210179,0
70,2017-06-01,2017-07-01,0,0.5517523595566889,0
70,2017-07-01,2017-08-01,0,0.6127268140793592,0
70,2017-08-01,2017-09-01,0,0.5879473646722772,0
70,2017-09-01,2017-10-01,0,0.6387602025523479,0
70,2017-10-01,2017-11-01,0,0.5279614219904155,0
70,2017-11-01,2017-12-01,0,0.5822454046566992,0
70,2017-12-01,2018-01-01,0,0.3867379102720748,0
70,2018-01-01,2018-02-01,0,0.44061969012414653,0
70,2018-02-01,2018-03-01,0,0.37376525034772545,0
70,2018-03-01,2018-04-01,0,0.27692064511218417,0
70,2018-04-01,2018-05-01,0,0.5026725070561249,0
70,2018-05-01,2018-06-01,0,0.5280913912779541,0
70,2018-06-01,2018-07-01,0,0.6169830997176493,0
70,2018-07-01,2018-08-01,0,0.5645485893808945,0
70,2018-08-01,2018-09-01,0,0.6058597203970605,0
70,2018-09-01,2018-10-01,0,0.5470077631519997,0
70,2018-10-01,2018-11-01,0,0.4939498272593545,0
70,2018-11-01,2018-12-01,0,0.5557022065057222,0
70,2018-12-01,2019-01-01,0,0.4321693322702657,0
70,2019-01-01,2019-02-01,0,0.41521622923468354,0
70,2019-02-01,2019-03-01,0,0.3306261679094732,0
70,2019-03-01,2019-04-01,0,0.3466687537364196,0
70,2019-04-01,2019-05-01,0,0.3614514618419167,0
70,2019-05-01,2019-06-01,0,0.47092294979194993,0
70,2019-06-01,2019-07-01,0,0.5965336749251189,0
70,2019-07-01,2019-08-01,0,0.49124480346669336,0
70,2019-08-01,2019-09-01,0,0.6246973060963302,0
70,2019-09-01,2019-10-01,0,0.6553562523957216,1
70,2019-10-01,2019-11-01,0,0.49477345241561876,0
70,2019-11-01,2019-12-01,0,0.512912786447212,0
70,2019-12-01,2020-01-01,0,0.4800215095866062,0
70,2020-01-01,2020-02-01,0,0.448785799869917,0
70,2020-02-01,2020-03-01,0,0.5333697946138157,0
70,2020-03-01,2020-04-01,0,0.27442225433446027,0
70,2020-04-01,2020-05-01,0,0.4158789516961868,0
70,2020-05-01,2020-06-01,0,0.16118713375262045,0
70,2020-06-01,2020-07-01,0,0.343377667573254,0
70,2020-07-01,2020-08-01,0,0.37457920227862823,0
70,2020-08-01,2020-09-01,0,0.5151148111093709,0
70,2020-09-01,2020-10-01,0,0.4064152996410603,0
70,2020-10-01,2020-11-01,0,0.3012632816345856,0
70,2020-11-01,2020-12-01,0,0.45326432284387136,0
70,2020-12-01,2021-01-01,0,0.47420642612838476,0
70,2021-01-01,2021-02-01,0,0.5734013121617029,0
70,2021-02-01,2021-03-01,0,0.3607220799147098,0
70,2021-03-01,2021-04-01,0,0.23296099147219368,0
70,2021-04-01,2021-05-01,0,0.2776282392493201,0
70,2021-05-01,2021-06-01,0,0.3366093234855779,0
70,2021-06-01,2021-07-01,0,0.3583004950490198,0
70,2021-07-01,2021-08-01,0,0.2812454549010967,0
70,2021-08-01,2021-09-01,0,0.3831384675966931,0
70,2021-09-01,2021-10-01,0,0.3036577208851978,0
70,2021-10-01,2021-11-01,0,0.3884083707173944,0
70,2021-11-01,2021-12-01,0,0.3901858009367739,0
70,2021-12-01,2022-01-01,0,0.37272239533817664,0
70,2022-01-01,2022-02-01,0,0.35582161898500303,0
70,2022-02-01,2022-03-01,0,0.22654964022167584,0
70,2022-03-01,2022-04-01,0,0.21015849871298503,0
70,2022-04-01,2022-05-01,0,0.38788221569821657,0
70,2022-05-01,2022-06-01,0,0.3991846282262111,0
70,2022-06-01,2022-07-01,0,0.40913232539043065,0
70,2022-07-01,2022-08-01,0,0.4198578717711233,0
70,2022-08-01,2022-09-01,0,0.46901717891748274,0
70,2022-09-01,2022-10-01,0,0.41253356453897705,0
70,2022-10-01,2022-11-01,0,0.4391693758668401,0
70,2022-11-01,2022-12-01,0,0.5543981469891671,0
71,2015-02-01,2015-03-01,1,0.7384393156154919,1
71,2015-03-01,2015-04-01,1,0.5063374776423964,0
71,2015-04-01,2015-05-01,1,0.8246498215504698,1
71,2015-05-01,2015-06-01,1,0.8747426309978659,1
71,2015-06-01,2015-07-01,1,0.9251580531726313,1
71,2015-07-01,2015-08-01,1,0.8816385973527499,1
71,2015-08-01,2015-09-01,1,0.8595224111968924,1
71,2015-09-01,2015-10-01,1,0.8780171822361499,1
71,2015-10-01,2015-11-01,1,0.8074507287764845,1
71,2015-11-01,2015-12-01,1,0.8140552642623424,1
71,2015-12-01,2016-01-01,1,0.7406679291873968,1
71,2016-01-01,2016-02-01,1,0.7222817759047125,1
71,2016-02-01,2016-03-01,1,0.7019833040607218,1
71,2016-03-01,2016-04-01,1,0.644220770266965,0
71,2016-04-01,2016-05-01,1,0.7982567461571012,1
71,2016-05-01,2016-06-01,1,0.7728276199892653,1
71,2016-06-01,2016-07-01,1,0.8797996885822026,1
71,2016-07-01,2016-08-01,1,0.8478277688929811,1
71,2016-08-01,2016-09-01,1,0.884364985963242,1
71,2016-09-01,2016-10-01,1,0.89161699451889,1
71,2016-10-01,2016-11-01,1,0.8391659041025966,1
71,2016-11-01,2016-12-01,1,0.8431980676970907,1
71,2016-12-01,2017-01-01,1,0.7470630709538085,1
71,2017-01-01,2017-02-01,1,0.7009734157469186,1
71,2017-02-01,2017-03-01,1,0.7813883293890821,1
71,2017-03-01,2017-04-01,1,0.6748869086290439,1
71,2017-04-01,2017-05-01,1,0.7680778381272629,1
71,2017-05-01,2017-06-01,1,0.7613655795051987,1
71,2017-06-01,2017-07-01,1,0.8659862861318826,1
71,2017-07-01,2017-08-01,1,0.8588780501427596,1
71,2017-08-01,2017-09-01,1,0.8532878772666206,1
71,2017-09-01,2017-10-01,1,0.8494111184195613,1
71,2017-10-01,2017-11-01,1,0.7731670586592094,1
71,2017-11-01,2017-12-01,1,0.7576688524970052,1
71,2017-12-01,2018-01-01,1,0.756647392425818,1
71,2018-01-01,2018-02-01,1,0.6914254610098052,1
71,2018-02-01,2018-03-01,1,0.7326020915773458,1
71,2018-03-01,2018-04-01,1,0.5683973439120329,0
71,2018-04-01,2018-05-01,1,0.6913033849594336,1
71,2018-05-01,2018-06-01,1,0.7795379637451304,1
71,2018-06-01,2018-07-01,1,0.8937341567512226,1
71,2018-07-01,2018-08-01,1,0.8736958375689584,1
71,2018-08-01,2018-09-01,1,0.9003974086974109,1
71,2018-09-01,2018-10-01,1,0.8807063689224373,1
71,2018-10-01,2018-11-01,1,0.7922331249804317,1
71,2018-11-01,2018-12-01,1,0.7687863576708516,1
71,2018-12-01,2019-01-01,1,0.7682261299485519,1
71,2019-01-01,2019-02-01,1,0.7406317516294534,1
71,2019-02-01,2019-03-01,1,0.7012817358086961,1
71,2019-03-01,2019-04-01,1,0.6834901227711456,1
71,2019-04-01,2019-05-01,1,0.6951170311333288,1
71,2019-05-01,2019-06-01,1,0.7413697525204439,1
71,2019-06-01,2019-07-01,1,0.8834882799111127,1
71,2019-07-01,2019-08-01,1,0.8403760413660782,1
71,2019-08-01,2019-09-01,1,0.8946833669621707,1
71,2019-09-01,2019-10-01,1,0.8706639168899459,1
71,2019-10-01,2019-11-01,1,0.8043732691495062,1
71,2019-11-01,2019-12-01,1,0.792142929406804,1
71,2019-12-01,2020-01-01,1,0.7110950482256665,1
71,2020-01-01,2020-02-01,1,0.7355671967189171,1
71,2020-02-01,2020-03-01,1,0.7639264226301301,1
71,2020-03-01,2020-04-01,0,0.7164402165247873,1
71,2020-04-01,2020-05-01,1,0.6091637175033163,0
71,2020-05-01,2020-06-01,1,0.45480760075372545,0
71,2020-06-01,2020-07-01,1,0.786127831785005,1
71,2020-07-01,2020-08-01,1,0.7445114091529301,1
71,2020-08-01,2020-09-01,1,0.7891639822190325,1
71,2020-09-01,2020-10-01,1,0.6961851233701295,1
71,2020-10-01,2020-11-01,1,0.6627022822252132,1
71,2020-11-01,2020-12-01,1,0.669782898564249,1
71,2020-12-01,2021-01-01,1,0.5699856094340112,0
71,2021-01-01,2021-02-01,1,0.5803941919442647,0
71,2021-02-01,2021-03-01,1,0.5855045501220987,0
71,2021-03-01,2021-04-01,1,0.3972693858355226,0
71,2021-04-01,2021-05-01,1,0.5459497034496754,0
71,2021-05-01,2021-06-01,1,0.575948319337578,0
71,2021-06-01,2021-07-01,1,0.6627321930114242,1
71,2021-07-01,2021-08-01,1,0.6891998446517453,1
71,2021-08-01,2021-09-01,1,0.7081353894353719,1
71,2021-09-01,2021-10-01,1,0.6101720057681814,0
71,2021-10-01,2021-11-01,1,0.6665002025327295,1
71,2021-11-01,2021-12-01,1,0.5969193288414152,0
71,2021-12-01,2022-01-01,1,0.5440178265692782,0
71,2022-01-01,2022-02-01,1,0.4816151969073983,0
71,2022-02-01,2022-03-01,1,0.4801915842323444,0
71,2022-03-01,2022-04-01,1,0.3767268567480128,0
71,2022-04-01,2022-05-01,1,0.5682251715658998,0
71,2022-05-01,2022-06-01,1,0.6087486366835432,0
71,2022-06-01,2022-07-01,1,0.6876521995540504,1
71,2022-07-01,2022-08-01,1,0.6686581885806281,1
71,2022-08-01,2022-09-01,1,0.6579571339514052,1
71,2022-09-01,2022-10-01,1,0.7516125463350708,1
71,2022-10-01,2022-11-01,1,0.7186143457905948,1
71,2022-11-01,2022-12-01,1,0.7163065139714029,1
72,2015-02-01,2015-03-01,0,0.2089877995897243,0
72,2015-03-01,2015-04-01,0,0.2282722500184655,0
72,2015-04-01,2015-05-01,0,0.3871938511584155,0
72,2015-05-01,2015-06-01,0,0.5377434878283057,0
72,2015-06-01,2015-07-01,0,0.4509908206317241,0
72,2015-07-01,2015-08-01,0,0.49700548870663575,0
72,2015-08-01,2015-09-01,0,0.3218647188000409,0
72,2015-09-01,2015-10-01,0,0.47019426341524706,0
72,2015-10-01,2015-11-01,0,0.3005056981722325,0
72,2015-11-01,2015-12-01,0,0.3574137663967141,0
72,2015-12-01,2016-01-01,0,0.17965094764883652,0
72,2016-01-01,2016-02-01,0,0.13743327118197915,0
72,2016-02-01,2016-03-01,0,0.17494729979943294,0
72,2016-03-01,2016-04-01,0,0.1660088529912431,0
72,2016-04-01,2016-05-01,0,0.23210597005469635,0
72,2016-05-01,2016-06-01,0,0.20159073559252538,0
72,2016-06-01,2016-07-01,0,0.40097837206318887,0
72,2016-07-01,2016-08-01,0,0.3178388983136158,0
72,2016-08-01,2016-09-01,0,0.4127020688328566,0
72,2016-09-01,2016-10-01,0,0.43434847234994356,0
72,2016-10-01,2016-11-01,0,0.2855447716364744,0
72,2016-11-01,2016-12-01,0,0.27810784598718985,0
72,2016-12-01,2017-01-01,0,0.1937835263991636,0
72,2017-01-01,2017-02-01,0,0.1552181202004403,0
72,2017-02-01,2017-03-01,0,0.2535757217426587,0
72,2017-03-01,2017-04-01,0,0.16168411029907762,0
72,2017-04-01,2017-05-01,0,0.15117524192423845,0
72,2017-05-01,2017-06-01,0,0.2410907126520092,0
72,2017-06-01,2017-07-01,0,0.3501204592462318,0
72,2017-07-01,2017-08-01,0,0.23486145927537622,0
72,2017-08-01,2017-09-01,0,0.44673731199149075,0
72,2017-09-01,2017-10-01,0,0.3402512270026354,0
72,2017-10-01,2017-11-01,0,0.3519886099642135,0
72,2017-11-01,2017-12-01,0,0.27451508282076637,0
72,2017-12-01,2018-01-01,0,0.30005865257508585,0
72,2018-01-01,2018-02-01,0,0.1993528564839739,0
72,2018-02-01,2018-03-01,0,0.1356019340369455,0
72,2018-03-01,2018-04-01,0,0.13836834359992692,0
72,2018-04-01,2018-05-01,0,0.16729644447510922,0
72,2018-05-01,2018-06-01,0,0.20796477680728834,0
72,2018-06-01,2018-07-01,0,0.35822254313273644,0
72,2018-07-01,2018-08-01,0,0.31338681335334334,0
72,2018-08-01,2018-09-01,0,0.4602652716478742,0
72,2018-09-01,2018-10-01,0,0.4271700815838018,0
72,2018-10-01,2018-11-01,0,0.24575591034424887,0
72,2018-11-01,2018-12-01,0,0.2872813024060305,0
72,2018-12-01,2019-01-01,0,0.21063265961993025,0
72,2019-01-01,2019-02-01,0,0.2037966964657874,0
72,2019-02-01,2019-03-01,0,0.18542055181262104,0
72,2019-03-01,2019-04-01,0,0.12182409939707073,0
72,2019-04-01,2019-05-01,0,0.14845178896524489,0
72,2019-05-01,2019-06-01,0,0.2778054050138715,0
72,2019-06-01,2019-07-01,0,0.4098692044648,0
72,2019-07-01,2019-08-01,0,0.3499904018893983,0
72,2019-08-01,2019-09-01,0,0.3671563994334341,0
72,2019-09-01,2019-10-01,0,0.2522400727255894,0
72,2019-10-01,2019-11-01,0,0.32519551662155993,0
72,2019-11-01,2019-12-01,0,0.22444353218629032,0
72,2019-12-01,2020-01-01,0,0.2481974410143694,0
72,2020-01-01,2020-02-01,0,0.1965955731383809,0
72,2020-02-01,2020-03-01,0,0.21218168101984747,0
72,2020-03-01,2020-04-01,0,0.26215998671833,0
72,2020-04-01,2020-05-01,0,0.11615531823595185,0
72,2020-05-01,2020-06-01,0,0.1081254370918019,0
72,2020-06-01,2020-07-01,0,0.11552175925508122,0
72,2020-07-01,2020-08-01,0,0.19034029020909157,0
72,2020-08-01,2020-09-01,0,0.2388042303840196,0
72,2020-09-01,2020-10-01,0,0.20543136870852993,0
72,2020-10-01,2020-11-01,0,0.18512031236561327,0
72,2020-11-01,2020-12-01,0,0.453716773704729,0
72,2020-12-01,2021-01-01,0,0.49005666547297383,0
72,2021-01-01,2021-02-01,0,0.45927557398758617,0
72,2021-02-01,2021-03-01,0,0.3690702257077185,0
72,2021-03-01,2021-04-01,0,0.13690298779539553,0
72,2021-04-01,2021-05-01,0,0.11047466193075475,0
72,2021-05-01,2021-06-01,0,0.11734991469039775,0
72,2021-06-01,2021-07-01,0,0.1649779463511069,0
72,2021-07-01,2021-08-01,0,0.1281589566874565,0
72,2021-08-01,2021-09-01,0,0.12950920604481592,0
72,2021-09-01,2021-10-01,0,0.18727570954749723,0
72,2021-10-01,2021-11-01,0,0.1286948586796509,0
72,2021-11-01,2021-12-01,0,0.19964742539237534,0
72,2021-12-01,2022-01-01,0,0.12456552428471278,0
72,2022-01-01,2022-02-01,0,0.18593581143766238,0
72,2022-02-01,2022-03-01,0,0.17501626244429877,0
72,2022-03-01,2022-04-01,0,0.10975644747292056,0
72,2022-04-01,2022-05-01,0,0.14998181006323622,0
72,2022-05-01,2022-06-01,0,0.20897432392638374,0
72,2022-06-01,2022-07-01,0,0.3141838960803652,0
72,2022-07-01,2022-08-01,0,0.18936149565053895,0
72,2022-08-01,2022-09-01,0,0.13287163069974214,0
72,2022-09-01,2022-10-01,0,0.2078142314006079,0
72,2022-10-01,2022-11-01,0,0.22940009256832078,0
72,2022-11-01,2022-12-01,0,0.23820374265859626,0
73,2015-02-01,2015-03-01,0,0.5700857681806524,0
73,2015-03-01,2015-04-01,0,0.3258360796981709,0
73,2015-04-01,2015-05-01,0,0.5549980798325626,0
73,2015-05-01,2015-06-01,0,0.581496871257435,0
73,2015-06-01,2015-07-01,0,0.7208007971227861,1
73,2015-07-01,2015-08-01,0,0.6738416880918972,1
73,2015-08-01,2015-09-01,0,0.5850080201096199,0
73,2015-09-01,2015-10-01,0,0.6871125439633099,1
73,2015-10-01,2015-11-01,0,0.5372497201305442,0
73,2015-11-01,2015-12-01,0,0.564102488364248,0
73,2015-12-01,2016-01-01,0,0.4781606266618724,0
73,2016-01-01,2016-02-01,0,0.4742760488956826,0
73,2016-02-01,2016-03-01,0,0.4949298106054684,0
73,2016-03-01,2016-04-01,0,0.36013946056956997,0
73,2016-04-01,2016-05-01,0,0.5162929866878927,0
73,2016-05-01,2016-06-01,0,0.4271844059262664,0
73,2016-06-01,2016-07-01,0,0.6017108530662162,0
73,2016-07-01,2016-08-01,0,0.63012030145001,0
73,2016-08-01,2016-09-01,0,0.7618195570406193,1
73,2016-09-01,2016-10-01,0,0.655665054811231,1
73,2016-10-01,2016-11-01,0,0.5902864613071022,0
73,2016-11-01,2016-12-01,0,0.6503952333575878,0
73,2016-12-01,2017-01-01,0,0.6585159388782564,1
73,2017-01-01,2017-02-01,0,0.43612181720967,0
73,2017-02-01,2017-03-01,0,0.5606380894611029,0
73,2017-03-01,2017-04-01,0,0.48772132118816863,0
73,2017-04-01,2017-05-01,0,0.4485527861620193,0
73,2017-05-01,2017-06-01,0,0.6011067113991111,0
73,2017-06-01,2017-07-01,0,0.66454119109176,1
73,2017-07-01,2017-08-01,0,0.6958647498607167,1
73,2017-08-01,2017-09-01,0,0.7375132615187094,1
73,2017-09-01,2017-10-01,0,0.6174236079152811,0
73,2017-10-01,2017-11-01,0,0.5909563160383702,0
73,2017-11-01,2017-12-01,0,0.5670861971847728,0
73,2017-12-01,2018-01-01,0,0.522208015017926,0
73,2018-01-01,2018-02-01,0,0.4708115408306884,0
73,2018-02-01,2018-03-01,0,0.43286371038886157,0
73,2018-03-01,2018-04-01,0,0.4120542243370188,0
73,2018-04-01,2018-05-01,0,0.5219781047851006,0
73,2018-05-01,2018-06-01,0,0.5222587030869643,0
73,2018-06-01,2018-07-01,0,0.7768277211413813,1
73,2018-07-01,2018-08-01,0,0.6575246418765219,1
73,2018-08-01,2018-09-01,0,0.6867372655452723,1
73,2018-09-01,2018-10-01,0,0.6532038350246672,0
73,2018-10-01,2018-11-01,0,0.5780566944118024,0
73,2018-11-01,2018-12-01,0,0.6606859425791537,1
73,2018-12-01,2019-01-01,0,0.49995551266154215,0
73,2019-01-01,2019-02-01,0,0.5355490585117825,0
73,2019-02-01,2019-03-01,0,0.4291667129080424,0
73,2019-03-01,2019-04-01,0,0.3915068026657087,0
73,2019-04-01,2019-05-01,0,0.42233453960565226,0
73,2019-05-01,2019-06-01,0,0.5613020072288142,0
73,2019-06-01,2019-07-01,0,0.701396710552872,1
73,2019-07-01,2019-08-01,0,0.6069454834158052,0
73,2019-08-01,2019-09-01,0,0.6984900584041545,1
73,2019-09-01,2019-10-01,0,0.7144070339677547,1
73,2019-10-01,2019-11-01,0,0.5966351654405895,0
73,2019-11-01,2019-12-01,0,0.5656704337111834,0
73,2019-12-01,2020-01-01,0,0.48720234795602835,0
73,2020-01-01,2020-02-01,0,0.4524219882089105,0
73,2020-02-01,2020-03-01,0,0.5596544738844723,0
73,2020-03-01,2020-04-01,0,0.28939917151202743,0
73,2020-04-01,2020-05-01,0,0.38307744812543093,0
73,2020-05-01,2020-06-01,0,0.17623638672746048,0
73,2020-06-01,2020-07-01,0,0.47257985805166197,0
73,2020-07-01,2020-08-01,0,0.4822118575782028,0
73,2020-08-01,2020-09-01,0,0.5531817872700712,0
73,2020-09-01,2020-10-01,0,0.4956627587259138,0
73,2020-10-01,2020-11-01,0,0.4070917466191902,0
73,2020-11-01,2020-12-01,0,0.43060413737744524,0
73,2020-12-01,2021-01-01,0,0.36367709470933895,0
73,2021-01-01,2021-02-01,0,0.33427637565483903,0
73,2021-02-01,2021-03-01,0,0.43475007976173446,0
73,2021-03-01,2021-04-01,0,0.20299682839419403,0
73,2021-04-01,2021-05-01,0,0.30284024601831533,0
73,2021-05-01,2021-06-01,0,0.29711422251751773,0
73,2021-06-01,2021-07-01,0,0.44269499046435057,0
73,2021-07-01,2021-08-01,0,0.45428835688579466,0
73,2021-08-01,2021-09-01,0,0.5182150131557227,0
73,2021-09-01,2021-10-01,0,0.4293189955522488,0
73,2021-10-01,2021-11-01,0,0.3446946897384437,0
73,2021-11-01,2021-12-01,0,0.35512040305359566,0
73,2021-12-01,2022-01-01,0,0.3232076531120746,0
73,2022-01-01,2022-02-01,0,0.2772860949503822,0
73,2022-02-01,2022-03-01,0,0.3089118388705842,0
73,2022-03-01,2022-04-01,0,0.20193164810586609,0
73,2022-04-01,2022-05-01,0,0.4324942200167287,0
73,2022-05-01,2022-06-01,0,0.41378370144685295,0
73,2022-06-01,2022-07-01,0,0.48428088529957036,0
73,2022-07-01,2022-08-01,0,0.3155201952307921,0
73,2022-08-01,2022-09-01,0,0.4141695295417233,0
73,2022-09-01,2022-10-01,0,0.5852173441704389,0
73,2022-10-01,2022-11-01,0,0.6028626554443548,0
73,2022-11-01,2022-12-01,0,0.6256414813118903,0
74,2015-02-01,2015-03-01,0,0.06649418725408052,0
74,2015-03-01,2015-04-01,0,0.02287017120262193,0
74,2015-04-01,2015-05-01,0,0.03604424551767273,0
74,2015-05-01,2015-06-01,0,0.07989581051481426,0
74,2015-06-01,2015-07-01,0,0.0711954598783849,0
74,2015-07-01,2015-08-01,0,0.04138264825800668,0
74,2015-08-01,2015-09-01,0,0.05240095647276971,0
74,2015-09-01,2015-10-01,0,0.08111148304398087,0
74,2015-10-01,2015-11-01,0,0.04578259803591297,0
74,2015-11-01,2015-12-01,0,0.03255832107928448,0
74,2015-12-01,2016-01-01,0,0.048963587023928806,0
74,2016-01-01,2016-02-01,0,0.05451768464056457,0
74,2016-02-01,2016-03-01,0,0.049690474125935524,0
74,2016-03-01,2016-04-01,0,0.04526776914046502,0
74,2016-04-01,2016-05-01,0,0.045471906825547484,0
74,2016-05-01,2016-06-01,0,0.05685253246529302,0
74,2016-06-01,2016-07-01,0,0.04216323477004082,0
74,2016-07-01,2016-08-01,0,0.05123375666737346,0
74,2016-08-01,2016-09-01,0,0.04755145829787099,0
74,2016-09-01,2016-10-01,0,0.05568539516633565,0
74,2016-10-01,2016-11-01,0,0.03396419836061778,0
74,2016-11-01,2016-12-01,0,0.11353405683637681,0
74,2016-12-01,2017-01-01,0,0.08978533292834993,0
74,2017-01-01,2017-02-01,0,0.02578045138113606,0
74,2017-02-01,2017-03-01,0,0.12920653608079605,0
74,2017-03-01,2017-04-01,0,0.061854620954195624,0
74,2017-04-01,2017-05-01,0,0.07811219701239434,0
74,2017-05-01,2017-06-01,0,0.058362929020705424,0
74,2017-06-01,2017-07-01,0,0.05759933605535526,0
74,2017-07-01,2017-08-01,0,0.0779227007728642,0
74,2017-08-01,2017-09-01,0,0.03232749727174174,0
74,2017-09-01,2017-10-01,0,0.07537241776133424,0
74,2017-10-01,2017-11-01,0,0.030585211327266472,0
74,2017-11-01,2017-12-01,0,0.040084866478870176,0
74,2017-12-01,2018-01-01,0,0.05114556837896235,0
74,2018-01-01,2018-02-01,0,0.036907026975190764,0
74,2018-02-01,2018-03-01,0,0.037853256917153494,0
74,2018-03-01,2018-04-01,0,0.03427286492288728,0
74,2018-04-01,2018-05-01,0,0.07839142290679947,0
74,2018-05-01,2018-06-01,0,0.07285550436254155,0
74,2018-06-01,2018-07-01,0,0.0671283233200136,0
74,2018-07-01,2018-08-01,0,0.08530917744080058,0
74,2018-08-01,2018-09-01,0,0.1030798002721408,0
74,2018-09-01,2018-10-01,0,0.05752703415731394,0
74,2018-10-01,2018-11-01,0,0.05728752644500936,0
74,2018-11-01,2018-12-01,0,0.06014691169026594,0
74,2018-12-01,2019-01-01,0,0.024107007787514245,0
74,2019-01-01,2019-02-01,0,0.051185535883797935,0
74,2019-02-01,2019-03-01,0,0.051118098916444796,0
74,2019-03-01,2019-04-01,0,0.032330358498852865,0
74,2019-04-01,2019-05-01,0,0.0326913200912109,0
74,2019-05-01,2019-06-01,0,0.055510154774699776,0
74,2019-06-01,2019-07-01,0,0.042124516980351835,0
74,2019-07-01,2019-08-01,0,0.03541984716770102,0
74,2019-08-01,2019-09-01,0,0.046608473169206126,0
74,2019-09-01,2019-10-01,0,0.058852132805962715,0
74,2019-10-01,2019-11-01,0,0.02670088859474885,0
74,2019-11-01,2019-12-01,0,0.05442166720435121,0
74,2019-12-01,2020-01-01,0,0.03383303114045483,0
74,2020-01-01,2020-02-01,0,0.05121109358356429,0
74,2020-02-01,2020-03-01,0,0.07016971423799778,0
74,2020-03-01,2020-04-01,0,0.030499128961175577,0
74,2020-04-01,2020-05-01,0,0.032976849406995606,0
74,2020-05-01,2020-06-01,0,0.03222265692893326,0
74,2020-06-01,2020-07-01,0,0.03565969993471239,0
74,2020-07-01,2020-08-01,0,0.03153047361876522,0
74,2020-08-01,2020-09-01,0,0.04768075831317532,0
74,2020-09-01,2020-10-01,0,0.04656737397601404,0
74,2020-10-01,2020-11-01,0,0.12049486877086481,0
74,2020-11-01,2020-12-01,0,0.3562089833681483,0
74,2020-12-01,2021-01-01,0,0.3758727170146661,0
74,2021-01-01,2021-02-01,0,0.4245773166548779,0
74,2021-02-01,2021-03-01,0,0.3055325262984223,0
74,2021-03-01,2021-04-01,0,0.12075913214215034,0
74,2021-04-01,2021-05-01,0,0.028536350932772413,0
74,2021-05-01,2021-06-01,0,0.06862588825341645,0
74,2021-06-01,2021-07-01,0,0.04649377257600328,0
74,2021-07-01,2021-08-01,0,0.04728805421630275,0
74,2021-08-01,2021-09-01,0,0.047918313044051364,0
74,2021-09-01,2021-10-01,0,0.03785770275960822,0
74,2021-10-01,2021-11-01,0,0.15708827846161988,0
74,2021-11-01,2021-12-01,0,0.047114491928199845,0
74,2021-12-01,2022-01-01,0,0.07001129986553989,0
74,2022-01-01,2022-02-01,0,0.027526901155875482,0
74,2022-02-01,2022-03-01,0,0.03884036541746895,0
74,2022-03-01,2022-04-01,0,0.05410389802585725,0
74,2022-04-01,2022-05-01,0,0.03681958852868076,0
74,2022-05-01,2022-06-01,0,0.06077950326021782,0
74,2022-06-01,2022-07-01,0,0.04224558816061308,0
74,2022-07-01,2022-08-01,0,0.031715506909737276,0
74,2022-08-01,2022-09-01,0,0.0335495240212524,0
74,2022-09-01,2022-10-01,0,0.03678467646476106,0
74,2022-10-01,2022-11-01,0,0.04050457838964049,0
74,2022-11-01,2022-12-01,0,0.06535421960268163,0
75,2015-02-01,2015-03-01,0,0.20434538261362364,0
75,2015-03-01,2015-04-01,0,0.17646934886553486,0
75,2015-04-01,2015-05-01,0,0.2767334661891229,0
75,2015-05-01,2015-06-01,0,0.33041246716880357,0
75,2015-06-01,2015-07-01,0,0.4021363224617352,0
75,2015-07-01,2015-08-01,0,0.28637052402366914,0
75,2015-08-01,2015-09-01,0,0.3967147733434476,0
75,2015-09-01,2015-10-01,0,0.30140519785391917,0
75,2015-10-01,2015-11-01,0,0.28425846554729656,0
75,2015-11-01,2015-12-01,0,0.2748414097907018,0
75,2015-12-01,2016-01-01,0,0.1741147039424049,0
75,2016-01-01,2016-02-01,0,0.18679742562833399,0
75,2016-02-01,2016-03-01,0,0.17229897130027796,0
75,2016-03-01,2016-04-01,0,0.16424284446371473,0
75,2016-04-01,2016-05-01,0,0.2675712033490142,0
75,2016-05-01,2016-06-01,0,0.2154662070348706,0
75,2016-06-01,2016-07-01,0,0.3382346478077563,0
75,2016-07-01,2016-08-01,0,0.25956321866217136,0
75,2016-08-01,2016-09-01,0,0.3061254721481112,0
75,2016-09-01,2016-10-01,0,0.3166782055898925,0
75,2016-10-01,2016-11-01,0,0.3377004757299852,0
75,2016-11-01,2016-12-01,0,0.3116419278250971,0
75,2016-12-01,2017-01-01,0,0.2555605263914222,0
75,2017-01-01,2017-02-01,0,0.18347342056344865,0
75,2017-02-01,2017-03-01,0,0.2606915991732161,0
75,2017-03-01,2017-04-01,0,0.1654489437223849,0
75,2017-04-01,2017-05-01,0,0.21156848018441768,0
75,2017-05-01,2017-06-01,0,0.25355191090529056,0
75,2017-06-01,2017-07-01,0,0.32583215451397574,0
75,2017-07-01,2017-08-01,0,0.36321773635517457,0
75,2017-08-01,2017-09-01,0,0.475605675932877,0
75,2017-09-01,2017-10-01,0,0.4124569794908216,0
75,2017-10-01,2017-11-01,0,0.2771938193786473,0
75,2017-11-01,2017-12-01,0,0.2155979443935803,0
75,2017-12-01,2018-01-01,0,0.2029245138728433,0
75,2018-01-01,2018-02-01,0,0.20323024360072012,0
75,2018-02-01,2018-03-01,0,0.2360152621517221,0
75,2018-03-01,2018-04-01,0,0.11709036846676431,0
75,2018-04-01,2018-05-01,0,0.2772002962078352,0
75,2018-05-01,2018-06-01,0,0.3201957663574493,0
75,2018-06-01,2018-07-01,0,0.41779912763560656,0
75,2018-07-01,2018-08-01,0,0.39876006614018833,0
75,2018-08-01,2018-09-01,0,0.45222881863705267,0
75,2018-09-01,2018-10-01,0,0.40930810091856507,0
75,2018-10-01,2018-11-01,0,0.26154299950628174,0
75,2018-11-01,2018-12-01,0,0.31236999281032074,0
75,2018-12-01,2019-01-01,0,0.1972007298134223,0
75,2019-01-01,2019-02-01,0,0.2058671723568149,0
75,2019-02-01,2019-03-01,0,0.20525591619775557,0
75,2019-03-01,2019-04-01,0,0.14917719311587613,0
75,2019-04-01,2019-05-01,0,0.16726004412368847,0
75,2019-05-01,2019-06-01,0,0.23033075104568296,0
75,2019-06-01,2019-07-01,0,0.31322826430084577,0
75,2019-07-01,2019-08-01,0,0.3606041313327424,0
75,2019-08-01,2019-09-01,0,0.476204117382776,0
75,2019-09-01,2019-10-01,0,0.2886989696356479,0
75,2019-10-01,2019-11-01,0,0.2760105887810224,0
75,2019-11-01,2019-12-01,0,0.2111416042208211,0
75,2019-12-01,2020-01-01,0,0.2212407079039849,0
75,2020-01-01,2020-02-01,0,0.280787762909759,0
75,2020-02-01,2020-03-01,0,0.26322913953811944,0
75,2020-03-01,2020-04-01,0,0.16386976424714353,0
75,2020-04-01,2020-05-01,0,0.19356269669088194,0
75,2020-05-01,2020-06-01,0,0.11134940798100464,0
75,2020-06-01,2020-07-01,0,0.23563493666568122,0
75,2020-07-01,2020-08-01,0,0.16089464005211151,0
75,2020-08-01,2020-09-01,0,0.24368586421319718,0
75,2020-09-01,2020-10-01,0,0.2500555349672395,0
75,2020-10-01,2020-11-01,0,0.19951611728280372,0
75,2020-11-01,2020-12-01,0,0.24071233028770606,0
75,2020-12-01,2021-01-01,0,0.4013633776461814,0
75,2021-01-01,2021-02-01,0,0.2805255597475239,0
75,2021-02-01,2021-03-01,0,0.18425114610619373,0
75,2021-03-01,2021-04-01,0,0.10913560779856318,0
75,2021-04-01,2021-05-01,0,0.162529355529649,0
75,2021-05-01,2021-06-01,0,0.13765244413018307,0
75,2021-06-01,2021-07-01,0,0.21369408939940762,0
75,2021-07-01,2021-08-01,0,0.19988050084232392,0
75,2021-08-01,2021-09-01,0,0.23470094639147776,0
75,2021-09-01,2021-10-01,0,0.1767996205335091,0
75,2021-10-01,2021-11-01,0,0.15660698193149525,0
75,2021-11-01,2021-12-01,0,0.25016474078091583,0
75,2021-12-01,2022-01-01,0,0.17307274118820726,0
75,2022-01-01,2022-02-01,0,0.17425533707419893,0
75,2022-02-01,2022-03-01,0,0.11812873137968494,0
75,2022-03-01,2022-04-01,0,0.15798617230752302,0
75,2022-04-01,2022-05-01,0,0.22079583837552297,0
75,2022-05-01,2022-06-01,0,0.16312615178738904,0
75,2022-06-01,2022-07-01,0,0.2390554349026593,0
75,2022-07-01,2022-08-01,0,0.15299319599131433,0
75,2022-08-01,2022-09-01,0,0.1814457400773266,0
75,2022-09-01,2022-10-01,0,0.3481646797968497,0
75,2022-10-01,2022-11-01,0,0.24974253796002194,0
75,2022-11-01,2022-12-01,0,0.272580468773869,0
76,2015-02-01,2015-03-01,0,0.059460451017646763,0
76,2015-03-01,2015-04-01,0,0.04302136421636932,0
76,2015-04-01,2015-05-01,0,0.05673735182190753,0
76,2015-05-01,2015-06-01,0,0.08598360299571522,0
76,2015-06-01,2015-07-01,0,0.06971564081079139,0
76,2015-07-01,2015-08-01,0,0.1261157149006303,0
76,2015-08-01,2015-09-01,0,0.11865350902106953,0
76,2015-09-01,2015-10-01,0,0.09622325924871479,0
76,2015-10-01,2015-11-01,0,0.07130253842980207,0
76,2015-11-01,2015-12-01,0,0.0746369071738626,0
76,2015-12-01,2016-01-01,0,0.0924762727450195,0
76,2016-01-01,2016-02-01,0,0.0586819694479266,0
76,2016-02-01,2016-03-01,0,0.07485925573451502,0
76,2016-03-01,2016-04-01,0,0.06980151135686832,0
76,2016-04-01,2016-05-01,0,0.062253513225221484,0
76,2016-05-01,2016-06-01,0,0.06917669137969644,0
76,2016-06-01,2016-07-01,0,0.09615163068915486,0
76,2016-07-01,2016-08-01,0,0.10345739309712908,0
76,2016-08-01,2016-09-01,0,0.16989520467810304,0
76,2016-09-01,2016-10-01,0,0.08321967329786345,0
76,2016-10-01,2016-11-01,0,0.11465943938646017,0
76,2016-11-01,2016-12-01,0,0.07263877300921258,0
76,2016-12-01,2017-01-01,0,0.12089345384922412,0
76,2017-01-01,2017-02-01,0,0.0646449695040719,0
76,2017-02-01,2017-03-01,0,0.08881981466474573,0
76,2017-03-01,2017-04-01,0,0.051323835418189745,0
76,2017-04-01,2017-05-01,0,0.04229583299059389,0
76,2017-05-01,2017-06-01,0,0.03590902283493474,0
76,2017-06-01,2017-07-01,0,0.08365468174969583,0
76,2017-07-01,2017-08-01,0,0.05504878303139293,0
76,2017-08-01,2017-09-01,0,0.07855728669895243,0
76,2017-09-01,2017-10-01,0,0.09536216294670603,0
76,2017-10-01,2017-11-01,0,0.11550604746872387,0
76,2017-11-01,2017-12-01,0,0.09383699373080745,0
76,2017-12-01,2018-01-01,0,0.14269351889108217,0
76,2018-01-01,2018-02-01,0,0.09350990784614785,0
76,2018-02-01,2018-03-01,0,0.0990961978351102,0
76,2018-03-01,2018-04-01,0,0.05684689267753367,0
76,2018-04-01,2018-05-01,0,0.09436695572075729,0
76,2018-05-01,2018-06-01,0,0.08946453514025464,0
76,2018-06-01,2018-07-01,0,0.12283036938668486,0
76,2018-07-01,2018-08-01,0,0.09894299423224728,0
76,2018-08-01,2018-09-01,0,0.1396658729613555,0
76,2018-09-01,2018-10-01,0,0.09988255546309811,0
76,2018-10-01,2018-11-01,0,0.0909943278660208,0
76,2018-11-01,2018-12-01,0,0.15156000863059393,0
76,2018-12-01,2019-01-01,0,0.09247707797176963,0
76,2019-01-01,2019-02-01,0,0.06462303301233938,0
76,2019-02-01,2019-03-01,0,0.05163700344726929,0
76,2019-03-01,2019-04-01,0,0.07797605962224297,0
76,2019-04-01,2019-05-01,0,0.06814793874112485,0
76,2019-05-01,2019-06-01,0,0.0922306245443406,0
76,2019-06-01,2019-07-01,0,0.08148019363315434,0
76,2019-07-01,2019-08-01,0,0.10569845527827675,0
76,2019-08-01,2019-09-01,0,0.17018007395025328,0
76,2019-09-01,2019-10-01,0,0.0910886962091899,0
76,2019-10-01,2019-11-01,0,0.055654375070070795,0
76,2019-11-01,2019-12-01,0,0.05037365330227293,0
76,2019-12-01,2020-01-01,0,0.07039503798762463,0
76,2020-01-01,2020-02-01,0,0.04076084506299571,0
76,2020-02-01,2020-03-01,0,0.030903803752222594,0
76,2020-03-01,2020-04-01,0,0.042097707040762516,0
76,2020-04-01,2020-05-01,0,0.04339537248658913,0
76,2020-05-01,2020-06-01,0,0.02274266604152327,0
76,2020-06-01,2020-07-01,0,0.023366114218344874,0
76,2020-07-01,2020-08-01,0,0.03261716642705295,0
76,2020-08-01,2020-09-01,0,0.09134221398903314,0
76,2020-09-01,2020-10-01,0,0.06444294184224923,0
76,2020-10-01,2020-11-01,0,0.05374121717856749,0
76,2020-11-01,2020-12-01,0,0.0437705350849976,0
76,2020-12-01,2021-01-01,0,0.10110547654034822,0
76,2021-01-01,2021-02-01,0,0.0735513714429261,0
76,2021-02-01,2021-03-01,0,0.053880956282013295,0
76,2021-03-01,2021-04-01,0,0.03455177183017577,0
76,2021-04-01,2021-05-01,0,0.03686481092319618,0
76,2021-05-01,2021-06-01,0,0.04452538977092845,0
76,2021-06-01,2021-07-01,0,0.03932471704242976,0
76,2021-07-01,2021-08-01,0,0.07756503174463628,0
76,2021-08-01,2021-09-01,0,0.078625139694521,0
76,2021-09-01,2021-10-01,0,0.07171178384413597,0
76,2021-10-01,2021-11-01,0,0.0921694293031066,0
76,2021-11-01,2021-12-01,0,0.10155784185075306,0
76,2021-12-01,2022-01-01,0,0.11635571536637834,0
76,2022-01-01,2022-02-01,0,0.05510860226061871,0
76,2022-02-01,2022-03-01,0,0.043907541598926285,0
76,2022-03-01,2022-04-01,0,0.04284500818072874,0
76,2022-04-01,2022-05-01,0,0.05108132908096187,0
76,2022-05-01,2022-06-01,0,0.06563119463227873,0
76,2022-06-01,2022-07-01,0,0.11388939134256028,0
76,2022-07-01,2022-08-01,0,0.16827080551372983,0
76,2022-08-01,2022-09-01,0,0.06995392272921996,0
76,2022-09-01,2022-10-01,0,0.03426684427648341,0
76,2022-10-01,2022-11-01,0,0.09578199546817809,0
76,2022-11-01,2022-12-01,0,0.10396988210491051,0
77,2015-02-01,2015-03-01,0,0.17604116109870546,0
77,2015-03-01,2015-04-01,0,0.13661659640843857,0
77,2015-04-01,2015-05-01,0,0.20628921530592756,0
77,2015-05-01,2015-06-01,0,0.2420153116914662,0
77,2015-06-01,2015-07-01,0,0.2667272289025915,0
77,2015-07-01,2015-08-01,0,0.440150043672984,0
77,2015-08-01,2015-09-01,0,0.3623357045413036,0
77,2015-09-01,2015-10-01,0,0.328483483766156,0
77,2015-10-01,2015-11-01,0,0.31018134216243826,0
77,2015-11-01,2015-12-01,0,0.24433421772797673,0
77,2015-12-01,2016-01-01,0,0.16579700185663293,0
77,2016-01-01,2016-02-01,0,0.22025503300345184,0
77,2016-02-01,2016-03-01,0,0.30608748718817735,0
77,2016-03-01,2016-04-01,0,0.16313724083769293,0
77,2016-04-01,2016-05-01,0,0.3372848285096912,0
77,2016-05-01,2016-06-01,0,0.2133781683424877,0
77,2016-06-01,2016-07-01,0,0.2892673970137472,0
77,2016-07-01,2016-08-01,0,0.330372066375132,0
77,2016-08-01,2016-09-01,0,0.38282855323607795,0
77,2016-09-01,2016-10-01,0,0.28077558740654573,0
77,2016-10-01,2016-11-01,0,0.2903621044912609,0
77,2016-11-01,2016-12-01,0,0.3193860349257074,0
77,2016-12-01,2017-01-01,0,0.27738548036094407,0
77,2017-01-01,2017-02-01,0,0.19577273186317928,0
77,2017-02-01,2017-03-01,0,0.29026838767764696,0
77,2017-03-01,2017-04-01,0,0.18903030150738573,0
77,2017-04-01,2017-05-01,0,0.2581465649903764,0
77,2017-05-01,2017-06-01,0,0.28481718984759863,0
77,2017-06-01,2017-07-01,0,0.3881057242461002,0
77,2017-07-01,2017-08-01,0,0.49019517829226844,0
77,2017-08-01,2017-09-01,0,0.43977515846694176,0
77,2017-09-01,2017-10-01,0,0.46234013140033653,0
77,2017-10-01,2017-11-01,0,0.42330216580027286,0
77,2017-11-01,2017-12-01,0,0.5424145243592273,0
77,2017-12-01,2018-01-01,0,0.38271024006272025,0
77,2018-01-01,2018-02-01,0,0.23401313994557552,0
77,2018-02-01,2018-03-01,0,0.25507845135493706,0
77,2018-03-01,2018-04-01,0,0.1876769174787024,0
77,2018-04-01,2018-05-01,0,0.34157713655573496,0
77,2018-05-01,2018-06-01,0,0.20399147389467506,0
77,2018-06-01,2018-07-01,0,0.32919340572294875,0
77,2018-07-01,2018-08-01,0,0.35173471541964907,0
77,2018-08-01,2018-09-01,0,0.4201907696409556,0
77,2018-09-01,2018-10-01,0,0.46947057772234435,0
77,2018-10-01,2018-11-01,0,0.307907683746809,0
77,2018-11-01,2018-12-01,0,0.34867976524566513,0
77,2018-12-01,2019-01-01,0,0.2188429201993755,0
77,2019-01-01,2019-02-01,0,0.35255459952469254,0
77,2019-02-01,2019-03-01,0,0.3206379607809784,0
77,2019-03-01,2019-04-01,0,0.25803759582436303,0
77,2019-04-01,2019-05-01,0,0.23732713706804573,0
77,2019-05-01,2019-06-01,0,0.2388045331521314,0
77,2019-06-01,2019-07-01,0,0.3804207586118102,0
77,2019-07-01,2019-08-01,0,0.39501548397088293,0
77,2019-08-01,2019-09-01,0,0.4988731053498657,0
77,2019-09-01,2019-10-01,0,0.39688749163655956,0
77,2019-10-01,2019-11-01,0,0.3354912571535661,0
77,2019-11-01,2019-12-01,0,0.24711230935095274,0
77,2019-12-01,2020-01-01,0,0.3418819464427542,0
77,2020-01-01,2020-02-01,0,0.38163451513410424,0
77,2020-02-01,2020-03-01,0,0.26526869901990374,0
77,2020-03-01,2020-04-01,0,0.33734465568192906,0
77,2020-04-01,2020-05-01,0,0.24857183632561722,0
77,2020-05-01,2020-06-01,0,0.11844579547920343,0
77,2020-06-01,2020-07-01,0,0.15335018430112346,0
77,2020-07-01,2020-08-01,0,0.3816857738863246,0
77,2020-08-01,2020-09-01,0,0.4574370863331398,0
77,2020-09-01,2020-10-01,0,0.35888891400303524,0
77,2020-10-01,2020-11-01,0,0.24560691182777986,0
77,2020-11-01,2020-12-01,0,0.23529195134801978,0
77,2020-12-01,2021-01-01,0,0.21453453269343847,0
77,2021-01-01,2021-02-01,0,0.20520489481548243,0
77,2021-02-01,2021-03-01,0,0.2160090737091391,0
77,2021-03-01,2021-04-01,0,0.118091808937935,0
77,2021-04-01,2021-05-01,0,0.3360474036797942,0
77,2021-05-01,2021-06-01,0,0.22086839236564132,0
77,2021-06-01,2021-07-01,0,0.2155269882101359,0
77,2021-07-01,2021-08-01,0,0.3494582127139874,0
77,2021-08-01,2021-09-01,0,0.23555677870729855,0
77,2021-09-01,2021-10-01,0,0.306393698065091,0
77,2021-10-01,2021-11-01,0,0.2740699101234319,0
77,2021-11-01,2021-12-01,0,0.34394658010021883,0
77,2021-12-01,2022-01-01,0,0.27692028469027263,0
77,2022-01-01,2022-02-01,0,0.25578328908694514,0
77,2022-02-01,2022-03-01,0,0.25483736624522385,0
77,2022-03-01,2022-04-01,0,0.13269416832528663,0
77,2022-04-01,2022-05-01,0,0.17738310190106546,0
77,2022-05-01,2022-06-01,0,0.27355379667605934,0
77,2022-06-01,2022-07-01,0,0.4186778191691308,0
77,2022-07-01,2022-08-01,0,0.47067984550148134,0
77,2022-08-01,2022-09-01,0,0.541367288280482,0
77,2022-09-01,2022-10-01,0,0.6495794396076413,0
77,2022-10-01,2022-11-01,0,0.7674851459495003,1
77,2022-11-01,2022-12-01,0,0.4937858918025409,0
