community_area,month,target_month,label,pred_prob,pred_label
1,2015-02-01,2015-03-01,0,0.004970396406646885,0
1,2015-03-01,2015-04-01,0,0.0039728292810285995,0
1,2015-04-01,2015-05-01,0,0.007161618247443083,0
1,2015-05-01,2015-06-01,0,0.006406231006492456,0
1,2015-06-01,2015-07-01,0,0.055711764082549756,0
1,2015-07-01,2015-08-01,0,0.007161618247443083,0
1,2015-08-01,2015-09-01,0,0.05282517566838198,0
1,2015-09-01,2015-10-01,0,0.09747438397674443,0
1,2015-10-01,2015-11-01,0,0.04761970167730847,0
1,2015-11-01,2015-12-01,0,0.055848284272522294,0
1,2015-12-01,2016-01-01,0,0.046644315981283595,0
1,2016-01-01,2016-02-01,0,0.04537816887594205,0
1,2016-02-01,2016-03-01,0,0.00728900405345594,0
1,2016-03-01,2016-04-01,0,0.0041044731345941405,0
1,2016-04-01,2016-05-01,0,0.0922313151752066,0
1,2016-05-01,2016-06-01,0,0.04393066830471186,0
1,2016-06-01,2016-07-01,0,0.044202556678430066,0
1,2016-07-01,2016-08-01,0,0.15398756351535986,0
1,2016-08-01,2016-09-01,0,0.10187042738188042,0
1,2016-09-01,2016-10-01,0,0.09829729747340767,0
1,2016-10-01,2016-11-01,0,0.09032542337551076,0
1,2016-11-01,2016-12-01,0,0.12734621928653025,0
1,2016-12-01,2017-01-01,0,0.04859367834289533,0
1,2017-01-01,2017-02-01,0,0.007418177793366705,0
1,2017-02-01,2017-03-01,0,0.09927290149512932,0
1,2017-03-01,2017-04-01,0,0.01554844750552903,0
1,2017-04-01,2017-05-01,0,0.058700238646404106,0
1,2017-05-01,2017-06-01,0,0.07875157966333465,0
1,2017-06-01,2017-07-01,1,0.17867636042765955,0
1,2017-07-01,2017-08-01,1,0.17233172821064224,0
1,2017-08-01,2017-09-01,0,0.25068813202198775,0
1,2017-09-01,2017-10-01,1,0.3584760430358273,0
1,2017-10-01,2017-11-01,0,0.19652384728979727,0
1,2017-11-01,2017-12-01,0,0.22812567880142665,0
1,2017-12-01,2018-01-01,0,0.10880380537860138,0
1,2018-01-01,2018-02-01,0,0.09075370506031323,0
1,2018-02-01,2018-03-01,0,0.04893786784710699,0
1,2018-03-01,2018-04-01,0,0.006533616812505313,0
1,2018-04-01,2018-05-01,0,0.14582614118513262,0
1,2018-05-01,2018-06-01,0,0.016723912197875706,0
1,2018-06-01,2018-07-01,1,0.16139807727818872,0
1,2018-07-01,2018-08-01,1,0.23698404537641501,0
1,2018-08-01,2018-09-01,0,0.2594942562803936,0
1,2018-09-01,2018-10-01,0,0.16437657196633193,0
1,2018-10-01,2018-11-01,0,0.0987213628301278,0
1,2018-11-01,2018-12-01,0,0.2400732066304606,0
1,2018-12-01,2019-01-01,0,0.1606683434315725,0
1,2019-01-01,2019-02-01,0,0.09937864829348197,0
1,2019-02-01,2019-03-01,0,0.04926632660897223,0
1,2019-03-01,2019-04-01,0,0.00728900405345594,0
1,2019-04-01,2019-05-01,1,0.10622975537472536,0
1,2019-05-01,2019-06-01,0,0.057735174410678554,0
1,2019-06-01,2019-07-01,1,0.26730379563656914,0
1,2019-07-01,2019-08-01,1,0.2928643513892615,0
1,2019-08-01,2019-09-01,1,0.30393678601614726,0
1,2019-09-01,2019-10-01,0,0.30494787246947946,0
1,2019-10-01,2019-11-01,0,0.11284308379978551,0
1,2019-11-01,2019-12-01,0,0.09610488496763207,0
1,2019-12-01,2020-01-01,0,0.0638444181490239,0
1,2020-01-01,2020-02-01,0,0.05396462835304655,0
1,2020-02-01,2020-03-01,0,0.06638907737521871,0
1,2020-03-01,2020-04-01,0,0.028859542348282308,0
1,2020-04-01,2020-05-01,0,0.034159033469785834,0
1,2020-05-01,2020-06-01,0,0.005975741489714916,0
1,2020-06-01,2020-07-01,0,0.006286836371198457,0
1,2020-07-01,2020-08-01,0,0.03137216062193629,0
1,2020-08-01,2020-09-01,0,0.07960424692962076,0
1,2020-09-01,2020-10-01,0,0.08801444940745512,0
1,2020-10-01,2020-11-01,0,0.15964694671027618,0
1,2020-11-01,2020-12-01,0,0.09148277722038334,0
1,2020-12-01,2021-01-01,0,0.008965948579818651,0
1,2021-01-01,2021-02-01,0,0.030038682612268823,0
1,2021-02-01,2021-03-01,0,0.07174379228275839,0
1,2021-03-01,2021-04-01,0,0.006502942056726911,0
1,2021-04-01,2021-05-01,0,0.006573100852555046,0
1,2021-05-01,2021-06-01,0,0.011219151334225302,0
1,2021-06-01,2021-07-01,0,0.006620292218149479,0
1,2021-07-01,2021-08-01,0,0.055640305296311254,0
1,2021-08-01,2021-09-01,0,0.07354384093279402,0
1,2021-09-01,2021-10-01,0,0.06403286294407114,0
1,2021-10-01,2021-11-01,0,0.1557358477521212,0
1,2021-11-01,2021-12-01,0,0.1505254615479878,0
1,2021-12-01,2022-01-01,0,0.04818639207031565,0
1,2022-01-01,2022-02-01,0,0.21751123281807702,0
1,2022-02-01,2022-03-01,0,0.11881067532261119,0
1,2022-03-01,2022-04-01,0,0.006478672839722857,0
1,2022-04-01,2022-05-01,0,0.15456861930035376,0
1,2022-05-01,2022-06-01,1,0.15083857340612514,0
1,2022-06-01,2022-07-01,1,0.3829995804966209,0
1,2022-07-01,2022-08-01,1,0.3638272053850051,0
1,2022-08-01,2022-09-01,1,0.26056784446016357,0
1,2022-09-01,2022-10-01,0,0.3664962456075905,0
1,2022-10-01,2022-11-01,0,0.36078516228205837,0
1,2022-11-01,2022-12-01,0,0.2914142531917965,0
2,2015-02-01,2015-03-01,0,0.003059778251551701,0
2,2015-03-01,2015-04-01,0,0.003574169614533234,0
2,2015-04-01,2015-05-01,0,0.002742886539570397,0
2,2015-05-01,2015-06-01,0,0.0027457404683360566,0
2,2015-06-01,2015-07-01,0,0.0034462272770697045,0
2,2015-07-01,2015-08-01,0,0.0029107051946586195,0
2,2015-08-01,2015-09-01,0,0.0033062619081050742,0
2,2015-09-01,2015-10-01,0,0.003109554778997504,0
2,2015-10-01,2015-11-01,0,0.0031138215003806737,0
2,2015-11-01,2015-12-01,0,0.0033062619081050742,0
2,2015-12-01,2016-01-01,0,0.00261550073355754,0
2,2016-01-01,2016-02-01,0,0.0030901562225766196,0
2,2016-02-01,2016-03-01,0,0.0027790613410930767,0
2,2016-03-01,2016-04-01,0,0.00261550073355754,0
2,2016-04-01,2016-05-01,0,0.0034462272770697045,0
2,2016-05-01,2016-06-01,0,0.003178876102092217,0
2,2016-06-01,2016-07-01,0,0.002959103853596139,0
2,2016-07-01,2016-08-01,0,0.004152855629687449,0
2,2016-08-01,2016-09-01,0,0.003571031116958731,0
2,2016-09-01,2016-10-01,0,0.003365655091181707,0
2,2016-10-01,2016-11-01,0,0.002827460000030596,0
2,2016-11-01,2016-12-01,0,0.003761752347243838,0
2,2016-12-01,2017-01-01,0,0.002906447147105935,0
2,2017-01-01,2017-02-01,0,0.0029712448743368465,0
2,2017-02-01,2017-03-01,0,0.0034084572609794648,0
2,2017-03-01,2017-04-01,0,0.0027790613410930767,0
2,2017-04-01,2017-05-01,0,0.004742886539570397,0
2,2017-05-01,2017-06-01,0,0.002827460000030596,0
2,2017-06-01,2017-07-01,0,0.00399840683096012,0
2,2017-07-01,2017-08-01,0,0.003272636539180753,0
2,2017-08-01,2017-09-01,0,0.08623098436351047,0
2,2017-09-01,2017-10-01,0,0.04916302213987391,0
2,2017-10-01,2017-11-01,0,0.039097191317146514,0
2,2017-11-01,2017-12-01,0,0.10696412385409679,0
2,2017-12-01,2018-01-01,0,0.06905266767193662,0
2,2018-01-01,2018-02-01,0,0.0029139756089485228,0
2,2018-02-01,2018-03-01,0,0.0027865898029356645,0
2,2018-03-01,2018-04-01,0,0.00261550073355754,0
2,2018-04-01,2018-05-01,0,0.0036256783049877046,0
2,2018-05-01,2018-06-01,0,0.003059778251551701,0
2,2018-06-01,2018-07-01,0,0.0032819926911010207,0
2,2018-07-01,2018-08-01,0,0.04118433894903816,0
2,2018-08-01,2018-09-01,0,0.04661884008888025,0
2,2018-09-01,2018-10-01,0,0.08045220306343294,0
2,2018-10-01,2018-11-01,0,0.04873147880224482,0
2,2018-11-01,2018-12-01,0,0.04031482545525397,0
2,2018-12-01,2019-01-01,0,0.0027865898029356645,0
2,2019-01-01,2019-02-01,0,0.003138554881514139,0
2,2019-02-01,2019-03-01,0,0.0030901562225766196,0
2,2019-03-01,2019-04-01,0,0.003059778251551701,0
2,2019-04-01,2019-05-01,0,0.002906447147105935,0
2,2019-05-01,2019-06-01,0,0.01149414251657732,0
2,2019-06-01,2019-07-01,0,0.013305233604665716,0
2,2019-07-01,2019-08-01,0,0.0032819926911010207,0
2,2019-08-01,2019-09-01,0,0.016819352551687903,0
2,2019-09-01,2019-10-01,0,0.07149160188213502,0
2,2019-10-01,2019-11-01,0,0.0033062619081050742,0
2,2019-11-01,2019-12-01,0,0.009516752840863967,0
2,2019-12-01,2020-01-01,0,0.002742886539570397,0
2,2020-01-01,2020-02-01,0,0.037258242273198135,0
2,2020-02-01,2020-03-01,0,0.03618413432188618,0
2,2020-03-01,2020-04-01,0,0.03872917966861114,0
2,2020-04-01,2020-05-01,0,0.03856561906107559,0
2,2020-05-01,2020-06-01,0,0.039165284242371964,0
2,2020-06-01,2020-07-01,0,0.0351519406202175,0
2,2020-07-01,2020-08-01,0,0.0348303417716405,0
2,2020-08-01,2020-09-01,0,0.04071507766873457,0
2,2020-09-01,2020-10-01,0,0.04015318250352844,0
2,2020-10-01,2020-11-01,0,0.036146364305795944,0
2,2020-11-01,2020-12-01,0,0.03618413432188618,0
2,2020-12-01,2021-01-01,0,0.03543091693065479,0
2,2021-01-01,2021-02-01,0,0.03856561906107559,0
2,2021-02-01,2021-03-01,0,0.03543091693065479,0
2,2021-03-01,2021-04-01,0,0.03543091693065479,0
2,2021-04-01,2021-05-01,0,0.03856561906107559,0
2,2021-05-01,2021-06-01,0,0.03543091693065479,0
2,2021-06-01,2021-07-01,0,0.035315501227753045,0
2,2021-07-01,2021-08-01,0,0.0398492920342905,0
2,2021-08-01,2021-09-01,0,0.039165284242371964,0
2,2021-09-01,2021-10-01,0,0.0348303417716405,0
2,2021-10-01,2021-11-01,0,0.03492599875212996,0
2,2021-11-01,2021-12-01,0,0.03896847375392431,0
2,2021-12-01,2022-01-01,0,0.03860230348947706,0
2,2022-01-01,2022-02-01,0,0.03492599875212996,0
2,2022-02-01,2022-03-01,0,0.03581857782540411,0
2,2022-03-01,2022-04-01,0,0.03543091693065479,0
2,2022-04-01,2022-05-01,0,0.03721607067065001,0
2,2022-05-01,2022-06-01,0,0.038895046933772215,0
2,2022-06-01,2022-07-01,0,0.18924419433028108,0
2,2022-07-01,2022-08-01,1,0.21433342899930816,0
2,2022-08-01,2022-09-01,1,0.19654469968094923,0
2,2022-09-01,2022-10-01,1,0.2500218332068704,0
2,2022-10-01,2022-11-01,0,0.19880908316504795,0
2,2022-11-01,2022-12-01,0,0.2022205190348541,0
3,2015-02-01,2015-03-01,0,0.018142011846319084,0
3,2015-03-01,2015-04-01,0,0.020640862833713473,0
3,2015-04-01,2015-05-01,0,0.018336262935911306,0
3,2015-05-01,2015-06-01,0,0.016827705834241386,0
3,2015-06-01,2015-07-01,0,0.035197803745707155,0
3,2015-07-01,2015-08-01,1,0.2554129361633853,0
3,2015-08-01,2015-09-01,0,0.0622036884016034,0
3,2015-09-01,2015-10-01,0,0.3067211043055222,0
3,2015-10-01,2015-11-01,0,0.21897850490026577,0
3,2015-11-01,2015-12-01,0,0.10552341184002187,0
3,2015-12-01,2016-01-01,0,0.04025621957627896,0
3,2016-01-01,2016-02-01,0,0.15750779760252867,0
3,2016-02-01,2016-03-01,0,0.03358707680769251,0
3,2016-03-01,2016-04-01,0,0.030848985199967247,0
3,2016-04-01,2016-05-01,0,0.09616848148671393,0
3,2016-05-01,2016-06-01,0,0.13891884210677835,0
3,2016-06-01,2016-07-01,0,0.035197803745707155,0
3,2016-07-01,2016-08-01,0,0.3759809693473909,0
3,2016-08-01,2016-09-01,0,0.26522983812950485,0
3,2016-09-01,2016-10-01,0,0.2847398303647541,0
3,2016-10-01,2016-11-01,0,0.30480365915123286,0
3,2016-11-01,2016-12-01,0,0.3676654931981566,0
3,2016-12-01,2017-01-01,0,0.0533043725368556,0
3,2017-01-01,2017-02-01,0,0.08081055061602048,0
3,2017-02-01,2017-03-01,0,0.038241312755117524,0
3,2017-03-01,2017-04-01,0,0.01869535299578003,0
3,2017-04-01,2017-05-01,0,0.025039643003293175,0
3,2017-05-01,2017-06-01,0,0.04724155189764369,0
3,2017-06-01,2017-07-01,0,0.15562451138373673,0
3,2017-07-01,2017-08-01,0,0.27019426019995163,0
3,2017-08-01,2017-09-01,0,0.3921624036484048,0
3,2017-09-01,2017-10-01,0,0.3806264095835154,0
3,2017-10-01,2017-11-01,0,0.16045641383293133,0
3,2017-11-01,2017-12-01,0,0.3084785203976463,0
3,2017-12-01,2018-01-01,0,0.03611910609741318,0
3,2018-01-01,2018-02-01,0,0.047371395853959455,0
3,2018-02-01,2018-03-01,0,0.0481860680036722,0
3,2018-03-01,2018-04-01,0,0.010648293328186757,0
3,2018-04-01,2018-05-01,0,0.03405595757917147,0
3,2018-05-01,2018-06-01,0,0.04229911496753068,0
3,2018-06-01,2018-07-01,0,0.05701987973807255,0
3,2018-07-01,2018-08-01,0,0.3835624243829244,0
3,2018-08-01,2018-09-01,0,0.36924927757815185,0
3,2018-09-01,2018-10-01,0,0.44246263088577387,0
3,2018-10-01,2018-11-01,0,0.32896997796903943,0
3,2018-11-01,2018-12-01,0,0.2870777765275325,0
3,2018-12-01,2019-01-01,0,0.03341016108409937,0
3,2019-01-01,2019-02-01,0,0.0923812935020766,0
3,2019-02-01,2019-03-01,0,0.06091990355170915,0
3,2019-03-01,2019-04-01,0,0.010648293328186757,0
3,2019-04-01,2019-05-01,0,0.03525227907635918,0
3,2019-05-01,2019-06-01,0,0.04172124164346556,0
3,2019-06-01,2019-07-01,0,0.07033594927911879,0
3,2019-07-01,2019-08-01,0,0.45087227548560654,1
3,2019-08-01,2019-09-01,0,0.16462821200014818,0
3,2019-09-01,2019-10-01,0,0.2882510841524871,0
3,2019-10-01,2019-11-01,0,0.11802099579778735,0
3,2019-11-01,2019-12-01,0,0.10571894902519019,0
3,2019-12-01,2020-01-01,0,0.013268920162066654,0
3,2020-01-01,2020-02-01,0,0.11884097706444455,0
3,2020-02-01,2020-03-01,0,0.12681752106463853,0
3,2020-03-01,2020-04-01,0,0.02616162895951105,0
3,2020-04-01,2020-05-01,0,0.12875554641339798,0
3,2020-05-01,2020-06-01,0,0.019126981924473832,0
3,2020-06-01,2020-07-01,0,0.03752303815679015,0
3,2020-07-01,2020-08-01,0,0.06007257404657643,0
3,2020-08-01,2020-09-01,0,0.08312845103162776,0
3,2020-09-01,2020-10-01,0,0.2258780220250192,0
3,2020-10-01,2020-11-01,0,0.07466439789779675,0
3,2020-11-01,2020-12-01,0,0.06223175855550287,0
3,2020-12-01,2021-01-01,0,0.0199068063318972,0
3,2021-01-01,2021-02-01,0,0.02022045241786858,0
3,2021-02-01,2021-03-01,0,0.02089632629969842,0
3,2021-03-01,2021-04-01,0,0.033860319992201154,0
3,2021-04-01,2021-05-01,0,0.019954941026439015,0
3,2021-05-01,2021-06-01,0,0.01940193708472439,0
3,2021-06-01,2021-07-01,0,0.0201468278812438,0
3,2021-07-01,2021-08-01,0,0.06080986793295981,0
3,2021-08-01,2021-09-01,0,0.06673343919576599,0
3,2021-09-01,2021-10-01,0,0.059228553968828354,0
3,2021-10-01,2021-11-01,0,0.22407955711269262,0
3,2021-11-01,2021-12-01,0,0.2315393741246214,0
3,2021-12-01,2022-01-01,0,0.21437923391632172,0
3,2022-01-01,2022-02-01,0,0.057012179625572486,0
3,2022-02-01,2022-03-01,0,0.12662622547410923,0
3,2022-03-01,2022-04-01,0,0.15960683257239486,0
3,2022-04-01,2022-05-01,0,0.06048516156852529,0
3,2022-05-01,2022-06-01,1,0.2577335304589557,0
3,2022-06-01,2022-07-01,0,0.3849296156656105,0
3,2022-07-01,2022-08-01,1,0.6895071139461714,1
3,2022-08-01,2022-09-01,1,0.7293372931906137,1
3,2022-09-01,2022-10-01,1,0.713832099202515,1
3,2022-10-01,2022-11-01,0,0.585761828731063,1
3,2022-11-01,2022-12-01,0,0.6839149574882788,1
4,2015-02-01,2015-03-01,0,0.008088048719201534,0
4,2015-03-01,2015-04-01,0,0.00779544549326224,0
4,2015-04-01,2015-05-01,0,0.04381837152199758,0
4,2015-05-01,2015-06-01,0,0.04585530570579405,0
4,2015-06-01,2015-07-01,0,0.06103977022540677,0
4,2015-07-01,2015-08-01,0,0.08157607213398949,0
4,2015-08-01,2015-09-01,0,0.08860504971456826,0
4,2015-09-01,2015-10-01,0,0.21267964433768355,0
4,2015-10-01,2015-11-01,0,0.08948336343298338,0
4,2015-11-01,2015-12-01,0,0.10764585349949454,0
4,2015-12-01,2016-01-01,0,0.05448449125014058,0
4,2016-01-01,2016-02-01,0,0.04783507795686453,0
4,2016-02-01,2016-03-01,0,0.05174174911069717,0
4,2016-03-01,2016-04-01,0,0.007355530373556866,0
4,2016-04-01,2016-05-01,0,0.07147449101482602,0
4,2016-05-01,2016-06-01,0,0.039980415896397725,0
4,2016-06-01,2016-07-01,0,0.04381218437118602,0
4,2016-07-01,2016-08-01,0,0.10943302251802377,0
4,2016-08-01,2016-09-01,0,0.0675018787368577,0
4,2016-09-01,2016-10-01,0,0.1356554621451425,0
4,2016-10-01,2016-11-01,0,0.11808904895111531,0
4,2016-11-01,2016-12-01,0,0.20370984336068182,0
4,2016-12-01,2017-01-01,0,0.06029033639034894,0
4,2017-01-01,2017-02-01,0,0.004373812983173791,0
4,2017-02-01,2017-03-01,0,0.08173705777300466,0
4,2017-03-01,2017-04-01,0,0.003892044911261296,0
4,2017-04-01,2017-05-01,0,0.005930501693786984,0
4,2017-05-01,2017-06-01,0,0.06384497444163083,0
4,2017-06-01,2017-07-01,0,0.13656929956662692,0
4,2017-07-01,2017-08-01,0,0.14844818633695403,0
4,2017-08-01,2017-09-01,0,0.25130513503986246,0
4,2017-09-01,2017-10-01,0,0.1894092072139047,0
4,2017-10-01,2017-11-01,0,0.13622172982201144,0
4,2017-11-01,2017-12-01,0,0.29679115634351516,0
4,2017-12-01,2018-01-01,0,0.052495167081304,0
4,2018-01-01,2018-02-01,0,0.042585177061364526,0
4,2018-02-01,2018-03-01,0,0.06385997575949566,0
4,2018-03-01,2018-04-01,0,0.0033998334555785602,0
4,2018-04-01,2018-05-01,0,0.0410607003874405,0
4,2018-05-01,2018-06-01,0,0.03756097660907673,0
4,2018-06-01,2018-07-01,0,0.08306744613005389,0
4,2018-07-01,2018-08-01,0,0.11264187776341467,0
4,2018-08-01,2018-09-01,0,0.2773997186002813,0
4,2018-09-01,2018-10-01,0,0.19118568934888688,0
4,2018-10-01,2018-11-01,0,0.15136486922198705,0
4,2018-11-01,2018-12-01,0,0.17614292361826464,0
4,2018-12-01,2019-01-01,0,0.05250048629324445,0
4,2019-01-01,2019-02-01,0,0.0794443053672004,0
4,2019-02-01,2019-03-01,0,0.007760898032209033,0
4,2019-03-01,2019-04-01,0,0.007503384540152008,0
4,2019-04-01,2019-05-01,0,0.011629340656852815,0
4,2019-05-01,2019-06-01,0,0.07637753393303545,0
4,2019-06-01,2019-07-01,0,0.08444437512051747,0
4,2019-07-01,2019-08-01,0,0.14164670823576345,0
4,2019-08-01,2019-09-01,0,0.11753989699701596,0
4,2019-09-01,2019-10-01,0,0.1057111178343909,0
4,2019-10-01,2019-11-01,0,0.07162636196989933,0
4,2019-11-01,2019-12-01,0,0.03822878076848244,0
4,2019-12-01,2020-01-01,0,0.03461150828211638,0
4,2020-01-01,2020-02-01,0,0.051493856195546486,0
4,2020-02-01,2020-03-01,0,0.07317262374358793,0
4,2020-03-01,2020-04-01,0,0.02660442749722304,0
4,2020-04-01,2020-05-01,0,0.01645379529631621,0
4,2020-05-01,2020-06-01,0,0.009054765180355518,0
4,2020-06-01,2020-07-01,0,0.008434844281713063,0
4,2020-07-01,2020-08-01,0,0.0102880225197529,0
4,2020-08-01,2020-09-01,0,0.048919266686786804,0
4,2020-09-01,2020-10-01,0,0.07183200267051013,0
4,2020-10-01,2020-11-01,0,0.052575459711444644,0
4,2020-11-01,2020-12-01,0,0.050550381089756596,0
4,2020-12-01,2021-01-01,0,0.009023805921170275,0
4,2021-01-01,2021-02-01,0,0.00900503033308818,0
4,2021-02-01,2021-03-01,0,0.009266724446828576,0
4,2021-03-01,2021-04-01,0,0.008262471826411077,0
4,2021-04-01,2021-05-01,0,0.008514272868391817,0
4,2021-05-01,2021-06-01,0,0.008601542411007775,0
4,2021-06-01,2021-07-01,0,0.008365444717085078,0
4,2021-07-01,2021-08-01,0,0.0038172371956500294,0
4,2021-08-01,2021-09-01,0,0.061899564251398705,0
4,2021-09-01,2021-10-01,0,0.057223453130184045,0
4,2021-10-01,2021-11-01,0,0.07800576519890454,0
4,2021-11-01,2021-12-01,0,0.07537016468489112,0
4,2021-12-01,2022-01-01,0,0.06109482559755816,0
4,2022-01-01,2022-02-01,0,0.006919917580663357,0
4,2022-02-01,2022-03-01,0,0.009268967475460863,0
4,2022-03-01,2022-04-01,0,0.00969167051614007,0
4,2022-04-01,2022-05-01,0,0.050550381089756596,0
4,2022-05-01,2022-06-01,0,0.013109543888980136,0
4,2022-06-01,2022-07-01,0,0.1483721982567173,0
4,2022-07-01,2022-08-01,0,0.37910436791525703,0
4,2022-08-01,2022-09-01,0,0.35455246413107283,0
4,2022-09-01,2022-10-01,0,0.3725911556328589,0
4,2022-10-01,2022-11-01,0,0.36344278000562213,0
4,2022-11-01,2022-12-01,0,0.4624817201600158,1
5,2015-02-01,2015-03-01,0,0.17179434680577704,0
5,2015-03-01,2015-04-01,0,0.057830254001892456,0
5,2015-04-01,2015-05-01,0,0.2607182976017134,0
5,2015-05-01,2015-06-01,0,0.21140818990042287,0
5,2015-06-01,2015-07-01,0,0.34881103103116584,0
5,2015-07-01,2015-08-01,0,0.3476104127148441,0
5,2015-08-01,2015-09-01,0,0.31401633199774004,0
5,2015-09-01,2015-10-01,0,0.4305321614658236,0
5,2015-10-01,2015-11-01,0,0.3803162632085301,0
5,2015-11-01,2015-12-01,0,0.35255479020453023,0
5,2015-12-01,2016-01-01,0,0.23669498961777,0
5,2016-01-01,2016-02-01,0,0.25981440198046757,0
5,2016-02-01,2016-03-01,0,0.28003125590772576,0
5,2016-03-01,2016-04-01,0,0.12351181726356684,0
5,2016-04-01,2016-05-01,0,0.3052677363390526,0
5,2016-05-01,2016-06-01,0,0.1843712400917108,0
5,2016-06-01,2016-07-01,0,0.31039432634919517,0
5,2016-07-01,2016-08-01,0,0.4474088796724426,1
5,2016-08-01,2016-09-01,0,0.3734723092992101,0
5,2016-09-01,2016-10-01,0,0.4613440541475957,1
5,2016-10-01,2016-11-01,0,0.5549698772345208,1
5,2016-11-01,2016-12-01,0,0.5583250615787393,1
5,2016-12-01,2017-01-01,0,0.30640629022084964,0
5,2017-01-01,2017-02-01,0,0.28138272188211416,0
5,2017-02-01,2017-03-01,0,0.3052987059235733,0
5,2017-03-01,2017-04-01,0,0.16461485692982575,0
5,2017-04-01,2017-05-01,0,0.2035010418495261,0
5,2017-05-01,2017-06-01,0,0.254947409548585,0
5,2017-06-01,2017-07-01,0,0.3510469331425384,0
5,2017-07-01,2017-08-01,0,0.34777367286621924,0
5,2017-08-01,2017-09-01,0,0.46993667750557994,1
5,2017-09-01,2017-10-01,0,0.5280941143015581,1
5,2017-10-01,2017-11-01,0,0.35239024604862174,0
5,2017-11-01,2017-12-01,0,0.4558664734172906,1
5,2017-12-01,2018-01-01,0,0.3085142839757353,0
5,2018-01-01,2018-02-01,0,0.2983898245382131,0
5,2018-02-01,2018-03-01,0,0.32969581128054787,0
5,2018-03-01,2018-04-01,0,0.050189386553453535,0
5,2018-04-01,2018-05-01,0,0.23620815072527954,0
5,2018-05-01,2018-06-01,0,0.2572163524753489,0
5,2018-06-01,2018-07-01,0,0.3517651422125565,0
5,2018-07-01,2018-08-01,0,0.46185410695008794,1
5,2018-08-01,2018-09-01,0,0.5546441040874257,1
5,2018-09-01,2018-10-01,0,0.5491624063483594,1
5,2018-10-01,2018-11-01,0,0.41539962726549684,0
5,2018-11-01,2018-12-01,0,0.4505779414602689,1
5,2018-12-01,2019-01-01,0,0.3032400679588805,0
5,2019-01-01,2019-02-01,0,0.3879260576548566,0
5,2019-02-01,2019-03-01,0,0.16050600226691628,0
5,2019-03-01,2019-04-01,0,0.08729826733865995,0
5,2019-04-01,2019-05-01,0,0.15349389629114765,0
5,2019-05-01,2019-06-01,0,0.22075083122923134,0
5,2019-06-01,2019-07-01,0,0.3035883077545008,0
5,2019-07-01,2019-08-01,0,0.5487811949439756,1
5,2019-08-01,2019-09-01,0,0.44034508858853505,0
5,2019-09-01,2019-10-01,0,0.37955308223992357,0
5,2019-10-01,2019-11-01,0,0.33076459945437764,0
5,2019-11-01,2019-12-01,0,0.25884113996325786,0
5,2019-12-01,2020-01-01,0,0.16050600226691628,0
5,2020-01-01,2020-02-01,0,0.28235122627884635,0
5,2020-02-01,2020-03-01,0,0.3012702694080925,0
5,2020-03-01,2020-04-01,0,0.09308873931140703,0
5,2020-04-01,2020-05-01,0,0.0591022673774184,0
5,2020-05-01,2020-06-01,0,0.016347060986498758,0
5,2020-06-01,2020-07-01,0,0.009538187899340338,0
5,2020-07-01,2020-08-01,0,0.024370682317397117,0
5,2020-08-01,2020-09-01,0,0.09316321625118837,0
5,2020-09-01,2020-10-01,0,0.10109975173394649,0
5,2020-10-01,2020-11-01,0,0.08488567268132885,0
5,2020-11-01,2020-12-01,0,0.09771553259558022,0
5,2020-12-01,2021-01-01,0,0.022795986374454826,0
5,2021-01-01,2021-02-01,0,0.05429633770157171,0
5,2021-02-01,2021-03-01,0,0.01173920289731976,0
5,2021-03-01,2021-04-01,0,0.0097032862380415,0
5,2021-04-01,2021-05-01,0,0.016580602297981764,0
5,2021-05-01,2021-06-01,0,0.013619122530373845,0
5,2021-06-01,2021-07-01,0,0.07676234576459957,0
5,2021-07-01,2021-08-01,0,0.09264982929537455,0
5,2021-08-01,2021-09-01,0,0.12053010959930359,0
5,2021-09-01,2021-10-01,0,0.11568964704014431,0
5,2021-10-01,2021-11-01,0,0.2446637360406349,0
5,2021-11-01,2021-12-01,0,0.24272882683612884,0
5,2021-12-01,2022-01-01,0,0.09398203630491034,0
5,2022-01-01,2022-02-01,0,0.06132279892810463,0
5,2022-02-01,2022-03-01,0,0.008872994464721779,0
5,2022-03-01,2022-04-01,0,0.008872994464721779,0
5,2022-04-01,2022-05-01,0,0.1168204764047442,0
5,2022-05-01,2022-06-01,0,0.049012569476324076,0
5,2022-06-01,2022-07-01,0,0.24910572614771687,0
5,2022-07-01,2022-08-01,0,0.32675765701052495,0
5,2022-08-01,2022-09-01,0,0.2975837167781652,0
5,2022-09-01,2022-10-01,0,0.3265709618665214,0
5,2022-10-01,2022-11-01,0,0.3472203868063544,0
5,2022-11-01,2022-12-01,0,0.41009060366012573,0
6,2015-02-01,2015-03-01,1,0.9424754051826756,1
6,2015-03-01,2015-04-01,1,0.9147688967229508,1
6,2015-04-01,2015-05-01,1,0.9659991628620497,1
6,2015-05-01,2015-06-01,1,0.9726861411703767,1
6,2015-06-01,2015-07-01,1,0.9056801910302897,1
6,2015-07-01,2015-08-01,1,0.9675929779893278,1
6,2015-08-01,2015-09-01,1,0.9730809732250685,1
6,2015-09-01,2015-10-01,1,0.9708552375060078,1
6,2015-10-01,2015-11-01,1,0.9583060275746044,1
6,2015-11-01,2015-12-01,1,0.9622986658835807,1
6,2015-12-01,2016-01-01,1,0.9640422554397935,1
6,2016-01-01,2016-02-01,0,0.7983417351220653,1
6,2016-02-01,2016-03-01,1,0.7832792551986544,1
6,2016-03-01,2016-04-01,1,0.9320865264192635,1
6,2016-04-01,2016-05-01,1,0.9578880241385275,1
6,2016-05-01,2016-06-01,1,0.8785347882042479,1
6,2016-06-01,2016-07-01,1,0.8830889501306142,1
6,2016-07-01,2016-08-01,1,0.8224980591499941,1
6,2016-08-01,2016-09-01,1,0.9723745717650714,1
6,2016-09-01,2016-10-01,1,0.9628089742798183,1
6,2016-10-01,2016-11-01,1,0.8432473188862879,1
6,2016-11-01,2016-12-01,1,0.9313137115255208,1
6,2016-12-01,2017-01-01,1,0.9747775159299028,1
6,2017-01-01,2017-02-01,1,0.8743870329276391,1
6,2017-02-01,2017-03-01,1,0.9711680132743191,1
6,2017-03-01,2017-04-01,1,0.9593217300330127,1
6,2017-04-01,2017-05-01,1,0.9647088932757393,1
6,2017-05-01,2017-06-01,1,0.9640207575754544,1
6,2017-06-01,2017-07-01,1,0.9657965036309092,1
6,2017-07-01,2017-08-01,1,0.9674609760478066,1
6,2017-08-01,2017-09-01,1,0.9099016463988687,1
6,2017-09-01,2017-10-01,1,0.8604196176558686,1
6,2017-10-01,2017-11-01,1,0.9211575087691065,1
6,2017-11-01,2017-12-01,1,0.9584836202480306,1
6,2017-12-01,2018-01-01,1,0.9664964414534498,1
6,2018-01-01,2018-02-01,0,0.9278683283709719,1
6,2018-02-01,2018-03-01,1,0.952849203638339,1
6,2018-03-01,2018-04-01,1,0.9470124188333463,1
6,2018-04-01,2018-05-01,1,0.9724948912338268,1
6,2018-05-01,2018-06-01,1,0.8859317556058386,1
6,2018-06-01,2018-07-01,1,0.9651046013296779,1
6,2018-07-01,2018-08-01,1,0.9252464977270001,1
6,2018-08-01,2018-09-01,1,0.8573406445724642,1
6,2018-09-01,2018-10-01,1,0.8613979661398795,1
6,2018-10-01,2018-11-01,1,0.8613979661398795,1
6,2018-11-01,2018-12-01,1,0.8578773647441661,1
6,2018-12-01,2019-01-01,1,0.9656741407617109,1
6,2019-01-01,2019-02-01,0,0.8547136837761274,1
6,2019-02-01,2019-03-01,1,0.9725879955875133,1
6,2019-03-01,2019-04-01,1,0.9327704730415769,1
6,2019-04-01,2019-05-01,1,0.9567493249338146,1
6,2019-05-01,2019-06-01,1,0.9722443177986314,1
6,2019-06-01,2019-07-01,1,0.9729407520298222,1
6,2019-07-01,2019-08-01,1,0.9622611793613547,1
6,2019-08-01,2019-09-01,1,0.9622611793613547,1
6,2019-09-01,2019-10-01,1,0.9690086301333326,1
6,2019-10-01,2019-11-01,1,0.9746551530607045,1
6,2019-11-01,2019-12-01,1,0.9743943846038973,1
6,2019-12-01,2020-01-01,1,0.9725677847821872,1
6,2020-01-01,2020-02-01,1,0.939937857012446,1
6,2020-02-01,2020-03-01,0,0.9272365967698348,1
6,2020-03-01,2020-04-01,0,0.8437144965658174,1
6,2020-04-01,2020-05-01,0,0.831475319085371,1
6,2020-05-01,2020-06-01,0,0.49488690744608854,1
6,2020-06-01,2020-07-01,1,0.7939983280184929,1
6,2020-07-01,2020-08-01,1,0.8778899677254408,1
6,2020-08-01,2020-09-01,0,0.8881664594454455,1
6,2020-09-01,2020-10-01,1,0.9225654797427443,1
6,2020-10-01,2020-11-01,0,0.8294658652583938,1
6,2020-11-01,2020-12-01,0,0.5396133106888804,1
6,2020-12-01,2021-01-01,0,0.5636118586422153,1
6,2021-01-01,2021-02-01,0,0.4291121752761416,0
6,2021-02-01,2021-03-01,0,0.34344729363312715,0
6,2021-03-01,2021-04-01,0,0.4329483415134996,0
6,2021-04-01,2021-05-01,0,0.6544641500332661,1
6,2021-05-01,2021-06-01,1,0.8382754567841995,1
6,2021-06-01,2021-07-01,1,0.5413173301135894,1
6,2021-07-01,2021-08-01,1,0.8708882937377908,1
6,2021-08-01,2021-09-01,1,0.901380203634885,1
6,2021-09-01,2021-10-01,1,0.9253016247721546,1
6,2021-10-01,2021-11-01,1,0.9501961273244662,1
6,2021-11-01,2021-12-01,1,0.9299806204051277,1
6,2021-12-01,2022-01-01,0,0.558871882422266,1
6,2022-01-01,2022-02-01,0,0.8624439377649139,1
6,2022-02-01,2022-03-01,1,0.8426819483849292,1
6,2022-03-01,2022-04-01,1,0.8171125176424009,1
6,2022-04-01,2022-05-01,1,0.8944343076962613,1
6,2022-05-01,2022-06-01,1,0.8948759285619181,1
6,2022-06-01,2022-07-01,1,0.9479729328815449,1
6,2022-07-01,2022-08-01,1,0.9450167490583536,1
6,2022-08-01,2022-09-01,1,0.947963710818441,1
6,2022-09-01,2022-10-01,1,0.8483620912285162,1
6,2022-10-01,2022-11-01,1,0.8827970428899293,1
6,2022-11-01,2022-12-01,1,0.8115301716650654,1
7,2015-02-01,2015-03-01,0,0.3499326456774702,0
7,2015-03-01,2015-04-01,0,0.31091013078864976,0
7,2015-04-01,2015-05-01,0,0.35042441088133897,0
7,2015-05-01,2015-06-01,0,0.34956927032800794,0
7,2015-06-01,2015-07-01,0,0.35038483800272,0
7,2015-07-01,2015-08-01,0,0.5822600422317789,1
7,2015-08-01,2015-09-01,0,0.5585683800068495,1
7,2015-09-01,2015-10-01,0,0.6521056333349711,1
7,2015-10-01,2015-11-01,0,0.5838488415563765,1
7,2015-11-01,2015-12-01,0,0.5437407754926797,1
7,2015-12-01,2016-01-01,0,0.3501124338631184,0
7,2016-01-01,2016-02-01,0,0.45539571308491816,1
7,2016-02-01,2016-03-01,0,0.3249209835180844,0
7,2016-03-01,2016-04-01,0,0.3388266698664907,0
7,2016-04-01,2016-05-01,1,0.48023564814615693,1
7,2016-05-01,2016-06-01,1,0.5030573231463071,1
7,2016-06-01,2016-07-01,0,0.44444400870993694,0
7,2016-07-01,2016-08-01,0,0.6120812746928108,1
7,2016-08-01,2016-09-01,1,0.7346865919702035,1
7,2016-09-01,2016-10-01,0,0.7725650746084181,1
7,2016-10-01,2016-11-01,0,0.7085260517753922,1
7,2016-11-01,2016-12-01,0,0.6926263479408596,1
7,2016-12-01,2017-01-01,0,0.5838488415563765,1
7,2017-01-01,2017-02-01,0,0.4979742863415985,1
7,2017-02-01,2017-03-01,0,0.5873823721459188,1
7,2017-03-01,2017-04-01,0,0.3626451475526996,0
7,2017-04-01,2017-05-01,0,0.367061785782367,0
7,2017-05-01,2017-06-01,1,0.6197095089119083,1
7,2017-06-01,2017-07-01,1,0.6343793722785697,1
7,2017-07-01,2017-08-01,1,0.7311574856841304,1
7,2017-08-01,2017-09-01,1,0.7860102778423208,1
7,2017-09-01,2017-10-01,1,0.779257102753427,1
7,2017-10-01,2017-11-01,1,0.7449450870044511,1
7,2017-11-01,2017-12-01,1,0.7847582052994995,1
7,2017-12-01,2018-01-01,1,0.6362871701582394,1
7,2018-01-01,2018-02-01,0,0.6398207007477817,1
7,2018-02-01,2018-03-01,0,0.5200064976664318,1
7,2018-03-01,2018-04-01,0,0.3393184350703596,0
7,2018-04-01,2018-05-01,1,0.4448125865093628,0
7,2018-05-01,2018-06-01,1,0.5077663956659438,1
7,2018-06-01,2018-07-01,1,0.724832502670081,1
7,2018-07-01,2018-08-01,1,0.7085260517753922,1
7,2018-08-01,2018-09-01,1,0.786813965192573,1
7,2018-09-01,2018-10-01,1,0.7714056501018521,1
7,2018-10-01,2018-11-01,1,0.7474848844699086,1
7,2018-11-01,2018-12-01,1,0.7429407191407047,1
7,2018-12-01,2019-01-01,0,0.6162943265442584,1
7,2019-01-01,2019-02-01,0,0.6520428754815736,1
7,2019-02-01,2019-03-01,0,0.4418069322889232,0
7,2019-03-01,2019-04-01,0,0.3195048756950764,0
7,2019-04-01,2019-05-01,1,0.5790283563062665,1
7,2019-05-01,2019-06-01,1,0.5822600422317789,1
7,2019-06-01,2019-07-01,1,0.6519503266025257,1
7,2019-07-01,2019-08-01,0,0.7004909333951884,1
7,2019-08-01,2019-09-01,1,0.7346544001397352,1
7,2019-09-01,2019-10-01,0,0.6889036969952151,1
7,2019-10-01,2019-11-01,0,0.5990813191251793,1
7,2019-11-01,2019-12-01,0,0.5769784407384053,1
7,2019-12-01,2020-01-01,0,0.5475881328420336,1
7,2020-01-01,2020-02-01,0,0.5085333591850374,1
7,2020-02-01,2020-03-01,0,0.36930375710654184,0
7,2020-03-01,2020-04-01,0,0.26112639946248123,0
7,2020-04-01,2020-05-01,0,0.3156196863227023,0
7,2020-05-01,2020-06-01,0,0.19827342988755003,0
7,2020-06-01,2020-07-01,0,0.2395248286781469,0
7,2020-07-01,2020-08-01,0,0.24619108761564618,0
7,2020-08-01,2020-09-01,0,0.20105631130939391,0
7,2020-09-01,2020-10-01,0,0.2824136722978299,0
7,2020-10-01,2020-11-01,0,0.18066431402435884,0
7,2020-11-01,2020-12-01,0,0.16833276892196802,0
7,2020-12-01,2021-01-01,0,0.24667596533107577,0
7,2021-01-01,2021-02-01,0,0.29571946704922203,0
7,2021-02-01,2021-03-01,0,0.2713256513930832,0
7,2021-03-01,2021-04-01,0,0.19225457097657328,0
7,2021-04-01,2021-05-01,0,0.2534781807097854,0
7,2021-05-01,2021-06-01,0,0.301185506241757,0
7,2021-06-01,2021-07-01,0,0.2651948162741483,0
7,2021-07-01,2021-08-01,0,0.20105631130939391,0
7,2021-08-01,2021-09-01,0,0.25918712513392184,0
7,2021-09-01,2021-10-01,0,0.28502075814076905,0
7,2021-10-01,2021-11-01,0,0.17756516305663067,0
7,2021-11-01,2021-12-01,0,0.343325076199691,0
7,2021-12-01,2022-01-01,0,0.19551965032340063,0
7,2022-01-01,2022-02-01,0,0.28259309029904894,0
7,2022-02-01,2022-03-01,0,0.18953757642955882,0
7,2022-03-01,2022-04-01,0,0.19105183130536874,0
7,2022-04-01,2022-05-01,0,0.16957471231908902,0
7,2022-05-01,2022-06-01,0,0.1679680576079548,0
7,2022-06-01,2022-07-01,0,0.27999276593825995,0
7,2022-07-01,2022-08-01,0,0.4552229511060399,1
7,2022-08-01,2022-09-01,0,0.6739015019747845,1
7,2022-09-01,2022-10-01,0,0.5285704555155598,1
7,2022-10-01,2022-11-01,0,0.5824262015514026,1
7,2022-11-01,2022-12-01,0,0.5009879703899673,1
8,2015-02-01,2015-03-01,1,0.980745132886177,1
8,2015-03-01,2015-04-01,1,0.9300010056862565,1
8,2015-04-01,2015-05-01,1,0.9774111757905115,1
8,2015-05-01,2015-06-01,1,0.9824907714717189,1
8,2015-06-01,2015-07-01,1,0.9836940890246575,1
8,2015-07-01,2015-08-01,1,0.9854703272478853,1
8,2015-08-01,2015-09-01,1,0.9867598156173173,1
8,2015-09-01,2015-10-01,1,0.9869744218261062,1
8,2015-10-01,2015-11-01,1,0.9867437166744581,1
8,2015-11-01,2015-12-01,1,0.9871230569862244,1
8,2015-12-01,2016-01-01,1,0.9831343460711625,1
8,2016-01-01,2016-02-01,1,0.9869960865077685,1
8,2016-02-01,2016-03-01,1,0.9857455083156123,1
8,2016-03-01,2016-04-01,1,0.9823727098835743,1
8,2016-04-01,2016-05-01,1,0.9854703272478853,1
8,2016-05-01,2016-06-01,1,0.9854703272478853,1
8,2016-06-01,2016-07-01,1,0.9868514315472146,1
8,2016-07-01,2016-08-01,1,0.9868514315472146,1
8,2016-08-01,2016-09-01,1,0.9869744218261062,1
8,2016-09-01,2016-10-01,1,0.9868514315472146,1
8,2016-10-01,2016-11-01,1,0.9868514315472146,1
8,2016-11-01,2016-12-01,1,0.9868514315472146,1
8,2016-12-01,2017-01-01,1,0.9868514315472146,1
8,2017-01-01,2017-02-01,1,0.9868828058962089,1
8,2017-02-01,2017-03-01,1,0.9871266126149417,1
8,2017-03-01,2017-04-01,1,0.9855247391792021,1
8,2017-04-01,2017-05-01,1,0.9870349966850442,1
8,2017-05-01,2017-06-01,1,0.9867598156173173,1
8,2017-06-01,2017-07-01,1,0.9868514315472146,1
8,2017-07-01,2017-08-01,1,0.9868514315472146,1
8,2017-08-01,2017-09-01,1,0.9868514315472146,1
8,2017-09-01,2017-10-01,1,0.9868514315472146,1
8,2017-10-01,2017-11-01,1,0.9868514315472146,1
8,2017-11-01,2017-12-01,1,0.9868514315472146,1
8,2017-12-01,2018-01-01,1,0.9868514315472146,1
8,2018-01-01,2018-02-01,1,0.9869744218261062,1
8,2018-02-01,2018-03-01,1,0.9870188977421851,1
8,2018-03-01,2018-04-01,1,0.9823955211179909,1
8,2018-04-01,2018-05-01,1,0.9868828058962089,1
8,2018-05-01,2018-06-01,1,0.9870184635255707,1
8,2018-06-01,2018-07-01,1,0.9868514315472146,1
8,2018-07-01,2018-08-01,1,0.9868514315472146,1
8,2018-08-01,2018-09-01,1,0.9868514315472146,1
8,2018-09-01,2018-10-01,1,0.9868514315472146,1
8,2018-10-01,2018-11-01,1,0.9868514315472146,1
8,2018-11-01,2018-12-01,1,0.9868514315472146,1
8,2018-12-01,2019-01-01,1,0.9868514315472146,1
8,2019-01-01,2019-02-01,1,0.9869744218261062,1
8,2019-02-01,2019-03-01,1,0.9867598156173173,1
8,2019-03-01,2019-04-01,1,0.9851019501374945,1
8,2019-04-01,2019-05-01,1,0.9870188977421851,1
8,2019-05-01,2019-06-01,1,0.9867437166744581,1
8,2019-06-01,2019-07-01,1,0.9869744218261062,1
8,2019-07-01,2019-08-01,1,0.9869744218261062,1
8,2019-08-01,2019-09-01,1,0.9868514315472146,1
8,2019-09-01,2019-10-01,1,0.9869744218261062,1
8,2019-10-01,2019-11-01,1,0.9869744218261062,1
8,2019-11-01,2019-12-01,1,0.9868514315472146,1
8,2019-12-01,2020-01-01,1,0.9870349966850442,1
8,2020-01-01,2020-02-01,1,0.986446843402049,1
8,2020-02-01,2020-03-01,1,0.9845747329164162,1
8,2020-03-01,2020-04-01,0,0.9803564805921249,1
8,2020-04-01,2020-05-01,1,0.7842477472838154,1
8,2020-05-01,2020-06-01,1,0.7566482169710257,1
8,2020-06-01,2020-07-01,1,0.9694545647389029,1
8,2020-07-01,2020-08-01,1,0.8924532078195113,1
8,2020-08-01,2020-09-01,1,0.9263756023016763,1
8,2020-09-01,2020-10-01,1,0.9814576085486615,1
8,2020-10-01,2020-11-01,1,0.946810073483801,1
8,2020-11-01,2020-12-01,1,0.9541153653680247,1
8,2020-12-01,2021-01-01,1,0.8652605181384583,1
8,2021-01-01,2021-02-01,1,0.8096854909368522,1
8,2021-02-01,2021-03-01,1,0.8019699992248865,1
8,2021-03-01,2021-04-01,1,0.6440657047886967,1
8,2021-04-01,2021-05-01,1,0.7498360856817794,1
8,2021-05-01,2021-06-01,1,0.7811151684277251,1
8,2021-06-01,2021-07-01,1,0.9338296174879822,1
8,2021-07-01,2021-08-01,1,0.9794737163445313,1
8,2021-08-01,2021-09-01,1,0.9850711412418254,1
8,2021-09-01,2021-10-01,1,0.9811637579612702,1
8,2021-10-01,2021-11-01,1,0.9803564805921249,1
8,2021-11-01,2021-12-01,1,0.9855625086311078,1
8,2021-12-01,2022-01-01,1,0.9818814387198043,1
8,2022-01-01,2022-02-01,1,0.9813845623888883,1
8,2022-02-01,2022-03-01,1,0.9750245015044418,1
8,2022-03-01,2022-04-01,1,0.9720227037817879,1
8,2022-04-01,2022-05-01,1,0.9846005462031406,1
8,2022-05-01,2022-06-01,1,0.9818814387198043,1
8,2022-06-01,2022-07-01,1,0.9855625086311078,1
8,2022-07-01,2022-08-01,1,0.9868136403996735,1
8,2022-08-01,2022-09-01,1,0.9869177996437126,1
8,2022-09-01,2022-10-01,1,0.9868750219049935,1
8,2022-10-01,2022-11-01,1,0.9868972367586871,1
8,2022-11-01,2022-12-01,1,0.9868136403996735,1
9,2015-02-01,2015-03-01,0,0.006410595959489773,0
9,2015-03-01,2015-04-01,0,0.0030489415953415724,0
9,2015-04-01,2015-05-01,0,0.009886931475663236,0
9,2015-05-01,2015-06-01,0,0.0028544669071193848,0
9,2015-06-01,2015-07-01,0,0.00825838931279188,0
9,2015-07-01,2015-08-01,0,0.0028573208358850443,0
9,2015-08-01,2015-09-01,0,0.0027270811011065274,0
9,2015-09-01,2015-10-01,0,0.0027270811011065274,0
9,2015-10-01,2015-11-01,0,0.009886931475663236,0
9,2015-11-01,2015-12-01,0,0.00825838931279188,0
9,2015-12-01,2016-01-01,0,0.0027270811011065274,0
9,2016-01-01,2016-02-01,0,0.010115680492046497,0
9,2016-02-01,2016-03-01,0,0.0027270811011065274,0
9,2016-03-01,2016-04-01,0,0.0027270811011065274,0
9,2016-04-01,2016-05-01,0,0.0028544669071193848,0
9,2016-05-01,2016-06-01,0,0.004317439191911522,0
9,2016-06-01,2016-07-01,0,0.009864650911573057,0
9,2016-07-01,2016-08-01,0,0.009864650911573057,0
9,2016-08-01,2016-09-01,0,0.0030410388082194413,0
9,2016-09-01,2016-10-01,0,0.0028544669071193848,0
9,2016-10-01,2016-11-01,0,0.0027270811011065274,0
9,2016-11-01,2016-12-01,0,0.007668102525172263,0
9,2016-12-01,2017-01-01,0,0.006432962024656545,0
9,2017-01-01,2017-02-01,0,0.011160806704769528,0
9,2017-02-01,2017-03-01,0,0.006683189455402991,0
9,2017-03-01,2017-04-01,0,0.0028544669071193848,0
9,2017-04-01,2017-05-01,0,0.0027270811011065274,0
9,2017-05-01,2017-06-01,0,0.011160806704769528,0
9,2017-06-01,2017-07-01,0,0.0027270811011065274,0
9,2017-07-01,2017-08-01,0,0.006410595959489773,0
9,2017-08-01,2017-09-01,0,0.009871675155443895,0
9,2017-09-01,2017-10-01,0,0.009871675155443895,0
9,2017-10-01,2017-11-01,0,0.0034664921149817635,0
9,2017-11-01,2017-12-01,0,0.009886931475663236,0
9,2017-12-01,2018-01-01,0,0.0034664921149817635,0
9,2018-01-01,2018-02-01,0,0.0028544669071193848,0
9,2018-02-01,2018-03-01,0,0.009864650911573057,0
9,2018-03-01,2018-04-01,0,0.009886931475663236,0
9,2018-04-01,2018-05-01,0,0.006410595959489773,0
9,2018-05-01,2018-06-01,0,0.0028544669071193848,0
9,2018-06-01,2018-07-01,0,0.0028544669071193848,0
9,2018-07-01,2018-08-01,0,0.0034664921149817635,0
9,2018-08-01,2018-09-01,0,0.0077401880451754375,0
9,2018-09-01,2018-10-01,0,0.00825838931279188,0
9,2018-10-01,2018-11-01,0,0.0027270811011065274,0
9,2018-11-01,2018-12-01,0,0.009864650911573057,0
9,2018-12-01,2019-01-01,0,0.009864650911573057,0
9,2019-01-01,2019-02-01,0,0.008054855115731927,0
9,2019-02-01,2019-03-01,0,0.011160806704769528,0
9,2019-03-01,2019-04-01,0,0.0028544669071193848,0
9,2019-04-01,2019-05-01,0,0.009916624516113465,0
9,2019-05-01,2019-06-01,0,0.0028544669071193848,0
9,2019-06-01,2019-07-01,0,0.009871675155443895,0
9,2019-07-01,2019-08-01,0,0.0028544669071193848,0
9,2019-08-01,2019-09-01,0,0.0028573208358850443,0
9,2019-09-01,2019-10-01,0,0.0028544669071193848,0
9,2019-10-01,2019-11-01,0,0.0028998685384484914,0
9,2019-11-01,2019-12-01,0,0.0028544669071193848,0
9,2019-12-01,2020-01-01,0,0.0034664921149817635,0
9,2020-01-01,2020-02-01,0,0.002836458087043884,0
9,2020-02-01,2020-03-01,0,0.005674668950202586,0
9,2020-03-01,2020-04-01,0,0.007108211122023877,0
9,2020-04-01,2020-05-01,0,0.007624356423884112,0
9,2020-05-01,2020-06-01,0,0.0027090722810310264,0
9,2020-06-01,2020-07-01,0,0.002836458087043884,0
9,2020-07-01,2020-08-01,0,0.006828882764504975,0
9,2020-08-01,2020-09-01,0,0.005423639369729146,0
9,2020-09-01,2020-10-01,0,0.007020202003039346,0
9,2020-10-01,2020-11-01,0,0.005423639369729146,0
9,2020-11-01,2020-12-01,0,0.005423639369729146,0
9,2020-12-01,2021-01-01,0,0.005423639369729146,0
9,2021-01-01,2021-02-01,0,0.005423639369729146,0
9,2021-02-01,2021-03-01,0,0.005423639369729146,0
9,2021-03-01,2021-04-01,0,0.007624356423884112,0
9,2021-04-01,2021-05-01,0,0.0027090722810310264,0
9,2021-05-01,2021-06-01,0,0.005423639369729146,0
9,2021-06-01,2021-07-01,0,0.002836458087043884,0
9,2021-07-01,2021-08-01,0,0.006828882764504975,0
9,2021-08-01,2021-09-01,0,0.002836458087043884,0
9,2021-09-01,2021-10-01,0,0.002836458087043884,0
9,2021-10-01,2021-11-01,0,0.005423639369729146,0
9,2021-11-01,2021-12-01,0,0.0027090722810310264,0
9,2021-12-01,2022-01-01,0,0.0027090722810310264,0
9,2022-01-01,2022-02-01,0,0.0030309327752660715,0
9,2022-02-01,2022-03-01,0,0.0028393120158095434,0
9,2022-03-01,2022-04-01,0,0.0030309327752660715,0
9,2022-04-01,2022-05-01,0,0.0034484832949062626,0
9,2022-05-01,2022-06-01,0,0.00288185971837299,0
9,2022-06-01,2022-07-01,0,0.00288185971837299,0
9,2022-07-01,2022-08-01,0,0.0034484832949062626,0
9,2022-08-01,2022-09-01,0,0.002836458087043884,0
9,2022-09-01,2022-10-01,0,0.005423639369729146,0
9,2022-10-01,2022-11-01,0,0.002836458087043884,0
9,2022-11-01,2022-12-01,0,0.00288185971837299,0
10,2015-02-01,2015-03-01,0,0.0030309327752660715,0
10,2015-03-01,2015-04-01,0,0.002836458087043884,0
10,2015-04-01,2015-05-01,0,0.002836458087043884,0
10,2015-05-01,2015-06-01,0,0.00288185971837299,0
10,2015-06-01,2015-07-01,0,0.0030309327752660715,0
10,2015-07-01,2015-08-01,0,0.00732791812878899,0
10,2015-08-01,2015-09-01,0,0.0034484832949062626,0
10,2015-09-01,2015-10-01,0,0.008991551179143659,0
10,2015-10-01,2015-11-01,0,0.007071206030974244,0
10,2015-11-01,2015-12-01,0,0.002836458087043884,0
10,2015-12-01,2016-01-01,0,0.002836458087043884,0
10,2016-01-01,2016-02-01,0,0.002836458087043884,0
10,2016-02-01,2016-03-01,0,0.0027090722810310264,0
10,2016-03-01,2016-04-01,0,0.002836458087043884,0
10,2016-04-01,2016-05-01,0,0.0034484832949062626,0
10,2016-05-01,2016-06-01,0,0.0027090722810310264,0
10,2016-06-01,2016-07-01,0,0.002836458087043884,0
10,2016-07-01,2016-08-01,0,0.002836458087043884,0
10,2016-08-01,2016-09-01,0,0.006888574898250087,0
10,2016-09-01,2016-10-01,0,0.002836458087043884,0
10,2016-10-01,2016-11-01,0,0.008112302726202609,0
10,2016-11-01,2016-12-01,0,0.006879886792439872,0
10,2016-12-01,2017-01-01,0,0.0027090722810310264,0
10,2017-01-01,2017-02-01,0,0.002836458087043884,0
10,2017-02-01,2017-03-01,0,0.0034484832949062626,0
10,2017-03-01,2017-04-01,0,0.002836458087043884,0
10,2017-04-01,2017-05-01,0,0.0030309327752660715,0
10,2017-05-01,2017-06-01,0,0.00288185971837299,0
10,2017-06-01,2017-07-01,0,0.002836458087043884,0
10,2017-07-01,2017-08-01,0,0.0034484832949062626,0
10,2017-08-01,2017-09-01,0,0.007675360451819012,0
10,2017-09-01,2017-10-01,0,0.0027090722810310264,0
10,2017-10-01,2017-11-01,0,0.006888574898250087,0
10,2017-11-01,2017-12-01,0,0.0027090722810310264,0
10,2017-12-01,2018-01-01,0,0.002836458087043884,0
10,2018-01-01,2018-02-01,0,0.007148787081062182,0
10,2018-02-01,2018-03-01,0,0.0027090722810310264,0
10,2018-03-01,2018-04-01,0,0.0027090722810310264,0
10,2018-04-01,2018-05-01,0,0.00288185971837299,0
10,2018-05-01,2018-06-01,0,0.002836458087043884,0
10,2018-06-01,2018-07-01,0,0.006879886792439872,0
10,2018-07-01,2018-08-01,0,0.0028393120158095434,0
10,2018-08-01,2018-09-01,0,0.006879886792439872,0
10,2018-09-01,2018-10-01,0,0.008379315223306325,0
10,2018-10-01,2018-11-01,0,0.007071206030974244,0
10,2018-11-01,2018-12-01,0,0.00288185971837299,0
10,2018-12-01,2019-01-01,0,0.002836458087043884,0
10,2019-01-01,2019-02-01,0,0.0027090722810310264,0
10,2019-02-01,2019-03-01,0,0.0030309327752660715,0
10,2019-03-01,2019-04-01,0,0.003020167162514569,0
10,2019-04-01,2019-05-01,0,0.006839494294568997,0
10,2019-05-01,2019-06-01,0,0.0027090722810310264,0
10,2019-06-01,2019-07-01,0,0.007675360451819012,0
10,2019-07-01,2019-08-01,0,0.004223103285711729,0
10,2019-08-01,2019-09-01,0,0.002836458087043884,0
10,2019-09-01,2019-10-01,0,0.006879886792439872,0
10,2019-10-01,2019-11-01,0,0.0030309327752660715,0
10,2019-11-01,2019-12-01,0,0.0027090722810310264,0
10,2019-12-01,2020-01-01,0,0.002836458087043884,0
10,2020-01-01,2020-02-01,0,0.006248409464242597,0
10,2020-02-01,2020-03-01,0,0.0021618958771316837,0
10,2020-03-01,2020-04-01,0,0.002146872216827497,0
10,2020-04-01,2020-05-01,0,0.002146872216827497,0
10,2020-05-01,2020-06-01,0,0.0066770489269587854,0
10,2020-06-01,2020-07-01,0,0.005813854725909014,0
10,2020-07-01,2020-08-01,0,0.002019486410814639,0
10,2020-08-01,2020-09-01,0,0.0067412207630868455,0
10,2020-09-01,2020-10-01,0,0.006064884306382453,0
10,2020-10-01,2020-11-01,0,0.005813854725909014,0
10,2020-11-01,2020-12-01,0,0.005813854725909014,0
10,2020-12-01,2021-01-01,0,0.005813854725909014,0
10,2021-01-01,2021-02-01,0,0.005813854725909014,0
10,2021-02-01,2021-03-01,0,0.005813854725909014,0
10,2021-03-01,2021-04-01,0,0.007366680696346942,0
10,2021-04-01,2021-05-01,0,0.002728519453664957,0
10,2021-05-01,2021-06-01,0,0.002019486410814639,0
10,2021-06-01,2021-07-01,0,0.002146872216827497,0
10,2021-07-01,2021-08-01,0,0.006248409464242597,0
10,2021-08-01,2021-09-01,0,0.002019486410814639,0
10,2021-09-01,2021-10-01,0,0.0023305812922981813,0
10,2021-10-01,2021-11-01,0,0.002019486410814639,0
10,2021-11-01,2021-12-01,0,0.002019486410814639,0
10,2021-12-01,2022-01-01,0,0.002728519453664957,0
10,2022-01-01,2022-02-01,0,0.005813854725909014,0
10,2022-02-01,2022-03-01,0,0.002149726145593156,0
10,2022-03-01,2022-04-01,0,0.002146872216827497,0
10,2022-04-01,2022-05-01,0,0.006840781573357986,0
10,2022-05-01,2022-06-01,0,0.002019486410814639,0
10,2022-06-01,2022-07-01,0,0.006070739709684698,0
10,2022-07-01,2022-08-01,0,0.002019486410814639,0
10,2022-08-01,2022-09-01,0,0.002146872216827497,0
10,2022-09-01,2022-10-01,0,0.002146872216827497,0
10,2022-10-01,2022-11-01,0,0.002019486410814639,0
10,2022-11-01,2022-12-01,0,0.002146872216827497,0
11,2015-02-01,2015-03-01,0,0.0020057934383591234,0
11,2015-03-01,2015-04-01,0,0.0021331792443719812,0
11,2015-04-01,2015-05-01,0,0.0027148264812094413,0
11,2015-05-01,2015-06-01,0,0.0022972759615692492,0
11,2015-06-01,2015-07-01,0,0.0020057934383591234,0
11,2015-07-01,2015-08-01,0,0.0021331792443719812,0
11,2015-08-01,2015-09-01,0,0.005431302248160715,0
11,2015-09-01,2015-10-01,0,0.007614803832057393,0
11,2015-10-01,2015-11-01,0,0.002327653932594168,0
11,2015-11-01,2015-12-01,0,0.0020057934383591234,0
11,2015-12-01,2016-01-01,0,0.005173604920253156,0
11,2016-01-01,2016-02-01,0,0.0065223409188718065,0
11,2016-02-01,2016-03-01,0,0.006697355720739571,0
11,2016-03-01,2016-04-01,0,0.0022972759615692492,0
11,2016-04-01,2016-05-01,0,0.00664354033784493,0
11,2016-05-01,2016-06-01,0,0.0021482029046761683,0
11,2016-06-01,2016-07-01,0,0.0021331792443719812,0
11,2016-07-01,2016-08-01,0,0.0020057934383591234,0
11,2016-08-01,2016-09-01,0,0.0051630300107517735,0
11,2016-09-01,2016-10-01,0,0.002319751145472037,0
11,2016-10-01,2016-11-01,0,0.0021331792443719812,0
11,2016-11-01,2016-12-01,0,0.005431302248160715,0
11,2016-12-01,2017-01-01,0,0.002136033173137641,0
11,2017-01-01,2017-02-01,0,0.0027148264812094413,0
11,2017-02-01,2017-03-01,0,0.0020057934383591234,0
11,2017-03-01,2017-04-01,0,0.0021331792443719812,0
11,2017-04-01,2017-05-01,0,0.0021331792443719812,0
11,2017-05-01,2017-06-01,0,0.0021331792443719812,0
11,2017-06-01,2017-07-01,0,0.0050615449395986995,0
11,2017-07-01,2017-08-01,0,0.0020057934383591234,0
11,2017-08-01,2017-09-01,0,0.0020057934383591234,0
11,2017-09-01,2017-10-01,0,0.0020057934383591234,0
11,2017-10-01,2017-11-01,0,0.0020057934383591234,0
11,2017-11-01,2017-12-01,0,0.0021482029046761683,0
11,2017-12-01,2018-01-01,0,0.0068320589333334845,0
11,2018-01-01,2018-02-01,0,0.0021331792443719812,0
11,2018-02-01,2018-03-01,0,0.002316888319842666,0
11,2018-03-01,2018-04-01,0,0.0020057934383591234,0
11,2018-04-01,2018-05-01,0,0.002327653932594168,0
11,2018-05-01,2018-06-01,0,0.0022972759615692492,0
11,2018-06-01,2018-07-01,0,0.008218209249964914,0
11,2018-07-01,2018-08-01,0,0.007317814578250946,0
11,2018-08-01,2018-09-01,0,0.0020057934383591234,0
11,2018-09-01,2018-10-01,0,0.006234716491787082,0
11,2018-10-01,2018-11-01,0,0.0021331792443719812,0
11,2018-11-01,2018-12-01,0,0.005431302248160715,0
11,2018-12-01,2019-01-01,0,0.0021331792443719812,0
11,2019-01-01,2019-02-01,0,0.0027148264812094413,0
11,2019-02-01,2019-03-01,0,0.0020057934383591234,0
11,2019-03-01,2019-04-01,0,0.0021331792443719812,0
11,2019-04-01,2019-05-01,0,0.006614370910036627,0
11,2019-05-01,2019-06-01,0,0.0020057934383591234,0
11,2019-06-01,2019-07-01,0,0.0021331792443719812,0
11,2019-07-01,2019-08-01,0,0.0060370437506199115,0
11,2019-08-01,2019-09-01,0,0.005068569183469536,0
11,2019-09-01,2019-10-01,0,0.0060649960817504844,0
11,2019-10-01,2019-11-01,0,0.0020057934383591234,0
11,2019-11-01,2019-12-01,0,0.0021331792443719812,0
11,2019-12-01,2020-01-01,0,0.0060370437506199115,0
11,2020-01-01,2020-02-01,0,0.0021618958771316837,0
11,2020-02-01,2020-03-01,0,0.0021618958771316837,0
11,2020-03-01,2020-04-01,0,0.0023305812922981813,0
11,2020-04-01,2020-05-01,0,0.005915339797062087,0
11,2020-05-01,2020-06-01,0,0.002146872216827497,0
11,2020-06-01,2020-07-01,0,0.0021618958771316837,0
11,2020-07-01,2020-08-01,0,0.006536033891327323,0
11,2020-08-01,2020-09-01,0,0.005813854725909014,0
11,2020-09-01,2020-10-01,0,0.002146872216827497,0
11,2020-10-01,2020-11-01,0,0.006071052789023415,0
11,2020-11-01,2020-12-01,0,0.00618361203447103,0
11,2020-12-01,2021-01-01,0,0.005813854725909014,0
11,2021-01-01,2021-02-01,0,0.005813854725909014,0
11,2021-02-01,2021-03-01,0,0.00618361203447103,0
11,2021-03-01,2021-04-01,0,0.002728519453664957,0
11,2021-04-01,2021-05-01,0,0.002728519453664957,0
11,2021-05-01,2021-06-01,0,0.002019486410814639,0
11,2021-06-01,2021-07-01,0,0.002146872216827497,0
11,2021-07-01,2021-08-01,0,0.0021618958771316837,0
11,2021-08-01,2021-09-01,0,0.008035462322193775,0
11,2021-09-01,2021-10-01,0,0.002146872216827497,0
11,2021-10-01,2021-11-01,0,0.002146872216827497,0
11,2021-11-01,2021-12-01,0,0.002019486410814639,0
11,2021-12-01,2022-01-01,0,0.002146872216827497,0
11,2022-01-01,2022-02-01,0,0.0023334441179275523,0
11,2022-02-01,2022-03-01,0,0.00618361203447103,0
11,2022-03-01,2022-04-01,0,0.002019486410814639,0
11,2022-04-01,2022-05-01,0,0.0021618958771316837,0
11,2022-05-01,2022-06-01,0,0.0021618958771316837,0
11,2022-06-01,2022-07-01,0,0.00823190222242043,0
11,2022-07-01,2022-08-01,0,0.006064884306382453,0
11,2022-08-01,2022-09-01,0,0.002019486410814639,0
11,2022-09-01,2022-10-01,0,0.0023305812922981813,0
11,2022-10-01,2022-11-01,0,0.006102854676002765,0
11,2022-11-01,2022-12-01,0,0.0023109689340247647,0
12,2015-02-01,2015-03-01,0,0.0031751268506984213,0
12,2015-03-01,2015-04-01,0,0.010588135338455113,0
12,2015-04-01,2015-05-01,0,0.008376906060128739,0
12,2015-05-01,2015-06-01,0,0.010159455180753833,0
12,2015-06-01,2015-07-01,0,0.004510607821702982,0
12,2015-07-01,2015-08-01,0,0.008376906060128739,0
12,2015-08-01,2015-09-01,0,0.010055269636345922,0
12,2015-09-01,2015-10-01,0,0.009507248862539633,0
12,2015-10-01,2015-11-01,0,0.008949290513722128,0
12,2015-11-01,2015-12-01,0,0.009555647521477154,0
12,2015-12-01,2016-01-01,0,0.010233188295351263,0
12,2016-01-01,2016-02-01,0,0.011798578789302263,0
12,2016-02-01,2016-03-01,0,0.0039021672275203188,0
12,2016-03-01,2016-04-01,0,0.003220528482027527,0
12,2016-04-01,2016-05-01,0,0.0035331621464561457,0
12,2016-05-01,2016-06-01,0,0.0031751268506984213,0
12,2016-06-01,2016-07-01,0,0.01078457523868177,0
12,2016-07-01,2016-08-01,0,0.0031751268506984213,0
12,2016-08-01,2016-09-01,0,0.0031751268506984213,0
12,2016-09-01,2016-10-01,0,0.011904215773796575,0
12,2016-10-01,2016-11-01,0,0.009507248862539633,0
12,2016-11-01,2016-12-01,0,0.00325970031115862,0
12,2016-12-01,2017-01-01,0,0.0031751268506984213,0
12,2017-01-01,2017-02-01,0,0.003220528482027527,0
12,2017-02-01,2017-03-01,0,0.003220528482027527,0
12,2017-03-01,2017-04-01,0,0.008407256618804633,0
12,2017-04-01,2017-05-01,0,0.010152430936882999,0
12,2017-05-01,2017-06-01,0,0.00996491605794232,0
12,2017-06-01,2017-07-01,0,0.0032113016522211015,0
12,2017-07-01,2017-08-01,0,0.0031751268506984213,0
12,2017-08-01,2017-09-01,0,0.011937695009305424,0
12,2017-09-01,2017-10-01,0,0.0033840890895630643,0
12,2017-10-01,2017-11-01,0,0.010315991544418536,0
12,2017-11-01,2017-12-01,0,0.0033870861171714783,0
12,2017-12-01,2018-01-01,0,0.0033840890895630643,0
12,2018-01-01,2018-02-01,0,0.003047741044685564,0
12,2018-02-01,2018-03-01,0,0.0031751268506984213,0
12,2018-03-01,2018-04-01,0,0.008368627681039312,0
12,2018-04-01,2018-05-01,0,0.0031751268506984213,0
12,2018-05-01,2018-06-01,0,0.003047741044685564,0
12,2018-06-01,2018-07-01,0,0.007662986591699032,0
12,2018-07-01,2018-08-01,0,0.009712435734299155,0
12,2018-08-01,2018-09-01,0,0.010152430936882999,0
12,2018-09-01,2018-10-01,0,0.010588135338455113,0
12,2018-10-01,2018-11-01,0,0.009915404591329653,0
12,2018-11-01,2018-12-01,0,0.009884180566967798,0
12,2018-12-01,2019-01-01,0,0.008470112752192387,0
12,2019-01-01,2019-02-01,0,0.009712435734299155,0
12,2019-02-01,2019-03-01,0,0.0031751268506984213,0
12,2019-03-01,2019-04-01,0,0.009343688255004099,0
12,2019-04-01,2019-05-01,0,0.003220528482027527,0
12,2019-05-01,2019-06-01,0,0.010152430936882999,0
12,2019-06-01,2019-07-01,0,0.0031751268506984213,0
12,2019-07-01,2019-08-01,0,0.0034446287692412913,0
12,2019-08-01,2019-09-01,0,0.00317798077946408,0
12,2019-09-01,2019-10-01,0,0.0031751268506984213,0
12,2019-10-01,2019-11-01,0,0.0031751268506984213,0
12,2019-11-01,2019-12-01,0,0.0031751268506984213,0
12,2019-12-01,2020-01-01,0,0.009884180566967798,0
12,2020-01-01,2020-02-01,0,0.0040813390622720805,0
12,2020-02-01,2020-03-01,0,0.006928419256183172,0
12,2020-03-01,2020-04-01,0,0.0040813390622720805,0
12,2020-04-01,2020-05-01,0,0.0044988895819122725,0
12,2020-05-01,2020-06-01,0,0.003759478568037036,0
12,2020-06-01,2020-07-01,0,0.0038868643740498933,0
12,2020-07-01,2020-08-01,0,0.007311777024675102,0
12,2020-08-01,2020-09-01,0,0.003759478568037036,0
12,2020-09-01,2020-10-01,0,0.0044988895819122725,0
12,2020-10-01,2020-11-01,0,0.007311777024675102,0
12,2020-11-01,2020-12-01,0,0.007311777024675102,0
12,2020-12-01,2021-01-01,0,0.007311777024675102,0
12,2021-01-01,2021-02-01,0,0.007311777024675102,0
12,2021-02-01,2021-03-01,0,0.006957227287447393,0
12,2021-03-01,2021-04-01,0,0.009246291627664119,0
12,2021-04-01,2021-05-01,0,0.008449656561188153,0
12,2021-05-01,2021-06-01,0,0.00700673875406006,0
12,2021-06-01,2021-07-01,0,0.0039322660053789996,0
12,2021-07-01,2021-08-01,0,0.009416438756063511,0
12,2021-08-01,2021-09-01,0,0.0044988895819122725,0
12,2021-09-01,2021-10-01,0,0.003759478568037036,0
12,2021-10-01,2021-11-01,0,0.008800444382538707,0
12,2021-11-01,2021-12-01,0,0.007546667416679974,0
12,2021-12-01,2022-01-01,0,0.0038868643740498933,0
12,2022-01-01,2022-02-01,0,0.007162138666682669,0
12,2022-02-01,2022-03-01,0,0.009416438756063511,0
12,2022-03-01,2022-04-01,0,0.0038868643740498933,0
12,2022-04-01,2022-05-01,0,0.009416438756063511,0
12,2022-05-01,2022-06-01,0,0.003759478568037036,0
12,2022-06-01,2022-07-01,0,0.010346218768958044,0
12,2022-07-01,2022-08-01,0,0.008712222512026855,0
12,2022-08-01,2022-09-01,0,0.008452030593197326,0
12,2022-09-01,2022-10-01,0,0.011020886347276722,0
12,2022-10-01,2022-11-01,0,0.003759478568037036,0
12,2022-11-01,2022-12-01,0,0.009358031672434756,0
13,2015-02-01,2015-03-01,0,0.0024718480080265187,0
13,2015-03-01,2015-04-01,0,0.0024718480080265187,0
13,2015-04-01,2015-05-01,0,0.007818597787764047,0
13,2015-05-01,2015-06-01,0,0.0024718480080265187,0
13,2015-06-01,2015-07-01,0,0.01621925493752341,0
13,2015-07-01,2015-08-01,0,0.007961734526011599,0
13,2015-08-01,2015-09-01,0,0.009688332520222064,0
13,2015-09-01,2015-10-01,0,0.0031796303285541155,0
13,2015-10-01,2015-11-01,0,0.008325206500499139,0
13,2015-11-01,2015-12-01,0,0.00795420606416901,0
13,2015-12-01,2016-01-01,0,0.008247445536544388,0
13,2016-01-01,2016-02-01,0,0.0024718480080265187,0
13,2016-02-01,2016-03-01,0,0.0066403583343814685,0
13,2016-03-01,2016-04-01,0,0.008787937848508093,0
13,2016-04-01,2016-05-01,0,0.010052878787729489,0
13,2016-05-01,2016-06-01,0,0.0024718480080265187,0
13,2016-06-01,2016-07-01,0,0.008452632408303911,0
13,2016-07-01,2016-08-01,0,0.003367416506057071,0
13,2016-08-01,2016-09-01,0,0.008609853844456884,0
13,2016-09-01,2016-10-01,0,0.019179030797961256,0
13,2016-10-01,2016-11-01,0,0.007790645456633473,0
13,2016-11-01,2016-12-01,0,0.007478404854214059,0
13,2016-12-01,2017-01-01,0,0.017916919892707592,0
13,2017-01-01,2017-02-01,0,0.008244449142030872,0
13,2017-02-01,2017-03-01,0,0.010037104176039383,0
13,2017-03-01,2017-04-01,0,0.009688332520222064,0
13,2017-04-01,2017-05-01,0,0.00849547872250431,0
13,2017-05-01,2017-06-01,0,0.008244449142030872,0
13,2017-06-01,2017-07-01,0,0.002997453360470955,0
13,2017-07-01,2017-08-01,0,0.01011258631955614,0
13,2017-08-01,2017-09-01,0,0.008810820905079068,0
13,2017-09-01,2017-10-01,0,0.003001598007636874,0
13,2017-10-01,2017-11-01,0,0.026661686497781615,0
13,2017-11-01,2017-12-01,0,0.01814892321454374,0
13,2017-12-01,2018-01-01,0,0.002965902053466482,0
13,2018-01-01,2018-02-01,0,0.009773188929146923,0
13,2018-02-01,2018-03-01,0,0.008623721477682035,0
13,2018-03-01,2018-04-01,0,0.007955449191937124,0
13,2018-04-01,2018-05-01,0,0.010044265920166724,0
13,2018-05-01,2018-06-01,0,0.006984350808774095,0
13,2018-06-01,2018-07-01,0,0.017928460379089545,0
13,2018-07-01,2018-08-01,0,0.0026354086155620554,0
13,2018-08-01,2018-09-01,0,0.003010954159557141,0
13,2018-09-01,2018-10-01,0,0.0030243358710293484,0
13,2018-10-01,2018-11-01,0,0.0026354086155620554,0
13,2018-11-01,2018-12-01,0,0.008459404803017446,0
13,2018-12-01,2019-01-01,0,0.0024718480080265187,0
13,2019-01-01,2019-02-01,0,0.008418534605922514,0
13,2019-02-01,2019-03-01,0,0.006541649808618256,0
13,2019-03-01,2019-04-01,0,0.0024718480080265187,0
13,2019-04-01,2019-05-01,0,0.0023444622020136613,0
13,2019-05-01,2019-06-01,0,0.0024718480080265187,0
13,2019-06-01,2019-07-01,0,0.0026838072744995744,0
13,2019-07-01,2019-08-01,0,0.008354020825168146,0
13,2019-08-01,2019-09-01,0,0.009253452277769955,0
13,2019-09-01,2019-10-01,0,0.024736144559965305,0
13,2019-10-01,2019-11-01,0,0.0024718480080265187,0
13,2019-11-01,2019-12-01,0,0.008452632408303911,0
13,2019-12-01,2020-01-01,0,0.0024718480080265187,0
13,2020-01-01,2020-02-01,0,0.010711594872684556,0
13,2020-02-01,2020-03-01,0,0.00261550073355754,0
13,2020-03-01,2020-04-01,0,0.011022951498670504,0
13,2020-04-01,2020-05-01,0,0.011690582416803975,0
13,2020-05-01,2020-06-01,0,0.0101785895859882,0
13,2020-06-01,2020-07-01,0,0.002742886539570397,0
13,2020-07-01,2020-08-01,0,0.00261550073355754,0
13,2020-08-01,2020-09-01,0,0.0032461687384443987,0
13,2020-09-01,2020-10-01,0,0.0033062619081050742,0
13,2020-10-01,2020-11-01,0,0.00328703893553933,0
13,2020-11-01,2020-12-01,0,0.0027790613410930767,0
13,2020-12-01,2021-01-01,0,0.00261550073355754,0
13,2021-01-01,2021-02-01,0,0.002742886539570397,0
13,2021-02-01,2021-03-01,0,0.002742886539570397,0
13,2021-03-01,2021-04-01,0,0.002742886539570397,0
13,2021-04-01,2021-05-01,0,0.011014426520274885,0
13,2021-05-01,2021-06-01,0,0.0028962176440161637,0
13,2021-06-01,2021-07-01,0,0.002747144587123082,0
13,2021-07-01,2021-08-01,0,0.01046758953608195,0
13,2021-08-01,2021-09-01,0,0.00261550073355754,0
13,2021-09-01,2021-10-01,0,0.002742886539570397,0
13,2021-10-01,2021-11-01,0,0.008721376657325043,0
13,2021-11-01,2021-12-01,0,0.011224293957823308,0
13,2021-12-01,2022-01-01,0,0.002747144587123082,0
13,2022-01-01,2022-02-01,0,0.002742886539570397,0
13,2022-02-01,2022-03-01,0,0.010460565292211116,0
13,2022-03-01,2022-04-01,0,0.003574169614533234,0
13,2022-04-01,2022-05-01,0,0.00261550073355754,0
13,2022-05-01,2022-06-01,0,0.002747144587123082,0
13,2022-06-01,2022-07-01,0,0.003178876102092217,0
13,2022-07-01,2022-08-01,0,0.01003204511175344,0
13,2022-08-01,2022-09-01,0,0.010991470437837074,0
13,2022-09-01,2022-10-01,0,0.03475725588007943,0
13,2022-10-01,2022-11-01,0,0.013013469762565781,0
13,2022-11-01,2022-12-01,0,0.05478564736162858,0
14,2015-02-01,2015-03-01,0,0.00515523041819544,0
14,2015-03-01,2015-04-01,0,0.0021254869613871394,0
14,2015-04-01,2015-05-01,0,0.002110463301082952,0
14,2015-05-01,2015-06-01,0,0.0019830774950700945,0
14,2015-06-01,2015-07-01,0,0.0019830774950700945,0
14,2015-07-01,2015-08-01,0,0.0022970352021830084,0
14,2015-08-01,2015-09-01,0,0.0022745600182802208,0
14,2015-09-01,2015-10-01,0,0.0022745600182802208,0
14,2015-10-01,2015-11-01,0,0.0021254869613871394,0
14,2015-11-01,2015-12-01,0,0.0022941723765536374,0
14,2015-12-01,2016-01-01,0,0.0021254869613871394,0
14,2016-01-01,2016-02-01,0,0.0019830774950700945,0
14,2016-02-01,2016-03-01,0,0.0019830774950700945,0
14,2016-03-01,2016-04-01,0,0.002692110537920413,0
14,2016-04-01,2016-05-01,0,0.002349587248600904,0
14,2016-05-01,2016-06-01,0,0.002110463301082952,0
14,2016-06-01,2016-07-01,0,0.00230493798930514,0
14,2016-07-01,2016-08-01,0,0.0022970352021830084,0
14,2016-08-01,2016-09-01,0,0.0022941723765536374,0
14,2016-09-01,2016-10-01,0,0.0022740239086184904,0
14,2016-10-01,2016-11-01,0,0.009044355184327122,0
14,2016-11-01,2016-12-01,0,0.002460595809718545,0
14,2016-12-01,2017-01-01,0,0.002110463301082952,0
14,2017-01-01,2017-02-01,0,0.0019830774950700945,0
14,2017-02-01,2017-03-01,0,0.0019830774950700945,0
14,2017-03-01,2017-04-01,0,0.0021254869613871394,0
14,2017-04-01,2017-05-01,0,0.0019830774950700945,0
14,2017-05-01,2017-06-01,0,0.007704245709728134,0
14,2017-06-01,2017-07-01,0,0.008438318400254326,0
14,2017-07-01,2017-08-01,0,0.009240795084553778,0
14,2017-08-01,2017-09-01,0,0.002110463301082952,0
14,2017-09-01,2017-10-01,0,0.002281552370461078,0
14,2017-10-01,2017-11-01,0,0.007704245709728134,0
14,2017-11-01,2017-12-01,0,0.00835159045686118,0
14,2017-12-01,2018-01-01,0,0.008564639188024685,0
14,2018-01-01,2018-02-01,0,0.0022745600182802208,0
14,2018-02-01,2018-03-01,0,0.002349587248600904,0
14,2018-03-01,2018-04-01,0,0.0019830774950700945,0
14,2018-04-01,2018-05-01,0,0.002110463301082952,0
14,2018-05-01,2018-06-01,0,0.0019830774950700945,0
14,2018-06-01,2018-07-01,0,0.002110463301082952,0
14,2018-07-01,2018-08-01,0,0.0021254869613871394,0
14,2018-08-01,2018-09-01,0,0.0019830774950700945,0
14,2018-09-01,2018-10-01,0,0.002110463301082952,0
14,2018-10-01,2018-11-01,0,0.002110463301082952,0
14,2018-11-01,2018-12-01,0,0.0021254869613871394,0
14,2018-12-01,2019-01-01,0,0.0021133172298486115,0
14,2019-01-01,2019-02-01,0,0.0019830774950700945,0
14,2019-02-01,2019-03-01,0,0.007602763241573972,0
14,2019-03-01,2019-04-01,0,0.0021254869613871394,0
14,2019-04-01,2019-05-01,0,0.009013605983717239,0
14,2019-05-01,2019-06-01,0,0.0021254869613871394,0
14,2019-06-01,2019-07-01,0,0.002110463301082952,0
14,2019-07-01,2019-08-01,0,0.0019830774950700945,0
14,2019-08-01,2019-09-01,0,0.002110463301082952,0
14,2019-09-01,2019-10-01,0,0.008564639188024685,0
14,2019-10-01,2019-11-01,0,0.008207559011035663,0
14,2019-11-01,2019-12-01,0,0.00230493798930514,0
14,2019-12-01,2020-01-01,0,0.007749395046314667,0
14,2020-01-01,2020-02-01,0,0.0022745600182802208,0
14,2020-02-01,2020-03-01,0,0.0019830774950700945,0
14,2020-03-01,2020-04-01,0,0.007184551847754375,0
14,2020-04-01,2020-05-01,0,0.0019830774950700945,0
14,2020-05-01,2020-06-01,0,0.002692110537920413,0
14,2020-06-01,2020-07-01,0,0.002110463301082952,0
14,2020-07-01,2020-08-01,0,0.002110463301082952,0
14,2020-08-01,2020-09-01,0,0.002110463301082952,0
14,2020-09-01,2020-10-01,0,0.0021254869613871394,0
14,2020-10-01,2020-11-01,0,0.0021254869613871394,0
14,2020-11-01,2020-12-01,0,0.0019830774950700945,0
14,2020-12-01,2021-01-01,0,0.0022745600182802208,0
14,2021-01-01,2021-02-01,0,0.002692110537920413,0
14,2021-02-01,2021-03-01,0,0.002692110537920413,0
14,2021-03-01,2021-04-01,0,0.002110463301082952,0
14,2021-04-01,2021-05-01,0,0.0021254869613871394,0
14,2021-05-01,2021-06-01,0,0.0021254869613871394,0
14,2021-06-01,2021-07-01,0,0.002110463301082952,0
14,2021-07-01,2021-08-01,0,0.0019830774950700945,0
14,2021-08-01,2021-09-01,0,0.002110463301082952,0
14,2021-09-01,2021-10-01,0,0.0019830774950700945,0
14,2021-10-01,2021-11-01,0,0.0019830774950700945,0
14,2021-11-01,2021-12-01,0,0.0022941723765536374,0
14,2021-12-01,2022-01-01,0,0.002110463301082952,0
14,2022-01-01,2022-02-01,0,0.006390286629758174,0
14,2022-02-01,2022-03-01,0,0.0019830774950700945,0
14,2022-03-01,2022-04-01,0,0.0021254869613871394,0
14,2022-04-01,2022-05-01,0,0.0022941723765536374,0
14,2022-05-01,2022-06-01,0,0.0022941723765536374,0
14,2022-06-01,2022-07-01,0,0.002110463301082952,0
14,2022-07-01,2022-08-01,0,0.002110463301082952,0
14,2022-08-01,2022-09-01,0,0.0019830774950700945,0
14,2022-09-01,2022-10-01,0,0.0019830774950700945,0
14,2022-10-01,2022-11-01,0,0.002110463301082952,0
14,2022-11-01,2022-12-01,0,0.002281552370461078,0
15,2015-02-01,2015-03-01,0,0.003268158991838189,0
15,2015-03-01,2015-04-01,0,0.004415247609000597,0
15,2015-04-01,2015-05-01,0,0.004260180213930554,0
15,2015-05-01,2015-06-01,0,0.00318358553137799,0
15,2015-06-01,2015-07-01,0,0.003619575093899809,0
15,2015-07-01,2015-08-01,0,0.003268158991838189,0
15,2015-08-01,2015-09-01,0,0.0035617942571870456,0
15,2015-09-01,2015-10-01,0,0.0035953058768957553,0
15,2015-10-01,2015-11-01,0,0.003746960899912667,0
15,2015-11-01,2015-12-01,0,0.003619575093899809,0
15,2015-12-01,2016-01-01,0,0.003198609191682177,0
15,2016-01-01,2016-02-01,0,0.003746960899912667,0
15,2016-02-01,2016-03-01,0,0.0034105684581552335,0
15,2016-03-01,2016-04-01,0,0.0031864394601436494,0
15,2016-04-01,2016-05-01,0,0.00321976033290067,0
15,2016-05-01,2016-06-01,0,0.003198609191682177,0
15,2016-06-01,2016-07-01,0,0.003268158991838189,0
15,2016-07-01,2016-08-01,0,0.0035491492889783024,0
15,2016-08-01,2016-09-01,0,0.0036776395768179544,0
15,2016-09-01,2016-10-01,0,0.0035953058768957553,0
15,2016-10-01,2016-11-01,0,0.003268158991838189,0
15,2016-11-01,2016-12-01,0,0.0038399110449160363,0
15,2016-12-01,2017-01-01,0,0.007269060576306567,0
15,2017-01-01,2017-02-01,0,0.0030561997253651324,0
15,2017-02-01,2017-03-01,0,0.003897691881628799,0
15,2017-03-01,2017-04-01,0,0.0030561997253651324,0
15,2017-04-01,2017-05-01,0,0.003367294606848675,0
15,2017-05-01,2017-06-01,0,0.0030561997253651324,0
15,2017-06-01,2017-07-01,0,0.003268158991838189,0
15,2017-07-01,2017-08-01,0,0.0033955447978510464,0
15,2017-08-01,2017-09-01,0,0.0037764481852953346,0
15,2017-09-01,2017-10-01,0,0.005395544797851046,0
15,2017-10-01,2017-11-01,0,0.00321976033290067,0
15,2017-11-01,2017-12-01,0,0.0034105684581552335,0
15,2017-12-01,2018-01-01,0,0.0033476822485752583,0
15,2018-01-01,2018-02-01,0,0.007010207741259305,0
15,2018-02-01,2018-03-01,0,0.003530855214384212,0
15,2018-03-01,2018-04-01,0,0.007057101309833512,0
15,2018-04-01,2018-05-01,0,0.00318358553137799,0
15,2018-05-01,2018-06-01,0,0.003367294606848675,0
15,2018-06-01,2018-07-01,0,0.0032841502451360282,0
15,2018-07-01,2018-08-01,0,0.003198609191682177,0
15,2018-08-01,2018-09-01,0,0.003559641515048315,0
15,2018-09-01,2018-10-01,0,0.0033476822485752583,0
15,2018-10-01,2018-11-01,0,0.006846647133723769,0
15,2018-11-01,2018-12-01,0,0.003530855214384212,0
15,2018-12-01,2019-01-01,0,0.006591850606309645,0
15,2019-01-01,2019-02-01,0,0.003735577988200403,0
15,2019-02-01,2019-03-01,0,0.0030561997253651324,0
15,2019-03-01,2019-04-01,0,0.003198609191682177,0
15,2019-04-01,2019-05-01,0,0.003198609191682177,0
15,2019-05-01,2019-06-01,0,0.0035644889188222763,0
15,2019-06-01,2019-07-01,0,0.003198609191682177,0
15,2019-07-01,2019-08-01,0,0.00318358553137799,0
15,2019-08-01,2019-09-01,0,0.003198609191682177,0
15,2019-09-01,2019-10-01,0,0.0033621697992177145,0
15,2019-10-01,2019-11-01,0,0.003198609191682177,0
15,2019-11-01,2019-12-01,0,0.003198609191682177,0
15,2019-12-01,2020-01-01,0,0.00318358553137799,0
15,2020-01-01,2020-02-01,0,0.0032659923552628444,0
15,2020-02-01,2020-03-01,0,0.0029745098320527186,0
15,2020-03-01,2020-04-01,0,0.0029745098320527186,0
15,2020-04-01,2020-05-01,0,0.0068979974053701735,0
15,2020-05-01,2020-06-01,0,0.0029745098320527186,0
15,2020-06-01,2020-07-01,0,0.0029745098320527186,0
15,2020-07-01,2020-08-01,0,0.003116919298369764,0
15,2020-08-01,2020-09-01,0,0.0031047495668312356,0
15,2020-09-01,2020-10-01,0,0.003101895638065577,0
15,2020-10-01,2020-11-01,0,0.0032659923552628444,0
15,2020-11-01,2020-12-01,0,0.0036835428749030365,0
15,2020-12-01,2021-01-01,0,0.0034827990255098633,0
15,2021-01-01,2021-02-01,0,0.003101895638065577,0
15,2021-02-01,2021-03-01,0,0.0029745098320527186,0
15,2021-03-01,2021-04-01,0,0.0032659923552628444,0
15,2021-04-01,2021-05-01,0,0.0032659923552628444,0
15,2021-05-01,2021-06-01,0,0.003101895638065577,0
15,2021-06-01,2021-07-01,0,0.003116919298369764,0
15,2021-07-01,2021-08-01,0,0.0029745098320527186,0
15,2021-08-01,2021-09-01,0,0.0029745098320527186,0
15,2021-09-01,2021-10-01,0,0.003101895638065577,0
15,2021-10-01,2021-11-01,0,0.003101895638065577,0
15,2021-11-01,2021-12-01,0,0.0032659923552628444,0
15,2021-12-01,2022-01-01,0,0.003101895638065577,0
15,2022-01-01,2022-02-01,0,0.0032963703262877636,0
15,2022-02-01,2022-03-01,0,0.0031047495668312356,0
15,2022-03-01,2022-04-01,0,0.0032659923552628444,0
15,2022-04-01,2022-05-01,0,0.0034827990255098633,0
15,2022-05-01,2022-06-01,0,0.003116919298369764,0
15,2022-06-01,2022-07-01,0,0.0037985580438625547,0
15,2022-07-01,2022-08-01,0,0.003101895638065577,0
15,2022-08-01,2022-09-01,0,0.0029745098320527186,0
15,2022-09-01,2022-10-01,0,0.003288008367747889,0
15,2022-10-01,2022-11-01,0,0.003265456245601114,0
15,2022-11-01,2022-12-01,0,0.0036410017895961997,0
16,2015-02-01,2015-03-01,0,0.008126666735145203,0
16,2015-03-01,2015-04-01,0,0.002485540980482034,0
16,2015-04-01,2015-05-01,0,0.002485540980482034,0
16,2015-05-01,2015-06-01,0,0.002485540980482034,0
16,2015-06-01,2015-07-01,0,0.009262180682305594,0
16,2015-07-01,2015-08-01,0,0.008424699116535442,0
16,2015-08-01,2015-09-01,0,0.002649637697679302,0
16,2015-09-01,2015-10-01,0,0.0025217157820047135,0
16,2015-10-01,2015-11-01,0,0.002358155174469177,0
16,2015-11-01,2015-12-01,0,0.0025217157820047135,0
16,2015-12-01,2016-01-01,0,0.002358155174469177,0
16,2016-01-01,2016-02-01,0,0.0031822033862790133,0
16,2016-02-01,2016-03-01,0,0.002358155174469177,0
16,2016-03-01,2016-04-01,0,0.0024883949092476937,0
16,2016-04-01,2016-05-01,0,0.002500564640786221,0
16,2016-05-01,2016-06-01,0,0.003067188217319495,0
16,2016-06-01,2016-07-01,0,0.002649637697679302,0
16,2016-07-01,2016-08-01,0,0.002832810663488257,0
16,2016-08-01,2016-09-01,0,0.0028131983052148398,0
16,2016-09-01,2016-10-01,0,0.00681761191437252,0
16,2016-10-01,2016-11-01,0,0.002358155174469177,0
16,2016-11-01,2016-12-01,0,0.002358155174469177,0
16,2016-12-01,2017-01-01,0,0.002485540980482034,0
16,2017-01-01,2017-02-01,0,0.008261138508999904,0
16,2017-02-01,2017-03-01,0,0.002649637697679302,0
16,2017-03-01,2017-04-01,0,0.002358155174469177,0
16,2017-04-01,2017-05-01,0,0.002358155174469177,0
16,2017-05-01,2017-06-01,0,0.002485540980482034,0
16,2017-06-01,2017-07-01,0,0.0026975002469550903,0
16,2017-07-01,2017-08-01,0,0.002485540980482034,0
16,2017-08-01,2017-09-01,0,0.008424699116535442,0
16,2017-09-01,2017-10-01,0,0.0026566300498601586,0
16,2017-10-01,2017-11-01,0,0.002358155174469177,0
16,2017-11-01,2017-12-01,0,0.008629885988294962,0
16,2017-12-01,2018-01-01,0,0.002485540980482034,0
16,2018-01-01,2018-02-01,0,0.002358155174469177,0
16,2018-02-01,2018-03-01,0,0.006998043781229611,0
16,2018-03-01,2018-04-01,0,0.002358155174469177,0
16,2018-04-01,2018-05-01,0,0.002485540980482034,0
16,2018-05-01,2018-06-01,0,0.00796310612760967,0
16,2018-06-01,2018-07-01,0,0.002485540980482034,0
16,2018-07-01,2018-08-01,0,0.008381665588505699,0
16,2018-08-01,2018-09-01,0,0.002485540980482034,0
16,2018-09-01,2018-10-01,0,0.007615996138659458,0
16,2018-10-01,2018-11-01,0,0.002358155174469177,0
16,2018-11-01,2018-12-01,0,0.002485540980482034,0
16,2018-12-01,2019-01-01,0,0.008261138508999904,0
16,2019-01-01,2019-02-01,0,0.00281773410997791,0
16,2019-02-01,2019-03-01,0,0.002485540980482034,0
16,2019-03-01,2019-04-01,0,0.00281773410997791,0
16,2019-04-01,2019-05-01,0,0.007061840243828515,0
16,2019-05-01,2019-06-01,0,0.002500564640786221,0
16,2019-06-01,2019-07-01,0,0.002358155174469177,0
16,2019-07-01,2019-08-01,0,0.00281773410997791,0
16,2019-08-01,2019-09-01,0,0.007992307737668824,0
16,2019-09-01,2019-10-01,0,0.002485540980482034,0
16,2019-10-01,2019-11-01,0,0.008509171694959827,0
16,2019-11-01,2019-12-01,0,0.006654051306836984,0
16,2019-12-01,2020-01-01,0,0.008972299286999698,0
16,2020-01-01,2020-02-01,0,0.002273850956092816,0
16,2020-02-01,2020-03-01,0,0.002273850956092816,0
16,2020-03-01,2020-04-01,0,0.002273850956092816,0
16,2020-04-01,2020-05-01,0,0.002273850956092816,0
16,2020-05-01,2020-06-01,0,0.0025653334793029406,0
16,2020-06-01,2020-07-01,0,0.0029828839989431344,0
16,2020-07-01,2020-08-01,0,0.00241626042240986,0
16,2020-08-01,2020-09-01,0,0.002273850956092816,0
16,2020-09-01,2020-10-01,0,0.0024012367621056734,0
16,2020-10-01,2020-11-01,0,0.00241626042240986,0
16,2020-11-01,2020-12-01,0,0.008868694627997876,0
16,2020-12-01,2021-01-01,0,0.008236399933987245,0
16,2021-01-01,2021-02-01,0,0.0025653334793029406,0
16,2021-02-01,2021-03-01,0,0.002273850956092816,0
16,2021-03-01,2021-04-01,0,0.0029828839989431344,0
16,2021-04-01,2021-05-01,0,0.0024012367621056734,0
16,2021-05-01,2021-06-01,0,0.0024012367621056734,0
16,2021-06-01,2021-07-01,0,0.008904352996378541,0
16,2021-07-01,2021-08-01,0,0.002273850956092816,0
16,2021-08-01,2021-09-01,0,0.0024012367621056734,0
16,2021-09-01,2021-10-01,0,0.0024012367621056734,0
16,2021-10-01,2021-11-01,0,0.0024012367621056734,0
16,2021-11-01,2021-12-01,0,0.0024012367621056734,0
16,2021-12-01,2022-01-01,0,0.0024012367621056734,0
16,2022-01-01,2022-02-01,0,0.002273850956092816,0
16,2022-02-01,2022-03-01,0,0.00241626042240986,0
16,2022-03-01,2022-04-01,0,0.006424125860064804,0
16,2022-04-01,2022-05-01,0,0.00241626042240986,0
16,2022-05-01,2022-06-01,0,0.0025653334793029406,0
16,2022-06-01,2022-07-01,0,0.009491188337225747,0
16,2022-07-01,2022-08-01,0,0.008571705374191427,0
16,2022-08-01,2022-09-01,0,0.002273850956092816,0
16,2022-09-01,2022-10-01,0,0.008006743823244072,0
16,2022-10-01,2022-11-01,0,0.008031213062227727,0
16,2022-11-01,2022-12-01,0,0.0027513692707412662,0
17,2015-02-01,2015-03-01,0,0.02498163625164873,0
17,2015-03-01,2015-04-01,0,0.0021276128580671326,0
17,2015-04-01,2015-05-01,0,0.01573173523633705,0
17,2015-05-01,2015-06-01,0,0.0042425155451384635,0
17,2015-06-01,2015-07-01,0,0.017304529957105873,0
17,2015-07-01,2015-08-01,0,0.003923721262303023,0
17,2015-08-01,2015-09-01,0,0.017717771499541856,0
17,2015-09-01,2015-10-01,0,0.016002860821312772,0
17,2015-10-01,2015-11-01,0,0.014325943313516235,0
17,2015-11-01,2015-12-01,0,0.034583595345239714,0
17,2015-12-01,2016-01-01,0,0.003858184196664678,0
17,2016-01-01,2016-02-01,0,0.003923721262303023,0
17,2016-02-01,2016-03-01,0,0.014687858162905345,0
17,2016-03-01,2016-04-01,0,0.001958927442900634,0
17,2016-04-01,2016-05-01,0,0.02240938874944893,0
17,2016-05-01,2016-06-01,0,0.002924792497743873,0
17,2016-06-01,2016-07-01,0,0.02082465032706725,0
17,2016-07-01,2016-08-01,0,0.016750463613063257,0
17,2016-08-01,2016-09-01,0,0.022010448279462944,0
17,2016-09-01,2016-10-01,0,0.0140077528452023,0
17,2016-10-01,2016-11-01,0,0.01837188718068173,0
17,2016-11-01,2016-12-01,0,0.014947763737373615,0
17,2016-12-01,2017-01-01,0,0.0027792504552135522,0
17,2017-01-01,2017-02-01,0,0.016065135750490712,0
17,2017-02-01,2017-03-01,0,0.019791654394419093,0
17,2017-03-01,2017-04-01,0,0.002476124623577155,0
17,2017-04-01,2017-05-01,0,0.0024087635777748856,0
17,2017-05-01,2017-06-01,0,0.005045133782757508,0
17,2017-06-01,2017-07-01,0,0.0024406107380081487,0
17,2017-07-01,2017-08-01,0,0.00403179953894915,0
17,2017-08-01,2017-09-01,0,0.015541742149359966,0
17,2017-09-01,2017-10-01,0,0.016382648186919944,0
17,2017-10-01,2017-11-01,0,0.004366717411104313,0
17,2017-11-01,2017-12-01,0,0.01710344758590133,0
17,2017-12-01,2018-01-01,0,0.0021526219592973026,0
17,2018-01-01,2018-02-01,0,0.0032699409361253533,0
17,2018-02-01,2018-03-01,0,0.003923721262303023,0
17,2018-03-01,2018-04-01,0,0.0017681193176460712,0
17,2018-04-01,2018-05-01,0,0.004178612209402439,0
17,2018-05-01,2018-06-01,0,0.002618131758104075,0
17,2018-06-01,2018-07-01,0,0.0036474681904753643,0
17,2018-07-01,2018-08-01,0,0.00213430870972089,0
17,2018-08-01,2018-09-01,0,0.003923721262303023,0
17,2018-09-01,2018-10-01,0,0.014152432107992049,0
17,2018-10-01,2018-11-01,0,0.004160973278859917,0
17,2018-11-01,2018-12-01,0,0.002571483470265277,0
17,2018-12-01,2019-01-01,0,0.0019467577113621067,0
17,2019-01-01,2019-02-01,0,0.014524380261548824,0
17,2019-02-01,2019-03-01,0,0.00270116814438612,0
17,2019-03-01,2019-04-01,0,0.002476124623577155,0
17,2019-04-01,2019-05-01,0,0.002225998561563356,0
17,2019-05-01,2019-06-01,0,0.0030285180743119056,0
17,2019-06-01,2019-07-01,0,0.0021526219592973026,0
17,2019-07-01,2019-08-01,0,0.001958927442900634,0
17,2019-08-01,2019-09-01,0,0.0027792504552135522,0
17,2019-09-01,2019-10-01,0,0.0036474681904753643,0
17,2019-10-01,2019-11-01,0,0.0029506016029004,0
17,2019-11-01,2019-12-01,0,0.002167934078645211,0
17,2019-12-01,2020-01-01,0,0.002271050667654015,0
17,2020-01-01,2020-02-01,0,0.0022953198846580687,0
17,2020-02-01,2020-03-01,0,0.002130164062554971,0
17,2020-03-01,2020-04-01,0,0.0018960412333206586,0
17,2020-04-01,2020-05-01,0,0.0024286069219203706,0
17,2020-05-01,2020-06-01,0,0.0016045587101105338,0
17,2020-06-01,2020-07-01,0,0.0018960412333206586,0
17,2020-07-01,2020-08-01,0,0.0024286069219203706,0
17,2020-08-01,2020-09-01,0,0.0021080004997937156,0
17,2020-09-01,2020-10-01,0,0.002271050667654015,0
17,2020-10-01,2020-11-01,0,0.005998084818263062,0
17,2020-11-01,2020-12-01,0,0.0017681193176460712,0
17,2020-12-01,2021-01-01,0,0.004824270642240345,0
17,2021-01-01,2021-02-01,0,0.006127414220823086,0
17,2021-02-01,2021-03-01,0,0.0020986127555504977,0
17,2021-03-01,2021-04-01,0,0.0016045587101105338,0
17,2021-04-01,2021-05-01,0,0.0024397268366509873,0
17,2021-05-01,2021-06-01,0,0.0018960412333206586,0
17,2021-06-01,2021-07-01,0,0.001926419204345578,0
17,2021-07-01,2021-08-01,0,0.0024286069219203706,0
17,2021-08-01,2021-09-01,0,0.002097508273723703,0
17,2021-09-01,2021-10-01,0,0.0017681193176460712,0
17,2021-10-01,2021-11-01,0,0.0019439037825964474,0
17,2021-11-01,2021-12-01,0,0.0017681193176460712,0
17,2021-12-01,2022-01-01,0,0.004770740973358396,0
17,2022-01-01,2022-02-01,0,0.0021080004997937156,0
17,2022-02-01,2022-03-01,0,0.0017469681764275776,0
17,2022-03-01,2022-04-01,0,0.0016045587101105338,0
17,2022-04-01,2022-05-01,0,0.0019439037825964474,0
17,2022-05-01,2022-06-01,0,0.001910528783963115,0
17,2022-06-01,2022-07-01,0,0.0021028794769336672,0
17,2022-07-01,2022-08-01,0,0.002167934078645211,0
17,2022-08-01,2022-09-01,0,0.004178612209402439,0
17,2022-09-01,2022-10-01,0,0.016314209032262893,0
17,2022-10-01,2022-11-01,0,0.028516680972919456,0
17,2022-11-01,2022-12-01,0,0.01928467233907108,0
18,2015-02-01,2015-03-01,0,0.04204039229214358,0
18,2015-03-01,2015-04-01,0,0.06388238994325007,0
18,2015-04-01,2015-05-01,0,0.0751009676107248,0
18,2015-05-01,2015-06-01,0,0.08894395927436789,0
18,2015-06-01,2015-07-01,0,0.041938054403044406,0
18,2015-07-01,2015-08-01,0,0.04579844371206165,0
18,2015-08-01,2015-09-01,0,0.04012344679661287,0
18,2015-09-01,2015-10-01,0,0.04204039229214358,0
18,2015-10-01,2015-11-01,0,0.04181238136705732,0
18,2015-11-01,2015-12-01,0,0.039770459296896335,0
18,2015-12-01,2016-01-01,0,0.05193848915881238,0
18,2016-01-01,2016-02-01,0,0.045190896751817235,0
18,2016-02-01,2016-03-01,0,0.03271952910891466,0
18,2016-03-01,2016-04-01,0,0.0395876677889136,0
18,2016-04-01,2016-05-01,0,0.05193848915881238,0
18,2016-05-01,2016-06-01,0,0.039403928975410264,0
18,2016-06-01,2016-07-01,0,0.09190888273769823,0
18,2016-07-01,2016-08-01,0,0.047323675057652406,0
18,2016-08-01,2016-09-01,0,0.03308605943040073,0
18,2016-09-01,2016-10-01,0,0.03308605943040073,0
18,2016-10-01,2016-11-01,0,0.04144585104557124,0
18,2016-11-01,2016-12-01,0,0.07137021062735303,0
18,2016-12-01,2017-01-01,0,0.08544174767277209,0
18,2017-01-01,2017-02-01,0,0.042743265388428986,0
18,2017-02-01,2017-03-01,0,0.0416738619706575,0
18,2017-03-01,2017-04-01,0,0.038140515555038855,0
18,2017-04-01,2017-05-01,0,0.047943218907648626,0
18,2017-05-01,2017-06-01,0,0.04144585104557124,0
18,2017-06-01,2017-07-01,0,0.09220014339021926,0
18,2017-07-01,2017-08-01,0,0.042281408930901924,0
18,2017-08-01,2017-09-01,0,0.08527305423872156,0
18,2017-09-01,2017-10-01,0,0.08655012719649281,0
18,2017-10-01,2017-11-01,0,0.04833526019590875,0
18,2017-11-01,2017-12-01,0,0.06300954273020644,0
18,2017-12-01,2018-01-01,0,0.058875110127782695,0
18,2018-01-01,2018-02-01,0,0.026020815425371765,0
18,2018-02-01,2018-03-01,0,0.036843101212181116,0
18,2018-03-01,2018-04-01,0,0.036890109310832565,0
18,2018-04-01,2018-05-01,0,0.07968458182974097,0
18,2018-05-01,2018-06-01,0,0.03584262208266762,0
18,2018-06-01,2018-07-01,0,0.047323675057652406,0
18,2018-07-01,2018-08-01,0,0.03251856023947018,0
18,2018-08-01,2018-09-01,0,0.052305019480298455,0
18,2018-09-01,2018-10-01,0,0.08599261518821857,0
18,2018-10-01,2018-11-01,0,0.04645254887578212,0
18,2018-11-01,2018-12-01,0,0.06270693828328378,0
18,2018-12-01,2019-01-01,0,0.048943698037162135,0
18,2019-01-01,2019-02-01,0,0.03607063300775388,0
18,2019-02-01,2019-03-01,0,0.026611658480791313,0
18,2019-03-01,2019-04-01,0,0.0401399858877949,0
18,2019-04-01,2019-05-01,0,0.0369687742481682,0
18,2019-05-01,2019-06-01,0,0.06999108038629327,0
18,2019-06-01,2019-07-01,0,0.041571524081558314,0
18,2019-07-01,2019-08-01,0,0.031475899589075644,0
18,2019-08-01,2019-09-01,0,0.04579844371206165,0
18,2019-09-01,2019-10-01,0,0.07381572884372152,0
18,2019-10-01,2019-11-01,0,0.03312799595158794,0
18,2019-11-01,2019-12-01,0,0.058875110127782695,0
18,2019-12-01,2020-01-01,0,0.0767829978849863,0
18,2020-01-01,2020-02-01,0,0.03980587189557405,0
18,2020-02-01,2020-03-01,0,0.04953380558129176,0
18,2020-03-01,2020-04-01,0,0.07747260770965854,0
18,2020-04-01,2020-05-01,0,0.045766808178619604,0
18,2020-05-01,2020-06-01,0,0.0486236083208209,0
18,2020-06-01,2020-07-01,0,0.040524151656448584,0
18,2020-07-01,2020-08-01,0,0.054669368812547935,0
18,2020-08-01,2020-09-01,0,0.040208965542919015,0
18,2020-09-01,2020-10-01,0,0.048845351631612445,0
18,2020-10-01,2020-11-01,0,0.04829721517952448,0
18,2020-11-01,2020-12-01,0,0.048069204254438225,0
18,2020-12-01,2021-01-01,0,0.08431206833679189,0
18,2021-01-01,2021-02-01,0,0.0812029109194428,0
18,2021-02-01,2021-03-01,0,0.048565895726457003,0
18,2021-03-01,2021-04-01,0,0.04397516670303991,0
18,2021-04-01,2021-05-01,0,0.07946816641620146,0
18,2021-05-01,2021-06-01,0,0.09563965730269083,0
18,2021-06-01,2021-07-01,0,0.045766808178619604,0
18,2021-07-01,2021-08-01,0,0.06980819299693462,0
18,2021-08-01,2021-09-01,0,0.048069204254438225,0
18,2021-09-01,2021-10-01,0,0.05290312082819884,0
18,2021-10-01,2021-11-01,0,0.048069204254438225,0
18,2021-11-01,2021-12-01,0,0.048069204254438225,0
18,2021-12-01,2022-01-01,0,0.0982937970834654,0
18,2022-01-01,2022-02-01,0,0.04460555241771954,0
18,2022-02-01,2022-03-01,0,0.05603927609100664,0
18,2022-03-01,2022-04-01,0,0.04540519581935684,0
18,2022-04-01,2022-05-01,0,0.04807428931237703,0
18,2022-05-01,2022-06-01,0,0.0406784837159959,0
18,2022-06-01,2022-07-01,0,0.08807967524067385,0
18,2022-07-01,2022-08-01,0,0.0374343537752055,0
18,2022-08-01,2022-09-01,0,0.048069204254438225,0
18,2022-09-01,2022-10-01,0,0.040208965542919015,0
18,2022-10-01,2022-11-01,0,0.05020622457006737,0
18,2022-11-01,2022-12-01,0,0.05991640915177743,0
19,2015-02-01,2015-03-01,1,0.8727728124196519,1
19,2015-03-01,2015-04-01,1,0.693566529149694,1
19,2015-04-01,2015-05-01,1,0.8718755243061277,1
19,2015-05-01,2015-06-01,0,0.867213175631568,1
19,2015-06-01,2015-07-01,1,0.8742050843044626,1
19,2015-07-01,2015-08-01,1,0.8719204349727256,1
19,2015-08-01,2015-09-01,1,0.8798780029570437,1
19,2015-09-01,2015-10-01,1,0.8744330952295488,1
19,2015-10-01,2015-11-01,1,0.8725386084578252,1
19,2015-11-01,2015-12-01,1,0.8758552769885405,1
19,2015-12-01,2016-01-01,1,0.8332982441763805,1
19,2016-01-01,2016-02-01,0,0.8386999517493553,1
19,2016-02-01,2016-03-01,1,0.8340223787363558,1
19,2016-03-01,2016-04-01,1,0.826589690605374,1
19,2016-04-01,2016-05-01,1,0.8471351419638411,1
19,2016-05-01,2016-06-01,1,0.8372920678666846,1
19,2016-06-01,2016-07-01,1,0.8748939093186014,1
19,2016-07-01,2016-08-01,1,0.8750825596851111,1
19,2016-08-01,2016-09-01,1,0.8751848401997128,1
19,2016-09-01,2016-10-01,1,0.8789565558747401,1
19,2016-10-01,2016-11-01,1,0.84681056083178,1
19,2016-11-01,2016-12-01,1,0.8480341946757153,1
19,2016-12-01,2017-01-01,1,0.8403697239890658,1
19,2017-01-01,2017-02-01,0,0.8281059557063369,1
19,2017-02-01,2017-03-01,1,0.848365221000708,1
19,2017-03-01,2017-04-01,0,0.7823881703004376,1
19,2017-04-01,2017-05-01,0,0.8018147449212353,1
19,2017-05-01,2017-06-01,1,0.8348118040003475,1
19,2017-06-01,2017-07-01,1,0.8486631755036175,1
19,2017-07-01,2017-08-01,1,0.8654696867296625,1
19,2017-08-01,2017-09-01,1,0.8575419848809004,1
19,2017-09-01,2017-10-01,1,0.8503042462237577,1
19,2017-10-01,2017-11-01,0,0.8350398149254338,1
19,2017-11-01,2017-12-01,1,0.837794502774324,1
19,2017-12-01,2018-01-01,1,0.8262527282950585,1
19,2018-01-01,2018-02-01,0,0.8280745290660287,1
19,2018-02-01,2018-03-01,0,0.737397682914774,1
19,2018-03-01,2018-04-01,1,0.42163903804765895,0
19,2018-04-01,2018-05-01,1,0.8425862625918099,1
19,2018-05-01,2018-06-01,0,0.8214684498101704,1
19,2018-06-01,2018-07-01,1,0.8734451096528361,1
19,2018-07-01,2018-08-01,0,0.8414102643551533,1
19,2018-08-01,2018-09-01,1,0.8797484638108964,1
19,2018-09-01,2018-10-01,1,0.8712709705171634,1
19,2018-10-01,2018-11-01,0,0.8344591203252419,1
19,2018-11-01,2018-12-01,0,0.8258454292140951,1
19,2018-12-01,2019-01-01,1,0.8261177554198617,1
19,2019-01-01,2019-02-01,0,0.8346127326953262,1
19,2019-02-01,2019-03-01,0,0.7029064988143051,1
19,2019-03-01,2019-04-01,0,0.4873479519083668,1
19,2019-04-01,2019-05-01,0,0.8186797766446362,1
19,2019-05-01,2019-06-01,0,0.8258454292140951,1
19,2019-06-01,2019-07-01,0,0.8354816108060471,1
19,2019-07-01,2019-08-01,1,0.8333441388011673,1
19,2019-08-01,2019-09-01,1,0.8705095906252335,1
19,2019-09-01,2019-10-01,0,0.8390608703428661,1
19,2019-10-01,2019-11-01,0,0.826287382410218,1
19,2019-11-01,2019-12-01,0,0.8191894203240612,1
19,2019-12-01,2020-01-01,0,0.6935442183783903,1
19,2020-01-01,2020-02-01,0,0.7240524235857957,1
19,2020-02-01,2020-03-01,0,0.7035260197256602,1
19,2020-03-01,2020-04-01,0,0.5120525843465106,1
19,2020-04-01,2020-05-01,0,0.5174670987587329,1
19,2020-05-01,2020-06-01,0,0.22305112606218297,0
19,2020-06-01,2020-07-01,0,0.6668972382817534,1
19,2020-07-01,2020-08-01,1,0.7027370301896674,1
19,2020-08-01,2020-09-01,0,0.7284302991728429,1
19,2020-09-01,2020-10-01,0,0.8120661284566274,1
19,2020-10-01,2020-11-01,0,0.6868855247473061,1
19,2020-11-01,2020-12-01,0,0.6772247528133521,1
19,2020-12-01,2021-01-01,0,0.5210700593035286,1
19,2021-01-01,2021-02-01,0,0.3785162377646231,0
19,2021-02-01,2021-03-01,0,0.34871981396820895,0
19,2021-03-01,2021-04-01,0,0.21902307809151492,0
19,2021-04-01,2021-05-01,0,0.5158353541413225,1
19,2021-05-01,2021-06-01,0,0.3241843653870657,0
19,2021-06-01,2021-07-01,0,0.6764584781673628,1
19,2021-07-01,2021-08-01,0,0.7030131950238541,1
19,2021-08-01,2021-09-01,0,0.540445551503341,1
19,2021-09-01,2021-10-01,0,0.510000682228991,1
19,2021-10-01,2021-11-01,0,0.6685636098670592,1
19,2021-11-01,2021-12-01,0,0.5152696954843209,1
19,2021-12-01,2022-01-01,0,0.33498049368603317,0
19,2022-01-01,2022-02-01,0,0.3362324538395973,0
19,2022-02-01,2022-03-01,0,0.22468331023688737,0
19,2022-03-01,2022-04-01,0,0.26119912936930784,0
19,2022-04-01,2022-05-01,0,0.38465239322735634,0
19,2022-05-01,2022-06-01,0,0.47974748985565296,1
19,2022-06-01,2022-07-01,0,0.6979372282927416,1
19,2022-07-01,2022-08-01,1,0.3866561162658514,0
19,2022-08-01,2022-09-01,1,0.7091260972511939,1
19,2022-09-01,2022-10-01,1,0.7921671025482456,1
19,2022-10-01,2022-11-01,1,0.816554206353156,1
19,2022-11-01,2022-12-01,0,0.8212313017270126,1
20,2015-02-01,2015-03-01,0,0.031240712378943155,0
20,2015-03-01,2015-04-01,0,0.034686265914022414,0
20,2015-04-01,2015-05-01,0,0.03497314626800857,0
20,2015-05-01,2015-06-01,0,0.044417452297783606,0
20,2015-06-01,2015-07-01,0,0.039143809917659866,0
20,2015-07-01,2015-08-01,0,0.044519790186882784,0
20,2015-08-01,2015-09-01,0,0.043291300132283016,0
20,2015-09-01,2015-10-01,0,0.043291300132283016,0
20,2015-10-01,2015-11-01,0,0.03173985265326091,0
20,2015-11-01,2015-12-01,0,0.03214294630060588,0
20,2015-12-01,2016-01-01,0,0.044519790186882784,0
20,2016-01-01,2016-02-01,0,0.03214294630060588,0
20,2016-02-01,2016-03-01,0,0.031240712378943155,0
20,2016-03-01,2016-04-01,0,0.031944681884230434,0
20,2016-04-01,2016-05-01,0,0.03173985265326091,0
20,2016-05-01,2016-06-01,0,0.031240712378943155,0
20,2016-06-01,2016-07-01,0,0.043519311057369274,0
20,2016-07-01,2016-08-01,0,0.043291300132283016,0
20,2016-08-01,2016-09-01,0,0.043519311057369274,0
20,2016-09-01,2016-10-01,0,0.031240712378943155,0
20,2016-10-01,2016-11-01,0,0.03979130154745684,0
20,2016-11-01,2016-12-01,0,0.04386967161993032,0
20,2016-12-01,2017-01-01,0,0.044291779261796525,0
20,2017-01-01,2017-02-01,0,0.04014428904717338,0
20,2017-02-01,2017-03-01,0,0.031240712378943155,0
20,2017-03-01,2017-04-01,0,0.032510172049216544,0
20,2017-04-01,2017-05-01,0,0.044932835930804896,0
20,2017-05-01,2017-06-01,0,0.053414569295575386,0
20,2017-06-01,2017-07-01,0,0.044519790186882784,0
20,2017-07-01,2017-08-01,0,0.044519790186882784,0
20,2017-08-01,2017-09-01,0,0.044519790186882784,0
20,2017-09-01,2017-10-01,0,0.03403607138442884,0
20,2017-10-01,2017-11-01,0,0.044519790186882784,0
20,2017-11-01,2017-12-01,0,0.053156093966502144,0
20,2017-12-01,2018-01-01,0,0.0472525038503441,0
20,2018-01-01,2018-02-01,0,0.042901208871461725,0
20,2018-02-01,2018-03-01,0,0.03190796903867171,0
20,2018-03-01,2018-04-01,0,0.04084228837733426,0
20,2018-04-01,2018-05-01,0,0.044291779261796525,0
20,2018-05-01,2018-06-01,0,0.053414569295575386,0
20,2018-06-01,2018-07-01,0,0.03214294630060588,0
20,2018-07-01,2018-08-01,0,0.04958138828298507,0
20,2018-08-01,2018-09-01,0,0.044519790186882784,0
20,2018-09-01,2018-10-01,0,0.03403607138442884,0
20,2018-10-01,2018-11-01,0,0.03979130154745684,0
20,2018-11-01,2018-12-01,0,0.05067044674276882,0
20,2018-12-01,2019-01-01,0,0.05465602314533887,0
20,2019-01-01,2019-02-01,0,0.044291779261796525,0
20,2019-02-01,2019-03-01,0,0.04788535987772726,0
20,2019-03-01,2019-04-01,0,0.04770556236163666,0
20,2019-04-01,2019-05-01,0,0.032119141592070376,0
20,2019-05-01,2019-06-01,0,0.0740143318777631,0
20,2019-06-01,2019-07-01,0,0.044417452297783606,0
20,2019-07-01,2019-08-01,0,0.044519790186882784,0
20,2019-08-01,2019-09-01,0,0.04386967161993032,0
20,2019-09-01,2019-10-01,0,0.031240712378943155,0
20,2019-10-01,2019-11-01,0,0.04512715224177283,0
20,2019-11-01,2019-12-01,0,0.046091766765525996,0
20,2019-12-01,2020-01-01,0,0.04269841500772007,0
20,2020-01-01,2020-02-01,0,0.06536922953328451,0
20,2020-02-01,2020-03-01,0,0.043476041331492715,0
20,2020-03-01,2020-04-01,0,0.04484872416231971,0
20,2020-04-01,2020-05-01,0,0.0862175238297583,0
20,2020-05-01,2020-06-01,0,0.09661754538557774,0
20,2020-06-01,2020-07-01,0,0.044570942734256894,0
20,2020-07-01,2020-08-01,0,0.033544318904361284,0
20,2020-08-01,2020-09-01,0,0.08528306542486062,0
20,2020-09-01,2020-10-01,0,0.04993103410388,0
20,2020-10-01,2020-11-01,0,0.047011387531761664,0
20,2020-11-01,2020-12-01,0,0.03172258921809654,0
20,2020-12-01,2021-01-01,0,0.032000370646159355,0
20,2021-01-01,2021-02-01,0,0.06735187734179131,0
20,2021-02-01,2021-03-01,0,0.059623363447755165,0
20,2021-03-01,2021-04-01,0,0.1004144175238608,0
20,2021-04-01,2021-05-01,0,0.03304970542647773,0
20,2021-05-01,2021-06-01,0,0.08728081648982597,0
20,2021-06-01,2021-07-01,0,0.03387168060613654,0
20,2021-07-01,2021-08-01,0,0.05180760288087492,0
20,2021-08-01,2021-09-01,0,0.05365899285099022,0
20,2021-09-01,2021-10-01,0,0.0501138978174017,0
20,2021-10-01,2021-11-01,0,0.06877640614709792,0
20,2021-11-01,2021-12-01,0,0.04963322626552543,0
20,2021-12-01,2022-01-01,0,0.059926239068956895,0
20,2022-01-01,2022-02-01,0,0.12439701950458215,0
20,2022-02-01,2022-03-01,0,0.1525451825473306,0
20,2022-03-01,2022-04-01,0,0.10089863291658284,0
20,2022-04-01,2022-05-01,0,0.057609470906353856,0
20,2022-05-01,2022-06-01,0,0.07110030574674121,0
20,2022-06-01,2022-07-01,0,0.04637320055306925,0
20,2022-07-01,2022-08-01,0,0.046713616440875315,0
20,2022-08-01,2022-09-01,0,0.04460121147815551,0
20,2022-09-01,2022-10-01,0,0.034337243131876506,0
20,2022-10-01,2022-11-01,0,0.04339444682073095,0
20,2022-11-01,2022-12-01,0,0.042021635158804874,0
21,2015-02-01,2015-03-01,0,0.04108876893997736,0
21,2015-03-01,2015-04-01,0,0.008140409184501827,0
21,2015-04-01,2015-05-01,0,0.03603885596623804,0
21,2015-05-01,2015-06-01,0,0.03198798829631997,0
21,2015-06-01,2015-07-01,0,0.036976860241534376,0
21,2015-07-01,2015-08-01,0,0.04141654830103153,0
21,2015-08-01,2015-09-01,0,0.07355009849025099,0
21,2015-09-01,2015-10-01,0,0.08790851413565677,0
21,2015-10-01,2015-11-01,0,0.044774847607596764,0
21,2015-11-01,2015-12-01,0,0.10003321480048837,0
21,2015-12-01,2016-01-01,0,0.07393248240345285,0
21,2016-01-01,2016-02-01,0,0.043668617620176195,0
21,2016-02-01,2016-03-01,0,0.034914895787209396,0
21,2016-03-01,2016-04-01,0,0.004917886658466114,0
21,2016-04-01,2016-05-01,0,0.03285666541770104,0
21,2016-05-01,2016-06-01,0,0.005045272464478971,0
21,2016-06-01,2016-07-01,0,0.06240963168182643,0
21,2016-07-01,2016-08-01,0,0.03772993915235946,0
21,2016-08-01,2016-09-01,0,0.08903942076193062,0
21,2016-09-01,2016-10-01,0,0.2735651832989125,0
21,2016-10-01,2016-11-01,0,0.15604927089806278,0
21,2016-11-01,2016-12-01,0,0.2763018309587898,0
21,2016-12-01,2017-01-01,0,0.05620526853491401,0
21,2017-01-01,2017-02-01,0,0.049611123093178035,0
21,2017-02-01,2017-03-01,0,0.08519062126402764,0
21,2017-03-01,2017-04-01,0,0.0074995970462409765,0
21,2017-04-01,2017-05-01,0,0.012085506286830422,0
21,2017-05-01,2017-06-01,0,0.006532310016179577,0
21,2017-06-01,2017-07-01,0,0.07247515542089875,0
21,2017-07-01,2017-08-01,0,0.07713136713891931,0
21,2017-08-01,2017-09-01,0,0.16155575617656406,0
21,2017-09-01,2017-10-01,0,0.16272775175796078,0
21,2017-10-01,2017-11-01,0,0.05432503673346454,0
21,2017-11-01,2017-12-01,0,0.048573730627286295,0
21,2017-12-01,2018-01-01,0,0.004917886658466114,0
21,2018-01-01,2018-02-01,0,0.002696554612906657,0
21,2018-02-01,2018-03-01,0,0.009704622914521024,0
21,2018-03-01,2018-04-01,0,0.002296739851907519,0
21,2018-04-01,2018-05-01,0,0.007221840116279834,0
21,2018-05-01,2018-06-01,0,0.005851747089472647,0
21,2018-06-01,2018-07-01,0,0.06267719135778659,0
21,2018-07-01,2018-08-01,0,0.07951410198081932,0
21,2018-08-01,2018-09-01,0,0.08761329279298197,0
21,2018-09-01,2018-10-01,0,0.051453932800778326,0
21,2018-10-01,2018-11-01,0,0.02870537730251263,0
21,2018-11-01,2018-12-01,0,0.04865669838614822,0
21,2018-12-01,2019-01-01,0,0.008153909983588014,0
21,2019-01-01,2019-02-01,0,0.06105815406853763,0
21,2019-02-01,2019-03-01,0,0.0025691688068938,0
21,2019-03-01,2019-04-01,0,0.0020057934383591234,0
21,2019-04-01,2019-05-01,0,0.0028939846751917507,0
21,2019-05-01,2019-06-01,0,0.002823016377618736,0
21,2019-06-01,2019-07-01,0,0.007998540108208189,0
21,2019-07-01,2019-08-01,0,0.04772492172088436,0
21,2019-08-01,2019-09-01,0,0.08140157442567317,0
21,2019-09-01,2019-10-01,0,0.06859103470755251,0
21,2019-10-01,2019-11-01,0,0.03439420250817893,0
21,2019-11-01,2019-12-01,0,0.04937617945790862,0
21,2019-12-01,2020-01-01,0,0.016052471600508846,0
21,2020-01-01,2020-02-01,0,0.009704622914521024,0
21,2020-02-01,2020-03-01,0,0.07062572282286604,0
21,2020-03-01,2020-04-01,0,0.003035952003315876,0
21,2020-04-01,2020-05-01,0,0.0020057934383591234,0
21,2020-05-01,2020-06-01,0,0.0021331792443719812,0
21,2020-06-01,2020-07-01,0,0.0028298416501689604,0
21,2020-07-01,2020-08-01,0,0.002169354045894661,0
21,2020-08-01,2020-09-01,0,0.007216566320583146,0
21,2020-09-01,2020-10-01,0,0.00221775270483218,0
21,2020-10-01,2020-11-01,0,0.0074251136778157025,0
21,2020-11-01,2020-12-01,0,0.008185329957273797,0
21,2020-12-01,2021-01-01,0,0.006234716491787082,0
21,2021-01-01,2021-02-01,0,0.0022972759615692492,0
21,2021-02-01,2021-03-01,0,0.0021331792443719812,0
21,2021-03-01,2021-04-01,0,0.002316888319842666,0
21,2021-04-01,2021-05-01,0,0.002319751145472037,0
21,2021-05-01,2021-06-01,0,0.0022972759615692492,0
21,2021-06-01,2021-07-01,0,0.007431302248160715,0
21,2021-07-01,2021-08-01,0,0.0020057934383591234,0
21,2021-08-01,2021-09-01,0,0.0024833117530075736,0
21,2021-09-01,2021-10-01,0,0.007614803832057393,0
21,2021-10-01,2021-11-01,0,0.002823016377618736,0
21,2021-11-01,2021-12-01,0,0.003487866568525987,0
21,2021-12-01,2022-01-01,0,0.002777964271528077,0
21,2022-01-01,2022-02-01,0,0.002169354045894661,0
21,2022-02-01,2022-03-01,0,0.0020057934383591234,0
21,2022-03-01,2022-04-01,0,0.0021331792443719812,0
21,2022-04-01,2022-05-01,0,0.002696554612906657,0
21,2022-05-01,2022-06-01,0,0.0021331792443719812,0
21,2022-06-01,2022-07-01,0,0.007027935450693719,0
21,2022-07-01,2022-08-01,0,0.020165338388569622,0
21,2022-08-01,2022-09-01,0,0.008984343214291618,0
21,2022-09-01,2022-10-01,0,0.007205399364152101,0
21,2022-10-01,2022-11-01,0,0.053838453409657025,0
21,2022-11-01,2022-12-01,0,0.07186772931738611,0
22,2015-02-01,2015-03-01,1,0.7378701534521204,1
22,2015-03-01,2015-04-01,1,0.23685066244716166,0
22,2015-04-01,2015-05-01,1,0.711192302092584,1
22,2015-05-01,2015-06-01,1,0.7368767191162419,1
22,2015-06-01,2015-07-01,1,0.89741188667376,1
22,2015-07-01,2015-08-01,1,0.8902766260292502,1
22,2015-08-01,2015-09-01,1,0.93673682098186,1
22,2015-09-01,2015-10-01,1,0.963507356196042,1
22,2015-10-01,2015-11-01,0,0.9183070076234209,1
22,2015-11-01,2015-12-01,1,0.9041356960205614,1
22,2015-12-01,2016-01-01,1,0.609338436931389,1
22,2016-01-01,2016-02-01,0,0.8124529323626519,1
22,2016-02-01,2016-03-01,1,0.7271146294493351,1
22,2016-03-01,2016-04-01,1,0.543167219660184,1
22,2016-04-01,2016-05-01,1,0.7866455809382656,1
22,2016-05-01,2016-06-01,1,0.7505699749683719,1
22,2016-06-01,2016-07-01,1,0.8976878616315694,1
22,2016-07-01,2016-08-01,1,0.9498379559922495,1
22,2016-08-01,2016-09-01,1,0.971839331973531,1
22,2016-09-01,2016-10-01,1,0.971839331973531,1
22,2016-10-01,2016-11-01,1,0.9719272669196496,1
22,2016-11-01,2016-12-01,1,0.93673682098186,1
22,2016-12-01,2017-01-01,1,0.8309711069367837,1
22,2017-01-01,2017-02-01,1,0.8606290180487283,1
22,2017-02-01,2017-03-01,1,0.9507906155248683,1
22,2017-03-01,2017-04-01,1,0.7244660856464323,1
22,2017-04-01,2017-05-01,1,0.7953064098679941,1
22,2017-05-01,2017-06-01,1,0.7946980159096522,1
22,2017-06-01,2017-07-01,1,0.969677885837832,1
22,2017-07-01,2017-08-01,1,0.9702989740697717,1
22,2017-08-01,2017-09-01,1,0.9718009782744171,1
22,2017-09-01,2017-10-01,1,0.9703682081872624,1
22,2017-10-01,2017-11-01,1,0.9685816296587413,1
22,2017-11-01,2017-12-01,0,0.9202885327054824,1
22,2017-12-01,2018-01-01,1,0.8821509454627954,1
22,2018-01-01,2018-02-01,0,0.7847917240795625,1
22,2018-02-01,2018-03-01,0,0.6921313611346027,1
22,2018-03-01,2018-04-01,0,0.23789644211236152,0
22,2018-04-01,2018-05-01,1,0.7262945179256746,1
22,2018-05-01,2018-06-01,1,0.7826000961023309,1
22,2018-06-01,2018-07-01,1,0.9657721800597437,1
22,2018-07-01,2018-08-01,1,0.9339649850471956,1
22,2018-08-01,2018-09-01,1,0.97007468583919,1
22,2018-09-01,2018-10-01,1,0.9702989740697717,1
22,2018-10-01,2018-11-01,1,0.9696395321387181,1
22,2018-11-01,2018-12-01,1,0.9715766900438354,1
22,2018-12-01,2019-01-01,0,0.9002215744528919,1
22,2019-01-01,2019-02-01,0,0.9193272142195646,1
22,2019-02-01,2019-03-01,1,0.6791724731585104,1
22,2019-03-01,2019-04-01,0,0.388406665274736,0
22,2019-04-01,2019-05-01,1,0.6269353328493577,1
22,2019-05-01,2019-06-01,1,0.7293376551329156,1
22,2019-06-01,2019-07-01,1,0.9022391684602474,1
22,2019-07-01,2019-08-01,1,0.9519252968300531,1
22,2019-08-01,2019-09-01,1,0.9716150437429493,1
22,2019-09-01,2019-10-01,1,0.9693417313191398,1
22,2019-10-01,2019-11-01,0,0.8980744879540093,1
22,2019-11-01,2019-12-01,1,0.8478007077560296,1
22,2019-12-01,2020-01-01,1,0.591679560937625,1
22,2020-01-01,2020-02-01,0,0.6842748658992543,1
22,2020-02-01,2020-03-01,0,0.5739360334555672,1
22,2020-03-01,2020-04-01,0,0.3843112240037055,0
22,2020-04-01,2020-05-01,0,0.097427081020185,0
22,2020-05-01,2020-06-01,0,0.003189089065237775,0
22,2020-06-01,2020-07-01,0,0.09137523602405467,0
22,2020-07-01,2020-08-01,0,0.21562330541141958,0
22,2020-08-01,2020-09-01,0,0.37740933266499815,0
22,2020-09-01,2020-10-01,0,0.6716988920589815,1
22,2020-10-01,2020-11-01,0,0.30513804920505594,0
22,2020-11-01,2020-12-01,0,0.3671404713287617,0
22,2020-12-01,2021-01-01,0,0.16093291280745603,0
22,2021-01-01,2021-02-01,0,0.04142386955987355,0
22,2021-02-01,2021-03-01,0,0.04163307425626966,0
22,2021-03-01,2021-04-01,0,0.0037851415513175963,0
22,2021-04-01,2021-05-01,0,0.04490188205327392,0
22,2021-05-01,2021-06-01,0,0.01286894189680363,0
22,2021-06-01,2021-07-01,0,0.1631402294530437,0
22,2021-07-01,2021-08-01,0,0.24806781107382753,0
22,2021-08-01,2021-09-01,0,0.37321423610749394,0
22,2021-09-01,2021-10-01,0,0.3509503066832311,0
22,2021-10-01,2021-11-01,0,0.37568194874800226,0
22,2021-11-01,2021-12-01,0,0.5528811621921318,1
22,2021-12-01,2022-01-01,0,0.31545634562045216,0
22,2022-01-01,2022-02-01,0,0.203515326256946,0
22,2022-02-01,2022-03-01,0,0.04752207730166681,0
22,2022-03-01,2022-04-01,0,0.05533177747162107,0
22,2022-04-01,2022-05-01,0,0.37829486258425543,0
22,2022-05-01,2022-06-01,0,0.23629529898936885,0
22,2022-06-01,2022-07-01,0,0.5747831399452157,1
22,2022-07-01,2022-08-01,0,0.5807745821925081,1
22,2022-08-01,2022-09-01,1,0.6833536689706435,1
22,2022-09-01,2022-10-01,1,0.6930464471888709,1
22,2022-10-01,2022-11-01,1,0.7224779885488093,1
22,2022-11-01,2022-12-01,1,0.9594914914318758,1
23,2015-02-01,2015-03-01,1,0.8947735201850713,1
23,2015-03-01,2015-04-01,1,0.8569683964771674,1
23,2015-04-01,2015-05-01,1,0.8947418694775672,1
23,2015-05-01,2015-06-01,1,0.8929066407043849,1
23,2015-06-01,2015-07-01,1,0.8925944504180061,1
23,2015-07-01,2015-08-01,1,0.8938488837607657,1
23,2015-08-01,2015-09-01,1,0.8944206155002665,1
23,2015-09-01,2015-10-01,1,0.8956723517606447,1
23,2015-10-01,2015-11-01,1,0.8957429815677423,1
23,2015-11-01,2015-12-01,1,0.8958922486300966,1
23,2015-12-01,2016-01-01,1,0.8942571255404107,1
23,2016-01-01,2016-02-01,1,0.8940607653228284,1
23,2016-02-01,2016-03-01,1,0.8944364273112593,1
23,2016-03-01,2016-04-01,1,0.8942887762479146,1
23,2016-04-01,2016-05-01,1,0.8943594060550122,1
23,2016-05-01,2016-06-01,1,0.8947657887262371,1
23,2016-06-01,2016-07-01,1,0.8956723517606447,1
23,2016-07-01,2016-08-01,1,0.8956531914171337,1
23,2016-08-01,2016-09-01,1,0.8956723517606447,1
23,2016-09-01,2016-10-01,1,0.8927692415329275,1
23,2016-10-01,2016-11-01,1,0.8945656033144278,1
23,2016-11-01,2016-12-01,1,0.894754332735797,1
23,2016-12-01,2017-01-01,1,0.8978238522106097,1
23,2017-01-01,2017-02-01,1,0.8961161833705223,1
23,2017-02-01,2017-03-01,1,0.8949954833798588,1
23,2017-03-01,2017-04-01,1,0.8944477585304882,1
23,2017-04-01,2017-05-01,1,0.8979367694417576,1
23,2017-05-01,2017-06-01,1,0.8943594060550122,1
23,2017-06-01,2017-07-01,1,0.8942887762479146,1
23,2017-07-01,2017-08-01,1,0.8945455092599851,1
23,2017-08-01,2017-09-01,1,0.8956723517606447,1
23,2017-09-01,2017-10-01,1,0.8968160694510942,1
23,2017-10-01,2017-11-01,1,0.8942887762479146,1
23,2017-11-01,2017-12-01,1,0.8979099023081906,1
23,2017-12-01,2018-01-01,1,0.8979367694417576,1
23,2018-01-01,2018-02-01,1,0.8979367694417576,1
23,2018-02-01,2018-03-01,1,0.8942887762479146,1
23,2018-03-01,2018-04-01,1,0.8393233875541187,1
23,2018-04-01,2018-05-01,1,0.8942447734063047,1
23,2018-05-01,2018-06-01,1,0.8940607653228284,1
23,2018-06-01,2018-07-01,1,0.8927692415329275,1
23,2018-07-01,2018-08-01,1,0.8942887762479146,1
23,2018-08-01,2018-09-01,1,0.8947735201850713,1
23,2018-09-01,2018-10-01,1,0.8945455092599851,1
23,2018-10-01,2018-11-01,1,0.8942571255404107,1
23,2018-11-01,2018-12-01,1,0.8921097064808494,1
23,2018-12-01,2019-01-01,1,0.8942887762479146,1
23,2019-01-01,2019-02-01,1,0.8921097064808494,1
23,2019-02-01,2019-03-01,1,0.8917888591781366,1
23,2019-03-01,2019-04-01,1,0.849280120065872,1
23,2019-04-01,2019-05-01,1,0.8921097064808494,1
23,2019-05-01,2019-06-01,1,0.8942887762479146,1
23,2019-06-01,2019-07-01,1,0.8929066407043849,1
23,2019-07-01,2019-08-01,1,0.8947735201850713,1
23,2019-08-01,2019-09-01,1,0.8938054722799583,1
23,2019-09-01,2019-10-01,1,0.8968160694510942,1
23,2019-10-01,2019-11-01,1,0.8942571255404107,1
23,2019-11-01,2019-12-01,1,0.8921097064808494,1
23,2019-12-01,2020-01-01,1,0.8937399180201157,1
23,2020-01-01,2020-02-01,1,0.8868606953423366,1
23,2020-02-01,2020-03-01,1,0.8629216612617391,1
23,2020-03-01,2020-04-01,1,0.8461927647083534,1
23,2020-04-01,2020-05-01,1,0.8409281438915513,1
23,2020-05-01,2020-06-01,1,0.35991085896991715,0
23,2020-06-01,2020-07-01,1,0.846862571514053,1
23,2020-07-01,2020-08-01,1,0.8602156546238735,1
23,2020-08-01,2020-09-01,1,0.8797949174976404,1
23,2020-09-01,2020-10-01,1,0.8963010798380373,1
23,2020-10-01,2020-11-01,1,0.8602156546238735,1
23,2020-11-01,2020-12-01,1,0.8649414625051868,1
23,2020-12-01,2021-01-01,1,0.8517807286769464,1
23,2021-01-01,2021-02-01,1,0.8415273131306106,1
23,2021-02-01,2021-03-01,1,0.7524214092939651,1
23,2021-03-01,2021-04-01,1,0.3888873277996368,0
23,2021-04-01,2021-05-01,1,0.8545397862529557,1
23,2021-05-01,2021-06-01,1,0.7612322250119605,1
23,2021-06-01,2021-07-01,1,0.8562779095140741,1
23,2021-07-01,2021-08-01,1,0.8621258089121228,1
23,2021-08-01,2021-09-01,1,0.8556623510041423,1
23,2021-09-01,2021-10-01,1,0.8422482081722852,1
23,2021-10-01,2021-11-01,1,0.8642990368616881,1
23,2021-11-01,2021-12-01,1,0.8697366334747434,1
23,2021-12-01,2022-01-01,1,0.8273650043617066,1
23,2022-01-01,2022-02-01,1,0.8081683968886201,1
23,2022-02-01,2022-03-01,1,0.4335450348495003,0
23,2022-03-01,2022-04-01,1,0.6789253028955285,1
23,2022-04-01,2022-05-01,1,0.841391509738107,1
23,2022-05-01,2022-06-01,1,0.848658900720112,1
23,2022-06-01,2022-07-01,1,0.8602002965320734,1
23,2022-07-01,2022-08-01,1,0.8608066003648539,1
23,2022-08-01,2022-09-01,1,0.8959533654017574,1
23,2022-09-01,2022-10-01,1,0.8895400147927705,1
23,2022-10-01,2022-11-01,1,0.8963569980317273,1
23,2022-11-01,2022-12-01,1,0.8963010798380373,1
24,2015-02-01,2015-03-01,1,0.9786964017296266,1
24,2015-03-01,2015-04-01,1,0.9722436951894274,1
24,2015-04-01,2015-05-01,1,0.9777527252080891,1
24,2015-05-01,2015-06-01,1,0.9747077109573985,1
24,2015-06-01,2015-07-01,1,0.9742068579510842,1
24,2015-07-01,2015-08-01,1,0.979833735406344,1
24,2015-08-01,2015-09-01,1,0.9832533883077548,1
24,2015-09-01,2015-10-01,1,0.9832533883077548,1
24,2015-10-01,2015-11-01,1,0.9810410326011815,1
24,2015-11-01,2015-12-01,1,0.9820235387650645,1
24,2015-12-01,2016-01-01,1,0.9788024000368951,1
24,2016-01-01,2016-02-01,1,0.9795658643866566,1
24,2016-02-01,2016-03-01,1,0.9791563905035181,1
24,2016-03-01,2016-04-01,1,0.9753547229629246,1
24,2016-04-01,2016-05-01,1,0.9810410326011815,1
24,2016-05-01,2016-06-01,1,0.9788536520017382,1
24,2016-06-01,2016-07-01,1,0.9832687171024149,1
24,2016-07-01,2016-08-01,1,0.9832349893043479,1
24,2016-08-01,2016-09-01,1,0.983353737911988,1
24,2016-09-01,2016-10-01,1,0.983353737911988,1
24,2016-10-01,2016-11-01,1,0.9833094278799064,1
24,2016-11-01,2016-12-01,1,0.9833130271344965,1
24,2016-12-01,2017-01-01,1,0.9817880912686887,1
24,2017-01-01,2017-02-01,1,0.9819792287329829,1
24,2017-02-01,2017-03-01,1,0.9830775796381207,1
24,2017-03-01,2017-04-01,1,0.9714374455827531,1
24,2017-04-01,2017-05-01,1,0.9783097290006408,1
24,2017-05-01,2017-06-01,1,0.9815774933419348,1
24,2017-06-01,2017-07-01,1,0.9832142644604419,1
24,2017-07-01,2017-08-01,1,0.983353737911988,1
24,2017-08-01,2017-09-01,1,0.9832710741807924,1
24,2017-09-01,2017-10-01,1,0.9832349893043479,1
24,2017-10-01,2017-11-01,1,0.9832940990852462,1
24,2017-11-01,2017-12-01,1,0.9832687171024149,1
24,2017-12-01,2018-01-01,1,0.9832142644604419,1
24,2018-01-01,2018-02-01,1,0.978835578364268,1
24,2018-02-01,2018-03-01,1,0.9803368896126853,1
24,2018-03-01,2018-04-01,1,0.9764786506359473,1
24,2018-04-01,2018-05-01,1,0.9820235387650645,1
24,2018-05-01,2018-06-01,1,0.9831781795839973,1
24,2018-06-01,2018-07-01,1,0.9816670887596086,1
24,2018-07-01,2018-08-01,1,0.9832710741807924,1
24,2018-08-01,2018-09-01,1,0.9833094278799064,1
24,2018-09-01,2018-10-01,1,0.9833094278799064,1
24,2018-10-01,2018-11-01,1,0.983245260894068,1
24,2018-11-01,2018-12-01,1,0.9829889108611934,1
24,2018-12-01,2019-01-01,1,0.9830842919296782,1
24,2019-01-01,2019-02-01,1,0.9833094278799064,1
24,2019-02-01,2019-03-01,1,0.9814495076445867,1
24,2019-03-01,2019-04-01,1,0.9788093419696566,1
24,2019-04-01,2019-05-01,1,0.9818772119542437,1
24,2019-05-01,2019-06-01,1,0.9807077645523071,1
24,2019-06-01,2019-07-01,1,0.9833094278799064,1
24,2019-07-01,2019-08-01,1,0.9833094278799064,1
24,2019-08-01,2019-09-01,1,0.983353737911988,1
24,2019-09-01,2019-10-01,1,0.983245260894068,1
24,2019-10-01,2019-11-01,1,0.9829321011408428,1
24,2019-11-01,2019-12-01,1,0.9832687171024149,1
24,2019-12-01,2020-01-01,1,0.9813010180226861,1
24,2020-01-01,2020-02-01,1,0.9809220073256922,1
24,2020-02-01,2020-03-01,0,0.9774046325771405,1
24,2020-03-01,2020-04-01,0,0.9755927536101202,1
24,2020-04-01,2020-05-01,1,0.9709057405669114,1
24,2020-05-01,2020-06-01,1,0.28941645623326934,0
24,2020-06-01,2020-07-01,1,0.9671646995542613,1
24,2020-07-01,2020-08-01,1,0.9691985817418105,1
24,2020-08-01,2020-09-01,1,0.9637657271663069,1
24,2020-09-01,2020-10-01,1,0.9758590632311002,1
24,2020-10-01,2020-11-01,1,0.9699956618566214,1
24,2020-11-01,2020-12-01,1,0.967840818031688,1
24,2020-12-01,2021-01-01,1,0.9679151343455745,1
24,2021-01-01,2021-02-01,0,0.7209445016292418,1
24,2021-02-01,2021-03-01,1,0.9197106963513179,1
24,2021-03-01,2021-04-01,0,0.481060707776386,1
24,2021-04-01,2021-05-01,1,0.9682860092851965,1
24,2021-05-01,2021-06-01,1,0.923696570133408,1
24,2021-06-01,2021-07-01,1,0.9711615092614522,1
24,2021-07-01,2021-08-01,1,0.9733210403054336,1
24,2021-08-01,2021-09-01,1,0.9706426911819275,1
24,2021-09-01,2021-10-01,1,0.9273399566514742,1
24,2021-10-01,2021-11-01,1,0.9772281388571461,1
24,2021-11-01,2021-12-01,1,0.9756748911809553,1
24,2021-12-01,2022-01-01,1,0.9748974475234367,1
24,2022-01-01,2022-02-01,1,0.972424087620323,1
24,2022-02-01,2022-03-01,1,0.9690940164231687,1
24,2022-03-01,2022-04-01,1,0.9686056718649767,1
24,2022-04-01,2022-05-01,1,0.9770663604259378,1
24,2022-05-01,2022-06-01,1,0.9727651623651696,1
24,2022-06-01,2022-07-01,1,0.9757843175299652,1
24,2022-07-01,2022-08-01,1,0.9780443001008877,1
24,2022-08-01,2022-09-01,1,0.980550101591464,1
24,2022-09-01,2022-10-01,1,0.9803980256204724,1
24,2022-10-01,2022-11-01,1,0.9803980256204724,1
24,2022-11-01,2022-12-01,1,0.9816875139899044,1
25,2015-02-01,2015-03-01,1,0.9423940277871334,1
25,2015-03-01,2015-04-01,1,0.6929558099778682,1
25,2015-04-01,2015-05-01,1,0.94297233929805,1
25,2015-05-01,2015-06-01,1,0.9423940277871334,1
25,2015-06-01,2015-07-01,1,0.94297233929805,1
25,2015-07-01,2015-08-01,1,0.9423940277871334,1
25,2015-08-01,2015-09-01,1,0.937913395579237,1
25,2015-09-01,2015-10-01,1,0.94297233929805,1
25,2015-10-01,2015-11-01,1,0.941028174143309,1
25,2015-11-01,2015-12-01,1,0.9389177544934663,1
25,2015-12-01,2016-01-01,1,0.9424993108604114,1
25,2016-01-01,2016-02-01,1,0.9422858187986566,1
25,2016-02-01,2016-03-01,1,0.9422858187986566,1
25,2016-03-01,2016-04-01,1,0.9231182081004325,1
25,2016-04-01,2016-05-01,1,0.94297233929805,1
25,2016-05-01,2016-06-01,1,0.9411201303802629,1
25,2016-06-01,2016-07-01,1,0.94297233929805,1
25,2016-07-01,2016-08-01,1,0.94297233929805,1
25,2016-08-01,2016-09-01,1,0.9322167888357923,1
25,2016-09-01,2016-10-01,1,0.94297233929805,1
25,2016-10-01,2016-11-01,1,0.9389177544934663,1
25,2016-11-01,2016-12-01,1,0.9432163107292615,1
25,2016-12-01,2017-01-01,1,0.9292265116334288,1
25,2017-01-01,2017-02-01,1,0.8252969232830583,1
25,2017-02-01,2017-03-01,1,0.9424888968033035,1
25,2017-03-01,2017-04-01,1,0.926625816249166,1
25,2017-04-01,2017-05-01,1,0.9422858187986566,1
25,2017-05-01,2017-06-01,1,0.9423940277871334,1
25,2017-06-01,2017-07-01,1,0.94297233929805,1
25,2017-07-01,2017-08-01,1,0.9423940277871334,1
25,2017-08-01,2017-09-01,1,0.94297233929805,1
25,2017-09-01,2017-10-01,1,0.94297233929805,1
25,2017-10-01,2017-11-01,1,0.9423940277871334,1
25,2017-11-01,2017-12-01,1,0.9292265116334288,1
25,2017-12-01,2018-01-01,1,0.9316030014925645,1
25,2018-01-01,2018-02-01,1,0.9133313755265048,1
25,2018-02-01,2018-03-01,1,0.9402350686029289,1
25,2018-03-01,2018-04-01,1,0.709755442101345,1
25,2018-04-01,2018-05-01,1,0.9424596702804158,1
25,2018-05-01,2018-06-01,1,0.9422858187986566,1
25,2018-06-01,2018-07-01,1,0.9391323239103249,1
25,2018-07-01,2018-08-01,1,0.94297233929805,1
25,2018-08-01,2018-09-01,1,0.9391323239103249,1
25,2018-09-01,2018-10-01,1,0.9333579925173199,1
25,2018-10-01,2018-11-01,1,0.94297233929805,1
25,2018-11-01,2018-12-01,1,0.94297233929805,1
25,2018-12-01,2019-01-01,1,0.9422858187986566,1
25,2019-01-01,2019-02-01,1,0.9422858187986566,1
25,2019-02-01,2019-03-01,1,0.9422858187986566,1
25,2019-03-01,2019-04-01,1,0.926625816249166,1
25,2019-04-01,2019-05-01,1,0.9422858187986566,1
25,2019-05-01,2019-06-01,1,0.9424888968033035,1
25,2019-06-01,2019-07-01,1,0.9413232083849098,1
25,2019-07-01,2019-08-01,1,0.9385046646553883,1
25,2019-08-01,2019-09-01,1,0.9391323239103249,1
25,2019-09-01,2019-10-01,1,0.937132323910325,1
25,2019-10-01,2019-11-01,1,0.9423940277871334,1
25,2019-11-01,2019-12-01,1,0.9422858187986566,1
25,2019-12-01,2020-01-01,1,0.9376773978513315,1
25,2020-01-01,2020-02-01,1,0.9553551522060709,1
25,2020-02-01,2020-03-01,1,0.9553551522060709,1
25,2020-03-01,2020-04-01,1,0.9553551522060709,1
25,2020-04-01,2020-05-01,1,0.9242553419891136,1
25,2020-05-01,2020-06-01,1,0.4778338175920172,1
25,2020-06-01,2020-07-01,1,0.9552230266401349,1
25,2020-07-01,2020-08-01,1,0.9511129847621336,1
25,2020-08-01,2020-09-01,1,0.9553551522060709,1
25,2020-09-01,2020-10-01,1,0.9553551522060709,1
25,2020-10-01,2020-11-01,1,0.9553551522060709,1
25,2020-11-01,2020-12-01,1,0.9527403709773851,1
25,2020-12-01,2021-01-01,1,0.9111622885829679,1
25,2021-01-01,2021-02-01,1,0.8825803539681027,1
25,2021-02-01,2021-03-01,1,0.869959158949092,1
25,2021-03-01,2021-04-01,1,0.7298994072631891,1
25,2021-04-01,2021-05-01,1,0.9495756750272732,1
25,2021-05-01,2021-06-01,1,0.9078019719986838,1
25,2021-06-01,2021-07-01,1,0.9553551522060709,1
25,2021-07-01,2021-08-01,1,0.9527078843152311,1
25,2021-08-01,2021-09-01,1,0.9511129847621336,1
25,2021-09-01,2021-10-01,1,0.924011163366827,1
25,2021-10-01,2021-11-01,1,0.9243231920532194,1
25,2021-11-01,2021-12-01,1,0.9240249918564767,1
25,2021-12-01,2022-01-01,1,0.8532317686180798,1
25,2022-01-01,2022-02-01,1,0.8505178582583893,1
25,2022-02-01,2022-03-01,1,0.4752405693859107,1
25,2022-03-01,2022-04-01,1,0.7852211480683887,1
25,2022-04-01,2022-05-01,1,0.8808020530784921,1
25,2022-05-01,2022-06-01,1,0.8751166645809039,1
25,2022-06-01,2022-07-01,1,0.9243613592469135,1
25,2022-07-01,2022-08-01,1,0.9211216386297095,1
25,2022-08-01,2022-09-01,1,0.9338285288672843,1
25,2022-09-01,2022-10-01,1,0.9362586350767398,1
25,2022-10-01,2022-11-01,1,0.9542846088322735,1
25,2022-11-01,2022-12-01,1,0.9306211195920366,1
26,2015-02-01,2015-03-01,1,0.9526101650015953,1
26,2015-03-01,2015-04-01,1,0.9527268900480603,1
26,2015-04-01,2015-05-01,1,0.9544150769888389,1
26,2015-05-01,2015-06-01,1,0.9549124370634995,1
26,2015-06-01,2015-07-01,1,0.9549124370634995,1
26,2015-07-01,2015-08-01,1,0.9546950812403416,1
26,2015-08-01,2015-09-01,1,0.9544004065280515,1
26,2015-09-01,2015-10-01,1,0.9549821625602941,1
26,2015-10-01,2015-11-01,1,0.9544150769888389,1
26,2015-11-01,2015-12-01,1,0.9525758709704547,1
26,2015-12-01,2016-01-01,1,0.9548766050477103,1
26,2016-01-01,2016-02-01,1,0.954434700559192,1
26,2016-02-01,2016-03-01,1,0.9544493710199795,1
26,2016-03-01,2016-04-01,1,0.9549467310946401,1
26,2016-04-01,2016-05-01,1,0.9544150769888389,1
26,2016-05-01,2016-06-01,1,0.9549467310946401,1
26,2016-06-01,2016-07-01,1,0.9549124370634995,1
26,2016-07-01,2016-08-01,1,0.9425353751773488,1
26,2016-08-01,2016-09-01,1,0.9530206079948162,1
26,2016-09-01,2016-10-01,1,0.9552894716662543,1
26,2016-10-01,2016-11-01,1,0.9548535180001371,1
26,2016-11-01,2016-12-01,0,0.9038831817855246,1
26,2016-12-01,2017-01-01,1,0.9030845044597656,1
26,2017-01-01,2017-02-01,1,0.9102113197464076,1
26,2017-02-01,2017-03-01,1,0.9549467310946401,1
26,2017-03-01,2017-04-01,1,0.9549467310946401,1
26,2017-04-01,2017-05-01,1,0.9549467310946401,1
26,2017-05-01,2017-06-01,1,0.932739736070804,1
26,2017-06-01,2017-07-01,1,0.9549460399543089,1
26,2017-07-01,2017-08-01,1,0.9532905123369217,1
26,2017-08-01,2017-09-01,1,0.946578324728303,1
26,2017-09-01,2017-10-01,1,0.9532905123369217,1
26,2017-10-01,2017-11-01,1,0.9549324991139485,1
26,2017-11-01,2017-12-01,0,0.9548878120312777,1
26,2017-12-01,2018-01-01,1,0.920308007167852,1
26,2018-01-01,2018-02-01,0,0.9549324991139485,1
26,2018-02-01,2018-03-01,1,0.9549467310946401,1
26,2018-03-01,2018-04-01,1,0.9533739092239686,1
26,2018-04-01,2018-05-01,1,0.9548878120312777,1
26,2018-05-01,2018-06-01,1,0.9536684289744479,1
26,2018-06-01,2018-07-01,1,0.9549124370634995,1
26,2018-07-01,2018-08-01,1,0.9545171506097002,1
26,2018-08-01,2018-09-01,1,0.9532905123369217,1
26,2018-09-01,2018-10-01,1,0.9548535180001371,1
26,2018-10-01,2018-11-01,1,0.9548535180001371,1
26,2018-11-01,2018-12-01,1,0.9549324991139485,1
26,2018-12-01,2019-01-01,1,0.9548878120312777,1
26,2019-01-01,2019-02-01,1,0.9544493710199795,1
26,2019-02-01,2019-03-01,1,0.9550164565914346,1
26,2019-03-01,2019-04-01,1,0.954637164609397,1
26,2019-04-01,2019-05-01,1,0.9545601288414567,1
26,2019-05-01,2019-06-01,1,0.9545601288414567,1
26,2019-06-01,2019-07-01,1,0.9549467310946401,1
26,2019-07-01,2019-08-01,1,0.9554567837780213,1
26,2019-08-01,2019-09-01,1,0.9549124370634995,1
26,2019-09-01,2019-10-01,1,0.9548535180001371,1
26,2019-10-01,2019-11-01,1,0.9549467310946401,1
26,2019-11-01,2019-12-01,1,0.9548878120312777,1
26,2019-12-01,2020-01-01,1,0.9549324991139485,1
26,2020-01-01,2020-02-01,1,0.8936225400174377,1
26,2020-02-01,2020-03-01,1,0.8936524587527266,1
26,2020-03-01,2020-04-01,0,0.8937355809083822,1
26,2020-04-01,2020-05-01,1,0.8390864476966897,1
26,2020-05-01,2020-06-01,1,0.8605346984929062,1
26,2020-06-01,2020-07-01,1,0.8936188558619171,1
26,2020-07-01,2020-08-01,1,0.8937355809083822,1
26,2020-08-01,2020-09-01,1,0.8936188558619171,1
26,2020-09-01,2020-10-01,1,0.8932824884714803,1
26,2020-10-01,2020-11-01,1,0.8060757262712499,1
26,2020-11-01,2020-12-01,0,0.8538067582458522,1
26,2020-12-01,2021-01-01,0,0.8591266405645595,1
26,2021-01-01,2021-02-01,0,0.8042862368034285,1
26,2021-02-01,2021-03-01,1,0.8913852787798099,1
26,2021-03-01,2021-04-01,1,0.892381707171625,1
26,2021-04-01,2021-05-01,1,0.8937691837991917,1
26,2021-05-01,2021-06-01,1,0.8918883819121681,1
26,2021-06-01,2021-07-01,1,0.8031616667461265,1
26,2021-07-01,2021-08-01,0,0.8881667336331565,1
26,2021-08-01,2021-09-01,0,0.8937355809083822,1
26,2021-09-01,2021-10-01,0,0.8937355809083822,1
26,2021-10-01,2021-11-01,0,0.8929756282079645,1
26,2021-11-01,2021-12-01,0,0.8420848472642276,1
26,2021-12-01,2022-01-01,0,0.5206154295492229,1
26,2022-01-01,2022-02-01,0,0.8048455635116333,1
26,2022-02-01,2022-03-01,0,0.7922489819793928,1
26,2022-03-01,2022-04-01,0,0.8089132644487745,1
26,2022-04-01,2022-05-01,0,0.6527449585710537,1
26,2022-05-01,2022-06-01,0,0.8918883819121681,1
26,2022-06-01,2022-07-01,1,0.8420848472642276,1
26,2022-07-01,2022-08-01,0,0.8354964515053876,1
26,2022-08-01,2022-09-01,0,0.788162763596051,1
26,2022-09-01,2022-10-01,1,0.8936188558619171,1
26,2022-10-01,2022-11-01,0,0.7993853158284199,1
26,2022-11-01,2022-12-01,0,0.8881667336331565,1
27,2015-02-01,2015-03-01,1,0.8286006937151225,1
27,2015-03-01,2015-04-01,1,0.81954512133382,1
27,2015-04-01,2015-05-01,1,0.8705896707779414,1
27,2015-05-01,2015-06-01,1,0.8708197202824864,1
27,2015-06-01,2015-07-01,1,0.8701751728667413,1
27,2015-07-01,2015-08-01,1,0.8701359721114594,1
27,2015-08-01,2015-09-01,1,0.87048736315312,1
27,2015-09-01,2015-10-01,1,0.8688990906191254,1
27,2015-10-01,2015-11-01,1,0.869215238670628,1
27,2015-11-01,2015-12-01,1,0.8638888262144867,1
27,2015-12-01,2016-01-01,0,0.8565634271388749,1
27,2016-01-01,2016-02-01,0,0.87035210658873,1
27,2016-02-01,2016-03-01,1,0.8714303960670172,1
27,2016-03-01,2016-04-01,1,0.8630558172632659,1
27,2016-04-01,2016-05-01,1,0.8708700280125645,1
27,2016-05-01,2016-06-01,1,0.8702918979132063,1
27,2016-06-01,2016-07-01,1,0.8693819709281084,1
27,2016-07-01,2016-08-01,1,0.8710980389376507,1
27,2016-08-01,2016-09-01,1,0.8701751728667413,1
27,2016-09-01,2016-10-01,1,0.8701751728667413,1
27,2016-10-01,2016-11-01,0,0.8710980389376507,1
27,2016-11-01,2016-12-01,0,0.8702896538014692,1
27,2016-12-01,2017-01-01,1,0.8657516057559466,1
27,2017-01-01,2017-02-01,0,0.8486089494342821,1
27,2017-02-01,2017-03-01,1,0.8710980389376507,1
27,2017-03-01,2017-04-01,1,0.869723179355262,1
27,2017-04-01,2017-05-01,1,0.8705075299961077,1
27,2017-05-01,2017-06-01,1,0.8701751728667413,1
27,2017-06-01,2017-07-01,1,0.8625359365240985,1
27,2017-07-01,2017-08-01,1,0.8701751728667413,1
27,2017-08-01,2017-09-01,1,0.8701751728667413,1
27,2017-09-01,2017-10-01,1,0.8701751728667413,1
27,2017-10-01,2017-11-01,0,0.87048736315312,1
27,2017-11-01,2017-12-01,0,0.8708700280125645,1
27,2017-12-01,2018-01-01,1,0.8714303960670172,1
27,2018-01-01,2018-02-01,0,0.8709656335372211,1
27,2018-02-01,2018-03-01,1,0.8687941126725002,1
27,2018-03-01,2018-04-01,1,0.8637273569783873,1
27,2018-04-01,2018-05-01,1,0.8618966635992854,1
27,2018-05-01,2018-06-01,1,0.8695948891433566,1
27,2018-06-01,2018-07-01,1,0.8708700280125645,1
27,2018-07-01,2018-08-01,1,0.8701751728667413,1
27,2018-08-01,2018-09-01,1,0.8701751728667413,1
27,2018-09-01,2018-10-01,1,0.8576275879552656,1
27,2018-10-01,2018-11-01,0,0.8701751728667413,1
27,2018-11-01,2018-12-01,1,0.8710980389376507,1
27,2018-12-01,2019-01-01,0,0.8514317787771228,1
27,2019-01-01,2019-02-01,0,0.8628158213690944,1
27,2019-02-01,2019-03-01,0,0.8712023851419308,1
27,2019-03-01,2019-04-01,1,0.8684114478130557,1
27,2019-04-01,2019-05-01,1,0.8625253545631898,1
27,2019-05-01,2019-06-01,1,0.8705075299961077,1
27,2019-06-01,2019-07-01,1,0.8701751728667413,1
27,2019-07-01,2019-08-01,1,0.87048736315312,1
27,2019-08-01,2019-09-01,0,0.8574298786036149,1
27,2019-09-01,2019-10-01,0,0.8463814834907513,1
27,2019-10-01,2019-11-01,0,0.8593794336658637,1
27,2019-11-01,2019-12-01,1,0.8701751728667413,1
27,2019-12-01,2020-01-01,0,0.8714303960670172,1
27,2020-01-01,2020-02-01,0,0.42048442014672627,0
27,2020-02-01,2020-03-01,0,0.3306752333583776,0
27,2020-03-01,2020-04-01,0,0.30093036511011345,0
27,2020-04-01,2020-05-01,0,0.29029182301695194,0
27,2020-05-01,2020-06-01,0,0.16683698064115204,0
27,2020-06-01,2020-07-01,0,0.2949999066112873,0
27,2020-07-01,2020-08-01,0,0.289890520558002,0
27,2020-08-01,2020-09-01,0,0.29663779569343696,0
27,2020-09-01,2020-10-01,0,0.45034925094886097,1
27,2020-10-01,2020-11-01,0,0.29107803783901826,0
27,2020-11-01,2020-12-01,0,0.3216034996159977,0
27,2020-12-01,2021-01-01,0,0.31139853772242637,0
27,2021-01-01,2021-02-01,0,0.29254612786587414,0
27,2021-02-01,2021-03-01,0,0.2960836814575547,0
27,2021-03-01,2021-04-01,0,0.2909995798677152,0
27,2021-04-01,2021-05-01,0,0.31312211050533795,0
27,2021-05-01,2021-06-01,0,0.3037441326576049,0
27,2021-06-01,2021-07-01,0,0.312218884584854,0
27,2021-07-01,2021-08-01,0,0.3128313396256038,0
27,2021-08-01,2021-09-01,0,0.29620848879492667,0
27,2021-09-01,2021-10-01,0,0.29598072307738843,0
27,2021-10-01,2021-11-01,0,0.2949999066112873,0
27,2021-11-01,2021-12-01,0,0.2955601084664804,0
27,2021-12-01,2022-01-01,0,0.29025311355595074,0
27,2022-01-01,2022-02-01,0,0.31441673092818645,0
27,2022-02-01,2022-03-01,0,0.2896523494183096,0
27,2022-03-01,2022-04-01,0,0.3102719939105229,0
27,2022-04-01,2022-05-01,0,0.2910662430763798,0
27,2022-05-01,2022-06-01,0,0.2905031709793026,0
27,2022-06-01,2022-07-01,0,0.2964364997200129,0
27,2022-07-01,2022-08-01,0,0.452503230981401,1
27,2022-08-01,2022-09-01,0,0.42375016925741943,0
27,2022-09-01,2022-10-01,1,0.5132371097774729,1
27,2022-10-01,2022-11-01,0,0.4431340918232278,0
27,2022-11-01,2022-12-01,0,0.5045401092427574,1
28,2015-02-01,2015-03-01,1,0.9651373461540296,1
28,2015-03-01,2015-04-01,1,0.6551065922833202,1
28,2015-04-01,2015-05-01,1,0.9745804071840101,1
28,2015-05-01,2015-06-01,1,0.9702098337054609,1
28,2015-06-01,2015-07-01,1,0.9677760240194244,1
28,2015-07-01,2015-08-01,1,0.9788946659498937,1
28,2015-08-01,2015-09-01,1,0.9791505157108413,1
28,2015-09-01,2015-10-01,1,0.9795447509950466,1
28,2015-10-01,2015-11-01,1,0.977244966055931,1
28,2015-11-01,2015-12-01,1,0.9789081623204539,1
28,2015-12-01,2016-01-01,1,0.9735017940798832,1
28,2016-01-01,2016-02-01,1,0.977101228804248,1
28,2016-02-01,2016-03-01,1,0.9755834048557964,1
28,2016-03-01,2016-04-01,1,0.9700434558392647,1
28,2016-04-01,2016-05-01,1,0.9788946659498937,1
28,2016-05-01,2016-06-01,1,0.976264446059936,1
28,2016-06-01,2016-07-01,1,0.9790628230846327,1
28,2016-07-01,2016-08-01,1,0.9788273755882568,1
28,2016-08-01,2016-09-01,1,0.9813016383607888,1
28,2016-09-01,2016-10-01,1,0.980918976604108,1
28,2016-10-01,2016-11-01,1,0.9790628230846327,1
28,2016-11-01,2016-12-01,1,0.9789543460667127,1
28,2016-12-01,2017-01-01,1,0.9787717920269294,1
28,2017-01-01,2017-02-01,1,0.9788563122507798,1
28,2017-02-01,2017-03-01,1,0.9788715790242382,1
28,2017-03-01,2017-04-01,1,0.9763982811423263,1
28,2017-04-01,2017-05-01,1,0.9788563122507798,1
28,2017-05-01,2017-06-01,1,0.9790906598597544,1
28,2017-06-01,2017-07-01,1,0.9789543460667127,1
28,2017-07-01,2017-08-01,1,0.9810632961785626,1
28,2017-08-01,2017-09-01,1,0.9819756790236397,1
28,2017-09-01,2017-10-01,1,0.9821092163616951,1
28,2017-10-01,2017-11-01,1,0.9795776434719734,1
28,2017-11-01,2017-12-01,1,0.9811895848237951,1
28,2017-12-01,2018-01-01,1,0.9779133316943037,1
28,2018-01-01,2018-02-01,1,0.979204375908602,1
28,2018-02-01,2018-03-01,1,0.9789978676694706,1
28,2018-03-01,2018-04-01,1,0.975607131603362,1
28,2018-04-01,2018-05-01,1,0.9787760976409617,1
28,2018-05-01,2018-06-01,1,0.9711923682179118,1
28,2018-06-01,2018-07-01,1,0.9829394246981881,1
28,2018-07-01,2018-08-01,1,0.9814101153787087,1
28,2018-08-01,2018-09-01,1,0.9817930057500712,1
28,2018-09-01,2018-10-01,1,0.9829783348754638,1
28,2018-10-01,2018-11-01,1,0.9811016498776766,1
28,2018-11-01,2018-12-01,1,0.9795063972959326,1
28,2018-12-01,2019-01-01,1,0.9776862450773744,1
28,2019-01-01,2019-02-01,1,0.9790031842578909,1
28,2019-02-01,2019-03-01,1,0.9787608308675035,1
28,2019-03-01,2019-04-01,1,0.9737741950549345,1
28,2019-04-01,2019-05-01,1,0.9787334383278157,1
28,2019-05-01,2019-06-01,1,0.9786707328096261,1
28,2019-06-01,2019-07-01,1,0.9772114937762333,1
28,2019-07-01,2019-08-01,1,0.9819756790236397,1
28,2019-08-01,2019-09-01,1,0.9819756790236397,1
28,2019-09-01,2019-10-01,1,0.9832490684502125,1
28,2019-10-01,2019-11-01,1,0.9790628230846327,1
28,2019-11-01,2019-12-01,1,0.9790523061606405,1
28,2019-12-01,2020-01-01,1,0.9788204696942452,1
28,2020-01-01,2020-02-01,1,0.9790906598597544,1
28,2020-02-01,2020-03-01,1,0.975748409359248,1
28,2020-03-01,2020-04-01,0,0.9244009261503663,1
28,2020-04-01,2020-05-01,1,0.6411237409276141,1
28,2020-05-01,2020-06-01,1,0.07328725244081,0
28,2020-06-01,2020-07-01,1,0.7284258254516044,1
28,2020-07-01,2020-08-01,1,0.5834648113949318,1
28,2020-08-01,2020-09-01,1,0.9671040594352274,1
28,2020-09-01,2020-10-01,1,0.9367030474362332,1
28,2020-10-01,2020-11-01,1,0.8063241692661175,1
28,2020-11-01,2020-12-01,1,0.8796147749050583,1
28,2020-12-01,2021-01-01,1,0.5489888667172627,1
28,2021-01-01,2021-02-01,1,0.5704356341993769,1
28,2021-02-01,2021-03-01,1,0.5709467929901013,1
28,2021-03-01,2021-04-01,1,0.19673606628241916,0
28,2021-04-01,2021-05-01,1,0.5333529266421515,1
28,2021-05-01,2021-06-01,1,0.5017780566123421,1
28,2021-06-01,2021-07-01,1,0.8899491623820865,1
28,2021-07-01,2021-08-01,1,0.9372247804321633,1
28,2021-08-01,2021-09-01,1,0.9607753978407133,1
28,2021-09-01,2021-10-01,1,0.9505637236878667,1
28,2021-10-01,2021-11-01,1,0.9758350512986964,1
28,2021-11-01,2021-12-01,1,0.9772752353302464,1
28,2021-12-01,2022-01-01,1,0.974604441830493,1
28,2022-01-01,2022-02-01,1,0.9739141194810625,1
28,2022-02-01,2022-03-01,1,0.8759709173300328,1
28,2022-03-01,2022-04-01,1,0.8145672496172947,1
28,2022-04-01,2022-05-01,1,0.9742946933949371,1
28,2022-05-01,2022-06-01,1,0.9714426960124217,1
28,2022-06-01,2022-07-01,1,0.9682460908696877,1
28,2022-07-01,2022-08-01,1,0.9787717920269294,1
28,2022-08-01,2022-09-01,1,0.9763941056279186,1
28,2022-09-01,2022-10-01,1,0.978859726973048,1
28,2022-10-01,2022-11-01,1,0.9778445553612547,1
28,2022-11-01,2022-12-01,1,0.9789568247773642,1
29,2015-02-01,2015-03-01,1,0.9585877420722455,1
29,2015-03-01,2015-04-01,1,0.9593444951976104,1
29,2015-04-01,2015-05-01,1,0.9590584876045741,1
29,2015-05-01,2015-06-01,1,0.9587609360091308,1
29,2015-06-01,2015-07-01,1,0.9590584876045741,1
29,2015-07-01,2015-08-01,1,0.9590584876045741,1
29,2015-08-01,2015-09-01,1,0.958941762558109,1
29,2015-09-01,2015-10-01,1,0.958941762558109,1
29,2015-10-01,2015-11-01,1,0.9590584876045741,1
29,2015-11-01,2015-12-01,1,0.9590584876045741,1
29,2015-12-01,2016-01-01,1,0.9589843547993359,1
29,2016-01-01,2016-02-01,1,0.9593319781288351,1
29,2016-02-01,2016-03-01,1,0.9593319781288351,1
29,2016-03-01,2016-04-01,1,0.9594440752315642,1
29,2016-04-01,2016-05-01,1,0.959321319647266,1
29,2016-05-01,2016-06-01,1,0.959321319647266,1
29,2016-06-01,2016-07-01,1,0.9591190374957194,1
29,2016-07-01,2016-08-01,1,0.9585179067453341,1
29,2016-08-01,2016-09-01,1,0.9590023124492543,1
29,2016-09-01,2016-10-01,1,0.958941762558109,1
29,2016-10-01,2016-11-01,1,0.9590584876045741,1
29,2016-11-01,2016-12-01,1,0.9495721146795411,1
29,2016-12-01,2017-01-01,1,0.9497743968310878,1
29,2017-01-01,2017-02-01,1,0.9594440752315642,1
29,2017-02-01,2017-03-01,1,0.9592607697561208,1
29,2017-03-01,2017-04-01,1,0.9594440752315642,1
29,2017-04-01,2017-05-01,1,0.9593953706437665,1
29,2017-05-01,2017-06-01,1,0.9582467415284839,1
29,2017-06-01,2017-07-01,1,0.9590584876045741,1
29,2017-07-01,2017-08-01,1,0.9590584876045741,1
29,2017-08-01,2017-09-01,1,0.9590584876045741,1
29,2017-09-01,2017-10-01,1,0.9590584876045741,1
29,2017-10-01,2017-11-01,1,0.9380491550318648,1
29,2017-11-01,2017-12-01,1,0.949055611202045,1
29,2017-12-01,2018-01-01,1,0.9465161944833402,1
29,2018-01-01,2018-02-01,1,0.9594440752315642,1
29,2018-02-01,2018-03-01,1,0.9595046251227094,1
29,2018-03-01,2018-04-01,1,0.9593175481972747,1
29,2018-04-01,2018-05-01,1,0.9593589251291709,1
29,2018-05-01,2018-06-01,1,0.9593953706437665,1
29,2018-06-01,2018-07-01,1,0.9585941392286098,1
29,2018-07-01,2018-08-01,1,0.9590584876045741,1
29,2018-08-01,2018-09-01,1,0.958941762558109,1
29,2018-09-01,2018-10-01,1,0.958941762558109,1
29,2018-10-01,2018-11-01,1,0.9590584876045741,1
29,2018-11-01,2018-12-01,1,0.9563244235644692,1
29,2018-12-01,2019-01-01,1,0.9589941713874632,1
29,2019-01-01,2019-02-01,1,0.9554917542835697,1
29,2019-02-01,2019-03-01,1,0.9552476859015202,1
29,2019-03-01,2019-04-01,1,0.958621445393338,1
29,2019-04-01,2019-05-01,1,0.9593319781288351,1
29,2019-05-01,2019-06-01,1,0.9593319781288351,1
29,2019-06-01,2019-07-01,1,0.9590584876045741,1
29,2019-07-01,2019-08-01,1,0.9590584876045741,1
29,2019-08-01,2019-09-01,1,0.958941762558109,1
29,2019-09-01,2019-10-01,1,0.958941762558109,1
29,2019-10-01,2019-11-01,1,0.9592607697561208,1
29,2019-11-01,2019-12-01,1,0.9593319781288351,1
29,2019-12-01,2020-01-01,1,0.9594440752315642,1
29,2020-01-01,2020-02-01,1,0.9371983887279303,1
29,2020-02-01,2020-03-01,1,0.9395071401786986,1
29,2020-03-01,2020-04-01,1,0.937649191541041,1
29,2020-04-01,2020-05-01,1,0.9267331082270929,1
29,2020-05-01,2020-06-01,1,0.6923180832338532,1
29,2020-06-01,2020-07-01,1,0.9333250444914565,1
29,2020-07-01,2020-08-01,1,0.9284853350270045,1
29,2020-08-01,2020-09-01,1,0.9376827944318504,1
29,2020-09-01,2020-10-01,1,0.937649191541041,1
29,2020-10-01,2020-11-01,1,0.9378283605887174,1
29,2020-11-01,2020-12-01,1,0.9384219035783473,1
29,2020-12-01,2021-01-01,1,0.9045270747945655,1
29,2021-01-01,2021-02-01,1,0.8909875178772306,1
29,2021-02-01,2021-03-01,1,0.8889661874837039,1
29,2021-03-01,2021-04-01,1,0.7422700548390235,1
29,2021-04-01,2021-05-01,1,0.908336546176583,1
29,2021-05-01,2021-06-01,1,0.9036459606694824,1
29,2021-06-01,2021-07-01,1,0.937649191541041,1
29,2021-07-01,2021-08-01,1,0.9395071401786986,1
29,2021-08-01,2021-09-01,1,0.9388501327889196,1
29,2021-09-01,2021-10-01,1,0.9119536836664623,1
29,2021-10-01,2021-11-01,1,0.9390572363345976,1
29,2021-11-01,2021-12-01,1,0.9375288381842918,1
29,2021-12-01,2022-01-01,1,0.9042192536969714,1
29,2022-01-01,2022-02-01,1,0.903072709627199,1
29,2022-02-01,2022-03-01,1,0.8803774305183416,1
29,2022-03-01,2022-04-01,1,0.8972511424943489,1
29,2022-04-01,2022-05-01,1,0.9374922005016513,1
29,2022-05-01,2022-06-01,1,0.9379613818274197,1
29,2022-06-01,2022-07-01,1,0.9379613818274197,1
29,2022-07-01,2022-08-01,1,0.9395071401786986,1
29,2022-08-01,2022-09-01,1,0.937232838560276,1
29,2022-09-01,2022-10-01,1,0.937537094438312,1
29,2022-10-01,2022-11-01,1,0.930947612236409,1
29,2022-11-01,2022-12-01,1,0.9334045609637958,1
30,2015-02-01,2015-03-01,1,0.4926541173140592,1
30,2015-03-01,2015-04-01,1,0.20246102277878394,0
30,2015-04-01,2015-05-01,1,0.567452021500603,1
30,2015-05-01,2015-06-01,0,0.4552749949001574,1
30,2015-06-01,2015-07-01,1,0.716368963167813,1
30,2015-07-01,2015-08-01,1,0.7116746049805781,1
30,2015-08-01,2015-09-01,1,0.7090430183012021,1
30,2015-09-01,2015-10-01,0,0.7052170773917736,1
30,2015-10-01,2015-11-01,0,0.563833454981696,1
30,2015-11-01,2015-12-01,0,0.528636089407771,1
30,2015-12-01,2016-01-01,1,0.4952170130323483,1
30,2016-01-01,2016-02-01,0,0.4247667614516747,0
30,2016-02-01,2016-03-01,1,0.4862720226273074,1
30,2016-03-01,2016-04-01,0,0.20679082756815287,0
30,2016-04-01,2016-05-01,1,0.7139844382105968,1
30,2016-05-01,2016-06-01,1,0.4958923292337674,1
30,2016-06-01,2016-07-01,1,0.7091625560082864,1
30,2016-07-01,2016-08-01,1,0.5632453440999114,1
30,2016-08-01,2016-09-01,1,0.6107571017018011,1
30,2016-09-01,2016-10-01,1,0.7475627006907781,1
30,2016-10-01,2016-11-01,0,0.6636895755270913,1
30,2016-11-01,2016-12-01,0,0.5963945104822321,1
30,2016-12-01,2017-01-01,0,0.5434703002004428,1
30,2017-01-01,2017-02-01,0,0.3675357013252723,0
30,2017-02-01,2017-03-01,0,0.5147255973413131,1
30,2017-03-01,2017-04-01,0,0.42698656439685984,0
30,2017-04-01,2017-05-01,1,0.4843377749776977,1
30,2017-05-01,2017-06-01,1,0.5000639782726181,1
30,2017-06-01,2017-07-01,1,0.659276956129331,1
30,2017-07-01,2017-08-01,1,0.5006152267106077,1
30,2017-08-01,2017-09-01,1,0.7141482281420288,1
30,2017-09-01,2017-10-01,0,0.7140933269914866,1
30,2017-10-01,2017-11-01,0,0.5623628632574007,1
30,2017-11-01,2017-12-01,0,0.5652274997566957,1
30,2017-12-01,2018-01-01,0,0.47932980074920306,1
30,2018-01-01,2018-02-01,0,0.4883742923228789,1
30,2018-02-01,2018-03-01,0,0.2062270726384449,0
30,2018-03-01,2018-04-01,0,0.1924466723975871,0
30,2018-04-01,2018-05-01,1,0.4509975758586196,1
30,2018-05-01,2018-06-01,1,0.4208870194701565,0
30,2018-06-01,2018-07-01,1,0.7239470646039562,1
30,2018-07-01,2018-08-01,1,0.6883642097303804,1
30,2018-08-01,2018-09-01,1,0.7457371872293036,1
30,2018-09-01,2018-10-01,1,0.7220352032937878,1
30,2018-10-01,2018-11-01,1,0.6800361179170471,1
30,2018-11-01,2018-12-01,1,0.657581441457545,1
30,2018-12-01,2019-01-01,0,0.4897062470155347,1
30,2019-01-01,2019-02-01,0,0.49297895561461597,1
30,2019-02-01,2019-03-01,0,0.348457999965561,0
30,2019-03-01,2019-04-01,1,0.22398441375030873,0
30,2019-04-01,2019-05-01,1,0.4702208642813596,1
30,2019-05-01,2019-06-01,1,0.49064424601064616,1
30,2019-06-01,2019-07-01,1,0.5567055666766308,1
30,2019-07-01,2019-08-01,1,0.5147255973413131,1
30,2019-08-01,2019-09-01,1,0.672684210347101,1
30,2019-09-01,2019-10-01,0,0.7269670918747541,1
30,2019-10-01,2019-11-01,0,0.5649164434113076,1
30,2019-11-01,2019-12-01,0,0.45364836567042094,1
30,2019-12-01,2020-01-01,0,0.2056804264715785,0
30,2020-01-01,2020-02-01,0,0.199463496296379,0
30,2020-02-01,2020-03-01,0,0.20563691240813733,0
30,2020-03-01,2020-04-01,0,0.05604805870333649,0
30,2020-04-01,2020-05-01,0,0.0322678355277577,0
30,2020-05-01,2020-06-01,0,0.027383873275236788,0
30,2020-06-01,2020-07-01,0,0.04216478733770627,0
30,2020-07-01,2020-08-01,0,0.0441241768494198,0
30,2020-08-01,2020-09-01,0,0.15379278289047915,0
30,2020-09-01,2020-10-01,0,0.17275204137093073,0
30,2020-10-01,2020-11-01,0,0.06712251125329786,0
30,2020-11-01,2020-12-01,0,0.050243051875095875,0
30,2020-12-01,2021-01-01,0,0.035646800477539965,0
30,2021-01-01,2021-02-01,0,0.037161302644158824,0
30,2021-02-01,2021-03-01,0,0.0479350079872697,0
30,2021-03-01,2021-04-01,0,0.02499103827010915,0
30,2021-04-01,2021-05-01,0,0.042227253726733416,0
30,2021-05-01,2021-06-01,0,0.02566130910370192,0
30,2021-06-01,2021-07-01,0,0.04240357733735015,0
30,2021-07-01,2021-08-01,0,0.04551585270958667,0
30,2021-08-01,2021-09-01,0,0.06208169381259559,0
30,2021-09-01,2021-10-01,0,0.04238855642232409,0
30,2021-10-01,2021-11-01,0,0.16779837958921578,0
30,2021-11-01,2021-12-01,0,0.15375396270602923,0
30,2021-12-01,2022-01-01,0,0.045705925846120585,0
30,2022-01-01,2022-02-01,0,0.052423530419795895,0
30,2022-02-01,2022-03-01,0,0.031950993505646556,0
30,2022-03-01,2022-04-01,0,0.028779317941265332,0
30,2022-04-01,2022-05-01,0,0.04617899789522848,0
30,2022-05-01,2022-06-01,0,0.04636110424705721,0
30,2022-06-01,2022-07-01,0,0.06679675683429802,0
30,2022-07-01,2022-08-01,0,0.18851895267134317,0
30,2022-08-01,2022-09-01,0,0.21163745301070558,0
30,2022-09-01,2022-10-01,0,0.1987223772616043,0
30,2022-10-01,2022-11-01,0,0.21887016352719244,0
30,2022-11-01,2022-12-01,0,0.23226771137982988,0
31,2015-02-01,2015-03-01,0,0.029007102232305706,0
31,2015-03-01,2015-04-01,0,0.003810879249900181,0
31,2015-04-01,2015-05-01,0,0.033626182947465576,0
31,2015-05-01,2015-06-01,0,0.033860285091203424,0
31,2015-06-01,2015-07-01,0,0.04086692681755747,0
31,2015-07-01,2015-08-01,0,0.04468426644895082,0
31,2015-08-01,2015-09-01,0,0.046750422124508556,0
31,2015-09-01,2015-10-01,0,0.04673913058799597,0
31,2015-10-01,2015-11-01,0,0.03946458192242777,0
31,2015-11-01,2015-12-01,0,0.05461239115140411,0
31,2015-12-01,2016-01-01,0,0.029334860472661296,0
31,2016-01-01,2016-02-01,0,0.03937649129360485,0
31,2016-02-01,2016-03-01,0,0.03512293834086514,0
31,2016-03-01,2016-04-01,0,0.026497141839255972,0
31,2016-04-01,2016-05-01,0,0.04071177615653943,0
31,2016-05-01,2016-06-01,0,0.037239843177520465,0
31,2016-06-01,2016-07-01,0,0.03951297533314684,0
31,2016-07-01,2016-08-01,0,0.04671852847835368,0
31,2016-08-01,2016-09-01,0,0.055635336075646837,0
31,2016-09-01,2016-10-01,0,0.046382483185459684,0
31,2016-10-01,2016-11-01,0,0.048144096839843276,0
31,2016-11-01,2016-12-01,0,0.06358072239952585,0
31,2016-12-01,2017-01-01,0,0.04071177615653943,0
31,2017-01-01,2017-02-01,0,0.027766642730557355,0
31,2017-02-01,2017-03-01,0,0.03812608432822227,0
31,2017-03-01,2017-04-01,0,0.027932323808939043,0
31,2017-04-01,2017-05-01,0,0.03110645817624785,0
31,2017-05-01,2017-06-01,0,0.033860285091203424,0
31,2017-06-01,2017-07-01,0,0.038175180742114075,0
31,2017-07-01,2017-08-01,0,0.04017787225056632,0
31,2017-08-01,2017-09-01,0,0.046667348163408784,0
31,2017-09-01,2017-10-01,0,0.04736719657533765,0
31,2017-10-01,2017-11-01,0,0.04134263591996443,0
31,2017-11-01,2017-12-01,0,0.03895712221449168,0
31,2017-12-01,2018-01-01,0,0.058385817024166134,0
31,2018-01-01,2018-02-01,0,0.03474749278760426,0
31,2018-02-01,2018-03-01,0,0.03103689653685119,0
31,2018-03-01,2018-04-01,0,0.03501858590621648,0
31,2018-04-01,2018-05-01,0,0.03716379600252078,0
31,2018-05-01,2018-06-01,0,0.03435823998284836,0
31,2018-06-01,2018-07-01,0,0.046667348163408784,0
31,2018-07-01,2018-08-01,0,0.0580040708866613,0
31,2018-08-01,2018-09-01,0,0.04991841130091844,0
31,2018-09-01,2018-10-01,0,0.04373702328352301,0
31,2018-10-01,2018-11-01,0,0.05247695197693163,0
31,2018-11-01,2018-12-01,0,0.07463175969033069,0
31,2018-12-01,2019-01-01,0,0.10693706701139541,0
31,2019-01-01,2019-02-01,0,0.05526205063951958,0
31,2019-02-01,2019-03-01,0,0.06910333865854773,0
31,2019-03-01,2019-04-01,0,0.026976440795974894,0
31,2019-04-01,2019-05-01,0,0.051464405597675976,0
31,2019-05-01,2019-06-01,0,0.07039177402913839,0
31,2019-06-01,2019-07-01,0,0.04888767181139431,0
31,2019-07-01,2019-08-01,0,0.04573229932236835,0
31,2019-08-01,2019-09-01,0,0.05520490231530322,0
31,2019-09-01,2019-10-01,0,0.04373702328352301,0
31,2019-10-01,2019-11-01,0,0.07601851615297756,0
31,2019-11-01,2019-12-01,0,0.03474749278760426,0
31,2019-12-01,2020-01-01,0,0.14252030653340117,0
31,2020-01-01,2020-02-01,0,0.13127660192959192,0
31,2020-02-01,2020-03-01,0,0.035705515001381784,0
31,2020-03-01,2020-04-01,0,0.0786008307032638,0
31,2020-04-01,2020-05-01,0,0.04407275441674499,0
31,2020-05-01,2020-06-01,0,0.0024024304518118437,0
31,2020-06-01,2020-07-01,0,0.02403353813389075,0
31,2020-07-01,2020-08-01,0,0.024301270453946068,0
31,2020-08-01,2020-09-01,0,0.031646271334360515,0
31,2020-09-01,2020-10-01,0,0.0401458439217508,0
31,2020-10-01,2020-11-01,0,0.034228915632666806,0
31,2020-11-01,2020-12-01,0,0.033755149119677155,0
31,2020-12-01,2021-01-01,0,0.018701226223497985,0
31,2021-01-01,2021-02-01,0,0.021452013978606715,0
31,2021-02-01,2021-03-01,0,0.004400554536127657,0
31,2021-03-01,2021-04-01,0,0.0035356916448949743,0
31,2021-04-01,2021-05-01,0,0.004549627593020737,0
31,2021-05-01,2021-06-01,0,0.003918506722019244,0
31,2021-06-01,2021-07-01,0,0.04067166217134486,0
31,2021-07-01,2021-08-01,0,0.032640811078027514,0
31,2021-08-01,2021-09-01,0,0.03370551503701775,0
31,2021-09-01,2021-10-01,0,0.035333753966212106,0
31,2021-10-01,2021-11-01,0,0.03431802280513778,0
31,2021-11-01,2021-12-01,0,0.04517539781065547,0
31,2021-12-01,2022-01-01,0,0.0379872951753816,0
31,2022-01-01,2022-02-01,0,0.034734452369908284,0
31,2022-02-01,2022-03-01,0,0.025909080012766622,0
31,2022-03-01,2022-04-01,0,0.019671584331729098,0
31,2022-04-01,2022-05-01,0,0.034228805306197665,0
31,2022-05-01,2022-06-01,0,0.10387563125845155,0
31,2022-06-01,2022-07-01,0,0.05255888306362944,0
31,2022-07-01,2022-08-01,0,0.04665482529339985,0
31,2022-08-01,2022-09-01,0,0.06136347182425439,0
31,2022-09-01,2022-10-01,0,0.0704619054796148,0
31,2022-10-01,2022-11-01,0,0.047511655018775766,0
31,2022-11-01,2022-12-01,0,0.05178751950205604,0
32,2015-02-01,2015-03-01,1,0.9793085174792221,1
32,2015-03-01,2015-04-01,1,0.9087253288085643,1
32,2015-04-01,2015-05-01,1,0.9773959090170532,1
32,2015-05-01,2015-06-01,1,0.9821944199771359,1
32,2015-06-01,2015-07-01,1,0.9845962981019221,1
32,2015-07-01,2015-08-01,1,0.9851453988674359,1
32,2015-08-01,2015-09-01,1,0.9867437166744581,1
32,2015-09-01,2015-10-01,1,0.9867598156173173,1
32,2015-10-01,2015-11-01,1,0.9828188335782252,1
32,2015-11-01,2015-12-01,1,0.9831343460711625,1
32,2015-12-01,2016-01-01,1,0.9822407794576627,1
32,2016-01-01,2016-02-01,1,0.9849576077580923,1
32,2016-02-01,2016-03-01,1,0.9845962981019221,1
32,2016-03-01,2016-04-01,1,0.9821944199771359,1
32,2016-04-01,2016-05-01,1,0.9854703272478853,1
32,2016-05-01,2016-06-01,1,0.9826703028374806,1
32,2016-06-01,2016-07-01,1,0.9867437166744581,1
32,2016-07-01,2016-08-01,1,0.9867598156173173,1
32,2016-08-01,2016-09-01,1,0.9868514315472146,1
32,2016-09-01,2016-10-01,1,0.9868514315472146,1
32,2016-10-01,2016-11-01,1,0.9868514315472146,1
32,2016-11-01,2016-12-01,1,0.9868514315472146,1
32,2016-12-01,2017-01-01,1,0.9867598156173173,1
32,2017-01-01,2017-02-01,1,0.9854703272478853,1
32,2017-02-01,2017-03-01,1,0.9867437166744581,1
32,2017-03-01,2017-04-01,1,0.9823360298113909,1
32,2017-04-01,2017-05-01,1,0.9845962981019221,1
32,2017-05-01,2017-06-01,1,0.9867437166744581,1
32,2017-06-01,2017-07-01,1,0.9867598156173173,1
32,2017-07-01,2017-08-01,1,0.9868514315472146,1
32,2017-08-01,2017-09-01,1,0.9868514315472146,1
32,2017-09-01,2017-10-01,1,0.9868514315472146,1
32,2017-10-01,2017-11-01,1,0.9868514315472146,1
32,2017-11-01,2017-12-01,1,0.9868514315472146,1
32,2017-12-01,2018-01-01,1,0.9868514315472146,1
32,2018-01-01,2018-02-01,1,0.9868514315472146,1
32,2018-02-01,2018-03-01,1,0.9867598156173173,1
32,2018-03-01,2018-04-01,1,0.9822873720286198,1
32,2018-04-01,2018-05-01,1,0.9867437166744581,1
32,2018-05-01,2018-06-01,1,0.9868514315472146,1
32,2018-06-01,2018-07-01,1,0.9868514315472146,1
32,2018-07-01,2018-08-01,1,0.9868514315472146,1
32,2018-08-01,2018-09-01,1,0.9868514315472146,1
32,2018-09-01,2018-10-01,1,0.9868514315472146,1
32,2018-10-01,2018-11-01,1,0.9868514315472146,1
32,2018-11-01,2018-12-01,1,0.9868514315472146,1
32,2018-12-01,2019-01-01,1,0.9867598156173173,1
32,2019-01-01,2019-02-01,1,0.9868514315472146,1
32,2019-02-01,2019-03-01,1,0.9867437166744581,1
32,2019-03-01,2019-04-01,1,0.9854703272478853,1
32,2019-04-01,2019-05-01,1,0.9867598156173173,1
32,2019-05-01,2019-06-01,1,0.9867437166744581,1
32,2019-06-01,2019-07-01,1,0.9868514315472146,1
32,2019-07-01,2019-08-01,1,0.9868514315472146,1
32,2019-08-01,2019-09-01,1,0.9868514315472146,1
32,2019-09-01,2019-10-01,1,0.9868514315472146,1
32,2019-10-01,2019-11-01,1,0.9868514315472146,1
32,2019-11-01,2019-12-01,1,0.9868514315472146,1
32,2019-12-01,2020-01-01,1,0.9868514315472146,1
32,2020-01-01,2020-02-01,1,0.9831957585986284,1
32,2020-02-01,2020-03-01,1,0.980852691871332,1
32,2020-03-01,2020-04-01,0,0.9810197238496878,1
32,2020-04-01,2020-05-01,1,0.9630827865252052,1
32,2020-05-01,2020-06-01,0,0.17760963412436573,0
32,2020-06-01,2020-07-01,1,0.9620071174437355,1
32,2020-07-01,2020-08-01,1,0.8898636108442072,1
32,2020-08-01,2020-09-01,1,0.9485790752137667,1
32,2020-09-01,2020-10-01,1,0.9786803478207411,1
32,2020-10-01,2020-11-01,0,0.949015496718148,1
32,2020-11-01,2020-12-01,0,0.9307393354873761,1
32,2020-12-01,2021-01-01,0,0.8391005305170891,1
32,2021-01-01,2021-02-01,0,0.9386950396326071,1
32,2021-02-01,2021-03-01,0,0.8720412283626087,1
32,2021-03-01,2021-04-01,0,0.4515632261295382,1
32,2021-04-01,2021-05-01,1,0.8624803726997172,1
32,2021-05-01,2021-06-01,1,0.8757297244805168,1
32,2021-06-01,2021-07-01,1,0.9723949830019466,1
32,2021-07-01,2021-08-01,1,0.9771292866169178,1
32,2021-08-01,2021-09-01,1,0.9790586270328019,1
32,2021-09-01,2021-10-01,1,0.9812578454698225,1
32,2021-10-01,2021-11-01,1,0.9750130759261179,1
32,2021-11-01,2021-12-01,1,0.9836009121971191,1
32,2021-12-01,2022-01-01,1,0.9795550617884471,1
32,2022-01-01,2022-02-01,1,0.9786803478207411,1
32,2022-02-01,2022-03-01,1,0.9787630115519366,1
32,2022-03-01,2022-04-01,1,0.9772615755397177,1
32,2022-04-01,2022-05-01,1,0.9834931973243626,1
32,2022-05-01,2022-06-01,1,0.9786803478207411,1
32,2022-06-01,2022-07-01,1,0.9833565125020413,1
32,2022-07-01,2022-08-01,1,0.9831957585986284,1
32,2022-08-01,2022-09-01,1,0.9836239371015729,1
32,2022-09-01,2022-10-01,1,0.9835750989103945,1
32,2022-10-01,2022-11-01,1,0.9836835759283146,1
32,2022-11-01,2022-12-01,1,0.9833187488775199,1
33,2015-02-01,2015-03-01,0,0.11425604216001709,0
33,2015-03-01,2015-04-01,0,0.054201978707860705,0
33,2015-04-01,2015-05-01,0,0.13244675217314736,0
33,2015-05-01,2015-06-01,0,0.10535463579482165,0
33,2015-06-01,2015-07-01,0,0.049084522447425546,0
33,2015-07-01,2015-08-01,0,0.04439890182778754,0
33,2015-08-01,2015-09-01,0,0.04058227537829194,0
33,2015-09-01,2015-10-01,0,0.040281268372573946,0
33,2015-10-01,2015-11-01,0,0.04464335514840963,0
33,2015-11-01,2015-12-01,0,0.07195250481479325,0
33,2015-12-01,2016-01-01,0,0.10472550066603865,0
33,2016-01-01,2016-02-01,0,0.06449604650861335,0
33,2016-02-01,2016-03-01,0,0.04055201979264867,0
33,2016-03-01,2016-04-01,0,0.10294168485392684,0
33,2016-04-01,2016-05-01,0,0.05406846828193019,0
33,2016-05-01,2016-06-01,0,0.062385377149697975,0
33,2016-06-01,2016-07-01,0,0.040281268372573946,0
33,2016-07-01,2016-08-01,0,0.050592262295337836,0
33,2016-08-01,2016-09-01,0,0.04412978015814077,0
33,2016-09-01,2016-10-01,0,0.0394071525655196,0
33,2016-10-01,2016-11-01,0,0.0662439283745546,0
33,2016-11-01,2016-12-01,0,0.047953979458596085,0
33,2016-12-01,2017-01-01,0,0.039211714867123076,0
33,2017-01-01,2017-02-01,0,0.05718220434308168,0
33,2017-02-01,2017-03-01,0,0.040795130449564496,0
33,2017-03-01,2017-04-01,0,0.09999200445572201,0
33,2017-04-01,2017-05-01,0,0.06531928193868104,0
33,2017-05-01,2017-06-01,0,0.04028183027443437,0
33,2017-06-01,2017-07-01,0,0.06747599492136432,0
33,2017-07-01,2017-08-01,0,0.05342238348289755,0
33,2017-08-01,2017-09-01,0,0.061107925039288934,0
33,2017-09-01,2017-10-01,0,0.06341773798485988,0
33,2017-10-01,2017-11-01,0,0.06122989688449318,0
33,2017-11-01,2017-12-01,0,0.05747579378476219,0
33,2017-12-01,2018-01-01,0,0.060757761550227954,0
33,2018-01-01,2018-02-01,0,0.06880342217504862,0
33,2018-02-01,2018-03-01,0,0.06109894121388339,0
33,2018-03-01,2018-04-01,0,0.12152117392560886,0
33,2018-04-01,2018-05-01,0,0.07585795492300237,0
33,2018-05-01,2018-06-01,0,0.04103529645048718,0
33,2018-06-01,2018-07-01,0,0.06244475419525563,0
33,2018-07-01,2018-08-01,0,0.045133323095089134,0
33,2018-08-01,2018-09-01,0,0.07592360889615712,0
33,2018-09-01,2018-10-01,0,0.06759835841563451,0
33,2018-10-01,2018-11-01,0,0.07511115011656203,0
33,2018-11-01,2018-12-01,0,0.05899151356587887,0
33,2018-12-01,2019-01-01,0,0.07493911660465964,0
33,2019-01-01,2019-02-01,0,0.05255357256987805,0
33,2019-02-01,2019-03-01,0,0.04909695837047155,0
33,2019-03-01,2019-04-01,0,0.06674040526918404,0
33,2019-04-01,2019-05-01,0,0.049292759033298404,0
33,2019-05-01,2019-06-01,0,0.06643620512345741,0
33,2019-06-01,2019-07-01,0,0.06457329994507337,0
33,2019-07-01,2019-08-01,0,0.06250455225974413,0
33,2019-08-01,2019-09-01,0,0.066986888559714,0
33,2019-09-01,2019-10-01,0,0.06510881677879701,0
33,2019-10-01,2019-11-01,0,0.06568965989511345,0
33,2019-11-01,2019-12-01,0,0.0481799623210181,0
33,2019-12-01,2020-01-01,0,0.04873650570297766,0
33,2020-01-01,2020-02-01,0,0.1169485725606015,0
33,2020-02-01,2020-03-01,0,0.12254633598640244,0
33,2020-03-01,2020-04-01,0,0.08519355144627058,0
33,2020-04-01,2020-05-01,0,0.057472626409884243,0
33,2020-05-01,2020-06-01,0,0.0075804325445750125,0
33,2020-06-01,2020-07-01,0,0.07536111667100678,0
33,2020-07-01,2020-08-01,0,0.016417132356788263,0
33,2020-08-01,2020-09-01,0,0.09902535134403996,0
33,2020-09-01,2020-10-01,0,0.10062891566792294,0
33,2020-10-01,2020-11-01,0,0.07656531543568147,0
33,2020-11-01,2020-12-01,0,0.07533362097834609,0
33,2020-12-01,2021-01-01,0,0.05496264047563078,0
33,2021-01-01,2021-02-01,0,0.01875607234620364,0
33,2021-02-01,2021-03-01,0,0.017201229618812954,0
33,2021-03-01,2021-04-01,0,0.004661686053019747,0
33,2021-04-01,2021-05-01,0,0.01659254690398055,0
33,2021-05-01,2021-06-01,0,0.01946367277162648,0
33,2021-06-01,2021-07-01,0,0.07416112378009027,0
33,2021-07-01,2021-08-01,0,0.11119089829014206,0
33,2021-08-01,2021-09-01,0,0.060698640472592665,0
33,2021-09-01,2021-10-01,0,0.1045439038369966,0
33,2021-10-01,2021-11-01,0,0.10867714769033175,0
33,2021-11-01,2021-12-01,0,0.07983118215849239,0
33,2021-12-01,2022-01-01,0,0.10066469323857256,0
33,2022-01-01,2022-02-01,0,0.10794884639620242,0
33,2022-02-01,2022-03-01,0,0.1031482316775107,0
33,2022-03-01,2022-04-01,0,0.10175866810553655,0
33,2022-04-01,2022-05-01,0,0.11732914133578314,0
33,2022-05-01,2022-06-01,0,0.10414635065066967,0
33,2022-06-01,2022-07-01,0,0.07253346557214128,0
33,2022-07-01,2022-08-01,0,0.0819061222862809,0
33,2022-08-01,2022-09-01,0,0.07239548845933881,0
33,2022-09-01,2022-10-01,0,0.09438204926597307,0
33,2022-10-01,2022-11-01,0,0.06928962031655161,0
33,2022-11-01,2022-12-01,0,0.07064472036116529,0
34,2015-02-01,2015-03-01,0,0.08461591717880221,0
34,2015-03-01,2015-04-01,0,0.017354413052206173,0
34,2015-04-01,2015-05-01,0,0.09571162906537986,0
34,2015-05-01,2015-06-01,0,0.12412254403410151,0
34,2015-06-01,2015-07-01,0,0.07348699439119992,0
34,2015-07-01,2015-08-01,0,0.06451805166947326,0
34,2015-08-01,2015-09-01,0,0.07951365233775508,0
34,2015-09-01,2015-10-01,0,0.07449711399241771,0
34,2015-10-01,2015-11-01,0,0.08932958148414635,0
34,2015-11-01,2015-12-01,0,0.09892181229423144,0
34,2015-12-01,2016-01-01,0,0.11547032883203577,0
34,2016-01-01,2016-02-01,0,0.1315929427425373,0
34,2016-02-01,2016-03-01,0,0.1180662207039548,0
34,2016-03-01,2016-04-01,0,0.10669918187084836,0
34,2016-04-01,2016-05-01,0,0.1226921196082405,0
34,2016-05-01,2016-06-01,0,0.11955483159427006,0
34,2016-06-01,2016-07-01,0,0.08145931125684366,0
34,2016-07-01,2016-08-01,0,0.06654157877872695,0
34,2016-08-01,2016-09-01,0,0.08416375970438328,0
34,2016-09-01,2016-10-01,0,0.08228590197614045,0
34,2016-10-01,2016-11-01,0,0.08442051583869488,0
34,2016-11-01,2016-12-01,0,0.06803744840714664,0
34,2016-12-01,2017-01-01,0,0.07012548481475622,0
34,2017-01-01,2017-02-01,0,0.09511154069504521,0
34,2017-02-01,2017-03-01,0,0.09858226118186078,0
34,2017-03-01,2017-04-01,0,0.11237154246822613,0
34,2017-04-01,2017-05-01,0,0.09837028852055425,0
34,2017-05-01,2017-06-01,0,0.10309377527598393,0
34,2017-06-01,2017-07-01,0,0.10404414398774547,0
34,2017-07-01,2017-08-01,0,0.08566475139909947,0
34,2017-08-01,2017-09-01,0,0.06757912138955813,0
34,2017-09-01,2017-10-01,0,0.07119497278060428,0
34,2017-10-01,2017-11-01,0,0.0674936837345411,0
34,2017-11-01,2017-12-01,0,0.0711403940690894,0
34,2017-12-01,2018-01-01,0,0.08072939909290675,0
34,2018-01-01,2018-02-01,0,0.10032381978242416,0
34,2018-02-01,2018-03-01,0,0.1138648806396412,0
34,2018-03-01,2018-04-01,0,0.040428385668719445,0
34,2018-04-01,2018-05-01,0,0.09742878068347156,0
34,2018-05-01,2018-06-01,0,0.09007882412054233,0
34,2018-06-01,2018-07-01,0,0.0920762707051826,0
34,2018-07-01,2018-08-01,0,0.07554124956146767,0
34,2018-08-01,2018-09-01,0,0.07744812034272265,0
34,2018-09-01,2018-10-01,0,0.07518983125403622,0
34,2018-10-01,2018-11-01,0,0.06627147085832788,0
34,2018-11-01,2018-12-01,0,0.07364290654419237,0
34,2018-12-01,2019-01-01,0,0.08950868606749907,0
34,2019-01-01,2019-02-01,0,0.08800354883521336,0
34,2019-02-01,2019-03-01,0,0.08629064377550141,0
34,2019-03-01,2019-04-01,0,0.11122641075602144,0
34,2019-04-01,2019-05-01,0,0.09629845121228328,0
34,2019-05-01,2019-06-01,0,0.09388527225167403,0
34,2019-06-01,2019-07-01,0,0.07153630076176361,0
34,2019-07-01,2019-08-01,0,0.07893532696199546,0
34,2019-08-01,2019-09-01,0,0.06900609635885402,0
34,2019-09-01,2019-10-01,0,0.07900247003420169,0
34,2019-10-01,2019-11-01,0,0.06919441945996144,0
34,2019-11-01,2019-12-01,0,0.07542383487618472,0
34,2019-12-01,2020-01-01,0,0.10176047070136414,0
34,2020-01-01,2020-02-01,0,0.11274758788348357,0
34,2020-02-01,2020-03-01,0,0.10251696956255175,0
34,2020-03-01,2020-04-01,0,0.10236841446094301,0
34,2020-04-01,2020-05-01,0,0.05011082880931789,0
34,2020-05-01,2020-06-01,0,0.019796505200457185,0
34,2020-06-01,2020-07-01,0,0.03711460455932738,0
34,2020-07-01,2020-08-01,0,0.04356837477965752,0
34,2020-08-01,2020-09-01,0,0.050036433746664125,0
34,2020-09-01,2020-10-01,0,0.11294923702955828,0
34,2020-10-01,2020-11-01,0,0.050036433746664125,0
34,2020-11-01,2020-12-01,0,0.1003032712201273,0
34,2020-12-01,2021-01-01,0,0.04276370456525362,0
34,2021-01-01,2021-02-01,0,0.036909960702777696,0
34,2021-02-01,2021-03-01,0,0.030615939570708225,0
34,2021-03-01,2021-04-01,0,0.02290840891157662,0
34,2021-04-01,2021-05-01,0,0.024225688127800106,0
34,2021-05-01,2021-06-01,0,0.023942481659654884,0
34,2021-06-01,2021-07-01,0,0.04356837477965752,0
34,2021-07-01,2021-08-01,0,0.11535392730879906,0
34,2021-08-01,2021-09-01,0,0.12569504796524306,0
34,2021-09-01,2021-10-01,0,0.1278359493735172,0
34,2021-10-01,2021-11-01,0,0.11956222419268739,0
34,2021-11-01,2021-12-01,0,0.09813967652466583,0
34,2021-12-01,2022-01-01,0,0.132987874518664,0
34,2022-01-01,2022-02-01,0,0.120080308982513,0
34,2022-02-01,2022-03-01,0,0.11563365978256006,0
34,2022-03-01,2022-04-01,0,0.04196436884974419,0
34,2022-04-01,2022-05-01,0,0.12369010924502102,0
34,2022-05-01,2022-06-01,0,0.10867850033373955,0
34,2022-06-01,2022-07-01,0,0.08646781326015138,0
34,2022-07-01,2022-08-01,0,0.10704793538527611,0
34,2022-08-01,2022-09-01,0,0.10264487397107235,0
34,2022-09-01,2022-10-01,0,0.10680712754249971,0
34,2022-10-01,2022-11-01,0,0.09939042140329302,0
34,2022-11-01,2022-12-01,0,0.09663710265684076,0
35,2015-02-01,2015-03-01,0,0.008867390702072618,0
35,2015-03-01,2015-04-01,0,0.0021866921231379548,0
35,2015-04-01,2015-05-01,0,0.0018755972416544127,0
35,2015-05-01,2015-06-01,0,0.0018755972416544127,0
35,2015-06-01,2015-07-01,0,0.0020072410952199546,0
35,2015-07-01,2015-08-01,0,0.0018755972416544127,0
35,2015-08-01,2015-09-01,0,0.006738776414493903,0
35,2015-09-01,2015-10-01,0,0.00200298304766727,0
35,2015-10-01,2015-11-01,0,0.005874818195485426,0
35,2015-11-01,2015-12-01,0,0.005881442948368875,0
35,2015-12-01,2016-01-01,0,0.008291624896836837,0
35,2016-01-01,2016-02-01,0,0.007045292789486546,0
35,2016-02-01,2016-03-01,0,0.007956319456632659,0
35,2016-03-01,2016-04-01,0,0.008670950801845961,0
35,2016-04-01,2016-05-01,0,0.008291624896836837,0
35,2016-05-01,2016-06-01,0,0.0018755972416544127,0
35,2016-06-01,2016-07-01,0,0.0018755972416544127,0
35,2016-07-01,2016-08-01,0,0.002949281291589627,0
35,2016-08-01,2016-09-01,0,0.002178330164598081,0
35,2016-09-01,2016-10-01,0,0.002046686311032538,0
35,2016-10-01,2016-11-01,0,0.008291624896836837,0
35,2016-11-01,2016-12-01,0,0.008288985051634255,0
35,2016-12-01,2017-01-01,0,0.007683929012742049,0
35,2017-01-01,2017-02-01,0,0.00200298304766727,0
35,2017-02-01,2017-03-01,0,0.0018755972416544127,0
35,2017-03-01,2017-04-01,0,0.007055720858383139,0
35,2017-04-01,2017-05-01,0,0.007224423837213351,0
35,2017-05-01,2017-06-01,0,0.002411633715279237,0
35,2017-06-01,2017-07-01,0,0.006662777033496336,0
35,2017-07-01,2017-08-01,0,0.008291624896836837,0
35,2017-08-01,2017-09-01,0,0.00200298304766727,0
35,2017-09-01,2017-10-01,0,0.007889268000223085,0
35,2017-10-01,2017-11-01,0,0.00200298304766727,0
35,2017-11-01,2017-12-01,0,0.00200298304766727,0
35,2017-12-01,2018-01-01,0,0.0020072410952199546,0
35,2018-01-01,2018-02-01,0,0.00200298304766727,0
35,2018-02-01,2018-03-01,0,0.00200298304766727,0
35,2018-03-01,2018-04-01,0,0.00200298304766727,0
35,2018-04-01,2018-05-01,0,0.0018755972416544127,0
35,2018-05-01,2018-06-01,0,0.007834154628554506,0
35,2018-06-01,2018-07-01,0,0.0018755972416544127,0
35,2018-07-01,2018-08-01,0,0.006160640599844225,0
35,2018-08-01,2018-09-01,0,0.00200298304766727,0
35,2018-09-01,2018-10-01,0,0.002411633715279237,0
35,2018-10-01,2018-11-01,0,0.00200298304766727,0
35,2018-11-01,2018-12-01,0,0.002899436138463273,0
35,2018-12-01,2019-01-01,0,0.007956319456632659,0
35,2019-01-01,2019-02-01,0,0.007956319456632659,0
35,2019-02-01,2019-03-01,0,0.0018755972416544127,0
35,2019-03-01,2019-04-01,0,0.002899436138463273,0
35,2019-04-01,2019-05-01,0,0.00200298304766727,0
35,2019-05-01,2019-06-01,0,0.0018755972416544127,0
35,2019-06-01,2019-07-01,0,0.00200298304766727,0
35,2019-07-01,2019-08-01,0,0.00637259986631728,0
35,2019-08-01,2019-09-01,0,0.00200298304766727,0
35,2019-09-01,2019-10-01,0,0.008670950801845961,0
35,2019-10-01,2019-11-01,0,0.008191234805543525,0
35,2019-11-01,2019-12-01,0,0.007889268000223085,0
35,2019-12-01,2020-01-01,0,0.006125448284971479,0
35,2020-01-01,2020-02-01,0,0.00200298304766727,0
35,2020-02-01,2020-03-01,0,0.00200298304766727,0
35,2020-03-01,2020-04-01,0,0.00200298304766727,0
35,2020-04-01,2020-05-01,0,0.002156314152113036,0
35,2020-05-01,2020-06-01,0,0.0021866921231379548,0
35,2020-06-01,2020-07-01,0,0.0018755972416544127,0
35,2020-07-01,2020-08-01,0,0.0018755972416544127,0
35,2020-08-01,2020-09-01,0,0.0021866921231379548,0
35,2020-09-01,2020-10-01,0,0.00200298304766727,0
35,2020-10-01,2020-11-01,0,0.0028342661226301077,0
35,2020-11-01,2020-12-01,0,0.0020072410952199546,0
35,2020-12-01,2021-01-01,0,0.0020072410952199546,0
35,2021-01-01,2021-02-01,0,0.002156314152113036,0
35,2021-02-01,2021-03-01,0,0.00200298304766727,0
35,2021-03-01,2021-04-01,0,0.002156314152113036,0
35,2021-04-01,2021-05-01,0,0.0018755972416544127,0
35,2021-05-01,2021-06-01,0,0.0018755972416544127,0
35,2021-06-01,2021-07-01,0,0.0018755972416544127,0
35,2021-07-01,2021-08-01,0,0.0020072410952199546,0
35,2021-08-01,2021-09-01,0,0.0018755972416544127,0
35,2021-09-01,2021-10-01,0,0.0020072410952199546,0
35,2021-10-01,2021-11-01,0,0.0018755972416544127,0
35,2021-11-01,2021-12-01,0,0.0020072410952199546,0
35,2021-12-01,2022-01-01,0,0.0020072410952199546,0
35,2022-01-01,2022-02-01,0,0.0018755972416544127,0
35,2022-02-01,2022-03-01,0,0.0033955595403264757,0
35,2022-03-01,2022-04-01,0,0.00200298304766727,0
35,2022-04-01,2022-05-01,0,0.00200298304766727,0
35,2022-05-01,2022-06-01,0,0.0018755972416544127,0
35,2022-06-01,2022-07-01,0,0.00200298304766727,0
35,2022-07-01,2022-08-01,0,0.002967929668162832,0
35,2022-08-01,2022-09-01,0,0.008428374151753704,0
35,2022-09-01,2022-10-01,0,0.002214942314140327,0
35,2022-10-01,2022-11-01,0,0.003875597241654414,0
35,2022-11-01,2022-12-01,0,0.0024970370931072347,0
36,2015-02-01,2015-03-01,0,0.015914561197678118,0
36,2015-03-01,2015-04-01,0,0.01739104873179406,0
36,2015-04-01,2015-05-01,0,0.02260154725683004,0
36,2015-05-01,2015-06-01,0,0.016403254378878986,0
36,2015-06-01,2015-07-01,0,0.09167031484972449,0
36,2015-07-01,2015-08-01,0,0.02083026332569971,0
36,2015-08-01,2015-09-01,0,0.11161924402139767,0
36,2015-09-01,2015-10-01,0,0.04121950898628441,0
36,2015-10-01,2015-11-01,0,0.1001801749886704,0
36,2015-11-01,2015-12-01,0,0.12010946681627624,0
36,2015-12-01,2016-01-01,0,0.019463692699402162,0
36,2016-01-01,2016-02-01,0,0.03382105188068299,0
36,2016-02-01,2016-03-01,0,0.032972776380428954,0
36,2016-03-01,2016-04-01,0,0.013267204190289877,0
36,2016-04-01,2016-05-01,0,0.01817331352856225,0
36,2016-05-01,2016-06-01,0,0.018471614399897546,0
36,2016-06-01,2016-07-01,0,0.021454397947863264,0
36,2016-07-01,2016-08-01,0,0.09375229595886697,0
36,2016-08-01,2016-09-01,0,0.10915904492995612,0
36,2016-09-01,2016-10-01,0,0.0930658084912056,0
36,2016-10-01,2016-11-01,0,0.0939725541578059,0
36,2016-11-01,2016-12-01,0,0.09083888172571633,0
36,2016-12-01,2017-01-01,0,0.03323563098083665,0
36,2017-01-01,2017-02-01,0,0.016403254378878986,0
36,2017-02-01,2017-03-01,0,0.022189161402637624,0
36,2017-03-01,2017-04-01,0,0.020575711046235595,0
36,2017-04-01,2017-05-01,0,0.022796088001835642,0
36,2017-05-01,2017-06-01,0,0.02154783649139204,0
36,2017-06-01,2017-07-01,0,0.03338470403772973,0
36,2017-07-01,2017-08-01,0,0.10698764574962014,0
36,2017-08-01,2017-09-01,0,0.11234077020947035,0
36,2017-09-01,2017-10-01,0,0.10910314411688148,0
36,2017-10-01,2017-11-01,0,0.036264966035342884,0
36,2017-11-01,2017-12-01,0,0.11873302350585502,0
36,2017-12-01,2018-01-01,0,0.1163873694772461,0
36,2018-01-01,2018-02-01,0,0.03336667278549084,0
36,2018-02-01,2018-03-01,0,0.019756118654076244,0
36,2018-03-01,2018-04-01,0,0.013267204190289877,0
36,2018-04-01,2018-05-01,0,0.021853428008140698,0
36,2018-05-01,2018-06-01,0,0.02601312256222692,0
36,2018-06-01,2018-07-01,0,0.09534521332282615,0
36,2018-07-01,2018-08-01,0,0.11040284335348285,0
36,2018-08-01,2018-09-01,0,0.106530724987147,0
36,2018-09-01,2018-10-01,0,0.11272983444646256,0
36,2018-10-01,2018-11-01,0,0.03336667278549084,0
36,2018-11-01,2018-12-01,0,0.036264966035342884,0
36,2018-12-01,2019-01-01,0,0.023063789227838784,0
36,2019-01-01,2019-02-01,0,0.028955938888799566,0
36,2019-02-01,2019-03-01,0,0.01770441272068028,0
36,2019-03-01,2019-04-01,0,0.023582134491215937,0
36,2019-04-01,2019-05-01,0,0.027804083601144083,0
36,2019-05-01,2019-06-01,0,0.016137339678567324,0
36,2019-06-01,2019-07-01,0,0.10641453293390553,0
36,2019-07-01,2019-08-01,0,0.09734218070155728,0
36,2019-08-01,2019-09-01,0,0.10865732793342006,0
36,2019-09-01,2019-10-01,0,0.1004379469916581,0
36,2019-10-01,2019-11-01,0,0.10709091217570141,0
36,2019-11-01,2019-12-01,0,0.09146121225852652,0
36,2019-12-01,2020-01-01,0,0.01814720119812966,0
36,2020-01-01,2020-02-01,0,0.02457533770497997,0
36,2020-02-01,2020-03-01,0,0.02177285519173959,0
36,2020-03-01,2020-04-01,0,0.01477418474705526,0
36,2020-04-01,2020-05-01,0,0.024952184395928622,0
36,2020-05-01,2020-06-01,0,0.013000496412583816,0
36,2020-06-01,2020-07-01,0,0.02149058952063436,0
36,2020-07-01,2020-08-01,0,0.030778822738487404,0
36,2020-08-01,2020-09-01,0,0.018156868975588,0
36,2020-09-01,2020-10-01,0,0.02316250269165275,0
36,2020-10-01,2020-11-01,0,0.030778822738487404,0
36,2020-11-01,2020-12-01,0,0.035512413781839954,0
36,2020-12-01,2021-01-01,0,0.018422783675899657,0
36,2021-01-01,2021-02-01,0,0.018623130686829473,0
36,2021-02-01,2021-03-01,0,0.018218481788351087,0
36,2021-03-01,2021-04-01,0,0.024875742499041387,0
36,2021-04-01,2021-05-01,0,0.012115607920871503,0
36,2021-05-01,2021-06-01,0,0.013794404425335362,0
36,2021-06-01,2021-07-01,0,0.02149058952063436,0
36,2021-07-01,2021-08-01,0,0.025111108725658294,0
36,2021-08-01,2021-09-01,0,0.028844126700710886,0
36,2021-09-01,2021-10-01,0,0.018542950690848825,0
36,2021-10-01,2021-11-01,0,0.03575874596647126,0
36,2021-11-01,2021-12-01,0,0.030495390154896596,0
36,2021-12-01,2022-01-01,0,0.018962963400403206,0
36,2022-01-01,2022-02-01,0,0.016962556900449552,0
36,2022-02-01,2022-03-01,0,0.02134151646374128,0
36,2022-03-01,2022-04-01,0,0.013794404425335362,0
36,2022-04-01,2022-05-01,0,0.02019814564411494,0
36,2022-05-01,2022-06-01,0,0.01919347610125447,0
36,2022-06-01,2022-07-01,0,0.025895890470509927,0
36,2022-07-01,2022-08-01,0,0.1331234956174982,0
36,2022-08-01,2022-09-01,0,0.14704004058298012,0
36,2022-09-01,2022-10-01,0,0.15889171876530986,0
36,2022-10-01,2022-11-01,0,0.10167123380300562,0
36,2022-11-01,2022-12-01,0,0.124730553403726,0
37,2015-02-01,2015-03-01,0,0.35242771415635715,0
37,2015-03-01,2015-04-01,0,0.10545503335609709,0
37,2015-04-01,2015-05-01,0,0.37759275595876796,0
37,2015-05-01,2015-06-01,0,0.46142597471505264,1
37,2015-06-01,2015-07-01,0,0.6868303912485664,1
37,2015-07-01,2015-08-01,0,0.46570781140282347,1
37,2015-08-01,2015-09-01,0,0.6169369481480547,1
37,2015-09-01,2015-10-01,0,0.8532528429620956,1
37,2015-10-01,2015-11-01,0,0.40325310585225077,0
37,2015-11-01,2015-12-01,0,0.6504945861571373,1
37,2015-12-01,2016-01-01,0,0.2631983265631387,0
37,2016-01-01,2016-02-01,0,0.3537961449254487,0
37,2016-02-01,2016-03-01,0,0.3454934100222224,0
37,2016-03-01,2016-04-01,0,0.20474773257003237,0
37,2016-04-01,2016-05-01,0,0.3695786745667599,0
37,2016-05-01,2016-06-01,0,0.3450756859006509,0
37,2016-06-01,2016-07-01,0,0.3698246319076032,0
37,2016-07-01,2016-08-01,0,0.47818920898246486,1
37,2016-08-01,2016-09-01,0,0.6664452473438645,1
37,2016-09-01,2016-10-01,0,0.5030023741319063,1
37,2016-10-01,2016-11-01,0,0.5030023741319063,1
37,2016-11-01,2016-12-01,0,0.27933715621729466,0
37,2016-12-01,2017-01-01,0,0.24018292250460946,0
37,2017-01-01,2017-02-01,0,0.23821034837341398,0
37,2017-02-01,2017-03-01,0,0.2837413500709839,0
37,2017-03-01,2017-04-01,0,0.19188668346333185,0
37,2017-04-01,2017-05-01,0,0.20188935458027046,0
37,2017-05-01,2017-06-01,0,0.28949113457206643,0
37,2017-06-01,2017-07-01,0,0.4054050467789137,0
37,2017-07-01,2017-08-01,0,0.44166338804167227,0
37,2017-08-01,2017-09-01,0,0.4542960316258302,1
37,2017-09-01,2017-10-01,0,0.2863689466728461,0
37,2017-10-01,2017-11-01,0,0.3552598444523987,0
37,2017-11-01,2017-12-01,0,0.35646280922201323,0
37,2017-12-01,2018-01-01,0,0.3423166766328195,0
37,2018-01-01,2018-02-01,0,0.22737080659388725,0
37,2018-02-01,2018-03-01,0,0.23668394339427823,0
37,2018-03-01,2018-04-01,0,0.11690247692928077,0
37,2018-04-01,2018-05-01,0,0.2769333504076312,0
37,2018-05-01,2018-06-01,0,0.26468801029273625,0
37,2018-06-01,2018-07-01,0,0.6987726149109831,1
37,2018-07-01,2018-08-01,0,0.6112867386141929,1
37,2018-08-01,2018-09-01,0,0.661359286816775,1
37,2018-09-01,2018-10-01,0,0.3919386134244736,0
37,2018-10-01,2018-11-01,0,0.25619602427390015,0
37,2018-11-01,2018-12-01,0,0.18955011308477998,0
37,2018-12-01,2019-01-01,0,0.24851398636903818,0
37,2019-01-01,2019-02-01,0,0.22873594578137915,0
37,2019-02-01,2019-03-01,0,0.20273694605257855,0
37,2019-03-01,2019-04-01,0,0.20363563431683782,0
37,2019-04-01,2019-05-01,0,0.24307719183459328,0
37,2019-05-01,2019-06-01,0,0.24063521612427544,0
37,2019-06-01,2019-07-01,0,0.38812153335227745,0
37,2019-07-01,2019-08-01,0,0.3723249577503169,0
37,2019-08-01,2019-09-01,0,0.4803901101208712,1
37,2019-09-01,2019-10-01,0,0.398446588806969,0
37,2019-10-01,2019-11-01,0,0.3454696936492926,0
37,2019-11-01,2019-12-01,0,0.2769333504076312,0
37,2019-12-01,2020-01-01,0,0.15129522886848565,0
37,2020-01-01,2020-02-01,0,0.1811388527119638,0
37,2020-02-01,2020-03-01,0,0.16838595705758422,0
37,2020-03-01,2020-04-01,0,0.1653841083102362,0
37,2020-04-01,2020-05-01,0,0.06839099847707926,0
37,2020-05-01,2020-06-01,0,0.029911759712399774,0
37,2020-06-01,2020-07-01,0,0.17218825605715513,0
37,2020-07-01,2020-08-01,0,0.12896894885795393,0
37,2020-08-01,2020-09-01,0,0.1738389594161526,0
37,2020-09-01,2020-10-01,0,0.17509385497153693,0
37,2020-10-01,2020-11-01,0,0.08892194954730423,0
37,2020-11-01,2020-12-01,0,0.14436421559503362,0
37,2020-12-01,2021-01-01,0,0.06094890720629597,0
37,2021-01-01,2021-02-01,0,0.09432171926170801,0
37,2021-02-01,2021-03-01,0,0.06827043373294582,0
37,2021-03-01,2021-04-01,0,0.023852147360915146,0
37,2021-04-01,2021-05-01,0,0.06985056246779918,0
37,2021-05-01,2021-06-01,0,0.06839099847707926,0
37,2021-06-01,2021-07-01,0,0.08568412993617865,0
37,2021-07-01,2021-08-01,0,0.14126676114200354,0
37,2021-08-01,2021-09-01,0,0.18596464757315007,0
37,2021-09-01,2021-10-01,0,0.10533374454998387,0
37,2021-10-01,2021-11-01,0,0.18575427763417574,0
37,2021-11-01,2021-12-01,0,0.18610085188556114,0
37,2021-12-01,2022-01-01,0,0.08538628084168808,0
37,2022-01-01,2022-02-01,0,0.061131013558124676,0
37,2022-02-01,2022-03-01,0,0.05561162955677486,0
37,2022-03-01,2022-04-01,0,0.07264287967863946,0
37,2022-04-01,2022-05-01,0,0.09288819868760025,0
37,2022-05-01,2022-06-01,0,0.08821729084747237,0
37,2022-06-01,2022-07-01,0,0.10383969594396562,0
37,2022-07-01,2022-08-01,0,0.16934958315548326,0
37,2022-08-01,2022-09-01,0,0.10001468541329066,0
37,2022-09-01,2022-10-01,0,0.1774828522326719,0
37,2022-10-01,2022-11-01,0,0.17543001062491967,0
37,2022-11-01,2022-12-01,0,0.1696628388868785,0
38,2015-02-01,2015-03-01,0,0.012775304228030188,0
38,2015-03-01,2015-04-01,0,0.012379809665145137,0
38,2015-04-01,2015-05-01,0,0.011341831673779435,0
38,2015-05-01,2015-06-01,0,0.01680488926644877,0
38,2015-06-01,2015-07-01,0,0.01217555967829738,0
38,2015-07-01,2015-08-01,0,0.011341831673779435,0
38,2015-08-01,2015-09-01,0,0.012485663045895596,0
38,2015-09-01,2015-10-01,0,0.01643078592366082,0
38,2015-10-01,2015-11-01,0,0.011233075737146025,0
38,2015-11-01,2015-12-01,0,0.017478517676198468,0
38,2015-12-01,2016-01-01,0,0.011341831673779435,0
38,2016-01-01,2016-02-01,0,0.012303556694066874,0
38,2016-02-01,2016-03-01,0,0.017460486423959573,0
38,2016-03-01,2016-04-01,0,0.017329444619305388,0
38,2016-04-01,2016-05-01,0,0.017478517676198468,0
38,2016-05-01,2016-06-01,0,0.01693005389161682,0
38,2016-06-01,2016-07-01,0,0.01291414981712711,0
38,2016-07-01,2016-08-01,0,0.011341831673779435,0
38,2016-08-01,2016-09-01,0,0.012745230906665168,0
38,2016-09-01,2016-10-01,0,0.017329444619305388,0
38,2016-10-01,2016-11-01,0,0.012485663045895596,0
38,2016-11-01,2016-12-01,0,0.01726003045370255,0
38,2016-12-01,2017-01-01,0,0.01680488926644877,0
38,2017-01-01,2017-02-01,0,0.017511222047843947,0
38,2017-02-01,2017-03-01,0,0.012485663045895596,0
38,2017-03-01,2017-04-01,0,0.01680488926644877,0
38,2017-04-01,2017-05-01,0,0.01680488926644877,0
38,2017-05-01,2017-06-01,0,0.01693005389161682,0
38,2017-06-01,2017-07-01,0,0.012303556694066874,0
38,2017-07-01,2017-08-01,0,0.015148025515542337,0
38,2017-08-01,2017-09-01,0,0.012303556694066874,0
38,2017-09-01,2017-10-01,0,0.01291414981712711,0
38,2017-10-01,2017-11-01,0,0.01643078592366082,0
38,2017-11-01,2017-12-01,0,0.01291414981712711,0
38,2017-12-01,2018-01-01,0,0.017511222047843947,0
38,2018-01-01,2018-02-01,0,0.01680488926644877,0
38,2018-02-01,2018-03-01,0,0.011805982894504302,0
38,2018-03-01,2018-04-01,0,0.025005046646818446,0
38,2018-04-01,2018-05-01,0,0.011538584794256268,0
38,2018-05-01,2018-06-01,0,0.012485663045895596,0
38,2018-06-01,2018-07-01,0,0.017808494238284192,0
38,2018-07-01,2018-08-01,0,0.013034872088799759,0
38,2018-08-01,2018-09-01,0,0.015148025515542337,0
38,2018-09-01,2018-10-01,0,0.017329444619305388,0
38,2018-10-01,2018-11-01,0,0.019678301842052572,0
38,2018-11-01,2018-12-01,0,0.01257121390314787,0
38,2018-12-01,2019-01-01,0,0.01481804895345661,0
38,2019-01-01,2019-02-01,0,0.011341831673779435,0
38,2019-02-01,2019-03-01,0,0.017329444619305388,0
38,2019-03-01,2019-04-01,0,0.011341831673779435,0
38,2019-04-01,2019-05-01,0,0.011341831673779435,0
38,2019-05-01,2019-06-01,0,0.011341831673779435,0
38,2019-06-01,2019-07-01,0,0.012485663045895596,0
38,2019-07-01,2019-08-01,0,0.012485663045895596,0
38,2019-08-01,2019-09-01,0,0.012303556694066874,0
38,2019-09-01,2019-10-01,0,0.012303556694066874,0
38,2019-10-01,2019-11-01,0,0.012485663045895596,0
38,2019-11-01,2019-12-01,0,0.011341831673779435,0
38,2019-12-01,2020-01-01,0,0.012485663045895596,0
38,2020-01-01,2020-02-01,0,0.03419305372788444,0
38,2020-02-01,2020-03-01,0,0.026388529986144195,0
38,2020-03-01,2020-04-01,0,0.027999739265198616,0
38,2020-04-01,2020-05-01,0,0.026345368634912263,0
38,2020-05-01,2020-06-01,0,0.03424378935176882,0
38,2020-06-01,2020-07-01,0,0.027565239562871324,0
38,2020-07-01,2020-08-01,0,0.03435786847765161,0
38,2020-08-01,2020-09-01,0,0.027565239562871324,0
38,2020-09-01,2020-10-01,0,0.02781863095470479,0
38,2020-10-01,2020-11-01,0,0.04089898303498707,0
38,2020-11-01,2020-12-01,0,0.03419305372788444,0
38,2020-12-01,2021-01-01,0,0.03424378935176882,0
38,2021-01-01,2021-02-01,0,0.034062011923230245,0
38,2021-02-01,2021-03-01,0,0.03421108498012333,0
38,2021-03-01,2021-04-01,0,0.045108851328390556,0
38,2021-04-01,2021-05-01,0,0.034062011923230245,0
38,2021-05-01,2021-06-01,0,0.0273831332110426,0
38,2021-06-01,2021-07-01,0,0.027565239562871324,0
38,2021-07-01,2021-08-01,0,0.045108851328390556,0
38,2021-08-01,2021-09-01,0,0.04693115060661415,0
38,2021-09-01,2021-10-01,0,0.03424378935176882,0
38,2021-10-01,2021-11-01,0,0.04478921619132941,0
38,2021-11-01,2021-12-01,0,0.045108851328390556,0
38,2021-12-01,2022-01-01,0,0.03421108498012333,0
38,2022-01-01,2022-02-01,0,0.03424378935176882,0
38,2022-02-01,2022-03-01,0,0.03424378935176882,0
38,2022-03-01,2022-04-01,0,0.03419305372788444,0
38,2022-04-01,2022-05-01,0,0.04478921619132941,0
38,2022-05-01,2022-06-01,0,0.034062011923230245,0
38,2022-06-01,2022-07-01,0,0.04478921619132941,0
38,2022-07-01,2022-08-01,0,0.03901150697976281,0
38,2022-08-01,2022-09-01,0,0.0496737699150704,0
38,2022-09-01,2022-10-01,0,0.04156012938115926,0
38,2022-10-01,2022-11-01,0,0.027565239562871324,0
38,2022-11-01,2022-12-01,0,0.026388529986144195,0
39,2015-02-01,2015-03-01,0,0.0020205252867382716,0
39,2015-03-01,2015-04-01,0,0.0017290427635281462,0
39,2015-04-01,2015-05-01,0,0.0025530909753379827,0
39,2015-05-01,2015-06-01,0,0.0025530909753379827,0
39,2015-06-01,2015-07-01,0,0.0018714522298451902,0
39,2015-07-01,2015-08-01,0,0.0017290427635281462,0
39,2015-08-01,2015-09-01,0,0.0020834114963182468,0
39,2015-09-01,2015-10-01,0,0.006737483125160985,0
39,2015-10-01,2015-11-01,0,0.0023955347210716273,0
39,2015-11-01,2015-12-01,0,0.003049276551161485,0
39,2015-12-01,2016-01-01,0,0.0018564285695410038,0
39,2016-01-01,2016-02-01,0,0.0025530909753379827,0
39,2016-02-01,2016-03-01,0,0.0018564285695410038,0
39,2016-03-01,2016-04-01,0,0.0059827885180919384,0
39,2016-04-01,2016-05-01,0,0.0020205252867382716,0
39,2016-05-01,2016-06-01,0,0.0018592824983066627,0
39,2016-06-01,2016-07-01,0,0.0019001318329062713,0
39,2016-07-01,2016-08-01,0,0.0023955347210716273,0
39,2016-08-01,2016-09-01,0,0.003771952243892977,0
39,2016-09-01,2016-10-01,0,0.011877358074153115,0
39,2016-10-01,2016-11-01,0,0.0027392203349583103,0
39,2016-11-01,2016-12-01,0,0.0022273635303512803,0
39,2016-12-01,2017-01-01,0,0.0018564285695410038,0
39,2017-01-01,2017-02-01,0,0.006174107756626308,0
39,2017-02-01,2017-03-01,0,0.0018714522298451902,0
39,2017-03-01,2017-04-01,0,0.0020205252867382716,0
39,2017-04-01,2017-05-01,0,0.004173329993332802,0
39,2017-05-01,2017-06-01,0,0.0018926033710636835,0
39,2017-06-01,2017-07-01,0,0.00206838783601406,0
39,2017-07-01,2017-08-01,0,0.0022273635303512803,0
39,2017-08-01,2017-09-01,0,0.00652189466962256,0
39,2017-09-01,2017-10-01,0,0.002258792763138503,0
39,2017-10-01,2017-11-01,0,0.00466908299546324,0
39,2017-11-01,2017-12-01,0,0.00206838783601406,0
39,2017-12-01,2018-01-01,0,0.007086656198590317,0
39,2018-01-01,2018-02-01,0,0.004953236485698321,0
39,2018-02-01,2018-03-01,0,0.0017290427635281462,0
39,2018-03-01,2018-04-01,0,0.008187975389851457,0
39,2018-04-01,2018-05-01,0,0.002184085894273809,0
39,2018-05-01,2018-06-01,0,0.0017290427635281462,0
39,2018-06-01,2018-07-01,0,0.01439942024576084,0
39,2018-07-01,2018-08-01,0,0.027841090785321532,0
39,2018-08-01,2018-09-01,0,0.015203890340247099,0
39,2018-09-01,2018-10-01,0,0.002258792763138503,0
39,2018-10-01,2018-11-01,0,0.00618797538985146,0
39,2018-11-01,2018-12-01,0,0.004960764947540909,0
39,2018-12-01,2019-01-01,0,0.0018564285695410038,0
39,2019-01-01,2019-02-01,0,0.0017290427635281462,0
39,2019-02-01,2019-03-01,0,0.0020205252867382716,0
39,2019-03-01,2019-04-01,0,0.0018564285695410038,0
39,2019-04-01,2019-05-01,0,0.0017290427635281462,0
39,2019-05-01,2019-06-01,0,0.0017290427635281462,0
39,2019-06-01,2019-07-01,0,0.002350482614980968,0
39,2019-07-01,2019-08-01,0,0.005943931390475946,0
39,2019-08-01,2019-09-01,0,0.005918073733306669,0
39,2019-09-01,2019-10-01,0,0.0025705349197918123,0
39,2019-10-01,2019-11-01,0,0.006546163886626614,0
39,2019-11-01,2019-12-01,0,0.0018564285695410038,0
39,2019-12-01,2020-01-01,0,0.0018714522298451902,0
39,2020-01-01,2020-02-01,0,0.0018564285695410038,0
39,2020-02-01,2020-03-01,0,0.0018564285695410038,0
39,2020-03-01,2020-04-01,0,0.0018714522298451902,0
39,2020-04-01,2020-05-01,0,0.006032554852707164,0
39,2020-05-01,2020-06-01,0,0.0020955525170589548,0
39,2020-06-01,2020-07-01,0,0.0018714522298451902,0
39,2020-07-01,2020-08-01,0,0.0017290427635281462,0
39,2020-08-01,2020-09-01,0,0.0018714522298451902,0
39,2020-09-01,2020-10-01,0,0.00601701972306745,0
39,2020-10-01,2020-11-01,0,0.0020205252867382716,0
39,2020-11-01,2020-12-01,0,0.0025530909753379827,0
39,2020-12-01,2021-01-01,0,0.0017290427635281462,0
39,2021-01-01,2021-02-01,0,0.0024380758063784636,0
39,2021-02-01,2021-03-01,0,0.0024380758063784636,0
39,2021-03-01,2021-04-01,0,0.0018564285695410038,0
39,2021-04-01,2021-05-01,0,0.0018564285695410038,0
39,2021-05-01,2021-06-01,0,0.007299986080164526,0
39,2021-06-01,2021-07-01,0,0.0024380758063784636,0
39,2021-07-01,2021-08-01,0,0.0018714522298451902,0
39,2021-08-01,2021-09-01,0,0.0017290427635281462,0
39,2021-09-01,2021-10-01,0,0.0020205252867382716,0
39,2021-10-01,2021-11-01,0,0.0018926033710636835,0
39,2021-11-01,2021-12-01,0,0.002019989177076541,0
39,2021-12-01,2022-01-01,0,0.0020205252867382716,0
39,2022-01-01,2022-02-01,0,0.0017290427635281462,0
39,2022-02-01,2022-03-01,0,0.0024380758063784636,0
39,2022-03-01,2022-04-01,0,0.0018564285695410038,0
39,2022-04-01,2022-05-01,0,0.0017290427635281462,0
39,2022-05-01,2022-06-01,0,0.0018564285695410038,0
39,2022-06-01,2022-07-01,0,0.0018592824983066627,0
39,2022-07-01,2022-08-01,0,0.0025327649037015726,0
39,2022-08-01,2022-09-01,0,0.0023085352455021373,0
39,2022-09-01,2022-10-01,0,0.002515352309062126,0
39,2022-10-01,2022-11-01,0,0.0025705349197918123,0
39,2022-11-01,2022-12-01,0,0.002973745459037729,0
40,2015-02-01,2015-03-01,0,0.09663102939225726,0
40,2015-03-01,2015-04-01,0,0.03796257575631349,0
40,2015-04-01,2015-05-01,0,0.10108501251693151,0
40,2015-05-01,2015-06-01,0,0.1377055281875911,0
40,2015-06-01,2015-07-01,0,0.3141738780190973,0
40,2015-07-01,2015-08-01,0,0.155212956242815,0
40,2015-08-01,2015-09-01,0,0.17237847088487895,0
40,2015-09-01,2015-10-01,0,0.1740954387149295,0
40,2015-10-01,2015-11-01,0,0.16277003363655265,0
40,2015-11-01,2015-12-01,0,0.1233550161921523,0
40,2015-12-01,2016-01-01,0,0.10350162719955351,0
40,2016-01-01,2016-02-01,0,0.09345801117756802,0
40,2016-02-01,2016-03-01,0,0.09402960524329282,0
40,2016-03-01,2016-04-01,0,0.11911222653907705,0
40,2016-04-01,2016-05-01,0,0.09443460690357064,0
40,2016-05-01,2016-06-01,0,0.09639521092816153,0
40,2016-06-01,2016-07-01,0,0.12272819448202563,0
40,2016-07-01,2016-08-01,0,0.15127319990078814,0
40,2016-08-01,2016-09-01,0,0.15726029770282815,0
40,2016-09-01,2016-10-01,0,0.1837686106519144,0
40,2016-10-01,2016-11-01,0,0.10875989811365641,0
40,2016-11-01,2016-12-01,0,0.14066014094521626,0
40,2016-12-01,2017-01-01,0,0.10302875690713993,0
40,2017-01-01,2017-02-01,0,0.13795276574182694,0
40,2017-02-01,2017-03-01,0,0.09027027811156742,0
40,2017-03-01,2017-04-01,0,0.10382567456248794,0
40,2017-04-01,2017-05-01,0,0.12299202665675106,0
40,2017-05-01,2017-06-01,0,0.09353950882941685,0
40,2017-06-01,2017-07-01,0,0.1429167722130831,0
40,2017-07-01,2017-08-01,0,0.1429167722130831,0
40,2017-08-01,2017-09-01,0,0.17496189462978876,0
40,2017-09-01,2017-10-01,0,0.13830507030679492,0
40,2017-10-01,2017-11-01,0,0.09217946383135348,0
40,2017-11-01,2017-12-01,0,0.09626778124518157,0
40,2017-12-01,2018-01-01,0,0.09457899677392491,0
40,2018-01-01,2018-02-01,0,0.09369768495558327,0
40,2018-02-01,2018-03-01,0,0.11526814496596875,0
40,2018-03-01,2018-04-01,0,0.04974784284764058,0
40,2018-04-01,2018-05-01,0,0.1023835405716461,0
40,2018-05-01,2018-06-01,0,0.11035491167845395,0
40,2018-06-01,2018-07-01,0,0.17532326564054734,0
40,2018-07-01,2018-08-01,0,0.14302091477397078,0
40,2018-08-01,2018-09-01,0,0.17270385931710272,0
40,2018-09-01,2018-10-01,0,0.17176336576303217,0
40,2018-10-01,2018-11-01,0,0.09771127183030266,0
40,2018-11-01,2018-12-01,0,0.10745718975360459,0
40,2018-12-01,2019-01-01,0,0.13207560376283148,0
40,2019-01-01,2019-02-01,0,0.11289077866307776,0
40,2019-02-01,2019-03-01,0,0.13446873867855857,0
40,2019-03-01,2019-04-01,0,0.1254345493800858,0
40,2019-04-01,2019-05-01,0,0.0905283236095483,0
40,2019-05-01,2019-06-01,0,0.09589909042471283,0
40,2019-06-01,2019-07-01,0,0.1708485543855547,0
40,2019-07-01,2019-08-01,0,0.15895377602047198,0
40,2019-08-01,2019-09-01,0,0.17130500811448188,0
40,2019-09-01,2019-10-01,0,0.15650309192512454,0
40,2019-10-01,2019-11-01,0,0.10389871209800032,0
40,2019-11-01,2019-12-01,0,0.09573202909945383,0
40,2019-12-01,2020-01-01,0,0.134724647895001,0
40,2020-01-01,2020-02-01,0,0.10647871920771465,0
40,2020-02-01,2020-03-01,0,0.0960844827323658,0
40,2020-03-01,2020-04-01,0,0.13455286052587426,0
40,2020-04-01,2020-05-01,0,0.08730417635593248,0
40,2020-05-01,2020-06-01,0,0.029799218187454485,0
40,2020-06-01,2020-07-01,0,0.11174668261761292,0
40,2020-07-01,2020-08-01,0,0.10943721502136429,0
40,2020-08-01,2020-09-01,0,0.08461176338042806,0
40,2020-09-01,2020-10-01,0,0.09878472191842716,0
40,2020-10-01,2020-11-01,0,0.10784099191685571,0
40,2020-11-01,2020-12-01,0,0.10895931346593812,0
40,2020-12-01,2021-01-01,0,0.1180161386904633,0
40,2021-01-01,2021-02-01,0,0.10509187129466478,0
40,2021-02-01,2021-03-01,0,0.10858983337039715,0
40,2021-03-01,2021-04-01,0,0.025489108991665833,0
40,2021-04-01,2021-05-01,0,0.08865031422688359,0
40,2021-05-01,2021-06-01,0,0.10490167426006555,0
40,2021-06-01,2021-07-01,0,0.10813585606337926,0
40,2021-07-01,2021-08-01,0,0.09958648094862821,0
40,2021-08-01,2021-09-01,0,0.11366463426778513,0
40,2021-09-01,2021-10-01,0,0.1337999511667875,0
40,2021-10-01,2021-11-01,0,0.1485779787508751,0
40,2021-11-01,2021-12-01,0,0.12058220704327825,0
40,2021-12-01,2022-01-01,0,0.1319099009826397,0
40,2022-01-01,2022-02-01,0,0.08739877061460236,0
40,2022-02-01,2022-03-01,0,0.10316191077687198,0
40,2022-03-01,2022-04-01,0,0.04628440277083112,0
40,2022-04-01,2022-05-01,0,0.13266903464319302,0
40,2022-05-01,2022-06-01,0,0.13417299708071348,0
40,2022-06-01,2022-07-01,0,0.10270072250080296,0
40,2022-07-01,2022-08-01,0,0.08618880142822481,0
40,2022-08-01,2022-09-01,0,0.0857924646015678,0
40,2022-09-01,2022-10-01,0,0.11584135888426655,0
40,2022-10-01,2022-11-01,0,0.09751491255616224,0
40,2022-11-01,2022-12-01,0,0.10026561205871028,0
41,2015-02-01,2015-03-01,0,0.00537962834823053,0
41,2015-03-01,2015-04-01,0,0.00765321181265859,0
41,2015-04-01,2015-05-01,0,0.014015537109558916,0
41,2015-05-01,2015-06-01,0,0.024781927987781473,0
41,2015-06-01,2015-07-01,0,0.03513375774418113,0
41,2015-07-01,2015-08-01,0,0.02682903756220989,0
41,2015-08-01,2015-09-01,0,0.07721904056072547,0
41,2015-09-01,2015-10-01,0,0.07012987432801326,0
41,2015-10-01,2015-11-01,0,0.09437104837077223,0
41,2015-11-01,2015-12-01,0,0.060116912450604944,0
41,2015-12-01,2016-01-01,0,0.033816969786979754,0
41,2016-01-01,2016-02-01,0,0.014278028752347544,0
41,2016-02-01,2016-03-01,0,0.003901859401831823,0
41,2016-03-01,2016-04-01,0,0.003232867763250251,0
41,2016-04-01,2016-05-01,0,0.02599294099908429,0
41,2016-05-01,2016-06-01,0,0.007692238887523627,0
41,2016-06-01,2016-07-01,0,0.054169022205275925,0
41,2016-07-01,2016-08-01,0,0.07004252364510496,0
41,2016-08-01,2016-09-01,0,0.07464781595181251,0
41,2016-09-01,2016-10-01,0,0.08918749168005956,0
41,2016-10-01,2016-11-01,0,0.019270258606122716,0
41,2016-11-01,2016-12-01,0,0.045717196100768465,0
41,2016-12-01,2017-01-01,0,0.008919496698978431,0
41,2017-01-01,2017-02-01,0,0.006745762748102817,0
41,2017-02-01,2017-03-01,0,0.008919496698978431,0
41,2017-03-01,2017-04-01,0,0.00785698903047016,0
41,2017-04-01,2017-05-01,0,0.02504180228301797,0
41,2017-05-01,2017-06-01,0,0.03269397998468572,0
41,2017-06-01,2017-07-01,0,0.07391369763824145,0
41,2017-07-01,2017-08-01,0,0.07633466876283646,0
41,2017-08-01,2017-09-01,0,0.07856797535937467,0
41,2017-09-01,2017-10-01,0,0.0750802197974746,0
41,2017-10-01,2017-11-01,0,0.028681774981238375,0
41,2017-11-01,2017-12-01,0,0.03845171908045087,0
41,2017-12-01,2018-01-01,0,0.07336579596699343,0
41,2018-01-01,2018-02-01,0,0.029928080992414605,0
41,2018-02-01,2018-03-01,0,0.022257073415674067,0
41,2018-03-01,2018-04-01,0,0.006270439857752809,0
41,2018-04-01,2018-05-01,0,0.025960500838072942,0
41,2018-05-01,2018-06-01,0,0.031065050392463718,0
41,2018-06-01,2018-07-01,0,0.09488984374382073,0
41,2018-07-01,2018-08-01,0,0.14601232468948977,0
41,2018-08-01,2018-09-01,0,0.0762156504640786,0
41,2018-09-01,2018-10-01,0,0.06782356789060351,0
41,2018-10-01,2018-11-01,0,0.02575827964473801,0
41,2018-11-01,2018-12-01,0,0.007514355281163501,0
41,2018-12-01,2019-01-01,0,0.006495042722913455,0
41,2019-01-01,2019-02-01,0,0.008251261486514649,0
41,2019-02-01,2019-03-01,0,0.007340765935510513,0
41,2019-03-01,2019-04-01,0,0.005049326962841004,0
41,2019-04-01,2019-05-01,0,0.0032853099380974952,0
41,2019-05-01,2019-06-01,0,0.008104975964573663,0
41,2019-06-01,2019-07-01,0,0.07489768957350185,0
41,2019-07-01,2019-08-01,0,0.06586947564342784,0
41,2019-08-01,2019-09-01,0,0.04660756807297498,0
41,2019-09-01,2019-10-01,0,0.08138344209314731,0
41,2019-10-01,2019-11-01,0,0.04440859739239457,0
41,2019-11-01,2019-12-01,0,0.0245126457924161,0
41,2019-12-01,2020-01-01,0,0.005411345377808344,0
41,2020-01-01,2020-02-01,0,0.007739191148252505,0
41,2020-02-01,2020-03-01,0,0.007963903533942863,0
41,2020-03-01,2020-04-01,0,0.0035919601955622126,0
41,2020-04-01,2020-05-01,0,0.0033104197863743482,0
41,2020-05-01,2020-06-01,0,0.006469580675965233,0
41,2020-06-01,2020-07-01,0,0.007655832739860238,0
41,2020-07-01,2020-08-01,0,0.0064544794705312224,0
41,2020-08-01,2020-09-01,0,0.027155153027109483,0
41,2020-09-01,2020-10-01,0,0.0425857013127019,0
41,2020-10-01,2020-11-01,0,0.00781597276649129,0
41,2020-11-01,2020-12-01,0,0.007711250456324993,0
41,2020-12-01,2021-01-01,0,0.0073751829155756414,0
41,2021-01-01,2021-02-01,0,0.0035994886574048004,0
41,2021-02-01,2021-03-01,0,0.00554552660824873,0
41,2021-03-01,2021-04-01,0,0.004674013197005751,0
41,2021-04-01,2021-05-01,0,0.008156861808484598,0
41,2021-05-01,2021-06-01,0,0.0065715774554341785,0
41,2021-06-01,2021-07-01,0,0.0057106906716369215,0
41,2021-07-01,2021-08-01,0,0.004334591080725855,0
41,2021-08-01,2021-09-01,0,0.00651576617354132,0
41,2021-09-01,2021-10-01,0,0.007952171174689857,0
41,2021-10-01,2021-11-01,0,0.00690243686381248,0
41,2021-11-01,2021-12-01,0,0.007815826037321045,0
41,2021-12-01,2022-01-01,0,0.005763751140836241,0
41,2022-01-01,2022-02-01,0,0.003934509477870515,0
41,2022-02-01,2022-03-01,0,0.003640358854499732,0
41,2022-03-01,2022-04-01,0,0.00474614866888144,0
41,2022-04-01,2022-05-01,0,0.007848913003233291,0
41,2022-05-01,2022-06-01,0,0.007593900294902426,0
41,2022-06-01,2022-07-01,0,0.029828419810657134,0
41,2022-07-01,2022-08-01,0,0.025936327613254668,0
41,2022-08-01,2022-09-01,0,0.06980031116942935,0
41,2022-09-01,2022-10-01,0,0.08129802805939161,0
41,2022-10-01,2022-11-01,0,0.028434849452029374,0
41,2022-11-01,2022-12-01,0,0.07886511771003595,0
42,2015-02-01,2015-03-01,0,0.5761973436555982,1
42,2015-03-01,2015-04-01,0,0.16580528790940735,0
42,2015-04-01,2015-05-01,0,0.585571814663551,1
42,2015-05-01,2015-06-01,0,0.5758577663535355,1
42,2015-06-01,2015-07-01,0,0.5793455751557888,1
42,2015-07-01,2015-08-01,0,0.596982572075602,1
42,2015-08-01,2015-09-01,0,0.6049108705660956,1
42,2015-09-01,2015-10-01,0,0.6258167521510134,1
42,2015-10-01,2015-11-01,0,0.5923217264338748,1
42,2015-11-01,2015-12-01,0,0.580308451570797,1
42,2015-12-01,2016-01-01,0,0.5881073642020002,1
42,2016-01-01,2016-02-01,0,0.5820928272841439,1
42,2016-02-01,2016-03-01,0,0.46854563316482917,1
42,2016-03-01,2016-04-01,0,0.2044895731694351,0
42,2016-04-01,2016-05-01,0,0.5708795371206032,1
42,2016-05-01,2016-06-01,0,0.4910253321175356,1
42,2016-06-01,2016-07-01,0,0.5809112419972701,1
42,2016-07-01,2016-08-01,0,0.5863985305186538,1
42,2016-08-01,2016-09-01,0,0.5888398468409213,1
42,2016-09-01,2016-10-01,0,0.5866637573095631,1
42,2016-10-01,2016-11-01,0,0.5790358760339336,1
42,2016-11-01,2016-12-01,0,0.5865712894157358,1
42,2016-12-01,2017-01-01,0,0.5830721197366641,1
42,2017-01-01,2017-02-01,0,0.4682820885622632,1
42,2017-02-01,2017-03-01,0,0.5831885254420033,1
42,2017-03-01,2017-04-01,0,0.32214041937145244,0
42,2017-04-01,2017-05-01,0,0.509130303457658,1
42,2017-05-01,2017-06-01,1,0.5782822346608815,1
42,2017-06-01,2017-07-01,0,0.5758577663535355,1
42,2017-07-01,2017-08-01,0,0.5902975201567849,1
42,2017-08-01,2017-09-01,0,0.5961775558333374,1
42,2017-09-01,2017-10-01,0,0.5722377169824377,1
42,2017-10-01,2017-11-01,0,0.5820928272841439,1
42,2017-11-01,2017-12-01,0,0.573547262466493,1
42,2017-12-01,2018-01-01,0,0.5741908627061426,1
42,2018-01-01,2018-02-01,0,0.5774074554769411,1
42,2018-02-01,2018-03-01,0,0.5737389111059101,1
42,2018-03-01,2018-04-01,0,0.20479890438782158,0
42,2018-04-01,2018-05-01,0,0.5726387220139,1
42,2018-05-01,2018-06-01,1,0.5727821037204194,1
42,2018-06-01,2018-07-01,0,0.6170649814714455,1
42,2018-07-01,2018-08-01,0,0.6063275200301697,1
42,2018-08-01,2018-09-01,0,0.625368949717477,1
42,2018-09-01,2018-10-01,0,0.6154992662536578,1
42,2018-10-01,2018-11-01,0,0.5888840795206753,1
42,2018-11-01,2018-12-01,0,0.5708795371206032,1
42,2018-12-01,2019-01-01,0,0.5051310474094169,1
42,2019-01-01,2019-02-01,0,0.573167449922284,1
42,2019-02-01,2019-03-01,0,0.5055881772897284,1
42,2019-03-01,2019-04-01,0,0.32414552546889164,0
42,2019-04-01,2019-05-01,1,0.5506338861218776,1
42,2019-05-01,2019-06-01,0,0.5556564576657447,1
42,2019-06-01,2019-07-01,0,0.5877763338469689,1
42,2019-07-01,2019-08-01,0,0.5758577663535355,1
42,2019-08-01,2019-09-01,0,0.6069003175417825,1
42,2019-09-01,2019-10-01,0,0.578021149831393,1
42,2019-10-01,2019-11-01,0,0.5802155237185925,1
42,2019-11-01,2019-12-01,0,0.5820599419542939,1
42,2019-12-01,2020-01-01,0,0.5701225573095673,1
42,2020-01-01,2020-02-01,0,0.12486183030295082,0
42,2020-02-01,2020-03-01,0,0.13987679487442103,0
42,2020-03-01,2020-04-01,0,0.1373578914729453,0
42,2020-04-01,2020-05-01,0,0.12196003604541514,0
42,2020-05-01,2020-06-01,0,0.09004765198294708,0
42,2020-06-01,2020-07-01,0,0.1364419529559838,0
42,2020-07-01,2020-08-01,0,0.1364391385072273,0
42,2020-08-01,2020-09-01,0,0.15403019344198965,0
42,2020-09-01,2020-10-01,0,0.13006096110389356,0
42,2020-10-01,2020-11-01,0,0.1296405012827633,0
42,2020-11-01,2020-12-01,0,0.12294930171050644,0
42,2020-12-01,2021-01-01,0,0.11928215036179117,0
42,2021-01-01,2021-02-01,0,0.12188001071456397,0
42,2021-02-01,2021-03-01,0,0.11620612101203735,0
42,2021-03-01,2021-04-01,0,0.1039594544925277,0
42,2021-04-01,2021-05-01,0,0.1222134274372486,0
42,2021-05-01,2021-06-01,0,0.1233293885934402,0
42,2021-06-01,2021-07-01,0,0.1233953610474728,0
42,2021-07-01,2021-08-01,0,0.1247311242819799,0
42,2021-08-01,2021-09-01,0,0.12690310872671312,0
42,2021-09-01,2021-10-01,0,0.12159533804320098,0
42,2021-10-01,2021-11-01,0,0.12244588502654884,0
42,2021-11-01,2021-12-01,0,0.12321536346578463,0
42,2021-12-01,2022-01-01,0,0.12558374460968583,0
42,2022-01-01,2022-02-01,0,0.12001486773805599,0
42,2022-02-01,2022-03-01,0,0.10806948762553076,0
42,2022-03-01,2022-04-01,0,0.09100997662169749,0
42,2022-04-01,2022-05-01,0,0.12763980509485512,0
42,2022-05-01,2022-06-01,0,0.12695256707495017,0
42,2022-06-01,2022-07-01,0,0.11500350947797552,0
42,2022-07-01,2022-08-01,0,0.1301689591185533,0
42,2022-08-01,2022-09-01,0,0.13606376768206577,0
42,2022-09-01,2022-10-01,0,0.13258965190472063,0
42,2022-10-01,2022-11-01,0,0.13008904027838064,0
42,2022-11-01,2022-12-01,0,0.1323012725317655,0
43,2015-02-01,2015-03-01,1,0.9257197882907017,1
43,2015-03-01,2015-04-01,1,0.6861785224598151,1
43,2015-04-01,2015-05-01,1,0.9523877087336112,1
43,2015-05-01,2015-06-01,1,0.9530218921214855,1
43,2015-06-01,2015-07-01,1,0.9530371472433001,1
43,2015-07-01,2015-08-01,1,0.9533735146337371,1
43,2015-08-01,2015-09-01,1,0.9533735146337371,1
43,2015-09-01,2015-10-01,1,0.9533735146337371,1
43,2015-10-01,2015-11-01,1,0.9533735146337371,1
43,2015-11-01,2015-12-01,1,0.951752375977361,1
43,2015-12-01,2016-01-01,1,0.9259103915133303,1
43,2016-01-01,2016-02-01,1,0.9512754136469296,1
43,2016-02-01,2016-03-01,1,0.9260718180890082,1
43,2016-03-01,2016-04-01,1,0.8786269829427816,1
43,2016-04-01,2016-05-01,1,0.9510966462910949,1
43,2016-05-01,2016-06-01,1,0.9262085917100731,1
43,2016-06-01,2016-07-01,1,0.9530218921214855,1
43,2016-07-01,2016-08-01,1,0.9530218921214855,1
43,2016-08-01,2016-09-01,1,0.9510966462910949,1
43,2016-09-01,2016-10-01,1,0.9529528233076175,1
43,2016-10-01,2016-11-01,1,0.9530218921214855,1
43,2016-11-01,2016-12-01,1,0.9527976512936202,1
43,2016-12-01,2017-01-01,1,0.9246372831049701,1
43,2017-01-01,2017-02-01,1,0.8690982589321817,1
43,2017-02-01,2017-03-01,1,0.9483925278834151,1
43,2017-03-01,2017-04-01,1,0.8521363031285157,1
43,2017-04-01,2017-05-01,1,0.9260718180890082,1
43,2017-05-01,2017-06-01,1,0.9406989467485045,1
43,2017-06-01,2017-07-01,1,0.9530218921214855,1
43,2017-07-01,2017-08-01,1,0.95285616366474,1
43,2017-08-01,2017-09-01,1,0.9533735146337371,1
43,2017-09-01,2017-10-01,1,0.9530218921214855,1
43,2017-10-01,2017-11-01,1,0.9523877087336112,1
43,2017-11-01,2017-12-01,1,0.9498804928750565,1
43,2017-12-01,2018-01-01,1,0.9262085917100731,1
43,2018-01-01,2018-02-01,1,0.9177212785935766,1
43,2018-02-01,2018-03-01,1,0.869484584057499,1
43,2018-03-01,2018-04-01,1,0.7072256400801806,1
43,2018-04-01,2018-05-01,1,0.9076977064772217,1
43,2018-05-01,2018-06-01,1,0.9076838010199844,1
43,2018-06-01,2018-07-01,1,0.9530218921214855,1
43,2018-07-01,2018-08-01,1,0.9530218921214855,1
43,2018-08-01,2018-09-01,1,0.952519796274303,1
43,2018-09-01,2018-10-01,1,0.9527393312458627,1
43,2018-10-01,2018-11-01,1,0.9498804928750565,1
43,2018-11-01,2018-12-01,1,0.9080340738676586,1
43,2018-12-01,2019-01-01,1,0.8633868279009342,1
43,2019-01-01,2019-02-01,1,0.9262085917100731,1
43,2019-02-01,2019-03-01,1,0.8673968909963093,1
43,2019-03-01,2019-04-01,1,0.8471198327780093,1
43,2019-04-01,2019-05-01,1,0.9262175822568164,1
43,2019-05-01,2019-06-01,1,0.926733461502966,1
43,2019-06-01,2019-07-01,1,0.9533735146337371,1
43,2019-07-01,2019-08-01,1,0.9530218921214855,1
43,2019-08-01,2019-09-01,1,0.9533735146337371,1
43,2019-09-01,2019-10-01,1,0.9530218921214855,1
43,2019-10-01,2019-11-01,1,0.9439628591156132,1
43,2019-11-01,2019-12-01,1,0.9258722243196362,1
43,2019-12-01,2020-01-01,1,0.8288458217416699,1
43,2020-01-01,2020-02-01,1,0.8808930722427026,1
43,2020-02-01,2020-03-01,1,0.8763407371439873,1
43,2020-03-01,2020-04-01,1,0.8217661238742491,1
43,2020-04-01,2020-05-01,1,0.8094926342342108,1
43,2020-05-01,2020-06-01,1,0.23574526583178024,0
43,2020-06-01,2020-07-01,1,0.8517724170457592,1
43,2020-07-01,2020-08-01,1,0.8654678245674445,1
43,2020-08-01,2020-09-01,1,0.9475119842213601,1
43,2020-09-01,2020-10-01,1,0.921823784128212,1
43,2020-10-01,2020-11-01,1,0.8668211337736735,1
43,2020-11-01,2020-12-01,1,0.878260995444435,1
43,2020-12-01,2021-01-01,1,0.6896040718541794,1
43,2021-01-01,2021-02-01,1,0.8187967136423804,1
43,2021-02-01,2021-03-01,1,0.7953869922950293,1
43,2021-03-01,2021-04-01,1,0.5558880640882565,1
43,2021-04-01,2021-05-01,1,0.8504076861695838,1
43,2021-05-01,2021-06-01,1,0.8232370880981718,1
43,2021-06-01,2021-07-01,1,0.8997577150576165,1
43,2021-07-01,2021-08-01,1,0.9068335773739421,1
43,2021-08-01,2021-09-01,1,0.8818879174305115,1
43,2021-09-01,2021-10-01,1,0.8659377054300635,1
43,2021-10-01,2021-11-01,1,0.8666061233819882,1
43,2021-11-01,2021-12-01,1,0.8509866867617942,1
43,2021-12-01,2022-01-01,1,0.8504076861695838,1
43,2022-01-01,2022-02-01,1,0.8146960389549612,1
43,2022-02-01,2022-03-01,1,0.7853705661659361,1
43,2022-03-01,2022-04-01,1,0.548979137870272,1
43,2022-04-01,2022-05-01,1,0.8533445154397105,1
43,2022-05-01,2022-06-01,1,0.8567207745002061,1
43,2022-06-01,2022-07-01,1,0.9224888122121093,1
43,2022-07-01,2022-08-01,1,0.9061823272671068,1
43,2022-08-01,2022-09-01,1,0.9444272294826691,1
43,2022-09-01,2022-10-01,1,0.9290713577693281,1
43,2022-10-01,2022-11-01,1,0.9500656750314932,1
43,2022-11-01,2022-12-01,1,0.9426690369774829,1
44,2015-02-01,2015-03-01,1,0.9366924885320064,1
44,2015-03-01,2015-04-01,1,0.7216440301520239,1
44,2015-04-01,2015-05-01,1,0.9469086545433998,1
44,2015-05-01,2015-06-01,1,0.9450669168741147,1
44,2015-06-01,2015-07-01,1,0.9450669168741147,1
44,2015-07-01,2015-08-01,1,0.9450669168741147,1
44,2015-08-01,2015-09-01,1,0.9450669168741147,1
44,2015-09-01,2015-10-01,1,0.9415341007377976,1
44,2015-10-01,2015-11-01,1,0.9450669168741147,1
44,2015-11-01,2015-12-01,1,0.9457700525745364,1
44,2015-12-01,2016-01-01,1,0.9235650174970801,1
44,2016-01-01,2016-02-01,1,0.9366924885320064,1
44,2016-02-01,2016-03-01,1,0.9131742017203576,1
44,2016-03-01,2016-04-01,1,0.8649909228536031,1
44,2016-04-01,2016-05-01,1,0.9477218548189524,1
44,2016-05-01,2016-06-01,1,0.9363942883352636,1
44,2016-06-01,2016-07-01,1,0.9450669168741147,1
44,2016-07-01,2016-08-01,1,0.9450669168741147,1
44,2016-08-01,2016-09-01,1,0.9403028139133167,1
44,2016-09-01,2016-10-01,1,0.9450669168741147,1
44,2016-10-01,2016-11-01,1,0.9450669168741147,1
44,2016-11-01,2016-12-01,1,0.9450669168741147,1
44,2016-12-01,2017-01-01,1,0.9467805216573749,1
44,2017-01-01,2017-02-01,1,0.8938186805447177,1
44,2017-02-01,2017-03-01,1,0.9358157776108313,1
44,2017-03-01,2017-04-01,1,0.8848190455739696,1
44,2017-04-01,2017-05-01,1,0.9206511896639965,1
44,2017-05-01,2017-06-01,1,0.9473908051167236,1
44,2017-06-01,2017-07-01,1,0.9450669168741147,1
44,2017-07-01,2017-08-01,1,0.9450669168741147,1
44,2017-08-01,2017-09-01,1,0.9403028139133167,1
44,2017-09-01,2017-10-01,1,0.9437796517894136,1
44,2017-10-01,2017-11-01,1,0.9410635298927983,1
44,2017-11-01,2017-12-01,1,0.9353794488627026,1
44,2017-12-01,2018-01-01,1,0.9174396360329553,1
44,2018-01-01,2018-02-01,1,0.9223949162037341,1
44,2018-02-01,2018-03-01,1,0.885123898921894,1
44,2018-03-01,2018-04-01,1,0.7142133892269082,1
44,2018-04-01,2018-05-01,1,0.9313305101766117,1
44,2018-05-01,2018-06-01,1,0.9182158743015305,1
44,2018-06-01,2018-07-01,1,0.9403028139133167,1
44,2018-07-01,2018-08-01,1,0.9450669168741147,1
44,2018-08-01,2018-09-01,1,0.9450669168741147,1
44,2018-09-01,2018-10-01,1,0.9450669168741147,1
44,2018-10-01,2018-11-01,1,0.9469086545433998,1
44,2018-11-01,2018-12-01,1,0.9473908051167236,1
44,2018-12-01,2019-01-01,1,0.9191570205463147,1
44,2019-01-01,2019-02-01,1,0.9473908051167236,1
44,2019-02-01,2019-03-01,1,0.885123898921894,1
44,2019-03-01,2019-04-01,1,0.8637702143322686,1
44,2019-04-01,2019-05-01,1,0.9131742017203576,1
44,2019-05-01,2019-06-01,1,0.9366924885320064,1
44,2019-06-01,2019-07-01,1,0.9403028139133167,1
44,2019-07-01,2019-08-01,1,0.9450669168741147,1
44,2019-08-01,2019-09-01,1,0.9403028139133167,1
44,2019-09-01,2019-10-01,1,0.9209058802602804,1
44,2019-10-01,2019-11-01,1,0.9473908051167236,1
44,2019-11-01,2019-12-01,1,0.9479160940794932,1
44,2019-12-01,2020-01-01,1,0.8942338517011174,1
44,2020-01-01,2020-02-01,1,0.9006628113091815,1
44,2020-02-01,2020-03-01,1,0.9035683441250539,1
44,2020-03-01,2020-04-01,1,0.8617254222253881,1
44,2020-04-01,2020-05-01,1,0.8659293545429775,1
44,2020-05-01,2020-06-01,1,0.5109315621625876,1
44,2020-06-01,2020-07-01,1,0.9107697071088142,1
44,2020-07-01,2020-08-01,1,0.8834324060098213,1
44,2020-08-01,2020-09-01,1,0.911905687169541,1
44,2020-09-01,2020-10-01,1,0.9109221431377488,1
44,2020-10-01,2020-11-01,1,0.8953937084927458,1
44,2020-11-01,2020-12-01,1,0.8905007424603868,1
44,2020-12-01,2021-01-01,1,0.8663643580745422,1
44,2021-01-01,2021-02-01,0,0.7782193295718062,1
44,2021-02-01,2021-03-01,1,0.8667235967369636,1
44,2021-03-01,2021-04-01,1,0.5192099887999492,1
44,2021-04-01,2021-05-01,1,0.8707986708136717,1
44,2021-05-01,2021-06-01,1,0.7391024158129997,1
44,2021-06-01,2021-07-01,1,0.8813191847325829,1
44,2021-07-01,2021-08-01,1,0.8839141394649265,1
44,2021-08-01,2021-09-01,1,0.8994011993838539,1
44,2021-09-01,2021-10-01,1,0.8764854368958604,1
44,2021-10-01,2021-11-01,1,0.8657461974432024,1
44,2021-11-01,2021-12-01,1,0.8707323704191584,1
44,2021-12-01,2022-01-01,0,0.8102329192996921,1
44,2022-01-01,2022-02-01,1,0.7474921744935473,1
44,2022-02-01,2022-03-01,1,0.7019410118897436,1
44,2022-03-01,2022-04-01,1,0.6137012909805079,1
44,2022-04-01,2022-05-01,1,0.8700831070826703,1
44,2022-05-01,2022-06-01,1,0.8663643580745422,1
44,2022-06-01,2022-07-01,1,0.876493745702187,1
44,2022-07-01,2022-08-01,1,0.8791797568928192,1
44,2022-08-01,2022-09-01,1,0.8967178609838116,1
44,2022-09-01,2022-10-01,1,0.8995532665005781,1
44,2022-10-01,2022-11-01,1,0.8938476146436856,1
44,2022-11-01,2022-12-01,1,0.9081897222572812,1
45,2015-02-01,2015-03-01,0,0.5759761345154715,1
45,2015-03-01,2015-04-01,0,0.7334731342729097,1
45,2015-04-01,2015-05-01,0,0.41744671700065894,0
45,2015-05-01,2015-06-01,0,0.5754632419183502,1
45,2015-06-01,2015-07-01,0,0.5750582401863853,1
45,2015-07-01,2015-08-01,0,0.34208134072841484,0
45,2015-08-01,2015-09-01,0,0.5824492235918317,1
45,2015-09-01,2015-10-01,0,0.5845803566748227,1
45,2015-10-01,2015-11-01,0,0.5817812885607279,1
45,2015-11-01,2015-12-01,0,0.5828519055351563,1
45,2015-12-01,2016-01-01,0,0.5362081665233241,1
45,2016-01-01,2016-02-01,0,0.5828519055351563,1
45,2016-02-01,2016-03-01,0,0.3012373307511964,0
45,2016-03-01,2016-04-01,0,0.6771932330223616,1
45,2016-04-01,2016-05-01,0,0.5828519055351563,1
45,2016-05-01,2016-06-01,0,0.29937871801981847,0
45,2016-06-01,2016-07-01,0,0.5832726466742836,1
45,2016-07-01,2016-08-01,0,0.5458866926808504,1
45,2016-08-01,2016-09-01,0,0.5534263809089676,1
45,2016-09-01,2016-10-01,0,0.5833805996293275,1
45,2016-10-01,2016-11-01,0,0.5746239762073028,1
45,2016-11-01,2016-12-01,0,0.5828519055351563,1
45,2016-12-01,2017-01-01,0,0.5839029089527402,1
45,2017-01-01,2017-02-01,0,0.6133294282108618,1
45,2017-02-01,2017-03-01,0,0.5558850342347331,1
45,2017-03-01,2017-04-01,0,0.6981510848268183,1
45,2017-04-01,2017-05-01,0,0.5882103786108112,1
45,2017-05-01,2017-06-01,0,0.5746609078797064,1
45,2017-06-01,2017-07-01,0,0.5828519055351563,1
45,2017-07-01,2017-08-01,0,0.5754632419183502,1
45,2017-08-01,2017-09-01,0,0.5835222116773169,1
45,2017-09-01,2017-10-01,0,0.5829308162275264,1
45,2017-10-01,2017-11-01,0,0.5798120659063003,1
45,2017-11-01,2017-12-01,0,0.5754632419183502,1
45,2017-12-01,2018-01-01,0,0.5759761345154715,1
45,2018-01-01,2018-02-01,0,0.5846803659235048,1
45,2018-02-01,2018-03-01,0,0.5891263173100487,1
45,2018-03-01,2018-04-01,0,0.657608673147719,1
45,2018-04-01,2018-05-01,0,0.5882103786108112,1
45,2018-05-01,2018-06-01,0,0.5834453039470829,1
45,2018-06-01,2018-07-01,0,0.5830387691825704,1
45,2018-07-01,2018-08-01,0,0.554544009175692,1
45,2018-08-01,2018-09-01,0,0.5772307810967068,1
45,2018-09-01,2018-10-01,0,0.34443818152428524,0
45,2018-10-01,2018-11-01,0,0.5804690205303692,1
45,2018-11-01,2018-12-01,0,0.3457457543173134,0
45,2018-12-01,2019-01-01,0,0.585827493606024,1
45,2019-01-01,2019-02-01,0,0.5804690205303692,1
45,2019-02-01,2019-03-01,0,0.5615487873657765,1
45,2019-03-01,2019-04-01,0,0.6976485445228126,1
45,2019-04-01,2019-05-01,0,0.5644054658486006,1
45,2019-05-01,2019-06-01,0,0.5582498594308363,1
45,2019-06-01,2019-07-01,0,0.5658611133420767,1
45,2019-07-01,2019-08-01,0,0.5528112246726801,1
45,2019-08-01,2019-09-01,0,0.5824747806346261,1
45,2019-09-01,2019-10-01,0,0.5817812885607279,1
45,2019-10-01,2019-11-01,0,0.5534556792050743,1
45,2019-11-01,2019-12-01,0,0.5746626127861528,1
45,2019-12-01,2020-01-01,0,0.5870601256183272,1
45,2020-01-01,2020-02-01,0,0.05928324014807526,0
45,2020-02-01,2020-03-01,0,0.046847696217252946,0
45,2020-03-01,2020-04-01,0,0.05897586726010239,0
45,2020-04-01,2020-05-01,0,0.07490569193553852,0
45,2020-05-01,2020-06-01,0,0.04679874058849436,0
45,2020-06-01,2020-07-01,0,0.048782702016442005,0
45,2020-07-01,2020-08-01,0,0.0590897436876657,0
45,2020-08-01,2020-09-01,0,0.041627069827498156,0
45,2020-09-01,2020-10-01,0,0.05043506726367417,0
45,2020-10-01,2020-11-01,0,0.04355217903680266,0
45,2020-11-01,2020-12-01,0,0.055756140114007535,0
45,2020-12-01,2021-01-01,0,0.055403624909972984,0
45,2021-01-01,2021-02-01,0,0.04066033114711699,0
45,2021-02-01,2021-03-01,0,0.07041747927077317,0
45,2021-03-01,2021-04-01,0,0.03671627620021871,0
45,2021-04-01,2021-05-01,0,0.0751081171532406,0
45,2021-05-01,2021-06-01,0,0.0502952475667357,0
45,2021-06-01,2021-07-01,0,0.06505044270213083,0
45,2021-07-01,2021-08-01,0,0.03675883246255138,0
45,2021-08-01,2021-09-01,0,0.05727726000596667,0
45,2021-09-01,2021-10-01,0,0.06265057539637275,0
45,2021-10-01,2021-11-01,0,0.061368481903606,0
45,2021-11-01,2021-12-01,0,0.04048003019455126,0
45,2021-12-01,2022-01-01,0,0.0934679070329938,0
45,2022-01-01,2022-02-01,0,0.06566282188823758,0
45,2022-02-01,2022-03-01,0,0.05270426418932947,0
45,2022-03-01,2022-04-01,0,0.050345952021124143,0
45,2022-04-01,2022-05-01,0,0.036782195603115214,0
45,2022-05-01,2022-06-01,0,0.04587550319541676,0
45,2022-06-01,2022-07-01,0,0.06083733626026755,0
45,2022-07-01,2022-08-01,0,0.06023005096739382,0
45,2022-08-01,2022-09-01,0,0.0636208656898325,0
45,2022-09-01,2022-10-01,0,0.042369276980511385,0
45,2022-10-01,2022-11-01,0,0.043696278295657344,0
45,2022-11-01,2022-12-01,0,0.051978580858346876,0
46,2015-02-01,2015-03-01,1,0.8245739332221872,1
46,2015-03-01,2015-04-01,1,0.218560687970052,0
46,2015-04-01,2015-05-01,1,0.7878691197608184,1
46,2015-05-01,2015-06-01,1,0.6305781145904759,1
46,2015-06-01,2015-07-01,1,0.8175666068527212,1
46,2015-07-01,2015-08-01,1,0.8519978583059712,1
46,2015-08-01,2015-09-01,1,0.8529267566116222,1
46,2015-09-01,2015-10-01,1,0.8443150004606854,1
46,2015-10-01,2015-11-01,1,0.8175666068527212,1
46,2015-11-01,2015-12-01,1,0.6364659306968435,1
46,2015-12-01,2016-01-01,1,0.6339722009136156,1
46,2016-01-01,2016-02-01,0,0.6346291845414449,1
46,2016-02-01,2016-03-01,1,0.5462761891067796,1
46,2016-03-01,2016-04-01,0,0.21251804904194116,0
46,2016-04-01,2016-05-01,1,0.6322613642868257,1
46,2016-05-01,2016-06-01,1,0.5465627540918314,1
46,2016-06-01,2016-07-01,1,0.8245739332221872,1
46,2016-07-01,2016-08-01,1,0.7086801257927741,1
46,2016-08-01,2016-09-01,1,0.7906105932490108,1
46,2016-09-01,2016-10-01,1,0.8094352775600666,1
46,2016-10-01,2016-11-01,1,0.6354087155922612,1
46,2016-11-01,2016-12-01,0,0.6140135389962698,1
46,2016-12-01,2017-01-01,0,0.5509340889503904,1
46,2017-01-01,2017-02-01,0,0.24808525944221343,0
46,2017-02-01,2017-03-01,0,0.6265341900523606,1
46,2017-03-01,2017-04-01,1,0.2403778894750493,0
46,2017-04-01,2017-05-01,1,0.5941560115995704,1
46,2017-05-01,2017-06-01,0,0.5144357281424492,1
46,2017-06-01,2017-07-01,1,0.7057129480452641,1
46,2017-07-01,2017-08-01,1,0.7189359593123664,1
46,2017-08-01,2017-09-01,1,0.8097741633127711,1
46,2017-09-01,2017-10-01,1,0.7451765276233473,1
46,2017-10-01,2017-11-01,0,0.6635770141858831,1
46,2017-11-01,2017-12-01,0,0.6379797577345194,1
46,2017-12-01,2018-01-01,0,0.6364659306968435,1
46,2018-01-01,2018-02-01,0,0.6218666409899182,1
46,2018-02-01,2018-03-01,0,0.5072022559437739,1
46,2018-03-01,2018-04-01,1,0.21321536126783458,0
46,2018-04-01,2018-05-01,1,0.5043118275218315,1
46,2018-05-01,2018-06-01,1,0.5231098807683537,1
46,2018-06-01,2018-07-01,1,0.7181564282615502,1
46,2018-07-01,2018-08-01,1,0.7181564282615502,1
46,2018-08-01,2018-09-01,0,0.739358434510732,1
46,2018-09-01,2018-10-01,1,0.834939783239066,1
46,2018-10-01,2018-11-01,0,0.6664768720520041,1
46,2018-11-01,2018-12-01,1,0.6364659306968435,1
46,2018-12-01,2019-01-01,0,0.28197348627595026,0
46,2019-01-01,2019-02-01,0,0.663247689625551,1
46,2019-02-01,2019-03-01,0,0.5055430897933976,1
46,2019-03-01,2019-04-01,0,0.22197387924650006,0
46,2019-04-01,2019-05-01,1,0.5767942713952933,1
46,2019-05-01,2019-06-01,1,0.5996892800040281,1
46,2019-06-01,2019-07-01,1,0.7189359593123664,1
46,2019-07-01,2019-08-01,1,0.7189359593123664,1
46,2019-08-01,2019-09-01,0,0.8529267566116222,1
46,2019-09-01,2019-10-01,0,0.6289902625326865,1
46,2019-10-01,2019-11-01,0,0.7104064990738275,1
46,2019-11-01,2019-12-01,0,0.6346291845414449,1
46,2019-12-01,2020-01-01,0,0.6354087155922612,1
46,2020-01-01,2020-02-01,0,0.4245056708420877,0
46,2020-02-01,2020-03-01,0,0.39714179913646724,0
46,2020-03-01,2020-04-01,0,0.09856391932381818,0
46,2020-04-01,2020-05-01,0,0.08628076027621026,0
46,2020-05-01,2020-06-01,0,0.04926402584810856,0
46,2020-06-01,2020-07-01,0,0.25001538725448724,0
46,2020-07-01,2020-08-01,0,0.34081946517451406,0
46,2020-08-01,2020-09-01,0,0.46295035193010114,1
46,2020-09-01,2020-10-01,0,0.42227538174996626,0
46,2020-10-01,2020-11-01,0,0.31401775740175425,0
46,2020-11-01,2020-12-01,0,0.11330428868766089,0
46,2020-12-01,2021-01-01,0,0.08841718900625312,0
46,2021-01-01,2021-02-01,0,0.10155461887599038,0
46,2021-02-01,2021-03-01,0,0.0986287049200214,0
46,2021-03-01,2021-04-01,0,0.04668468829887345,0
46,2021-04-01,2021-05-01,0,0.0982836421503868,0
46,2021-05-01,2021-06-01,0,0.08540848694017708,0
46,2021-06-01,2021-07-01,0,0.11136321670811164,0
46,2021-07-01,2021-08-01,0,0.36793265114964363,0
46,2021-08-01,2021-09-01,0,0.34863854792704074,0
46,2021-09-01,2021-10-01,0,0.2856691029133484,0
46,2021-10-01,2021-11-01,0,0.29043666121393796,0
46,2021-11-01,2021-12-01,0,0.29043666121393796,0
46,2021-12-01,2022-01-01,0,0.08700099422382462,0
46,2022-01-01,2022-02-01,0,0.08841718900625312,0
46,2022-02-01,2022-03-01,0,0.05891985538119524,0
46,2022-03-01,2022-04-01,0,0.07201555084644308,0
46,2022-04-01,2022-05-01,0,0.10926851762807961,0
46,2022-05-01,2022-06-01,0,0.10301047416967156,0
46,2022-06-01,2022-07-01,1,0.267449707165841,0
46,2022-07-01,2022-08-01,1,0.42540193518897873,0
46,2022-08-01,2022-09-01,1,0.5164852031349678,1
46,2022-09-01,2022-10-01,1,0.6875560215982899,1
46,2022-10-01,2022-11-01,0,0.6950551836458467,1
46,2022-11-01,2022-12-01,1,0.7325456110366594,1
47,2015-02-01,2015-03-01,0,0.19469354519148718,0
47,2015-03-01,2015-04-01,0,0.03843611494275139,0
47,2015-04-01,2015-05-01,0,0.19183925435062413,0
47,2015-05-01,2015-06-01,0,0.20449491398356978,0
47,2015-06-01,2015-07-01,0,0.23769815634826733,0
47,2015-07-01,2015-08-01,0,0.1986470323764543,0
47,2015-08-01,2015-09-01,0,0.19566112120352527,0
47,2015-09-01,2015-10-01,0,0.18307037472753918,0
47,2015-10-01,2015-11-01,0,0.21234979921528724,0
47,2015-11-01,2015-12-01,0,0.1530085575887006,0
47,2015-12-01,2016-01-01,0,0.17834994717217467,0
47,2016-01-01,2016-02-01,0,0.14134942043684842,0
47,2016-02-01,2016-03-01,0,0.18557826596065263,0
47,2016-03-01,2016-04-01,0,0.058133856600743224,0
47,2016-04-01,2016-05-01,0,0.1540910849213369,0
47,2016-05-01,2016-06-01,0,0.17968683715608114,0
47,2016-06-01,2016-07-01,0,0.2794052753017176,0
47,2016-07-01,2016-08-01,0,0.1622849569189662,0
47,2016-08-01,2016-09-01,0,0.30002714230207694,0
47,2016-09-01,2016-10-01,0,0.2719795577370543,0
47,2016-10-01,2016-11-01,0,0.1622849569189662,0
47,2016-11-01,2016-12-01,0,0.25465846553660987,0
47,2016-12-01,2017-01-01,0,0.17874006728028813,0
47,2017-01-01,2017-02-01,0,0.1558316799121175,0
47,2017-02-01,2017-03-01,0,0.18851601130488674,0
47,2017-03-01,2017-04-01,0,0.11735875596160883,0
47,2017-04-01,2017-05-01,0,0.18608806369439812,0
47,2017-05-01,2017-06-01,0,0.23676358196317718,0
47,2017-06-01,2017-07-01,0,0.18375095513080836,0
47,2017-07-01,2017-08-01,0,0.20161142744638363,0
47,2017-08-01,2017-09-01,0,0.2699164269950174,0
47,2017-09-01,2017-10-01,0,0.17839917362251073,0
47,2017-10-01,2017-11-01,0,0.18756322357890085,0
47,2017-11-01,2017-12-01,0,0.19112021741737786,0
47,2017-12-01,2018-01-01,0,0.1893391000107733,0
47,2018-01-01,2018-02-01,0,0.19630319058432733,0
47,2018-02-01,2018-03-01,0,0.14023523755748143,0
47,2018-03-01,2018-04-01,0,0.047043404416856734,0
47,2018-04-01,2018-05-01,0,0.1835963313240021,0
47,2018-05-01,2018-06-01,0,0.19035087986846125,0
47,2018-06-01,2018-07-01,0,0.30300942502235984,0
47,2018-07-01,2018-08-01,0,0.20832979170299187,0
47,2018-08-01,2018-09-01,0,0.2429359263974844,0
47,2018-09-01,2018-10-01,0,0.2774950322471776,0
47,2018-10-01,2018-11-01,0,0.17854077965879195,0
47,2018-11-01,2018-12-01,0,0.18017735932285833,0
47,2018-12-01,2019-01-01,0,0.19252664975629097,0
47,2019-01-01,2019-02-01,0,0.19395843466694396,0
47,2019-02-01,2019-03-01,0,0.18662752234856714,0
47,2019-03-01,2019-04-01,0,0.15156366054158882,0
47,2019-04-01,2019-05-01,0,0.1624154157343609,0
47,2019-05-01,2019-06-01,0,0.1900792976744033,0
47,2019-06-01,2019-07-01,0,0.26711131865583143,0
47,2019-07-01,2019-08-01,0,0.20704178286526373,0
47,2019-08-01,2019-09-01,0,0.41984792158802153,0
47,2019-09-01,2019-10-01,0,0.25554169161173573,0
47,2019-10-01,2019-11-01,0,0.16887698218195443,0
47,2019-11-01,2019-12-01,0,0.19835242126882985,0
47,2019-12-01,2020-01-01,0,0.14134942043684842,0
47,2020-01-01,2020-02-01,0,0.15584116324259753,0
47,2020-02-01,2020-03-01,0,0.15123920229441906,0
47,2020-03-01,2020-04-01,0,0.09316950204430711,0
47,2020-04-01,2020-05-01,0,0.05548114879418632,0
47,2020-05-01,2020-06-01,0,0.03786572350297107,0
47,2020-06-01,2020-07-01,0,0.12219137718709891,0
47,2020-07-01,2020-08-01,0,0.10526874945988528,0
47,2020-08-01,2020-09-01,0,0.15505480115035014,0
47,2020-09-01,2020-10-01,0,0.14150000456692707,0
47,2020-10-01,2020-11-01,0,0.11026254466309639,0
47,2020-11-01,2020-12-01,0,0.1080520315517045,0
47,2020-12-01,2021-01-01,0,0.05771189575121733,0
47,2021-01-01,2021-02-01,0,0.05092265743942952,0
47,2021-02-01,2021-03-01,0,0.09779758426685238,0
47,2021-03-01,2021-04-01,0,0.020796045844376145,0
47,2021-04-01,2021-05-01,0,0.13244426753267502,0
47,2021-05-01,2021-06-01,0,0.03685260349284372,0
47,2021-06-01,2021-07-01,0,0.09644804671949612,0
47,2021-07-01,2021-08-01,0,0.14153611526734486,0
47,2021-08-01,2021-09-01,0,0.12096837440718716,0
47,2021-09-01,2021-10-01,0,0.10993910546545645,0
47,2021-10-01,2021-11-01,0,0.15166730560755565,0
47,2021-11-01,2021-12-01,0,0.14686087648279847,0
47,2021-12-01,2022-01-01,0,0.03811117770282397,0
47,2022-01-01,2022-02-01,0,0.05481923378392491,0
47,2022-02-01,2022-03-01,0,0.03123217605798162,0
47,2022-03-01,2022-04-01,0,0.03786572350297107,0
47,2022-04-01,2022-05-01,0,0.09279814146004303,0
47,2022-05-01,2022-06-01,0,0.11077258411320903,0
47,2022-06-01,2022-07-01,0,0.10588228199569336,0
47,2022-07-01,2022-08-01,0,0.11127113734194019,0
47,2022-08-01,2022-09-01,0,0.1622189999300755,0
47,2022-09-01,2022-10-01,0,0.1566609270238293,0
47,2022-10-01,2022-11-01,0,0.18479283504877753,0
47,2022-11-01,2022-12-01,0,0.1848628499210019,0
48,2015-02-01,2015-03-01,0,0.024160970131517426,0
48,2015-03-01,2015-04-01,0,0.013743458210649644,0
48,2015-04-01,2015-05-01,0,0.04005115811221677,0
48,2015-05-01,2015-06-01,0,0.03127753960257395,0
48,2015-06-01,2015-07-01,0,0.04588029028000416,0
48,2015-07-01,2015-08-01,0,0.037184586274961906,0
48,2015-08-01,2015-09-01,0,0.05384801056104803,0
48,2015-09-01,2015-10-01,0,0.049135842179152775,0
48,2015-10-01,2015-11-01,0,0.038187639978959145,0
48,2015-11-01,2015-12-01,0,0.026547926894618077,0
48,2015-12-01,2016-01-01,0,0.024173553828915412,0
48,2016-01-01,2016-02-01,0,0.020102931874798623,0
48,2016-02-01,2016-03-01,0,0.021879413524358283,0
48,2016-03-01,2016-04-01,0,0.025997752119263487,0
48,2016-04-01,2016-05-01,0,0.03957462198273658,0
48,2016-05-01,2016-06-01,0,0.022252964871043633,0
48,2016-06-01,2016-07-01,0,0.045964228467789796,0
48,2016-07-01,2016-08-01,0,0.04021231633112038,0
48,2016-08-01,2016-09-01,0,0.043690546448570296,0
48,2016-09-01,2016-10-01,0,0.05043070669322172,0
48,2016-10-01,2016-11-01,0,0.024871067064389733,0
48,2016-11-01,2016-12-01,0,0.033261562863420524,0
48,2016-12-01,2017-01-01,0,0.02426683216882232,0
48,2017-01-01,2017-02-01,0,0.019243873818193376,0
48,2017-02-01,2017-03-01,0,0.03143895193141691,0
48,2017-03-01,2017-04-01,0,0.01480108607114321,0
48,2017-04-01,2017-05-01,0,0.02359375921318314,0
48,2017-05-01,2017-06-01,0,0.03631193735725456,0
48,2017-06-01,2017-07-01,0,0.03983265106519588,0
48,2017-07-01,2017-08-01,0,0.03115640411642475,0
48,2017-08-01,2017-09-01,0,0.04630477917497846,0
48,2017-09-01,2017-10-01,0,0.03647293730238193,0
48,2017-10-01,2017-11-01,0,0.03268203104798237,0
48,2017-11-01,2017-12-01,0,0.0410738084297399,0
48,2017-12-01,2018-01-01,0,0.025092690672314743,0
48,2018-01-01,2018-02-01,0,0.022771189773906558,0
48,2018-02-01,2018-03-01,0,0.017945267342433454,0
48,2018-03-01,2018-04-01,0,0.013435039226721346,0
48,2018-04-01,2018-05-01,0,0.02480980804464554,0
48,2018-05-01,2018-06-01,0,0.023587143491182846,0
48,2018-06-01,2018-07-01,0,0.03693509393620912,0
48,2018-07-01,2018-08-01,0,0.03800428388355834,0
48,2018-08-01,2018-09-01,0,0.03375083514163353,0
48,2018-09-01,2018-10-01,0,0.050488856638558885,0
48,2018-10-01,2018-11-01,0,0.026547926894618077,0
48,2018-11-01,2018-12-01,0,0.027869611632752256,0
48,2018-12-01,2019-01-01,0,0.019544225179249357,0
48,2019-01-01,2019-02-01,0,0.038974547379419834,0
48,2019-02-01,2019-03-01,0,0.02607248605140437,0
48,2019-03-01,2019-04-01,0,0.016077193422177418,0
48,2019-04-01,2019-05-01,0,0.020043314941264035,0
48,2019-05-01,2019-06-01,0,0.021879413524358283,0
48,2019-06-01,2019-07-01,0,0.04980440097904327,0
48,2019-07-01,2019-08-01,0,0.050488856638558885,0
48,2019-08-01,2019-09-01,0,0.05387766802231773,0
48,2019-09-01,2019-10-01,0,0.0343200806384707,0
48,2019-10-01,2019-11-01,0,0.03663728659493598,0
48,2019-11-01,2019-12-01,0,0.026307226398872206,0
48,2019-12-01,2020-01-01,0,0.0194091811512174,0
48,2020-01-01,2020-02-01,0,0.02507961524145792,0
48,2020-02-01,2020-03-01,0,0.030746813657314874,0
48,2020-03-01,2020-04-01,0,0.01565892313001583,0
48,2020-04-01,2020-05-01,0,0.018911165155465395,0
48,2020-05-01,2020-06-01,0,0.0016402966630747967,0
48,2020-06-01,2020-07-01,0,0.027601451536492346,0
48,2020-07-01,2020-08-01,0,0.023573573982440556,0
48,2020-08-01,2020-09-01,0,0.022921469977466996,0
48,2020-09-01,2020-10-01,0,0.02102157698473912,0
48,2020-10-01,2020-11-01,0,0.015538358385882387,0
48,2020-11-01,2020-12-01,0,0.03163309680043564,0
48,2020-12-01,2021-01-01,0,0.010291305089153296,0
48,2021-01-01,2021-02-01,0,0.006053932008817865,0
48,2021-02-01,2021-03-01,0,0.013371573750858474,0
48,2021-03-01,2021-04-01,0,0.004066712601907933,0
48,2021-04-01,2021-05-01,0,0.012378611550577514,0
48,2021-05-01,2021-06-01,0,0.013222500693965394,0
48,2021-06-01,2021-07-01,0,0.019647807121852483,0
48,2021-07-01,2021-08-01,0,0.023378615288318902,0
48,2021-08-01,2021-09-01,0,0.022167508774975173,0
48,2021-09-01,2021-10-01,0,0.026379292100080443,0
48,2021-10-01,2021-11-01,0,0.024706192947418507,0
48,2021-11-01,2021-12-01,0,0.024000853915489204,0
48,2021-12-01,2022-01-01,0,0.01897704816753368,0
48,2022-01-01,2022-02-01,0,0.01743405780834164,0
48,2022-02-01,2022-03-01,0,0.010263214626717528,0
48,2022-03-01,2022-04-01,0,0.003890720362624242,0
48,2022-04-01,2022-05-01,0,0.021212189806181097,0
48,2022-05-01,2022-06-01,0,0.01710068416308849,0
48,2022-06-01,2022-07-01,0,0.024207521301896604,0
48,2022-07-01,2022-08-01,0,0.025457047911104903,0
48,2022-08-01,2022-09-01,0,0.035599333626035144,0
48,2022-09-01,2022-10-01,0,0.03841265034421303,0
48,2022-10-01,2022-11-01,0,0.04372123574419194,0
48,2022-11-01,2022-12-01,0,0.050995458616782216,0
49,2015-02-01,2015-03-01,1,0.7224578712209091,1
49,2015-03-01,2015-04-01,1,0.2619137616797922,0
49,2015-04-01,2015-05-01,1,0.8208238761186563,1
49,2015-05-01,2015-06-01,1,0.8202773355036777,1
49,2015-06-01,2015-07-01,1,0.8723168395978544,1
49,2015-07-01,2015-08-01,1,0.8532312313336882,1
49,2015-08-01,2015-09-01,1,0.870148968487311,1
49,2015-09-01,2015-10-01,1,0.9055643836846562,1
49,2015-10-01,2015-11-01,1,0.8567804192809569,1
49,2015-11-01,2015-12-01,1,0.865569498387666,1
49,2015-12-01,2016-01-01,1,0.6719691483794186,1
49,2016-01-01,2016-02-01,1,0.6428254754296285,1
49,2016-02-01,2016-03-01,1,0.6471322444001978,1
49,2016-03-01,2016-04-01,1,0.6429797315036333,1
49,2016-04-01,2016-05-01,1,0.8493457278178924,1
49,2016-05-01,2016-06-01,1,0.7216783401700928,1
49,2016-06-01,2016-07-01,1,0.8495034196821173,1
49,2016-07-01,2016-08-01,1,0.8567804192809569,1
49,2016-08-01,2016-09-01,1,0.8700638864158845,1
49,2016-09-01,2016-10-01,1,0.8792389536588947,1
49,2016-10-01,2016-11-01,1,0.8483517081464704,1
49,2016-11-01,2016-12-01,1,0.8723168395978544,1
49,2016-12-01,2017-01-01,1,0.7952377827168063,1
49,2017-01-01,2017-02-01,1,0.6349023081289599,1
49,2017-02-01,2017-03-01,1,0.8247110785978417,1
49,2017-03-01,2017-04-01,1,0.6462955134182331,1
49,2017-04-01,2017-05-01,1,0.6719691483794186,1
49,2017-05-01,2017-06-01,1,0.8574814763556815,1
49,2017-06-01,2017-07-01,1,0.8784508547266131,1
49,2017-07-01,2017-08-01,1,0.8603514237720741,1
49,2017-08-01,2017-09-01,1,0.8813277220617827,1
49,2017-09-01,2017-10-01,1,0.8507858078013856,1
49,2017-10-01,2017-11-01,1,0.8512718104983467,1
49,2017-11-01,2017-12-01,1,0.8259884045429895,1
49,2017-12-01,2018-01-01,1,0.714317984419562,1
49,2018-01-01,2018-02-01,1,0.7115092028966591,1
49,2018-02-01,2018-03-01,1,0.7150796187157943,1
49,2018-03-01,2018-04-01,1,0.2987617545915891,0
49,2018-04-01,2018-05-01,1,0.7908579405634257,1
49,2018-05-01,2018-06-01,1,0.8139049988757607,1
49,2018-06-01,2018-07-01,1,0.9058116686305855,1
49,2018-07-01,2018-08-01,1,0.9016653373630537,1
49,2018-08-01,2018-09-01,1,0.902445019740697,1
49,2018-09-01,2018-10-01,1,0.9049114517856299,1
49,2018-10-01,2018-11-01,1,0.8571398447015374,1
49,2018-11-01,2018-12-01,1,0.8311267078757152,1
49,2018-12-01,2019-01-01,1,0.7101766657183586,1
49,2019-01-01,2019-02-01,1,0.7395616203155482,1
49,2019-02-01,2019-03-01,1,0.6649560110032666,1
49,2019-03-01,2019-04-01,1,0.6290634587040574,1
49,2019-04-01,2019-05-01,1,0.7130486435463973,1
49,2019-05-01,2019-06-01,1,0.7905653227081586,1
49,2019-06-01,2019-07-01,1,0.9165569048721376,1
49,2019-07-01,2019-08-01,1,0.8713337655303843,1
49,2019-08-01,2019-09-01,1,0.9223247771320044,1
49,2019-09-01,2019-10-01,1,0.8915920606675258,1
49,2019-10-01,2019-11-01,1,0.8379922932554671,1
49,2019-11-01,2019-12-01,1,0.8567804192809569,1
49,2019-12-01,2020-01-01,1,0.7216783401700928,1
49,2020-01-01,2020-02-01,1,0.807891124284406,1
49,2020-02-01,2020-03-01,1,0.8063246456278105,1
49,2020-03-01,2020-04-01,1,0.7880118163988773,1
49,2020-04-01,2020-05-01,1,0.7600657322748876,1
49,2020-05-01,2020-06-01,1,0.4618974077830906,1
49,2020-06-01,2020-07-01,1,0.8096000393938222,1
49,2020-07-01,2020-08-01,1,0.8095970309016653,1
49,2020-08-01,2020-09-01,1,0.8228163600454467,1
49,2020-09-01,2020-10-01,1,0.804725908510037,1
49,2020-10-01,2020-11-01,1,0.8022277605872618,1
49,2020-11-01,2020-12-01,1,0.8006884728102427,1
49,2020-12-01,2021-01-01,1,0.7949012136049121,1
49,2021-01-01,2021-02-01,0,0.44062305870672785,0
49,2021-02-01,2021-03-01,1,0.7823056861808377,1
49,2021-03-01,2021-04-01,1,0.4959250843649954,1
49,2021-04-01,2021-05-01,1,0.7849676071090431,1
49,2021-05-01,2021-06-01,1,0.7854489216432979,1
49,2021-06-01,2021-07-01,1,0.8022277605872618,1
49,2021-07-01,2021-08-01,1,0.8007441321591642,1
49,2021-08-01,2021-09-01,1,0.8083751120783983,1
49,2021-09-01,2021-10-01,1,0.8027601759249603,1
49,2021-10-01,2021-11-01,1,0.8033110994257856,1
49,2021-11-01,2021-12-01,1,0.7997141882185869,1
49,2021-12-01,2022-01-01,1,0.6839358775194079,1
49,2022-01-01,2022-02-01,0,0.7219808266911498,1
49,2022-02-01,2022-03-01,1,0.49099232298116335,1
49,2022-03-01,2022-04-01,1,0.5051414450572862,1
49,2022-04-01,2022-05-01,1,0.8013141539107196,1
49,2022-05-01,2022-06-01,1,0.7850414928611922,1
49,2022-06-01,2022-07-01,1,0.8023658362461485,1
49,2022-07-01,2022-08-01,1,0.7859592100125193,1
49,2022-08-01,2022-09-01,1,0.801027938648481,1
49,2022-09-01,2022-10-01,1,0.8043608874731193,1
49,2022-10-01,2022-11-01,1,0.8552158892119428,1
49,2022-11-01,2022-12-01,1,0.8594386438402221,1
50,2015-02-01,2015-03-01,0,0.02870817437773451,0
50,2015-03-01,2015-04-01,0,0.0015674899138538733,0
50,2015-04-01,2015-05-01,0,0.021134189060840306,0
50,2015-05-01,2015-06-01,0,0.030725434051931243,0
50,2015-06-01,2015-07-01,0,0.03307003899259641,0
50,2015-07-01,2015-08-01,0,0.030649804391888143,0
50,2015-08-01,2015-09-01,0,0.03354904792909676,0
50,2015-09-01,2015-10-01,0,0.02870759883742031,0
50,2015-10-01,2015-11-01,0,0.029663146040585578,0
50,2015-11-01,2015-12-01,0,0.018087878855439176,0
50,2015-12-01,2016-01-01,0,0.012311276636182426,0
50,2016-01-01,2016-02-01,0,0.007394162457583801,0
50,2016-02-01,2016-03-01,0,0.010919820981681629,0
50,2016-03-01,2016-04-01,0,0.006599908107026647,0
50,2016-04-01,2016-05-01,0,0.015362909264762957,0
50,2016-05-01,2016-06-01,0,0.020952830709134253,0
50,2016-06-01,2016-07-01,0,0.033567330777873466,0
50,2016-07-01,2016-08-01,0,0.03333268485710577,0
50,2016-08-01,2016-09-01,0,0.0455022611770627,0
50,2016-09-01,2016-10-01,0,0.0371440261291229,0
50,2016-10-01,2016-11-01,0,0.02825863902877016,0
50,2016-11-01,2016-12-01,0,0.029581390423509317,0
50,2016-12-01,2017-01-01,0,0.029581390423509317,0
50,2017-01-01,2017-02-01,0,0.015735980545139472,0
50,2017-02-01,2017-03-01,0,0.02192505091369347,0
50,2017-03-01,2017-04-01,0,0.007660126363795007,0
50,2017-04-01,2017-05-01,0,0.015282816718505354,0
50,2017-05-01,2017-06-01,0,0.031306370021581216,0
50,2017-06-01,2017-07-01,0,0.04084578995352921,0
50,2017-07-01,2017-08-01,0,0.07204950540439731,0
50,2017-08-01,2017-09-01,0,0.055821658145975825,0
50,2017-09-01,2017-10-01,0,0.03788901806518836,0
50,2017-10-01,2017-11-01,0,0.035317095368105254,0
50,2017-11-01,2017-12-01,0,0.020843771907701907,0
50,2017-12-01,2018-01-01,0,0.016758999756224177,0
50,2018-01-01,2018-02-01,0,0.016224772156213534,0
50,2018-02-01,2018-03-01,0,0.014427522977883125,0
50,2018-03-01,2018-04-01,0,0.0017061296217862438,0
50,2018-04-01,2018-05-01,0,0.023509973227159156,0
50,2018-05-01,2018-06-01,0,0.020602647861672214,0
50,2018-06-01,2018-07-01,0,0.05836091126394916,0
50,2018-07-01,2018-08-01,0,0.07331658667846917,0
50,2018-08-01,2018-09-01,0,0.05296818904275542,0
50,2018-09-01,2018-10-01,0,0.05096143576695331,0
50,2018-10-01,2018-11-01,0,0.020843771907701907,0
50,2018-11-01,2018-12-01,0,0.02832449244529143,0
50,2018-12-01,2019-01-01,0,0.009442673130890077,0
50,2019-01-01,2019-02-01,0,0.03059848801777348,0
50,2019-02-01,2019-03-01,0,0.007884337766161218,0
50,2019-03-01,2019-04-01,0,0.0022899266286064983,0
50,2019-04-01,2019-05-01,0,0.014018872310271154,0
50,2019-05-01,2019-06-01,0,0.021992748259330966,0
50,2019-06-01,2019-07-01,0,0.03228084248206016,0
50,2019-07-01,2019-08-01,0,0.03964401008158012,0
50,2019-08-01,2019-09-01,0,0.04893296909918217,0
50,2019-09-01,2019-10-01,0,0.030633232798554927,0
50,2019-10-01,2019-11-01,0,0.027913380653478072,0
50,2019-11-01,2019-12-01,0,0.020843771907701907,0
50,2019-12-01,2020-01-01,0,0.010887846710440005,0
50,2020-01-01,2020-02-01,0,0.01782627761900522,0
50,2020-02-01,2020-03-01,0,0.019414593680540933,0
50,2020-03-01,2020-04-01,0,0.0015674899138538733,0
50,2020-04-01,2020-05-01,0,0.0021512869206741273,0
50,2020-05-01,2020-06-01,0,0.00153449365216709,0
50,2020-06-01,2020-07-01,0,0.03458458203538675,0
50,2020-07-01,2020-08-01,0,0.015856342677781066,0
50,2020-08-01,2020-09-01,0,0.019414593680540933,0
50,2020-09-01,2020-10-01,0,0.03145635436540628,0
50,2020-10-01,2020-11-01,0,0.013333407659786157,0
50,2020-11-01,2020-12-01,0,0.016116332427212696,0
50,2020-12-01,2021-01-01,0,0.003944803561460587,0
50,2021-01-01,2021-02-01,0,0.0021512869206741273,0
50,2021-02-01,2021-03-01,0,0.006331892579590692,0
50,2021-03-01,2021-04-01,0,0.004204476396071845,0
50,2021-04-01,2021-05-01,0,0.008244473630170975,0
50,2021-05-01,2021-06-01,0,0.0035134472474452542,0
50,2021-06-01,2021-07-01,0,0.013540484985864073,0
50,2021-07-01,2021-08-01,0,0.007884337766161218,0
50,2021-08-01,2021-09-01,0,0.01582783436502143,0
50,2021-09-01,2021-10-01,0,0.013451217368796377,0
50,2021-10-01,2021-11-01,0,0.007394162457583801,0
50,2021-11-01,2021-12-01,0,0.003944803561460587,0
50,2021-12-01,2022-01-01,0,0.0019761405814658402,0
50,2022-01-01,2022-02-01,0,0.0017061296217862438,0
50,2022-02-01,2022-03-01,0,0.0017450641955519246,0
50,2022-03-01,2022-04-01,0,0.0033654358167989526,0
50,2022-04-01,2022-05-01,0,0.0023618574640589625,0
50,2022-05-01,2022-06-01,0,0.009429701577447354,0
50,2022-06-01,2022-07-01,0,0.014806498600466744,0
50,2022-07-01,2022-08-01,0,0.013748870739973176,0
50,2022-08-01,2022-09-01,0,0.025808730170775465,0
50,2022-09-01,2022-10-01,0,0.03465418390261507,0
50,2022-10-01,2022-11-01,0,0.028161154890372134,0
50,2022-11-01,2022-12-01,0,0.03510385098396114,0
51,2015-02-01,2015-03-01,0,0.03383111541831722,0
51,2015-03-01,2015-04-01,0,0.03383111541831722,0
51,2015-04-01,2015-05-01,0,0.03312583495639537,0
51,2015-05-01,2015-06-01,0,0.031227206122491257,0
51,2015-06-01,2015-07-01,0,0.03370595079314917,0
51,2015-07-01,2015-08-01,0,0.03312583495639537,0
51,2015-08-01,2015-09-01,0,0.039604450310890014,0
51,2015-09-01,2015-10-01,0,0.03383111541831722,0
51,2015-10-01,2015-11-01,0,0.03370595079314917,0
51,2015-11-01,2015-12-01,0,0.031289073460954345,0
51,2015-12-01,2016-01-01,0,0.03745363189016417,0
51,2016-01-01,2016-02-01,0,0.031227206122491257,0
51,2016-02-01,2016-03-01,0,0.02861820674125143,0
51,2016-03-01,2016-04-01,0,0.02903658679508172,0
51,2016-04-01,2016-05-01,0,0.03745363189016417,0
51,2016-05-01,2016-06-01,0,0.02892783085844831,0
51,2016-06-01,2016-07-01,0,0.03383111541831722,0
51,2016-07-01,2016-08-01,0,0.02920392802696045,0
51,2016-08-01,2016-09-01,0,0.03383111541831722,0
51,2016-09-01,2016-10-01,0,0.03795143062650988,0
51,2016-10-01,2016-11-01,0,0.03383111541831722,0
51,2016-11-01,2016-12-01,0,0.03745363189016417,0
51,2016-12-01,2017-01-01,0,0.02920392802696045,0
51,2017-01-01,2017-02-01,0,0.031227206122491257,0
51,2017-02-01,2017-03-01,0,0.031227206122491257,0
51,2017-03-01,2017-04-01,0,0.03745363189016417,0
51,2017-04-01,2017-05-01,0,0.02892783085844831,0
51,2017-05-01,2017-06-01,0,0.031289073460954345,0
51,2017-06-01,2017-07-01,0,0.02889916829083701,0
51,2017-07-01,2017-08-01,0,0.02889916829083701,0
51,2017-08-01,2017-09-01,0,0.031289073460954345,0
51,2017-09-01,2017-10-01,0,0.031045099770662533,0
51,2017-10-01,2017-11-01,0,0.03383111541831722,0
51,2017-11-01,2017-12-01,0,0.031289073460954345,0
51,2017-12-01,2018-01-01,0,0.02959017668144984,0
51,2018-01-01,2018-02-01,0,0.03383111541831722,0
51,2018-02-01,2018-03-01,0,0.03383111541831722,0
51,2018-03-01,2018-04-01,0,0.03370595079314917,0
51,2018-04-01,2018-05-01,0,0.02920392802696045,0
51,2018-05-01,2018-06-01,0,0.02920392802696045,0
51,2018-06-01,2018-07-01,0,0.031045099770662533,0
51,2018-07-01,2018-08-01,0,0.031289073460954345,0
51,2018-08-01,2018-09-01,0,0.031289073460954345,0
51,2018-09-01,2018-10-01,0,0.02889916829083701,0
51,2018-10-01,2018-11-01,0,0.031227206122491257,0
51,2018-11-01,2018-12-01,0,0.02861820674125143,0
51,2018-12-01,2019-01-01,0,0.02892783085844831,0
51,2019-01-01,2019-02-01,0,0.03383111541831722,0
51,2019-02-01,2019-03-01,0,0.02920392802696045,0
51,2019-03-01,2019-04-01,0,0.02959017668144984,0
51,2019-04-01,2019-05-01,0,0.02920392802696045,0
51,2019-05-01,2019-06-01,0,0.02861820674125143,0
51,2019-06-01,2019-07-01,0,0.02920392802696045,0
51,2019-07-01,2019-08-01,0,0.02903658679508172,0
51,2019-08-01,2019-09-01,0,0.031045099770662533,0
51,2019-09-01,2019-10-01,0,0.02861820674125143,0
51,2019-10-01,2019-11-01,0,0.031289073460954345,0
51,2019-11-01,2019-12-01,0,0.02889916829083701,0
51,2019-12-01,2020-01-01,0,0.02889916829083701,0
51,2020-01-01,2020-02-01,0,0.03444976098655317,0
51,2020-02-01,2020-03-01,0,0.032274758892711905,0
51,2020-03-01,2020-04-01,0,0.037051545419279776,0
51,2020-04-01,2020-05-01,0,0.032274758892711905,0
51,2020-05-01,2020-06-01,0,0.04219789599035986,0
51,2020-06-01,2020-07-01,0,0.032274758892711905,0
51,2020-07-01,2020-08-01,0,0.03688808704985943,0
51,2020-08-01,2020-09-01,0,0.03701325167502748,0
51,2020-09-01,2020-10-01,0,0.037051545419279776,0
51,2020-10-01,2020-11-01,0,0.03444976098655317,0
51,2020-11-01,2020-12-01,0,0.04219789599035986,0
51,2020-12-01,2021-01-01,0,0.0417021179379144,0
51,2021-01-01,2021-02-01,0,0.0417021179379144,0
51,2021-02-01,2021-03-01,0,0.037051545419279776,0
51,2021-03-01,2021-04-01,0,0.037051545419279776,0
51,2021-04-01,2021-05-01,0,0.037051545419279776,0
51,2021-05-01,2021-06-01,0,0.032608589242851066,0
51,2021-06-01,2021-07-01,0,0.03463186733838189,0
51,2021-07-01,2021-08-01,0,0.042693323820610696,0
51,2021-08-01,2021-09-01,0,0.03701325167502748,0
51,2021-09-01,2021-10-01,0,0.037051545419279776,0
51,2021-10-01,2021-11-01,0,0.03688808704985943,0
51,2021-11-01,2021-12-01,0,0.037051545419279776,0
51,2021-12-01,2022-01-01,0,0.037051545419279776,0
51,2022-01-01,2022-02-01,0,0.04380778817069308,0
51,2022-02-01,2022-03-01,0,0.04422185952891044,0
51,2022-03-01,2022-04-01,0,0.03688808704985943,0
51,2022-04-01,2022-05-01,0,0.03688808704985943,0
51,2022-05-01,2022-06-01,0,0.03677049435475112,0
51,2022-06-01,2022-07-01,0,0.037051545419279776,0
51,2022-07-01,2022-08-01,0,0.03688808704985943,0
51,2022-08-01,2022-09-01,0,0.035735896629263554,0
51,2022-09-01,2022-10-01,0,0.037051545419279776,0
51,2022-10-01,2022-11-01,0,0.037051545419279776,0
51,2022-11-01,2022-12-01,0,0.037121954120595935,0
52,2015-02-01,2015-03-01,0,0.09943405577588255,0
52,2015-03-01,2015-04-01,0,0.042390711230613,0
52,2015-04-01,2015-05-01,0,0.0862559304331207,0
52,2015-05-01,2015-06-01,0,0.08694769278731036,0
52,2015-06-01,2015-07-01,0,0.36771136032116597,0
52,2015-07-01,2015-08-01,0,0.3122488094488962,0
52,2015-08-01,2015-09-01,0,0.5291352847686785,1
52,2015-09-01,2015-10-01,0,0.47846336337264056,1
52,2015-10-01,2015-11-01,0,0.3144319193570022,0
52,2015-11-01,2015-12-01,0,0.0680057215734148,0
52,2015-12-01,2016-01-01,0,0.06828403278166263,0
52,2016-01-01,2016-02-01,0,0.07717437483559172,0
52,2016-02-01,2016-03-01,0,0.0838530575300322,0
52,2016-03-01,2016-04-01,0,0.05549330118879387,0
52,2016-04-01,2016-05-01,0,0.08788388431084784,0
52,2016-05-01,2016-06-01,0,0.07139880900336251,0
52,2016-06-01,2016-07-01,0,0.2700075134291738,0
52,2016-07-01,2016-08-01,0,0.1032160895923978,0
52,2016-08-01,2016-09-01,0,0.09585745623233455,0
52,2016-09-01,2016-10-01,0,0.4047913304866019,0
52,2016-10-01,2016-11-01,0,0.06794658473199383,0
52,2016-11-01,2016-12-01,0,0.08252622015125224,0
52,2016-12-01,2017-01-01,0,0.07077134574077826,0
52,2017-01-01,2017-02-01,0,0.049225285134082704,0
52,2017-02-01,2017-03-01,0,0.07747475673284819,0
52,2017-03-01,2017-04-01,0,0.032516815496310025,0
52,2017-04-01,2017-05-01,0,0.04741262112685101,0
52,2017-05-01,2017-06-01,0,0.0725485801439547,0
52,2017-06-01,2017-07-01,0,0.08847485941254457,0
52,2017-07-01,2017-08-01,0,0.06576970122801168,0
52,2017-08-01,2017-09-01,0,0.37441717566788024,0
52,2017-09-01,2017-10-01,0,0.08644287947501787,0
52,2017-10-01,2017-11-01,0,0.2654356284248067,0
52,2017-11-01,2017-12-01,0,0.10231671828669169,0
52,2017-12-01,2018-01-01,0,0.03528863847251555,0
52,2018-01-01,2018-02-01,0,0.06576970122801168,0
52,2018-02-01,2018-03-01,0,0.03234685073769405,0
52,2018-03-01,2018-04-01,0,0.03268068108783321,0
52,2018-04-01,2018-05-01,0,0.04117267631223248,0
52,2018-05-01,2018-06-01,0,0.06769879169307721,0
52,2018-06-01,2018-07-01,0,0.07520257060954756,0
52,2018-07-01,2018-08-01,0,0.06824583819681197,0
52,2018-08-01,2018-09-01,0,0.0913008461824029,0
52,2018-09-01,2018-10-01,0,0.25226430484695095,0
52,2018-10-01,2018-11-01,0,0.0735363494054387,0
52,2018-11-01,2018-12-01,0,0.08527574442752019,0
52,2018-12-01,2019-01-01,0,0.03268068108783321,0
52,2019-01-01,2019-02-01,0,0.07137577840953513,0
52,2019-02-01,2019-03-01,0,0.03217305375704796,0
52,2019-03-01,2019-04-01,0,0.04173530557565044,0
52,2019-04-01,2019-05-01,0,0.03217305375704796,0
52,2019-05-01,2019-06-01,0,0.035736255046156545,0
52,2019-06-01,2019-07-01,0,0.07880636305194551,0
52,2019-07-01,2019-08-01,0,0.11128834503428697,0
52,2019-08-01,2019-09-01,0,0.2744290688476945,0
52,2019-09-01,2019-10-01,0,0.07960563974166272,0
52,2019-10-01,2019-11-01,0,0.0685219353653241,0
52,2019-11-01,2019-12-01,0,0.08342849253501966,0
52,2019-12-01,2020-01-01,0,0.037077677937716866,0
52,2020-01-01,2020-02-01,0,0.09519534551213903,0
52,2020-02-01,2020-03-01,0,0.06671516686799432,0
52,2020-03-01,2020-04-01,0,0.06655130127647116,0
52,2020-04-01,2020-05-01,0,0.07005163077363497,0
52,2020-05-01,2020-06-01,0,0.06655130127647116,0
52,2020-06-01,2020-07-01,0,0.06498904516964973,0
52,2020-07-01,2020-08-01,0,0.06671516686799432,0
52,2020-08-01,2020-09-01,0,0.06826849547664049,0
52,2020-09-01,2020-10-01,0,0.10457049380444176,0
52,2020-10-01,2020-11-01,0,0.07225210676163611,0
52,2020-11-01,2020-12-01,0,0.06917604833067457,0
52,2020-12-01,2021-01-01,0,0.06920551359434846,0
52,2021-01-01,2021-02-01,0,0.0729370347327581,0
52,2021-02-01,2021-03-01,0,0.07005163077363497,0
52,2021-03-01,2021-04-01,0,0.07134586955513574,0
52,2021-04-01,2021-05-01,0,0.06927632951776747,0
52,2021-05-01,2021-06-01,0,0.06927632951776747,0
52,2021-06-01,2021-07-01,0,0.06927632951776747,0
52,2021-07-01,2021-08-01,0,0.06671516686799432,0
52,2021-08-01,2021-09-01,0,0.09507018088697099,0
52,2021-09-01,2021-10-01,0,0.08921280017853334,0
52,2021-10-01,2021-11-01,0,0.08053657252257697,0
52,2021-11-01,2021-12-01,0,0.06655130127647116,0
52,2021-12-01,2022-01-01,0,0.07261253636450123,0
52,2022-01-01,2022-02-01,0,0.06671516686799432,0
52,2022-02-01,2022-03-01,0,0.06920551359434846,0
52,2022-03-01,2022-04-01,0,0.06498904516964973,0
52,2022-04-01,2022-05-01,0,0.0694397878871878,0
52,2022-05-01,2022-06-01,0,0.06567421496071763,0
52,2022-06-01,2022-07-01,0,0.11900053104559613,0
52,2022-07-01,2022-08-01,0,0.12802997926020812,0
52,2022-08-01,2022-09-01,0,0.164752324775225,0
52,2022-09-01,2022-10-01,0,0.18093669377908775,0
52,2022-10-01,2022-11-01,0,0.5422437387781102,1
52,2022-11-01,2022-12-01,0,0.6801166429106797,1
53,2015-02-01,2015-03-01,0,0.846433127677465,1
53,2015-03-01,2015-04-01,0,0.21887714778759754,0
53,2015-04-01,2015-05-01,1,0.8330645362212025,1
53,2015-05-01,2015-06-01,0,0.7949969594171782,1
53,2015-06-01,2015-07-01,1,0.8624266552875682,1
53,2015-07-01,2015-08-01,1,0.8608084917217219,1
53,2015-08-01,2015-09-01,0,0.8836303969387727,1
53,2015-09-01,2015-10-01,1,0.8862311335719677,1
53,2015-10-01,2015-11-01,0,0.8313333023653003,1
53,2015-11-01,2015-12-01,0,0.8242013755259606,1
53,2015-12-01,2016-01-01,0,0.602741618562125,1
53,2016-01-01,2016-02-01,0,0.5626194690312739,1
53,2016-02-01,2016-03-01,0,0.6153054400824867,1
53,2016-03-01,2016-04-01,0,0.47914605852689574,1
53,2016-04-01,2016-05-01,0,0.8039809368710004,1
53,2016-05-01,2016-06-01,0,0.6868790577158369,1
53,2016-06-01,2016-07-01,0,0.8599703080255733,1
53,2016-07-01,2016-08-01,1,0.8617708425887889,1
53,2016-08-01,2016-09-01,0,0.8927500374744807,1
53,2016-09-01,2016-10-01,0,0.8363224960411502,1
53,2016-10-01,2016-11-01,0,0.8870828024846812,1
53,2016-11-01,2016-12-01,0,0.8519760839149765,1
53,2016-12-01,2017-01-01,0,0.8862311335719677,1
53,2017-01-01,2017-02-01,0,0.7709244745700538,1
53,2017-02-01,2017-03-01,0,0.8330645362212025,1
53,2017-03-01,2017-04-01,0,0.6502430366841998,1
53,2017-04-01,2017-05-01,0,0.8301277069510758,1
53,2017-05-01,2017-06-01,0,0.8500959954696662,1
53,2017-06-01,2017-07-01,1,0.8870828024846812,1
53,2017-07-01,2017-08-01,1,0.9348446757119113,1
53,2017-08-01,2017-09-01,0,0.8932039075559802,1
53,2017-09-01,2017-10-01,0,0.8876349817227176,1
53,2017-10-01,2017-11-01,0,0.837377005419382,1
53,2017-11-01,2017-12-01,0,0.8325591616063834,1
53,2017-12-01,2018-01-01,0,0.8014663691624414,1
53,2018-01-01,2018-02-01,0,0.8039809368710004,1
53,2018-02-01,2018-03-01,0,0.6940844865126473,1
53,2018-03-01,2018-04-01,0,0.5877502837576586,1
53,2018-04-01,2018-05-01,1,0.8494661264210119,1
53,2018-05-01,2018-06-01,1,0.8330645362212025,1
53,2018-06-01,2018-07-01,1,0.9378823611421052,1
53,2018-07-01,2018-08-01,1,0.923469640197919,1
53,2018-08-01,2018-09-01,0,0.8769450035313032,1
53,2018-09-01,2018-10-01,0,0.8936287843296221,1
53,2018-10-01,2018-11-01,0,0.8242423326489868,1
53,2018-11-01,2018-12-01,0,0.8428987175477733,1
53,2018-12-01,2019-01-01,0,0.6363526182704013,1
53,2019-01-01,2019-02-01,0,0.8133786368313118,1
53,2019-02-01,2019-03-01,0,0.613362400005699,1
53,2019-03-01,2019-04-01,0,0.5230613135247896,1
53,2019-04-01,2019-05-01,1,0.6144510201153423,1
53,2019-05-01,2019-06-01,0,0.8442436849581161,1
53,2019-06-01,2019-07-01,0,0.8849777787194196,1
53,2019-07-01,2019-08-01,0,0.8840231303507735,1
53,2019-08-01,2019-09-01,0,0.9002793361498622,1
53,2019-09-01,2019-10-01,0,0.8834569997761631,1
53,2019-10-01,2019-11-01,0,0.8260384345510492,1
53,2019-11-01,2019-12-01,0,0.8039809368710004,1
53,2019-12-01,2020-01-01,0,0.6870376883825384,1
53,2020-01-01,2020-02-01,0,0.6288263032680896,1
53,2020-02-01,2020-03-01,0,0.7243685159417919,1
53,2020-03-01,2020-04-01,0,0.19043327811613084,0
53,2020-04-01,2020-05-01,0,0.5696975763356069,1
53,2020-05-01,2020-06-01,0,0.1416348541321615,0
53,2020-06-01,2020-07-01,0,0.8438498612704103,1
53,2020-07-01,2020-08-01,0,0.810748625604226,1
53,2020-08-01,2020-09-01,0,0.8001936222352491,1
53,2020-09-01,2020-10-01,0,0.8406275967362719,1
53,2020-10-01,2020-11-01,0,0.6810309923682347,1
53,2020-11-01,2020-12-01,0,0.6945701633731743,1
53,2020-12-01,2021-01-01,0,0.5081224477519499,1
53,2021-01-01,2021-02-01,0,0.5740848712966655,1
53,2021-02-01,2021-03-01,0,0.5675014778307015,1
53,2021-03-01,2021-04-01,0,0.09661798063711176,0
53,2021-04-01,2021-05-01,0,0.49602968533365605,1
53,2021-05-01,2021-06-01,0,0.20287178114868729,0
53,2021-06-01,2021-07-01,0,0.678325320642487,1
53,2021-07-01,2021-08-01,0,0.6754565717023129,1
53,2021-08-01,2021-09-01,0,0.6496625514485471,1
53,2021-09-01,2021-10-01,0,0.6228240824442046,1
53,2021-10-01,2021-11-01,0,0.6361365741151332,1
53,2021-11-01,2021-12-01,0,0.5992341567289559,1
53,2021-12-01,2022-01-01,0,0.44671994888723604,1
53,2022-01-01,2022-02-01,0,0.21400403094033854,0
53,2022-02-01,2022-03-01,0,0.16669395148225158,0
53,2022-03-01,2022-04-01,0,0.09834957839810637,0
53,2022-04-01,2022-05-01,0,0.5960244205415222,1
53,2022-05-01,2022-06-01,0,0.6005076959669162,1
53,2022-06-01,2022-07-01,0,0.6427944137176713,1
53,2022-07-01,2022-08-01,0,0.57328730530186,1
53,2022-08-01,2022-09-01,0,0.6531878533157011,1
53,2022-09-01,2022-10-01,0,0.8439661251887021,1
53,2022-10-01,2022-11-01,0,0.872488248858676,1
53,2022-11-01,2022-12-01,0,0.8716061617544327,1
54,2015-02-01,2015-03-01,0,0.09918471592028663,0
54,2015-03-01,2015-04-01,0,0.03986232831694487,0
54,2015-04-01,2015-05-01,0,0.10208339720554846,0
54,2015-05-01,2015-06-01,0,0.19441789332454462,0
54,2015-06-01,2015-07-01,0,0.19358102269214744,0
54,2015-07-01,2015-08-01,0,0.10121206349946286,0
54,2015-08-01,2015-09-01,0,0.09786841923982957,0
54,2015-09-01,2015-10-01,0,0.08495816705094013,0
54,2015-10-01,2015-11-01,0,0.13216683142487368,0
54,2015-11-01,2015-12-01,0,0.1451998486816748,0
54,2015-12-01,2016-01-01,0,0.08939385201632595,0
54,2016-01-01,2016-02-01,0,0.06564506551371939,0
54,2016-02-01,2016-03-01,0,0.07043973018540972,0
54,2016-03-01,2016-04-01,0,0.056047508477226414,0
54,2016-04-01,2016-05-01,0,0.10181989445036403,0
54,2016-05-01,2016-06-01,0,0.10695595918491096,0
54,2016-06-01,2016-07-01,0,0.08414099172981544,0
54,2016-07-01,2016-08-01,0,0.15106452947817767,0
54,2016-08-01,2016-09-01,0,0.08663589012355158,0
54,2016-09-01,2016-10-01,0,0.16819578844720529,0
54,2016-10-01,2016-11-01,0,0.18911920815494443,0
54,2016-11-01,2016-12-01,0,0.10277000013562172,0
54,2016-12-01,2017-01-01,0,0.10125784222642513,0
54,2017-01-01,2017-02-01,0,0.14740865168796696,0
54,2017-02-01,2017-03-01,0,0.10280549235045267,0
54,2017-03-01,2017-04-01,0,0.08568431996975183,0
54,2017-04-01,2017-05-01,0,0.17456593963716638,0
54,2017-05-01,2017-06-01,0,0.08770384655060623,0
54,2017-06-01,2017-07-01,0,0.085601604271635,0
54,2017-07-01,2017-08-01,0,0.18955733341865166,0
54,2017-08-01,2017-09-01,0,0.0883022946937462,0
54,2017-09-01,2017-10-01,0,0.13628637650627118,0
54,2017-10-01,2017-11-01,0,0.0994768550221999,0
54,2017-11-01,2017-12-01,0,0.1314491541979797,0
54,2017-12-01,2018-01-01,0,0.0678166797579989,0
54,2018-01-01,2018-02-01,0,0.09815822119367942,0
54,2018-02-01,2018-03-01,0,0.06492599650579403,0
54,2018-03-01,2018-04-01,0,0.04665747017173325,0
54,2018-04-01,2018-05-01,0,0.15081273321956615,0
54,2018-05-01,2018-06-01,0,0.09932752451046868,0
54,2018-06-01,2018-07-01,0,0.09993078874612836,0
54,2018-07-01,2018-08-01,0,0.08554621189265105,0
54,2018-08-01,2018-09-01,0,0.19925382742246292,0
54,2018-09-01,2018-10-01,0,0.21950771276576383,0
54,2018-10-01,2018-11-01,0,0.19672901184001954,0
54,2018-11-01,2018-12-01,0,0.18881467814378095,0
54,2018-12-01,2019-01-01,0,0.08342715672431644,0
54,2019-01-01,2019-02-01,0,0.19395049938739264,0
54,2019-02-01,2019-03-01,0,0.07129151578582049,0
54,2019-03-01,2019-04-01,0,0.05645574355160132,0
54,2019-04-01,2019-05-01,0,0.06784898386219566,0
54,2019-05-01,2019-06-01,0,0.17941573746893807,0
54,2019-06-01,2019-07-01,0,0.19462362297658434,0
54,2019-07-01,2019-08-01,0,0.1567629292499218,0
54,2019-08-01,2019-09-01,0,0.1864347984305626,0
54,2019-09-01,2019-10-01,0,0.1911032484129544,0
54,2019-10-01,2019-11-01,0,0.1993390195167848,0
54,2019-11-01,2019-12-01,0,0.198911739454595,0
54,2019-12-01,2020-01-01,0,0.09875021203297131,0
54,2020-01-01,2020-02-01,0,0.18181055882922378,0
54,2020-02-01,2020-03-01,0,0.10111540297385263,0
54,2020-03-01,2020-04-01,0,0.06263366314403121,0
54,2020-04-01,2020-05-01,0,0.07466655821004937,0
54,2020-05-01,2020-06-01,0,0.027349941953047012,0
54,2020-06-01,2020-07-01,0,0.1934082711449127,0
54,2020-07-01,2020-08-01,0,0.1606624246891763,0
54,2020-08-01,2020-09-01,0,0.10623678966733034,0
54,2020-09-01,2020-10-01,0,0.19456821957849488,0
54,2020-10-01,2020-11-01,0,0.097457718345217,0
54,2020-11-01,2020-12-01,0,0.10050757202295144,0
54,2020-12-01,2021-01-01,0,0.08720431853706512,0
54,2021-01-01,2021-02-01,0,0.06562942020552846,0
54,2021-02-01,2021-03-01,0,0.08483858144970273,0
54,2021-03-01,2021-04-01,0,0.025117552628798775,0
54,2021-04-01,2021-05-01,0,0.07960067304560794,0
54,2021-05-01,2021-06-01,0,0.06060599934016183,0
54,2021-06-01,2021-07-01,0,0.07157294621207567,0
54,2021-07-01,2021-08-01,0,0.08282527609762334,0
54,2021-08-01,2021-09-01,0,0.18843763619016426,0
54,2021-09-01,2021-10-01,0,0.12602558090536478,0
54,2021-10-01,2021-11-01,0,0.09032309728579413,0
54,2021-11-01,2021-12-01,0,0.06544731385369974,0
54,2021-12-01,2022-01-01,0,0.04922715779090319,0
54,2022-01-01,2022-02-01,0,0.0712066730348466,0
54,2022-02-01,2022-03-01,0,0.024329871043049657,0
54,2022-03-01,2022-04-01,0,0.027532048304875732,0
54,2022-04-01,2022-05-01,0,0.06540640759872711,0
54,2022-05-01,2022-06-01,0,0.0640540825935176,0
54,2022-06-01,2022-07-01,0,0.07522701741358376,0
54,2022-07-01,2022-08-01,0,0.07157294621207567,0
54,2022-08-01,2022-09-01,0,0.19263919599459994,0
54,2022-09-01,2022-10-01,0,0.18503784910897983,0
54,2022-10-01,2022-11-01,0,0.1892268955970205,0
54,2022-11-01,2022-12-01,0,0.1784507169398973,0
55,2015-02-01,2015-03-01,0,0.00585228050012656,0
55,2015-03-01,2015-04-01,0,0.0017450641955519246,0
55,2015-04-01,2015-05-01,0,0.0017450641955519246,0
55,2015-05-01,2015-06-01,0,0.001705366332512606,0
55,2015-06-01,2015-07-01,0,0.006187585940330741,0
55,2015-07-01,2015-08-01,0,0.005079780675236614,0
55,2015-08-01,2015-09-01,0,0.00153449365216709,0
55,2015-09-01,2015-10-01,0,0.00153449365216709,0
55,2015-10-01,2015-11-01,0,0.004943934617995333,0
55,2015-11-01,2015-12-01,0,0.0016731333600994607,0
55,2015-12-01,2016-01-01,0,0.004891274403026701,0
55,2016-01-01,2016-02-01,0,0.004943934617995333,0
55,2016-02-01,2016-03-01,0,0.00153449365216709,0
55,2016-03-01,2016-04-01,0,0.0017450641955519246,0
55,2016-04-01,2016-05-01,0,0.0016731333600994607,0
55,2016-05-01,2016-06-01,0,0.0016731333600994607,0
55,2016-06-01,2016-07-01,0,0.00585228050012656,0
55,2016-07-01,2016-08-01,0,0.0067974245461911295,0
55,2016-08-01,2016-09-01,0,0.005785229043716984,0
55,2016-09-01,2016-10-01,0,0.0016731333600994607,0
55,2016-10-01,2016-11-01,0,0.005858214445407978,0
55,2016-11-01,2016-12-01,0,0.0019431443197790567,0
55,2016-12-01,2017-01-01,0,0.0016731333600994607,0
55,2017-01-01,2017-02-01,0,0.0016731333600994607,0
55,2017-02-01,2017-03-01,0,0.005190244692269636,0
55,2017-03-01,2017-04-01,0,0.0023492759174739224,0
55,2017-04-01,2017-05-01,0,0.0017450641955519246,0
55,2017-05-01,2017-06-01,0,0.0016731333600994607,0
55,2017-06-01,2017-07-01,0,0.0016731333600994607,0
55,2017-07-01,2017-08-01,0,0.005248483654066828,0
55,2017-08-01,2017-09-01,0,0.004891274403026701,0
55,2017-09-01,2017-10-01,0,0.0016731333600994607,0
55,2017-10-01,2017-11-01,0,0.0016731333600994607,0
55,2017-11-01,2017-12-01,0,0.0016731333600994607,0
55,2017-12-01,2018-01-01,0,0.0018941372524450056,0
55,2018-01-01,2018-02-01,0,0.005785229043716984,0
55,2018-02-01,2018-03-01,0,0.004200694971624349,0
55,2018-03-01,2018-04-01,0,0.0033654358167989526,0
55,2018-04-01,2018-05-01,0,0.004943934617995333,0
55,2018-05-01,2018-06-01,0,0.0017450641955519246,0
55,2018-06-01,2018-07-01,0,0.0017450641955519246,0
55,2018-07-01,2018-08-01,0,0.001705366332512606,0
55,2018-08-01,2018-09-01,0,0.0017450641955519246,0
55,2018-09-01,2018-10-01,0,0.00153449365216709,0
55,2018-10-01,2018-11-01,0,0.00408881925058385,0
55,2018-11-01,2018-12-01,0,0.00153449365216709,0
55,2018-12-01,2019-01-01,0,0.0051949641984687725,0
55,2019-01-01,2019-02-01,0,0.004943934617995333,0
55,2019-02-01,2019-03-01,0,0.005069352606340022,0
55,2019-03-01,2019-04-01,0,0.00153449365216709,0
55,2019-04-01,2019-05-01,0,0.00153449365216709,0
55,2019-05-01,2019-06-01,0,0.003684607526039752,0
55,2019-06-01,2019-07-01,0,0.00153449365216709,0
55,2019-07-01,2019-08-01,0,0.0016731333600994607,0
55,2019-08-01,2019-09-01,0,0.004200694971624349,0
55,2019-09-01,2019-10-01,0,0.004200694971624349,0
55,2019-10-01,2019-11-01,0,0.001886221479217631,0
55,2019-11-01,2019-12-01,0,0.0016731333600994607,0
55,2019-12-01,2020-01-01,0,0.005785229043716984,0
55,2020-01-01,2020-02-01,0,0.0016731333600994607,0
55,2020-02-01,2020-03-01,0,0.0033654358167989526,0
55,2020-03-01,2020-04-01,0,0.00153449365216709,0
55,2020-04-01,2020-05-01,0,0.0018558435081927121,0
55,2020-05-01,2020-06-01,0,0.005190244692269636,0
55,2020-06-01,2020-07-01,0,0.005785229043716984,0
55,2020-07-01,2020-08-01,0,0.00153449365216709,0
55,2020-08-01,2020-09-01,0,0.0016731333600994607,0
55,2020-09-01,2020-10-01,0,0.001705366332512606,0
55,2020-10-01,2020-11-01,0,0.0033654358167989526,0
55,2020-11-01,2020-12-01,0,0.0033654358167989526,0
55,2020-12-01,2021-01-01,0,0.0017450641955519246,0
55,2021-01-01,2021-02-01,0,0.0016731333600994607,0
55,2021-02-01,2021-03-01,0,0.00153449365216709,0
55,2021-03-01,2021-04-01,0,0.0016731333600994607,0
55,2021-04-01,2021-05-01,0,0.0016731333600994607,0
55,2021-05-01,2021-06-01,0,0.0016731333600994607,0
55,2021-06-01,2021-07-01,0,0.00153449365216709,0
55,2021-07-01,2021-08-01,0,0.0018941372524450056,0
55,2021-08-01,2021-09-01,0,0.0016731333600994607,0
55,2021-09-01,2021-10-01,0,0.0017450641955519246,0
55,2021-10-01,2021-11-01,0,0.004200694971624349,0
55,2021-11-01,2021-12-01,0,0.005785229043716984,0
55,2021-12-01,2022-01-01,0,0.0019431443197790567,0
55,2022-01-01,2022-02-01,0,0.0017450641955519246,0
55,2022-02-01,2022-03-01,0,0.005785229043716984,0
55,2022-03-01,2022-04-01,0,0.0018558435081927121,0
55,2022-04-01,2022-05-01,0,0.0019431443197790567,0
55,2022-05-01,2022-06-01,0,0.0017450641955519246,0
55,2022-06-01,2022-07-01,0,0.0017326164205327544,0
55,2022-07-01,2022-08-01,0,0.00376432088232697,0
55,2022-08-01,2022-09-01,0,0.00153449365216709,0
55,2022-09-01,2022-10-01,0,0.00470283140527646,0
55,2022-10-01,2022-11-01,0,0.0018941372524450056,0
55,2022-11-01,2022-12-01,0,0.0015674899138538733,0
56,2015-02-01,2015-03-01,0,0.004379769853668843,0
56,2015-03-01,2015-04-01,0,0.004379769853668843,0
56,2015-04-01,2015-05-01,0,0.004527781284315145,0
56,2015-05-01,2015-06-01,0,0.0031974616816338643,0
56,2015-06-01,2015-07-01,0,0.007510503920862597,0
56,2015-07-01,2015-08-01,0,0.0030072312493705992,0
56,2015-08-01,2015-09-01,0,0.0030670700107196585,0
56,2015-09-01,2015-10-01,0,0.0038453269255082664,0
56,2015-10-01,2015-11-01,0,0.004527781284315145,0
56,2015-11-01,2015-12-01,0,0.0029364942870177928,0
56,2015-12-01,2016-01-01,0,0.003345144954629762,0
56,2016-01-01,2016-02-01,0,0.0030072312493705992,0
56,2016-02-01,2016-03-01,0,0.0030072312493705992,0
56,2016-03-01,2016-04-01,0,0.0029742349876838163,0
56,2016-04-01,2016-05-01,0,0.0029364942870177928,0
56,2016-05-01,2016-06-01,0,0.00316446541994708,0
56,2016-06-01,2016-07-01,0,0.0030072312493705992,0
56,2016-07-01,2016-08-01,0,0.00945890224780353,0
56,2016-08-01,2016-09-01,0,0.007620183236578991,0
56,2016-09-01,2016-10-01,0,0.007422060468213326,0
56,2016-10-01,2016-11-01,0,0.005308475617163737,0
56,2016-11-01,2016-12-01,0,0.0031778493233604473,0
56,2016-12-01,2017-01-01,0,0.003718464741879813,0
56,2017-01-01,2017-02-01,0,0.0030340737490328765,0
56,2017-02-01,2017-03-01,0,0.0031974616816338643,0
56,2017-03-01,2017-04-01,0,0.004379769853668843,0
56,2017-04-01,2017-05-01,0,0.0029742349876838163,0
56,2017-05-01,2017-06-01,0,0.004379769853668843,0
56,2017-06-01,2017-07-01,0,0.004527781284315145,0
56,2017-07-01,2017-08-01,0,0.0038836206697605595,0
56,2017-08-01,2017-09-01,0,0.0029364942870177928,0
56,2017-09-01,2017-10-01,0,0.004241576660310557,0
56,2017-10-01,2017-11-01,0,0.0030072312493705992,0
56,2017-11-01,2017-12-01,0,0.0030340737490328765,0
56,2017-12-01,2018-01-01,0,0.0029836102732420547,0
56,2018-01-01,2018-02-01,0,0.006428856701331759,0
56,2018-02-01,2018-03-01,0,0.004418063597921137,0
56,2018-03-01,2018-04-01,0,0.0029034980253310086,0
56,2018-04-01,2018-05-01,0,0.0030340737490328765,0
56,2018-05-01,2018-06-01,0,0.0031448530616736644,0
56,2018-06-01,2018-07-01,0,0.0030072312493705992,0
56,2018-07-01,2018-08-01,0,0.0029364942870177928,0
56,2018-08-01,2018-09-01,0,0.003603971889165612,0
56,2018-09-01,2018-10-01,0,0.0032082272943853673,0
56,2018-10-01,2018-11-01,0,0.0029364942870177928,0
56,2018-11-01,2018-12-01,0,0.0030072312493705992,0
56,2018-12-01,2019-01-01,0,0.0029034980253310086,0
56,2019-01-01,2019-02-01,0,0.005109159588164801,0
56,2019-02-01,2019-03-01,0,0.0029034980253310086,0
56,2019-03-01,2019-04-01,0,0.007068341632837486,0
56,2019-04-01,2019-05-01,0,0.0029742349876838163,0
56,2019-05-01,2019-06-01,0,0.004379769853668843,0
56,2019-06-01,2019-07-01,0,0.0030072312493705992,0
56,2019-07-01,2019-08-01,0,0.006810030057027997,0
56,2019-08-01,2019-09-01,0,0.005904206398416685,0
56,2019-09-01,2019-10-01,0,0.003603971889165612,0
56,2019-10-01,2019-11-01,0,0.0029364942870177928,0
56,2019-11-01,2019-12-01,0,0.0029742349876838163,0
56,2019-12-01,2020-01-01,0,0.0030340737490328765,0
56,2020-01-01,2020-02-01,0,0.004545859251466128,0
56,2020-02-01,2020-03-01,0,0.004475122289113321,0
56,2020-03-01,2020-04-01,0,0.004664551910595261,0
56,2020-04-01,2020-05-01,0,0.004545859251466128,0
56,2020-05-01,2020-06-01,0,0.005829913763270187,0
56,2020-06-01,2020-07-01,0,0.004545859251466128,0
56,2020-07-01,2020-08-01,0,0.004545859251466128,0
56,2020-08-01,2020-09-01,0,0.004664551910595261,0
56,2020-09-01,2020-10-01,0,0.004664551910595261,0
56,2020-10-01,2020-11-01,0,0.004545859251466128,0
56,2020-11-01,2020-12-01,0,0.004475122289113321,0
56,2020-12-01,2021-01-01,0,0.005600949311599285,0
56,2021-01-01,2021-02-01,0,0.0055848079821939345,0
56,2021-02-01,2021-03-01,0,0.004664551910595261,0
56,2021-03-01,2021-04-01,0,0.004475122289113321,0
56,2021-04-01,2021-05-01,0,0.004475122289113321,0
56,2021-05-01,2021-06-01,0,0.004805709194260968,0
56,2021-06-01,2021-07-01,0,0.005829913763270187,0
56,2021-07-01,2021-08-01,0,0.004475122289113321,0
56,2021-08-01,2021-09-01,0,0.004545859251466128,0
56,2021-09-01,2021-10-01,0,0.004475122289113321,0
56,2021-10-01,2021-11-01,0,0.004883772956725288,0
56,2021-11-01,2021-12-01,0,0.004475122289113321,0
56,2021-12-01,2022-01-01,0,0.004664551910595261,0
56,2022-01-01,2022-02-01,0,0.004545859251466128,0
56,2022-02-01,2022-03-01,0,0.004813624967488342,0
56,2022-03-01,2022-04-01,0,0.005829913763270187,0
56,2022-04-01,2022-05-01,0,0.006819203950671141,0
56,2022-05-01,2022-06-01,0,0.006808775881774548,0
56,2022-06-01,2022-07-01,0,0.005917144697929054,0
56,2022-07-01,2022-08-01,0,0.004545859251466128,0
56,2022-08-01,2022-09-01,0,0.004475122289113321,0
56,2022-09-01,2022-10-01,0,0.004578855513152911,0
56,2022-10-01,2022-11-01,0,0.005174243116293263,0
56,2022-11-01,2022-12-01,0,0.004697548172282044,0
57,2015-02-01,2015-03-01,0,0.08880704350039563,0
57,2015-03-01,2015-04-01,0,0.03573862866354246,0
57,2015-04-01,2015-05-01,0,0.2645406818693057,0
57,2015-05-01,2015-06-01,0,0.10391488179434841,0
57,2015-06-01,2015-07-01,0,0.11736926676359925,0
57,2015-07-01,2015-08-01,0,0.10969476966684467,0
57,2015-08-01,2015-09-01,0,0.32189346554117837,0
57,2015-09-01,2015-10-01,0,0.4047913304866019,0
57,2015-10-01,2015-11-01,0,0.29589194740028824,0
57,2015-11-01,2015-12-01,0,0.11135600453378001,0
57,2015-12-01,2016-01-01,0,0.09841419278665464,0
57,2016-01-01,2016-02-01,0,0.08582881445797523,0
57,2016-02-01,2016-03-01,0,0.1171596881778212,0
57,2016-03-01,2016-04-01,0,0.06819036686220596,0
57,2016-04-01,2016-05-01,0,0.32664961938109527,0
57,2016-05-01,2016-06-01,0,0.24795890835192552,0
57,2016-06-01,2016-07-01,0,0.34831037579833607,0
57,2016-07-01,2016-08-01,0,0.4083918396042016,0
57,2016-08-01,2016-09-01,0,0.33857416321117234,0
57,2016-09-01,2016-10-01,0,0.4833441826291536,1
57,2016-10-01,2016-11-01,0,0.284586587335514,0
57,2016-11-01,2016-12-01,0,0.3269940321131241,0
57,2016-12-01,2017-01-01,0,0.07931124975907856,0
57,2017-01-01,2017-02-01,0,0.08546043671790396,0
57,2017-02-01,2017-03-01,0,0.0739365014409751,0
57,2017-03-01,2017-04-01,0,0.05763667501543294,0
57,2017-04-01,2017-05-01,0,0.048974339404517495,0
57,2017-05-01,2017-06-01,0,0.05332748591874082,0
57,2017-06-01,2017-07-01,0,0.31162968598137564,0
57,2017-07-01,2017-08-01,0,0.2508223909565805,0
57,2017-08-01,2017-09-01,0,0.38096868753748586,0
57,2017-09-01,2017-10-01,0,0.26893025144548627,0
57,2017-10-01,2017-11-01,0,0.2896115028746391,0
57,2017-11-01,2017-12-01,0,0.08146499045474799,0
57,2017-12-01,2018-01-01,0,0.05763667501543294,0
57,2018-01-01,2018-02-01,0,0.08122406357797297,0
57,2018-02-01,2018-03-01,0,0.06852880744107358,0
57,2018-03-01,2018-04-01,0,0.033207723237226386,0
57,2018-04-01,2018-05-01,0,0.08622103602211549,0
57,2018-05-01,2018-06-01,0,0.048800542423871406,0
57,2018-06-01,2018-07-01,0,0.1280470806067808,0
57,2018-07-01,2018-08-01,0,0.22665204501602226,0
57,2018-08-01,2018-09-01,0,0.3509057865320596,0
57,2018-09-01,2018-10-01,0,0.32189346554117837,0
57,2018-10-01,2018-11-01,0,0.38275540446725154,0
57,2018-11-01,2018-12-01,0,0.08430753163500787,0
57,2018-12-01,2019-01-01,0,0.07031418163129913,0
57,2019-01-01,2019-02-01,0,0.08870991982439608,0
57,2019-02-01,2019-03-01,0,0.04905269374199833,0
57,2019-03-01,2019-04-01,0,0.03348799857898867,0
57,2019-04-01,2019-05-01,0,0.048800542423871406,0
57,2019-05-01,2019-06-01,0,0.06916070904836813,0
57,2019-06-01,2019-07-01,0,0.19273270819258922,0
57,2019-07-01,2019-08-01,0,0.06916070904836813,0
57,2019-08-01,2019-09-01,0,0.23056262049163628,0
57,2019-09-01,2019-10-01,0,0.29734430622266866,0
57,2019-10-01,2019-11-01,0,0.10118565981237491,0
57,2019-11-01,2019-12-01,0,0.04857880480792045,0
57,2019-12-01,2020-01-01,0,0.039324724971615946,0
57,2020-01-01,2020-02-01,0,0.029515927993178086,0
57,2020-02-01,2020-03-01,0,0.01982193402481439,0
57,2020-03-01,2020-04-01,0,0.02310672291191275,0
57,2020-04-01,2020-05-01,0,0.021077531013135226,0
57,2020-05-01,2020-06-01,0,0.026513720943024725,0
57,2020-06-01,2020-07-01,0,0.02263275395279136,0
57,2020-07-01,2020-08-01,0,0.03466389419436464,0
57,2020-08-01,2020-09-01,0,0.04203385374927272,0
57,2020-09-01,2020-10-01,0,0.02313702017889417,0
57,2020-10-01,2020-11-01,0,0.020108408033747197,0
57,2020-11-01,2020-12-01,0,0.020108408033747197,0
57,2020-12-01,2021-01-01,0,0.022365052726788216,0
57,2021-01-01,2021-02-01,0,0.027062184727606367,0
57,2021-02-01,2021-03-01,0,0.02091366542161204,0
57,2021-03-01,2021-04-01,0,0.02759038004115385,0
57,2021-04-01,2021-05-01,0,0.03513203860597264,0
57,2021-05-01,2021-06-01,0,0.027193226532260556,0
57,2021-06-01,2021-07-01,0,0.02023991894766373,0
57,2021-07-01,2021-08-01,0,0.028536084015703626,0
57,2021-08-01,2021-09-01,0,0.02662283061069601,0
57,2021-09-01,2021-10-01,0,0.027296459020445706,0
57,2021-10-01,2021-11-01,0,0.022521251226217676,0
57,2021-11-01,2021-12-01,0,0.031123307796993304,0
57,2021-12-01,2022-01-01,0,0.02083237398775161,0
57,2022-01-01,2022-02-01,0,0.019379278792432095,0
57,2022-02-01,2022-03-01,0,0.02091366542161204,0
57,2022-03-01,2022-04-01,0,0.02091366542161204,0
57,2022-04-01,2022-05-01,0,0.023059075639431867,0
57,2022-05-01,2022-06-01,0,0.031123307796993304,0
57,2022-06-01,2022-07-01,0,0.02751671620531227,0
57,2022-07-01,2022-08-01,0,0.046980235086538535,0
57,2022-08-01,2022-09-01,0,0.04709536752484537,0
57,2022-09-01,2022-10-01,0,0.048182058809835705,0
57,2022-10-01,2022-11-01,0,0.05047287172725302,0
57,2022-11-01,2022-12-01,0,0.04620755252001941,0
58,2015-02-01,2015-03-01,0,0.07184012458923965,0
58,2015-03-01,2015-04-01,0,0.03912102716949482,0
58,2015-04-01,2015-05-01,0,0.07765486734291627,0
58,2015-05-01,2015-06-01,0,0.07812560850482693,0
58,2015-06-01,2015-07-01,0,0.30039029382192245,0
58,2015-07-01,2015-08-01,0,0.29804767775873364,0
58,2015-08-01,2015-09-01,0,0.24561388262852268,0
58,2015-09-01,2015-10-01,0,0.3184720902193859,0
58,2015-10-01,2015-11-01,0,0.24691200187108686,0
58,2015-11-01,2015-12-01,0,0.22047370277711653,0
58,2015-12-01,2016-01-01,0,0.08710610241188478,0
58,2016-01-01,2016-02-01,0,0.07891269643562424,0
58,2016-02-01,2016-03-01,0,0.0991430793656283,0
58,2016-03-01,2016-04-01,0,0.03675336011230878,0
58,2016-04-01,2016-05-01,0,0.09498633389337378,0
58,2016-05-01,2016-06-01,0,0.0833558100625546,0
58,2016-06-01,2016-07-01,0,0.2180480123932803,0
58,2016-07-01,2016-08-01,0,0.31302773186934946,0
58,2016-08-01,2016-09-01,0,0.3239640039082558,0
58,2016-09-01,2016-10-01,0,0.31463384058668953,0
58,2016-10-01,2016-11-01,0,0.30039029382192245,0
58,2016-11-01,2016-12-01,0,0.12795008755880066,0
58,2016-12-01,2017-01-01,0,0.08428003926061643,0
58,2017-01-01,2017-02-01,0,0.05848439122153963,0
58,2017-02-01,2017-03-01,0,0.09807834251121048,0
58,2017-03-01,2017-04-01,0,0.07002123632822711,0
58,2017-04-01,2017-05-01,0,0.06697262366556404,0
58,2017-05-01,2017-06-01,0,0.06614860624090116,0
58,2017-06-01,2017-07-01,0,0.2903511309521203,0
58,2017-07-01,2017-08-01,0,0.2516486399620778,0
58,2017-08-01,2017-09-01,0,0.2575631418640051,0
58,2017-09-01,2017-10-01,0,0.20889668439379544,0
58,2017-10-01,2017-11-01,0,0.08367848973743497,0
58,2017-11-01,2017-12-01,0,0.08107663624224658,0
58,2017-12-01,2018-01-01,0,0.05687361829102483,0
58,2018-01-01,2018-02-01,0,0.059666084125371624,0
58,2018-02-01,2018-03-01,0,0.039354616298705236,0
58,2018-03-01,2018-04-01,0,0.03514202522908128,0
58,2018-04-01,2018-05-01,0,0.059070745846634846,0
58,2018-05-01,2018-06-01,0,0.03565735058644929,0
58,2018-06-01,2018-07-01,0,0.10407161091677487,0
58,2018-07-01,2018-08-01,0,0.10530533790939357,0
58,2018-08-01,2018-09-01,0,0.213178189172878,0
58,2018-09-01,2018-10-01,0,0.08217134583504367,0
58,2018-10-01,2018-11-01,0,0.07134286502185566,0
58,2018-11-01,2018-12-01,0,0.07749000953813626,0
58,2018-12-01,2019-01-01,0,0.045286191913574185,0
58,2019-01-01,2019-02-01,0,0.08067782629328538,0
58,2019-02-01,2019-03-01,0,0.04256701864245296,0
58,2019-03-01,2019-04-01,0,0.03565735058644929,0
58,2019-04-01,2019-05-01,0,0.0556653839311195,0
58,2019-05-01,2019-06-01,0,0.04656138020478561,0
58,2019-06-01,2019-07-01,0,0.07827283393445417,0
58,2019-07-01,2019-08-01,0,0.06733098536317503,0
58,2019-08-01,2019-09-01,0,0.10643046976599677,0
58,2019-09-01,2019-10-01,0,0.20841136053144355,0
58,2019-10-01,2019-11-01,0,0.10445440191866177,0
58,2019-11-01,2019-12-01,0,0.0747687013400518,0
58,2019-12-01,2020-01-01,0,0.03565735058644929,0
58,2020-01-01,2020-02-01,0,0.04117267631223248,0
58,2020-02-01,2020-03-01,0,0.03470395918336403,0
58,2020-03-01,2020-04-01,0,0.035796265803300795,0
58,2020-04-01,2020-05-01,0,0.03470395918336403,0
58,2020-05-01,2020-06-01,0,0.03454009359184084,0
58,2020-06-01,2020-07-01,0,0.031744478275885446,0
58,2020-07-01,2020-08-01,0,0.03268068108783321,0
58,2020-08-01,2020-09-01,0,0.035796265803300795,0
58,2020-09-01,2020-10-01,0,0.042580373089894756,0
58,2020-10-01,2020-11-01,0,0.03609240229261012,0
58,2020-11-01,2020-12-01,0,0.03454009359184084,0
58,2020-12-01,2021-01-01,0,0.04173530557565044,0
58,2021-01-01,2021-02-01,0,0.042102587029010756,0
58,2021-02-01,2021-03-01,0,0.042102587029010756,0
58,2021-03-01,2021-04-01,0,0.037077677937716866,0
58,2021-04-01,2021-05-01,0,0.03228946350728705,0
58,2021-05-01,2021-06-01,0,0.031744478275885446,0
58,2021-06-01,2021-07-01,0,0.03731195223055621,0
58,2021-07-01,2021-08-01,0,0.03714849386113586,0
58,2021-08-01,2021-09-01,0,0.03452185283153531,0
58,2021-09-01,2021-10-01,0,0.03217305375704796,0
58,2021-10-01,2021-11-01,0,0.045102297282236414,0
58,2021-11-01,2021-12-01,0,0.04610200151345883,0
58,2021-12-01,2022-01-01,0,0.03731195223055621,0
58,2022-01-01,2022-02-01,0,0.038034558744981975,0
58,2022-02-01,2022-03-01,0,0.038878223357371344,0
58,2022-03-01,2022-04-01,0,0.037077677937716866,0
58,2022-04-01,2022-05-01,0,0.03470395918336403,0
58,2022-05-01,2022-06-01,0,0.03829005549143753,0
58,2022-06-01,2022-07-01,0,0.051080333011677595,0
58,2022-07-01,2022-08-01,0,0.08222869273108227,0
58,2022-08-01,2022-09-01,0,0.07739091164658972,0
58,2022-09-01,2022-10-01,0,0.09148281368700598,0
58,2022-10-01,2022-11-01,0,0.07793722347487324,0
58,2022-11-01,2022-12-01,0,0.07960563974166272,0
59,2015-02-01,2015-03-01,0,0.19056745448383144,0
59,2015-03-01,2015-04-01,0,0.048634614242077004,0
59,2015-04-01,2015-05-01,0,0.22534375747936364,0
59,2015-05-01,2015-06-01,0,0.24895340601383098,0
59,2015-06-01,2015-07-01,0,0.26504182747155086,0
59,2015-07-01,2015-08-01,0,0.29186702250475804,0
59,2015-08-01,2015-09-01,0,0.3209474649745365,0
59,2015-09-01,2015-10-01,0,0.3765043909562805,0
59,2015-10-01,2015-11-01,0,0.27458631326350696,0
59,2015-11-01,2015-12-01,0,0.24384898017741188,0
59,2015-12-01,2016-01-01,0,0.19790753298577515,0
59,2016-01-01,2016-02-01,0,0.19822564764642492,0
59,2016-02-01,2016-03-01,0,0.24901275992064928,0
59,2016-03-01,2016-04-01,0,0.1810014392062446,0
59,2016-04-01,2016-05-01,0,0.20815627585165308,0
59,2016-05-01,2016-06-01,0,0.20302326125393455,0
59,2016-06-01,2016-07-01,0,0.2577981544097245,0
59,2016-07-01,2016-08-01,0,0.2659326183485029,0
59,2016-08-01,2016-09-01,0,0.3566210691087953,0
59,2016-09-01,2016-10-01,0,0.2915262528855894,0
59,2016-10-01,2016-11-01,0,0.38601486388350115,0
59,2016-11-01,2016-12-01,0,0.26451731030707093,0
59,2016-12-01,2017-01-01,0,0.1732218378171996,0
59,2017-01-01,2017-02-01,0,0.1810014392062446,0
59,2017-02-01,2017-03-01,0,0.1983949667109252,0
59,2017-03-01,2017-04-01,0,0.18254951196685784,0
59,2017-04-01,2017-05-01,0,0.19051864724562959,0
59,2017-05-01,2017-06-01,0,0.19837972208013918,0
59,2017-06-01,2017-07-01,0,0.24149068371884877,0
59,2017-07-01,2017-08-01,0,0.24875741241539964,0
59,2017-08-01,2017-09-01,0,0.21460176959972516,0
59,2017-09-01,2017-10-01,0,0.24475118283894168,0
59,2017-10-01,2017-11-01,0,0.25041518891576797,0
59,2017-11-01,2017-12-01,0,0.20583808363375575,0
59,2017-12-01,2018-01-01,0,0.16430780903800846,0
59,2018-01-01,2018-02-01,0,0.15368447946946345,0
59,2018-02-01,2018-03-01,0,0.1778956270701502,0
59,2018-03-01,2018-04-01,0,0.05511772807080851,0
59,2018-04-01,2018-05-01,0,0.1495617708553788,0
59,2018-05-01,2018-06-01,0,0.16322805072932337,0
59,2018-06-01,2018-07-01,0,0.24667354524771776,0
59,2018-07-01,2018-08-01,0,0.22719731964591633,0
59,2018-08-01,2018-09-01,0,0.23646716660432676,0
59,2018-09-01,2018-10-01,0,0.20453609866459072,0
59,2018-10-01,2018-11-01,0,0.2118846418346957,0
59,2018-11-01,2018-12-01,0,0.1886036543958522,0
59,2018-12-01,2019-01-01,0,0.18421113255608387,0
59,2019-01-01,2019-02-01,0,0.18932601911768626,0
59,2019-02-01,2019-03-01,0,0.15142289021772778,0
59,2019-03-01,2019-04-01,0,0.05745038118898969,0
59,2019-04-01,2019-05-01,0,0.1499395710818384,0
59,2019-05-01,2019-06-01,0,0.1824980509972175,0
59,2019-06-01,2019-07-01,0,0.2249718140620051,0
59,2019-07-01,2019-08-01,0,0.17888287071638012,0
59,2019-08-01,2019-09-01,0,0.25699487398070553,0
59,2019-09-01,2019-10-01,0,0.23892881582338987,0
59,2019-10-01,2019-11-01,0,0.20467811535817904,0
59,2019-11-01,2019-12-01,0,0.1641388295994733,0
59,2019-12-01,2020-01-01,0,0.15023673438832363,0
59,2020-01-01,2020-02-01,0,0.026655960415778716,0
59,2020-02-01,2020-03-01,0,0.048589357055124856,0
59,2020-03-01,2020-04-01,0,0.0433563157798033,0
59,2020-04-01,2020-05-01,0,0.005654802112237835,0
59,2020-05-01,2020-06-01,0,0.004544743520698526,0
59,2020-06-01,2020-07-01,0,0.003255655587707335,0
59,2020-07-01,2020-08-01,0,0.004827242674929028,0
59,2020-08-01,2020-09-01,0,0.02743668078418339,0
59,2020-09-01,2020-10-01,0,0.02597479361930986,0
59,2020-10-01,2020-11-01,0,0.0038405841081923828,0
59,2020-11-01,2020-12-01,0,0.003464213108871049,0
59,2020-12-01,2021-01-01,0,0.00378280327147962,0
59,2021-01-01,2021-02-01,0,0.004020035136110383,0
59,2021-02-01,2021-03-01,0,0.0034622872668259625,0
59,2021-03-01,2021-04-01,0,0.008075682566364572,0
59,2021-04-01,2021-05-01,0,0.00848795860943782,0
59,2021-05-01,2021-06-01,0,0.0030127664021190616,0
59,2021-06-01,2021-07-01,0,0.00571126810560228,0
59,2021-07-01,2021-08-01,0,0.022037988007677894,0
59,2021-08-01,2021-09-01,0,0.02396145064407975,0
59,2021-09-01,2021-10-01,0,0.022066363654554368,0
59,2021-10-01,2021-11-01,0,0.029158971131606756,0
59,2021-11-01,2021-12-01,0,0.03419429817125274,0
59,2021-12-01,2022-01-01,0,0.005525685672612124,0
59,2022-01-01,2022-02-01,0,0.0033477872225847766,0
59,2022-02-01,2022-03-01,0,0.009073736188828762,0
59,2022-03-01,2022-04-01,0,0.008910806474133046,0
59,2022-04-01,2022-05-01,0,0.03872053950047234,0
59,2022-05-01,2022-06-01,0,0.03894683911554073,0
59,2022-06-01,2022-07-01,0,0.03086948938515051,0
59,2022-07-01,2022-08-01,0,0.03339487935097734,0
59,2022-08-01,2022-09-01,0,0.042563813400233554,0
59,2022-09-01,2022-10-01,0,0.027438825360323587,0
59,2022-10-01,2022-11-01,0,0.03419964901057271,0
59,2022-11-01,2022-12-01,0,0.09489751946365647,0
60,2015-02-01,2015-03-01,0,0.0016356499164547564,0
60,2015-03-01,2015-04-01,0,0.0016026536547679735,0
60,2015-04-01,2015-05-01,0,0.00155295346825079,0
60,2015-05-01,2015-06-01,0,0.0016356499164547564,0
60,2015-06-01,2015-07-01,0,0.013530534733227137,0
60,2015-07-01,2015-08-01,0,0.017362298992966728,0
60,2015-08-01,2015-09-01,0,0.013632821902069811,0
60,2015-09-01,2015-10-01,0,0.013921383954340281,0
60,2015-10-01,2015-11-01,0,0.013000011008515935,0
60,2015-11-01,2015-12-01,0,0.007331760383951034,0
60,2015-12-01,2016-01-01,0,0.004796942327386035,0
60,2016-01-01,2016-02-01,0,0.004094420140446202,0
60,2016-02-01,2016-03-01,0,0.0014143137603184195,0
60,2016-03-01,2016-04-01,0,0.0017134329674087607,0
60,2016-04-01,2016-05-01,0,0.0014143137603184195,0
60,2016-05-01,2016-06-01,0,0.001746429229095544,0
60,2016-06-01,2016-07-01,0,0.006418895826641796,0
60,2016-07-01,2016-08-01,0,0.013000011008515935,0
60,2016-08-01,2016-09-01,0,0.0236418937013754,0
60,2016-09-01,2016-10-01,0,0.014483867561948022,0
60,2016-10-01,2016-11-01,0,0.016054691941930762,0
60,2016-11-01,2016-12-01,0,0.007470400091883403,0
60,2016-12-01,2017-01-01,0,0.005149272828978244,0
60,2017-01-01,2017-02-01,0,0.003621910341543019,0
60,2017-02-01,2017-03-01,0,0.00155295346825079,0
60,2017-03-01,2017-04-01,0,0.0013813174986316364,0
60,2017-04-01,2017-05-01,0,0.00155295346825079,0
60,2017-05-01,2017-06-01,0,0.004883972482621854,0
60,2017-06-01,2017-07-01,0,0.010852188610101456,0
60,2017-07-01,2017-08-01,0,0.017915793954194563,0
60,2017-08-01,2017-09-01,0,0.012861371300583567,0
60,2017-09-01,2017-10-01,0,0.006492275317455731,0
60,2017-10-01,2017-11-01,0,0.0023031275186025765,0
60,2017-11-01,2017-12-01,0,0.0024904420300782067,0
60,2017-12-01,2018-01-01,0,0.004715269503791641,0
60,2018-01-01,2018-02-01,0,0.0016026536547679735,0
60,2018-02-01,2018-03-01,0,0.0016026536547679735,0
60,2018-03-01,2018-04-01,0,0.0013813174986316364,0
60,2018-04-01,2018-05-01,0,0.0016356499164547564,0
60,2018-05-01,2018-06-01,0,0.0013813174986316364,0
60,2018-06-01,2018-07-01,0,0.009934320313733569,0
60,2018-07-01,2018-08-01,0,0.007971341013212323,0
60,2018-08-01,2018-09-01,0,0.013217853947345355,0
60,2018-09-01,2018-10-01,0,0.006529675139282584,0
60,2018-10-01,2018-11-01,0,0.0017847229733478375,0
60,2018-11-01,2018-12-01,0,0.0033710367066613033,0
60,2018-12-01,2019-01-01,0,0.003223025276015001,0
60,2019-01-01,2019-02-01,0,0.0016026536547679735,0
60,2019-02-01,2019-03-01,0,0.001519957206564007,0
60,2019-03-01,2019-04-01,0,0.0017517267116610542,0
60,2019-04-01,2019-05-01,0,0.0015521901789771523,0
60,2019-05-01,2019-06-01,0,0.001519957206564007,0
60,2019-06-01,2019-07-01,0,0.00222043107039861,0
60,2019-07-01,2019-08-01,0,0.0016356499164547564,0
60,2019-08-01,2019-09-01,0,0.0023031275186025765,0
60,2019-09-01,2019-10-01,0,0.002081791362466238,0
60,2019-10-01,2019-11-01,0,0.006418895826641796,0
60,2019-11-01,2019-12-01,0,0.0017768072001204632,0
60,2019-12-01,2020-01-01,0,0.005084276285024555,0
60,2020-01-01,2020-02-01,0,0.005465449640720792,0
60,2020-02-01,2020-03-01,0,0.004758733499445174,0
60,2020-03-01,2020-04-01,0,0.0015628231054532142,0
60,2020-04-01,2020-05-01,0,0.0014590898814136242,0
60,2020-05-01,2020-06-01,0,0.0017615963488634783,0
60,2020-06-01,2020-07-01,0,0.001529826843766431,0
60,2020-07-01,2020-08-01,0,0.001529826843766431,0
60,2020-08-01,2020-09-01,0,0.0014590898814136242,0
60,2020-09-01,2020-10-01,0,0.0015620598161795764,0
60,2020-10-01,2020-11-01,0,0.0016125232919703975,0
60,2020-11-01,2020-12-01,0,0.001529826843766431,0
60,2020-12-01,2021-01-01,0,0.0051301442005166125,0
60,2021-01-01,2021-02-01,0,0.0014590898814136242,0
60,2021-02-01,2021-03-01,0,0.0016125232919703975,0
60,2021-03-01,2021-04-01,0,0.0016125232919703975,0
60,2021-04-01,2021-05-01,0,0.0017429149628846016,0
60,2021-05-01,2021-06-01,0,0.0016125232919703975,0
60,2021-06-01,2021-07-01,0,0.0016125232919703975,0
60,2021-07-01,2021-08-01,0,0.003232894913217425,0
60,2021-08-01,2021-09-01,0,0.0017429149628846016,0
60,2021-09-01,2021-10-01,0,0.0017429149628846016,0
60,2021-10-01,2021-11-01,0,0.0014920861431004075,0
60,2021-11-01,2021-12-01,0,0.00421994692313662,0
60,2021-12-01,2022-01-01,0,0.0016125232919703975,0
60,2022-01-01,2022-02-01,0,0.0017615963488634783,0
60,2022-02-01,2022-03-01,0,0.003232894913217425,0
60,2022-03-01,2022-04-01,0,0.005084276285024555,0
60,2022-04-01,2022-05-01,0,0.0014590898814136242,0
60,2022-05-01,2022-06-01,0,0.0014590898814136242,0
60,2022-06-01,2022-07-01,0,0.0016455195536571805,0
60,2022-07-01,2022-08-01,0,0.006559157134758424,0
60,2022-08-01,2022-09-01,0,0.0015628231054532142,0
60,2022-09-01,2022-10-01,0,0.0021595637452482266,0
60,2022-10-01,2022-11-01,0,0.003836183800179377,0
60,2022-11-01,2022-12-01,0,0.003836183800179377,0
61,2015-02-01,2015-03-01,1,0.7119145108033916,1
61,2015-03-01,2015-04-01,1,0.30453713407233973,0
61,2015-04-01,2015-05-01,1,0.8453329527010417,1
61,2015-05-01,2015-06-01,1,0.8760264585465533,1
61,2015-06-01,2015-07-01,1,0.9464297361857447,1
61,2015-07-01,2015-08-01,1,0.8980807429071677,1
61,2015-08-01,2015-09-01,1,0.8995100708133874,1
61,2015-09-01,2015-10-01,1,0.9220531122945361,1
61,2015-10-01,2015-11-01,0,0.752130457502501,1
61,2015-11-01,2015-12-01,0,0.8508560942517327,1
61,2015-12-01,2016-01-01,1,0.7078103875125761,1
61,2016-01-01,2016-02-01,0,0.6455440666881677,1
61,2016-02-01,2016-03-01,1,0.7143914670805948,1
61,2016-03-01,2016-04-01,1,0.5971977812757095,1
61,2016-04-01,2016-05-01,1,0.8194845920429771,1
61,2016-05-01,2016-06-01,1,0.7526356363979381,1
61,2016-06-01,2016-07-01,1,0.8529219661897843,1
61,2016-07-01,2016-08-01,1,0.8642769954926226,1
61,2016-08-01,2016-09-01,1,0.848422981505587,1
61,2016-09-01,2016-10-01,1,0.8672382720099138,1
61,2016-10-01,2016-11-01,1,0.8480866141151502,1
61,2016-11-01,2016-12-01,0,0.7134647242133149,1
61,2016-12-01,2017-01-01,1,0.6408650379741546,1
61,2017-01-01,2017-02-01,0,0.577009418390232,1
61,2017-02-01,2017-03-01,1,0.6649936965507492,1
61,2017-03-01,2017-04-01,0,0.303205678325319,0
61,2017-04-01,2017-05-01,1,0.623030895256947,1
61,2017-05-01,2017-06-01,1,0.7075299507458415,1
61,2017-06-01,2017-07-01,1,0.8144295478585403,1
61,2017-07-01,2017-08-01,1,0.7994272163900842,1
61,2017-08-01,2017-09-01,1,0.8610053825601193,1
61,2017-09-01,2017-10-01,1,0.8480866141151502,1
61,2017-10-01,2017-11-01,0,0.714151503485246,1
61,2017-11-01,2017-12-01,0,0.706583508213395,1
61,2017-12-01,2018-01-01,0,0.5789606641417883,1
61,2018-01-01,2018-02-01,0,0.6186388271887233,1
61,2018-02-01,2018-03-01,0,0.5965160359430994,1
61,2018-03-01,2018-04-01,0,0.2903038511125019,0
61,2018-04-01,2018-05-01,1,0.6421361094731443,1
61,2018-05-01,2018-06-01,1,0.6420939481329827,1
61,2018-06-01,2018-07-01,1,0.8642769954926226,1
61,2018-07-01,2018-08-01,1,0.8153126055982038,1
61,2018-08-01,2018-09-01,0,0.8760264585465533,1
61,2018-09-01,2018-10-01,0,0.8520527663195802,1
61,2018-10-01,2018-11-01,0,0.7134669988278447,1
61,2018-11-01,2018-12-01,0,0.6614272123898236,1
61,2018-12-01,2019-01-01,0,0.6239400945304233,1
61,2019-01-01,2019-02-01,0,0.6426382498205931,1
61,2019-02-01,2019-03-01,0,0.29576239579733127,0
61,2019-03-01,2019-04-01,0,0.2924812461047279,0
61,2019-04-01,2019-05-01,1,0.5966070186588773,1
61,2019-05-01,2019-06-01,0,0.6416087139556143,1
61,2019-06-01,2019-07-01,1,0.8164557009622295,1
61,2019-07-01,2019-08-01,1,0.7707450693782179,1
61,2019-08-01,2019-09-01,1,0.8559663513000854,1
61,2019-09-01,2019-10-01,0,0.8161262988227396,1
61,2019-10-01,2019-11-01,0,0.7143914670805948,1
61,2019-11-01,2019-12-01,0,0.6426382498205931,1
61,2019-12-01,2020-01-01,0,0.5896744489783319,1
61,2020-01-01,2020-02-01,0,0.42809920762126796,0
61,2020-02-01,2020-03-01,0,0.3442821626140043,0
61,2020-03-01,2020-04-01,0,0.11508831547774047,0
61,2020-04-01,2020-05-01,0,0.1147875201137184,0
61,2020-05-01,2020-06-01,0,0.06989951925608416,0
61,2020-06-01,2020-07-01,0,0.2199761873760057,0
61,2020-07-01,2020-08-01,0,0.34328033109786527,0
61,2020-08-01,2020-09-01,0,0.3145450276327532,0
61,2020-09-01,2020-10-01,0,0.33566953780420666,0
61,2020-10-01,2020-11-01,0,0.13553327019968014,0
61,2020-11-01,2020-12-01,0,0.11596275850104311,0
61,2020-12-01,2021-01-01,0,0.08958368362205346,0
61,2021-01-01,2021-02-01,0,0.11320160328147588,0
61,2021-02-01,2021-03-01,0,0.0896360278989365,0
61,2021-03-01,2021-04-01,0,0.0639375464877414,0
61,2021-04-01,2021-05-01,0,0.07336347025545444,0
61,2021-05-01,2021-06-01,0,0.08106570993938664,0
61,2021-06-01,2021-07-01,0,0.12192509933837045,0
61,2021-07-01,2021-08-01,0,0.29677874356676975,0
61,2021-08-01,2021-09-01,0,0.12621934096392545,0
61,2021-09-01,2021-10-01,0,0.11867494218185078,0
61,2021-10-01,2021-11-01,0,0.10044090340678163,0
61,2021-11-01,2021-12-01,0,0.12140032537404424,0
61,2021-12-01,2022-01-01,0,0.08198354651649094,0
61,2022-01-01,2022-02-01,0,0.08894182968462505,0
61,2022-02-01,2022-03-01,0,0.07019340922033962,0
61,2022-03-01,2022-04-01,0,0.06977204911218411,0
61,2022-04-01,2022-05-01,0,0.07511081526431043,0
61,2022-05-01,2022-06-01,1,0.13985568258735256,0
61,2022-06-01,2022-07-01,0,0.14800854181339326,0
61,2022-07-01,2022-08-01,0,0.1225642557706568,0
61,2022-08-01,2022-09-01,0,0.1453676349689493,0
61,2022-09-01,2022-10-01,0,0.1594755984259077,0
61,2022-10-01,2022-11-01,0,0.29081135085099885,0
61,2022-11-01,2022-12-01,0,0.3467963319086936,0
62,2015-02-01,2015-03-01,0,0.02839151759814387,0
62,2015-03-01,2015-04-01,0,0.01921471545080827,0
62,2015-04-01,2015-05-01,0,0.02100454228377283,0
62,2015-05-01,2015-06-01,0,0.020641569460000318,0
62,2015-06-01,2015-07-01,0,0.01753140162802811,0
62,2015-07-01,2015-08-01,0,0.014592331757422475,0
62,2015-08-01,2015-09-01,0,0.020607388774879543,0
62,2015-09-01,2015-10-01,0,0.015037644971303348,0
62,2015-10-01,2015-11-01,0,0.01921471545080827,0
62,2015-11-01,2015-12-01,0,0.014087904908788473,0
62,2015-12-01,2016-01-01,0,0.014205537933412544,0
62,2016-01-01,2016-02-01,0,0.027913529605411838,0
62,2016-02-01,2016-03-01,0,0.0209826220747097,0
62,2016-03-01,2016-04-01,0,0.027913529605411838,0
62,2016-04-01,2016-05-01,0,0.016844211998604624,0
62,2016-05-01,2016-06-01,0,0.020262447203345926,0
62,2016-06-01,2016-07-01,0,0.014329984051544162,0
62,2016-07-01,2016-08-01,0,0.015466131742534866,0
62,2016-08-01,2016-09-01,0,0.014306697817866166,0
62,2016-09-01,2016-10-01,0,0.019349652932892224,0
62,2016-10-01,2016-11-01,0,0.014498102055868899,0
62,2016-11-01,2016-12-01,0,0.020641569460000318,0
62,2016-12-01,2017-01-01,0,0.014299767634966123,0
62,2017-01-01,2017-02-01,0,0.014745080848846997,0
62,2017-02-01,2017-03-01,0,0.014745080848846997,0
62,2017-03-01,2017-04-01,0,0.01532288544244835,0
62,2017-04-01,2017-05-01,0,0.014014133695409811,0
62,2017-05-01,2017-06-01,0,0.020262447203345926,0
62,2017-06-01,2017-07-01,0,0.015173567620078512,0
62,2017-07-01,2017-08-01,0,0.01501278207485014,0
62,2017-08-01,2017-09-01,0,0.014332261627061384,0
62,2017-09-01,2017-10-01,0,0.015140779090619632,0
62,2017-10-01,2017-11-01,0,0.014039697504605037,0
62,2017-11-01,2017-12-01,0,0.015140779090619632,0
62,2017-12-01,2018-01-01,0,0.01921471545080827,0
62,2018-01-01,2018-02-01,0,0.027913529605411838,0
62,2018-02-01,2018-03-01,0,0.027913529605411838,0
62,2018-03-01,2018-04-01,0,0.013773207834620759,0
62,2018-04-01,2018-05-01,0,0.014014133695409811,0
62,2018-05-01,2018-06-01,0,0.013773207834620759,0
62,2018-06-01,2018-07-01,0,0.013773207834620759,0
62,2018-07-01,2018-08-01,0,0.01397502523256128,0
62,2018-08-01,2018-09-01,0,0.027248374920793378,0
62,2018-09-01,2018-10-01,0,0.012829989300811652,0
62,2018-10-01,2018-11-01,0,0.014146175865721223,0
62,2018-11-01,2018-12-01,0,0.015140779090619632,0
62,2018-12-01,2019-01-01,0,0.01397502523256128,0
62,2019-01-01,2019-02-01,0,0.027913529605411838,0
62,2019-02-01,2019-03-01,0,0.014299767634966123,0
62,2019-03-01,2019-04-01,0,0.013959206377855306,0
62,2019-04-01,2019-05-01,0,0.01499847224068046,0
62,2019-05-01,2019-06-01,0,0.015173567620078512,0
62,2019-06-01,2019-07-01,0,0.01397502523256128,0
62,2019-07-01,2019-08-01,0,0.01532288544244835,0
62,2019-08-01,2019-09-01,0,0.019713983418764278,0
62,2019-09-01,2019-10-01,0,0.020607388774879543,0
62,2019-10-01,2019-11-01,0,0.027913529605411838,0
62,2019-11-01,2019-12-01,0,0.01403741992908781,0
62,2019-12-01,2020-01-01,0,0.014039697504605037,0
62,2020-01-01,2020-02-01,0,0.016800590122150547,0
62,2020-02-01,2020-03-01,0,0.020126611029718505,0
62,2020-03-01,2020-04-01,0,0.012716777657227799,0
62,2020-04-01,2020-05-01,0,0.020094610747451596,0
62,2020-05-01,2020-06-01,0,0.014400875158396293,0
62,2020-06-01,2020-07-01,0,0.012716777657227799,0
62,2020-07-01,2020-08-01,0,0.017228403091355798,0
62,2020-08-01,2020-09-01,0,0.01425180210150321,0
62,2020-09-01,2020-10-01,0,0.014816955003426351,0
62,2020-10-01,2020-11-01,0,0.012716777657227799,0
62,2020-11-01,2020-12-01,0,0.01425180210150321,0
62,2020-12-01,2021-01-01,0,0.012716777657227799,0
62,2021-01-01,2021-02-01,0,0.012716777657227799,0
62,2021-02-01,2021-03-01,0,0.01425180210150321,0
62,2021-03-01,2021-04-01,0,0.017228403091355798,0
62,2021-04-01,2021-05-01,0,0.019721162807729144,0
62,2021-05-01,2021-06-01,0,0.014431253129421211,0
62,2021-06-01,2021-07-01,0,0.014400875158396293,0
62,2021-07-01,2021-08-01,0,0.013600491114669207,0
62,2021-08-01,2021-09-01,0,0.01428516630195282,0
62,2021-09-01,2021-10-01,0,0.017228403091355798,0
62,2021-10-01,2021-11-01,0,0.017228403091355798,0
62,2021-11-01,2021-12-01,0,0.017228403091355798,0
62,2021-12-01,2022-01-01,0,0.017228403091355798,0
62,2022-01-01,2022-02-01,0,0.01428516630195282,0
62,2022-02-01,2022-03-01,0,0.014400875158396293,0
62,2022-03-01,2022-04-01,0,0.017228403091355798,0
62,2022-04-01,2022-05-01,0,0.014431253129421211,0
62,2022-05-01,2022-06-01,0,0.017228403091355798,0
62,2022-06-01,2022-07-01,0,0.017228403091355798,0
62,2022-07-01,2022-08-01,0,0.014400875158396293,0
62,2022-08-01,2022-09-01,0,0.01428516630195282,0
62,2022-09-01,2022-10-01,0,0.012716777657227799,0
62,2022-10-01,2022-11-01,0,0.01425180210150321,0
62,2022-11-01,2022-12-01,0,0.014284798363189992,0
63,2015-02-01,2015-03-01,0,0.6848256773604671,1
63,2015-03-01,2015-04-01,0,0.46628716064155884,1
63,2015-04-01,2015-05-01,0,0.8527728871222036,1
63,2015-05-01,2015-06-01,0,0.8352497405307275,1
63,2015-06-01,2015-07-01,0,0.8352497405307275,1
63,2015-07-01,2015-08-01,0,0.8144778391787478,1
63,2015-08-01,2015-09-01,0,0.7989360648735315,1
63,2015-09-01,2015-10-01,0,0.8618819172001395,1
63,2015-10-01,2015-11-01,0,0.7780842476824635,1
63,2015-11-01,2015-12-01,0,0.8144778391787478,1
63,2015-12-01,2016-01-01,0,0.7060020356484938,1
63,2016-01-01,2016-02-01,0,0.714919467146987,1
63,2016-02-01,2016-03-01,0,0.5059255000729027,1
63,2016-03-01,2016-04-01,0,0.5747983228135896,1
63,2016-04-01,2016-05-01,0,0.7019288551490952,1
63,2016-05-01,2016-06-01,0,0.7564619291995456,1
63,2016-06-01,2016-07-01,0,0.8673340394289002,1
63,2016-07-01,2016-08-01,0,0.7933367161178703,1
63,2016-08-01,2016-09-01,0,0.8673340394289002,1
63,2016-09-01,2016-10-01,0,0.7992867724275184,1
63,2016-10-01,2016-11-01,0,0.8673340394289002,1
63,2016-11-01,2016-12-01,0,0.8498609280307452,1
63,2016-12-01,2017-01-01,0,0.6539095970417045,1
63,2017-01-01,2017-02-01,0,0.5982083261253874,1
63,2017-02-01,2017-03-01,0,0.7064388040590056,1
63,2017-03-01,2017-04-01,0,0.5967841926714775,1
63,2017-04-01,2017-05-01,0,0.6188274816270393,1
63,2017-05-01,2017-06-01,0,0.5846807296206681,1
63,2017-06-01,2017-07-01,0,0.7430672912667897,1
63,2017-07-01,2017-08-01,0,0.7898812770873662,1
63,2017-08-01,2017-09-01,0,0.8169015819746864,1
63,2017-09-01,2017-10-01,0,0.8673340394289002,1
63,2017-10-01,2017-11-01,0,0.7577058566971439,1
63,2017-11-01,2017-12-01,0,0.754527485031063,1
63,2017-12-01,2018-01-01,0,0.5960634687880801,1
63,2018-01-01,2018-02-01,0,0.5747953504767372,1
63,2018-02-01,2018-03-01,0,0.5556463738534066,1
63,2018-03-01,2018-04-01,0,0.3830057421494457,0
63,2018-04-01,2018-05-01,0,0.6536241860286759,1
63,2018-05-01,2018-06-01,0,0.5952103645718526,1
63,2018-06-01,2018-07-01,0,0.8340240307813301,1
63,2018-07-01,2018-08-01,0,0.7577058566971439,1
63,2018-08-01,2018-09-01,0,0.7853289848165045,1
63,2018-09-01,2018-10-01,0,0.8673340394289002,1
63,2018-10-01,2018-11-01,0,0.7322477801724416,1
63,2018-11-01,2018-12-01,0,0.6881735218130691,1
63,2018-12-01,2019-01-01,0,0.6106689934495333,1
63,2019-01-01,2019-02-01,0,0.5951016996960311,1
63,2019-02-01,2019-03-01,0,0.4844467104481062,1
63,2019-03-01,2019-04-01,0,0.49004907776345263,1
63,2019-04-01,2019-05-01,0,0.5558689203606382,1
63,2019-05-01,2019-06-01,0,0.5762568742167218,1
63,2019-06-01,2019-07-01,0,0.7052727203944817,1
63,2019-07-01,2019-08-01,0,0.6881735218130691,1
63,2019-08-01,2019-09-01,0,0.7778087409068557,1
63,2019-09-01,2019-10-01,0,0.8101813336525778,1
63,2019-10-01,2019-11-01,0,0.7279524414066283,1
63,2019-11-01,2019-12-01,0,0.6117548001614311,1
63,2019-12-01,2020-01-01,0,0.5628704305202038,1
63,2020-01-01,2020-02-01,0,0.6219936652937254,1
63,2020-02-01,2020-03-01,0,0.6277189960458944,1
63,2020-03-01,2020-04-01,0,0.3504648807506142,0
63,2020-04-01,2020-05-01,0,0.36313022811261153,0
63,2020-05-01,2020-06-01,0,0.11161873185386778,0
63,2020-06-01,2020-07-01,0,0.5665508406938361,1
63,2020-07-01,2020-08-01,0,0.48470120756113444,1
63,2020-08-01,2020-09-01,0,0.6804164206379347,1
63,2020-09-01,2020-10-01,0,0.605011844636439,1
63,2020-10-01,2020-11-01,0,0.329484678490503,0
63,2020-11-01,2020-12-01,0,0.3611954234556515,0
63,2020-12-01,2021-01-01,0,0.2898050622909847,0
63,2021-01-01,2021-02-01,0,0.31118574392868664,0
63,2021-02-01,2021-03-01,0,0.2741610655583209,0
63,2021-03-01,2021-04-01,0,0.12049541302275335,0
63,2021-04-01,2021-05-01,0,0.22992068544739466,0
63,2021-05-01,2021-06-01,0,0.3014326769202712,0
63,2021-06-01,2021-07-01,0,0.412796528117928,0
63,2021-07-01,2021-08-01,0,0.4211644647039984,0
63,2021-08-01,2021-09-01,0,0.5347934892473583,1
63,2021-09-01,2021-10-01,0,0.4268556582379906,0
63,2021-10-01,2021-11-01,0,0.4251543784673529,0
63,2021-11-01,2021-12-01,0,0.4414240508537011,0
63,2021-12-01,2022-01-01,0,0.27402145969858543,0
63,2022-01-01,2022-02-01,0,0.1482407276174837,0
63,2022-02-01,2022-03-01,0,0.12804874327345162,0
63,2022-03-01,2022-04-01,0,0.10637190033326824,0
63,2022-04-01,2022-05-01,0,0.3375928030574899,0
63,2022-05-01,2022-06-01,0,0.3598403887739924,0
63,2022-06-01,2022-07-01,0,0.605011844636439,1
63,2022-07-01,2022-08-01,0,0.5610134131946827,1
63,2022-08-01,2022-09-01,0,0.4720037156031169,1
63,2022-09-01,2022-10-01,0,0.6377811225011414,1
63,2022-10-01,2022-11-01,0,0.5938180616932547,1
63,2022-11-01,2022-12-01,0,0.5998423255033757,1
64,2015-02-01,2015-03-01,0,0.0026701238245947956,0
64,2015-03-01,2015-04-01,0,0.0049178620233244884,0
64,2015-04-01,2015-05-01,0,0.0047200411985977644,0
64,2015-05-01,2015-06-01,0,0.002177464807758606,0
64,2015-06-01,2015-07-01,0,0.0047200411985977644,0
64,2015-07-01,2015-08-01,0,0.0047200411985977644,0
64,2015-08-01,2015-09-01,0,0.0047200411985977644,0
64,2015-09-01,2015-10-01,0,0.002126118557588654,0
64,2015-10-01,2015-11-01,0,0.002177464807758606,0
64,2015-11-01,2015-12-01,0,0.002126118557588654,0
64,2015-12-01,2016-01-01,0,0.0047200411985977644,0
64,2016-01-01,2016-02-01,0,0.002521050767701714,0
64,2016-02-01,2016-03-01,0,0.0025088810361631863,0
64,2016-03-01,2016-04-01,0,0.0047200411985977644,0
64,2016-04-01,2016-05-01,0,0.0021591148192754376,0
64,2016-05-01,2016-06-01,0,0.002126118557588654,0
64,2016-06-01,2016-07-01,0,0.002722732444554996,0
64,2016-07-01,2016-08-01,0,0.0021513706048442026,0
64,2016-08-01,2016-09-01,0,0.004868052629244066,0
64,2016-09-01,2016-10-01,0,0.0028659654096012807,0
64,2016-10-01,2016-11-01,0,0.0026701238245947956,0
64,2016-11-01,2016-12-01,0,0.0047200411985977644,0
64,2016-12-01,2017-01-01,0,0.0032204075851631916,0
64,2017-01-01,2017-02-01,0,0.002521050767701714,0
64,2017-02-01,2017-03-01,0,0.002521050767701714,0
64,2017-03-01,2017-04-01,0,0.0026701238245947956,0
64,2017-04-01,2017-05-01,0,0.0026701238245947956,0
64,2017-05-01,2017-06-01,0,0.006914058861281783,0
64,2017-06-01,2017-07-01,0,0.0047200411985977644,0
64,2017-07-01,2017-08-01,0,0.0026701238245947956,0
64,2017-08-01,2017-09-01,0,0.008195626888691986,0
64,2017-09-01,2017-10-01,0,0.002177464807758606,0
64,2017-10-01,2017-11-01,0,0.002177464807758606,0
64,2017-11-01,2017-12-01,0,0.002521050767701714,0
64,2017-12-01,2018-01-01,0,0.0026897361828682126,0
64,2018-01-01,2018-02-01,0,0.0025861154753705736,0
64,2018-02-01,2018-03-01,0,0.002521050767701714,0
64,2018-03-01,2018-04-01,0,0.0026701238245947956,0
64,2018-04-01,2018-05-01,0,0.002126118557588654,0
64,2018-05-01,2018-06-01,0,0.002177464807758606,0
64,2018-06-01,2018-07-01,0,0.0025088810361631863,0
64,2018-07-01,2018-08-01,0,0.005488876786463592,0
64,2018-08-01,2018-09-01,0,0.0027031200862815794,0
64,2018-09-01,2018-10-01,0,0.0022104610694453895,0
64,2018-10-01,2018-11-01,0,0.002521050767701714,0
64,2018-11-01,2018-12-01,0,0.002521050767701714,0
64,2018-12-01,2019-01-01,0,0.002177464807758606,0
64,2019-01-01,2019-02-01,0,0.0047200411985977644,0
64,2019-02-01,2019-03-01,0,0.002177464807758606,0
64,2019-03-01,2019-04-01,0,0.002177464807758606,0
64,2019-04-01,2019-05-01,0,0.0026701238245947956,0
64,2019-05-01,2019-06-01,0,0.0026701238245947956,0
64,2019-06-01,2019-07-01,0,0.002177464807758606,0
64,2019-07-01,2019-08-01,0,0.002126118557588654,0
64,2019-08-01,2019-09-01,0,0.002521050767701714,0
64,2019-09-01,2019-10-01,0,0.002126118557588654,0
64,2019-10-01,2019-11-01,0,0.0034445078723769557,0
64,2019-11-01,2019-12-01,0,0.0026701238245947956,0
64,2019-12-01,2020-01-01,0,0.002521050767701714,0
64,2020-01-01,2020-02-01,0,0.0018487362865561615,0
64,2020-02-01,2020-03-01,0,0.0019978093434492427,0
64,2020-03-01,2020-04-01,0,0.0018487362865561615,0
64,2020-04-01,2020-05-01,0,0.0018487362865561615,0
64,2020-05-01,2020-06-01,0,0.00662509351747375,0
64,2020-06-01,2020-07-01,0,0.002415359863089435,0
64,2020-07-01,2020-08-01,0,0.0019978093434492427,0
64,2020-08-01,2020-09-01,0,0.005199911442655561,0
64,2020-09-01,2020-10-01,0,0.002415359863089435,0
64,2020-10-01,2020-11-01,0,0.0018337126262519751,0
64,2020-11-01,2020-12-01,0,0.007006266873169989,0
64,2020-12-01,2021-01-01,0,0.004752815504972866,0
64,2021-01-01,2021-02-01,0,0.004745791261102031,0
64,2021-02-01,2021-03-01,0,0.007230505648354865,0
64,2021-03-01,2021-04-01,0,0.0018337126262519751,0
64,2021-04-01,2021-05-01,0,0.0017063268202391177,0
64,2021-05-01,2021-06-01,0,0.0018487362865561615,0
64,2021-06-01,2021-07-01,0,0.0017063268202391177,0
64,2021-07-01,2021-08-01,0,0.0018487362865561615,0
64,2021-08-01,2021-09-01,0,0.0018487362865561615,0
64,2021-09-01,2021-10-01,0,0.002010005933070469,0
64,2021-10-01,2021-11-01,0,0.002415359863089435,0
64,2021-11-01,2021-12-01,0,0.0018365665550176343,0
64,2021-12-01,2022-01-01,0,0.0019978093434492427,0
64,2022-01-01,2022-02-01,0,0.002415359863089435,0
64,2022-02-01,2022-03-01,0,0.0018337126262519751,0
64,2022-03-01,2022-04-01,0,0.0064427904171999425,0
64,2022-04-01,2022-05-01,0,0.0019978093434492427,0
64,2022-05-01,2022-06-01,0,0.0018337126262519751,0
64,2022-06-01,2022-07-01,0,0.0018487362865561615,0
64,2022-07-01,2022-08-01,0,0.0020728365737699267,0
64,2022-08-01,2022-09-01,0,0.006094991701194475,0
64,2022-09-01,2022-10-01,0,0.002028187314474162,0
64,2022-10-01,2022-11-01,0,0.0018487362865561615,0
64,2022-11-01,2022-12-01,0,0.0019978093434492427,0
65,2015-02-01,2015-03-01,0,0.02505682867944479,0
65,2015-03-01,2015-04-01,0,0.013852381601251577,0
65,2015-04-01,2015-05-01,0,0.02151420512679913,0
65,2015-05-01,2015-06-01,0,0.02234568534008285,0
65,2015-06-01,2015-07-01,0,0.1010760657507051,0
65,2015-07-01,2015-08-01,0,0.10339579160060675,0
65,2015-08-01,2015-09-01,0,0.025180065490665246,0
65,2015-09-01,2015-10-01,0,0.0489818536262942,0
65,2015-10-01,2015-11-01,0,0.023319438758122254,0
65,2015-11-01,2015-12-01,0,0.0991650424574282,0
65,2015-12-01,2016-01-01,0,0.02404325178830598,0
65,2016-01-01,2016-02-01,0,0.03157645002103647,0
65,2016-02-01,2016-03-01,0,0.021417097111146383,0
65,2016-03-01,2016-04-01,0,0.014310006243344326,0
65,2016-04-01,2016-05-01,0,0.025207605086184505,0
65,2016-05-01,2016-06-01,0,0.02247909837609348,0
65,2016-06-01,2016-07-01,0,0.12155597281069555,0
65,2016-07-01,2016-08-01,0,0.10074302749404926,0
65,2016-08-01,2016-09-01,0,0.126820289839583,0
65,2016-09-01,2016-10-01,0,0.12860180647187983,0
65,2016-10-01,2016-11-01,0,0.06300771254701433,0
65,2016-11-01,2016-12-01,0,0.09978037914560317,0
65,2016-12-01,2017-01-01,0,0.022944005510501176,0
65,2017-01-01,2017-02-01,0,0.02547530631218764,0
65,2017-02-01,2017-03-01,0,0.045885092489384126,0
65,2017-03-01,2017-04-01,0,0.021982840245948793,0
65,2017-04-01,2017-05-01,0,0.021588955765551775,0
65,2017-05-01,2017-06-01,0,0.022248754946260458,0
65,2017-06-01,2017-07-01,0,0.03011263338146211,0
65,2017-07-01,2017-08-01,0,0.02684088599566735,0
65,2017-08-01,2017-09-01,0,0.03012955633480464,0
65,2017-09-01,2017-10-01,0,0.10633805962049372,0
65,2017-10-01,2017-11-01,0,0.023585928428106518,0
65,2017-11-01,2017-12-01,0,0.03847497424387292,0
65,2017-12-01,2018-01-01,0,0.016932678529520913,0
65,2018-01-01,2018-02-01,0,0.01792071814137152,0
65,2018-02-01,2018-03-01,0,0.020170989534762578,0
65,2018-03-01,2018-04-01,0,0.014201250306710914,0
65,2018-04-01,2018-05-01,0,0.021618914509086904,0
65,2018-05-01,2018-06-01,0,0.018141887731898173,0
65,2018-06-01,2018-07-01,0,0.10014001495087244,0
65,2018-07-01,2018-08-01,0,0.1386626836278312,0
65,2018-08-01,2018-09-01,0,0.1060564432030412,0
65,2018-09-01,2018-10-01,0,0.11232590568570325,0
65,2018-10-01,2018-11-01,0,0.02241778863682136,0
65,2018-11-01,2018-12-01,0,0.021588955765551775,0
65,2018-12-01,2019-01-01,0,0.025289151549641176,0
65,2019-01-01,2019-02-01,0,0.03210266689471629,0
65,2019-02-01,2019-03-01,0,0.020181714596174818,0
65,2019-03-01,2019-04-01,0,0.015304609468242738,0
65,2019-04-01,2019-05-01,0,0.024224675242711016,0
65,2019-05-01,2019-06-01,0,0.018372400432749438,0
65,2019-06-01,2019-07-01,0,0.025603303327957138,0
65,2019-07-01,2019-08-01,0,0.0221547740896269,0
65,2019-08-01,2019-09-01,0,0.042644201921283514,0
65,2019-09-01,2019-10-01,0,0.12488696194997344,0
65,2019-10-01,2019-11-01,0,0.02352125615606277,0
65,2019-11-01,2019-12-01,0,0.02215428110208012,0
65,2019-12-01,2020-01-01,0,0.016980710470743187,0
65,2020-01-01,2020-02-01,0,0.03338156090678124,0
65,2020-02-01,2020-03-01,0,0.03253903628792464,0
65,2020-03-01,2020-04-01,0,0.02662942265953012,0
65,2020-04-01,2020-05-01,0,0.0267568083152526,0
65,2020-05-01,2020-06-01,0,0.031051759342585885,0
65,2020-06-01,2020-07-01,0,0.025266487781780235,0
65,2020-07-01,2020-08-01,0,0.031384079178392636,0
65,2020-08-01,2020-09-01,0,0.03637302662213134,0
65,2020-09-01,2020-10-01,0,0.025848420576136334,0
65,2020-10-01,2020-11-01,0,0.03237983515112977,0
65,2020-11-01,2020-12-01,0,0.026032671421930064,0
65,2020-12-01,2021-01-01,0,0.02545292601325128,0
65,2021-01-01,2021-02-01,0,0.025923915485296656,0
65,2021-02-01,2021-03-01,0,0.033824451836586375,0
65,2021-03-01,2021-04-01,0,0.031118085057951175,0
65,2021-04-01,2021-05-01,0,0.039410451578417466,0
65,2021-05-01,2021-06-01,0,0.03859301770501061,0
65,2021-06-01,2021-07-01,0,0.03125303737373845,0
65,2021-07-01,2021-08-01,0,0.027214000159721276,0
65,2021-08-01,2021-09-01,0,0.026032671421930064,0
65,2021-09-01,2021-10-01,0,0.030579408963988752,0
65,2021-10-01,2021-11-01,0,0.03290596609297962,0
65,2021-11-01,2021-12-01,0,0.027297192212486658,0
65,2021-12-01,2022-01-01,0,0.02624317400504073,0
65,2022-01-01,2022-02-01,0,0.025926193060813882,0
65,2022-02-01,2022-03-01,0,0.025717551246299934,0
65,2022-03-01,2022-04-01,0,0.026069143323972394,0
65,2022-04-01,2022-05-01,0,0.027031893807892556,0
65,2022-05-01,2022-06-01,0,0.030579408963988752,0
65,2022-06-01,2022-07-01,0,0.035329243563453065,0
65,2022-07-01,2022-08-01,0,0.03663832502672545,0
65,2022-08-01,2022-09-01,0,0.03338156090678124,0
65,2022-09-01,2022-10-01,0,0.05226657307198106,0
65,2022-10-01,2022-11-01,0,0.06274817700074699,0
65,2022-11-01,2022-12-01,0,0.053283843221645456,0
66,2015-02-01,2015-03-01,1,0.9214437214740112,1
66,2015-03-01,2015-04-01,1,0.6380006330131492,1
66,2015-04-01,2015-05-01,1,0.954985740519012,1
66,2015-05-01,2015-06-01,1,0.9391204216460679,1
66,2015-06-01,2015-07-01,1,0.9203707900975189,1
66,2015-07-01,2015-08-01,1,0.954985740519012,1
66,2015-08-01,2015-09-01,1,0.954985740519012,1
66,2015-09-01,2015-10-01,1,0.9270272629305741,1
66,2015-10-01,2015-11-01,1,0.8837854469508615,1
66,2015-11-01,2015-12-01,1,0.9261139437362989,1
66,2015-12-01,2016-01-01,1,0.9450204246746142,1
66,2016-01-01,2016-02-01,1,0.9460342655603613,1
66,2016-02-01,2016-03-01,1,0.94610518549086,1
66,2016-03-01,2016-04-01,1,0.7394394951918426,1
66,2016-04-01,2016-05-01,1,0.954985740519012,1
66,2016-05-01,2016-06-01,1,0.954985740519012,1
66,2016-06-01,2016-07-01,1,0.954985740519012,1
66,2016-07-01,2016-08-01,1,0.954985740519012,1
66,2016-08-01,2016-09-01,1,0.9439895381879579,1
66,2016-09-01,2016-10-01,1,0.954602415904861,1
66,2016-10-01,2016-11-01,1,0.9214443641987923,1
66,2016-11-01,2016-12-01,1,0.9166762696873122,1
66,2016-12-01,2017-01-01,1,0.9534227348557966,1
66,2017-01-01,2017-02-01,1,0.8421044272631641,1
66,2017-02-01,2017-03-01,1,0.9261139437362989,1
66,2017-03-01,2017-04-01,1,0.8422328984093205,1
66,2017-04-01,2017-05-01,1,0.9456978981699244,1
66,2017-05-01,2017-06-01,1,0.954985740519012,1
66,2017-06-01,2017-07-01,1,0.954985740519012,1
66,2017-07-01,2017-08-01,1,0.954985740519012,1
66,2017-08-01,2017-09-01,1,0.9530630403630824,1
66,2017-09-01,2017-10-01,1,0.9529320063165753,1
66,2017-10-01,2017-11-01,1,0.9309221060765734,1
66,2017-11-01,2017-12-01,1,0.9379225658127326,1
66,2017-12-01,2018-01-01,1,0.8262865765039952,1
66,2018-01-01,2018-02-01,1,0.8664782742151885,1
66,2018-02-01,2018-03-01,1,0.8708853854103794,1
66,2018-03-01,2018-04-01,1,0.6404511604784969,1
66,2018-04-01,2018-05-01,1,0.9453674105954131,1
66,2018-05-01,2018-06-01,1,0.8697347941398196,1
66,2018-06-01,2018-07-01,1,0.954985740519012,1
66,2018-07-01,2018-08-01,1,0.954985740519012,1
66,2018-08-01,2018-09-01,1,0.9544942069163841,1
66,2018-09-01,2018-10-01,1,0.953152830513691,1
66,2018-10-01,2018-11-01,1,0.954985740519012,1
66,2018-11-01,2018-12-01,1,0.9534227348557966,1
66,2018-12-01,2019-01-01,1,0.9096562803443743,1
66,2019-01-01,2019-02-01,1,0.9456978981699244,1
66,2019-02-01,2019-03-01,1,0.7149926107182843,1
66,2019-03-01,2019-04-01,1,0.6766666538272583,1
66,2019-04-01,2019-05-01,1,0.8367214567817072,1
66,2019-05-01,2019-06-01,1,0.9006467039518676,1
66,2019-06-01,2019-07-01,1,0.954985740519012,1
66,2019-07-01,2019-08-01,1,0.954985740519012,1
66,2019-08-01,2019-09-01,1,0.9441935350947431,1
66,2019-09-01,2019-10-01,1,0.954985740519012,1
66,2019-10-01,2019-11-01,1,0.9353120162855009,1
66,2019-11-01,2019-12-01,1,0.954985740519012,1
66,2019-12-01,2020-01-01,1,0.8297428898480007,1
66,2020-01-01,2020-02-01,0,0.8904862984012959,1
66,2020-02-01,2020-03-01,1,0.9150869280171584,1
66,2020-03-01,2020-04-01,0,0.7922150606251277,1
66,2020-04-01,2020-05-01,1,0.8006424576060917,1
66,2020-05-01,2020-06-01,1,0.2959789139419912,0
66,2020-06-01,2020-07-01,1,0.8761171558361248,1
66,2020-07-01,2020-08-01,1,0.8369607065282733,1
66,2020-08-01,2020-09-01,0,0.9201077109326818,1
66,2020-09-01,2020-10-01,1,0.8762549045099578,1
66,2020-10-01,2020-11-01,0,0.8469022857149898,1
66,2020-11-01,2020-12-01,0,0.8394743361944131,1
66,2020-12-01,2021-01-01,1,0.7537315746130082,1
66,2021-01-01,2021-02-01,0,0.6374663608614738,1
66,2021-02-01,2021-03-01,1,0.6413380127935485,1
66,2021-03-01,2021-04-01,0,0.21447837393167796,0
66,2021-04-01,2021-05-01,1,0.7522339564126207,1
66,2021-05-01,2021-06-01,1,0.6472169253525567,1
66,2021-06-01,2021-07-01,1,0.8604741641222332,1
66,2021-07-01,2021-08-01,1,0.8658327267388269,1
66,2021-08-01,2021-09-01,1,0.8748074344609458,1
66,2021-09-01,2021-10-01,1,0.8380597475362157,1
66,2021-10-01,2021-11-01,1,0.7647867473187333,1
66,2021-11-01,2021-12-01,0,0.812313455423353,1
66,2021-12-01,2022-01-01,0,0.5450630362123685,1
66,2022-01-01,2022-02-01,0,0.6235241680063122,1
66,2022-02-01,2022-03-01,1,0.5060110705724588,1
66,2022-03-01,2022-04-01,1,0.45255786911978574,1
66,2022-04-01,2022-05-01,1,0.801275259978506,1
66,2022-05-01,2022-06-01,1,0.6379480035426511,1
66,2022-06-01,2022-07-01,1,0.8652052907693549,1
66,2022-07-01,2022-08-01,1,0.8327402530995558,1
66,2022-08-01,2022-09-01,1,0.8679990451344137,1
66,2022-09-01,2022-10-01,1,0.8590195596563016,1
66,2022-10-01,2022-11-01,1,0.8866386069283135,1
66,2022-11-01,2022-12-01,1,0.9231175455966284,1
67,2015-02-01,2015-03-01,1,0.9316405160315538,1
67,2015-03-01,2015-04-01,1,0.9318347702188889,1
67,2015-04-01,2015-05-01,1,0.932142138011223,1
67,2015-05-01,2015-06-01,1,0.9315009448268058,1
67,2015-06-01,2015-07-01,1,0.9314542503273717,1
67,2015-07-01,2015-08-01,1,0.9314400183466802,1
67,2015-08-01,2015-09-01,1,0.8932175156737121,1
67,2015-09-01,2015-10-01,1,0.9314542503273717,1
67,2015-10-01,2015-11-01,1,0.8771314453227109,1
67,2015-11-01,2015-12-01,1,0.8633963532472139,1
67,2015-12-01,2016-01-01,1,0.9321563699919145,1
67,2016-01-01,2016-02-01,1,0.932142138011223,1
67,2016-02-01,2016-03-01,1,0.9321563699919145,1
67,2016-03-01,2016-04-01,1,0.9318683731096984,1
67,2016-04-01,2016-05-01,1,0.9320974509285521,1
67,2016-05-01,2016-06-01,1,0.932142138011223,1
67,2016-06-01,2016-07-01,1,0.9319224568881169,1
67,2016-07-01,2016-08-01,1,0.9319224568881169,1
67,2016-08-01,2016-09-01,1,0.9314400183466802,1
67,2016-09-01,2016-10-01,1,0.9319224568881169,1
67,2016-10-01,2016-11-01,1,0.9319224568881169,1
67,2016-11-01,2016-12-01,1,0.9318635378247545,1
67,2016-12-01,2017-01-01,1,0.9292931795550925,1
67,2017-01-01,2017-02-01,1,0.8569884384128315,1
67,2017-02-01,2017-03-01,1,0.9293880485712627,1
67,2017-03-01,2017-04-01,1,0.9310797606864987,1
67,2017-04-01,2017-05-01,1,0.9319532919872675,1
67,2017-05-01,2017-06-01,1,0.9321563699919145,1
67,2017-06-01,2017-07-01,1,0.9319224568881169,1
67,2017-07-01,2017-08-01,1,0.9319560597789264,1
67,2017-08-01,2017-09-01,1,0.9318635378247545,1
67,2017-09-01,2017-10-01,1,0.9319560597789264,1
67,2017-10-01,2017-11-01,1,0.932142138011223,1
67,2017-11-01,2017-12-01,1,0.9321563699919145,1
67,2017-12-01,2018-01-01,1,0.8830791426191478,1
67,2018-01-01,2018-02-01,1,0.9318943729239052,1
67,2018-02-01,2018-03-01,1,0.931939060006576,1
67,2018-03-01,2018-04-01,1,0.9039157395659315,1
67,2018-04-01,2018-05-01,1,0.9320615009757444,1
67,2018-05-01,2018-06-01,1,0.931986894878077,1
67,2018-06-01,2018-07-01,1,0.9315598638901682,1
67,2018-07-01,2018-08-01,1,0.9319224568881169,1
67,2018-08-01,2018-09-01,1,0.9315456319094767,1
67,2018-09-01,2018-10-01,1,0.9319082249074254,1
67,2018-10-01,2018-11-01,1,0.9320974509285521,1
67,2018-11-01,2018-12-01,1,0.9320974509285521,1
67,2018-12-01,2019-01-01,1,0.8860193762900067,1
67,2019-01-01,2019-02-01,1,0.9319532919872675,1
67,2019-02-01,2019-03-01,1,0.9318205382381974,1
67,2019-03-01,2019-04-01,1,0.931939060006576,1
67,2019-04-01,2019-05-01,1,0.9323303265900225,1
67,2019-05-01,2019-06-01,1,0.9319532919872675,1
67,2019-06-01,2019-07-01,1,0.9322994914908718,1
67,2019-07-01,2019-08-01,1,0.9321563699919145,1
67,2019-08-01,2019-09-01,1,0.9319224568881169,1
67,2019-09-01,2019-10-01,1,0.9319224568881169,1
67,2019-10-01,2019-11-01,1,0.932142138011223,1
67,2019-11-01,2019-12-01,1,0.9321563699919145,1
67,2019-12-01,2020-01-01,1,0.9319532919872675,1
67,2020-01-01,2020-02-01,1,0.887114986820054,1
67,2020-02-01,2020-03-01,1,0.9305212275884547,1
67,2020-03-01,2020-04-01,0,0.9309381550934153,1
67,2020-04-01,2020-05-01,1,0.9309045522026058,1
67,2020-05-01,2020-06-01,1,0.6709579028389943,1
67,2020-06-01,2020-07-01,1,0.9309045522026058,1
67,2020-07-01,2020-08-01,1,0.9309045522026058,1
67,2020-08-01,2020-09-01,1,0.9300676589967889,1
67,2020-09-01,2020-10-01,1,0.9309045522026058,1
67,2020-10-01,2020-11-01,1,0.9309045522026058,1
67,2020-11-01,2020-12-01,1,0.9309045522026058,1
67,2020-12-01,2021-01-01,1,0.6877534596146168,1
67,2021-01-01,2021-02-01,0,0.8342369699111098,1
67,2021-02-01,2021-03-01,1,0.8992805490963923,1
67,2021-03-01,2021-04-01,1,0.6431213220122611,1
67,2021-04-01,2021-05-01,1,0.9160207878177669,1
67,2021-05-01,2021-06-01,1,0.9157437846927615,1
67,2021-06-01,2021-07-01,1,0.9309045522026058,1
67,2021-07-01,2021-08-01,1,0.9309045522026058,1
67,2021-08-01,2021-09-01,1,0.9309045522026058,1
67,2021-09-01,2021-10-01,1,0.9290145481591388,1
67,2021-10-01,2021-11-01,0,0.9309045522026058,1
67,2021-11-01,2021-12-01,0,0.9281951498453163,1
67,2021-12-01,2022-01-01,0,0.831413813707097,1
67,2022-01-01,2022-02-01,0,0.8230348056008013,1
67,2022-02-01,2022-03-01,1,0.7015504637944538,1
67,2022-03-01,2022-04-01,0,0.6915160315126856,1
67,2022-04-01,2022-05-01,1,0.9234139802789018,1
67,2022-05-01,2022-06-01,1,0.9289082363581264,1
67,2022-06-01,2022-07-01,1,0.9309045522026058,1
67,2022-07-01,2022-08-01,1,0.8523772758874988,1
67,2022-08-01,2022-09-01,1,0.8922255039649514,1
67,2022-09-01,2022-10-01,1,0.9270669231709774,1
67,2022-10-01,2022-11-01,0,0.6035470367746227,1
67,2022-11-01,2022-12-01,0,0.8949818168199974,1
68,2015-02-01,2015-03-01,1,0.9033951936014352,1
68,2015-03-01,2015-04-01,1,0.7007395282289475,1
68,2015-04-01,2015-05-01,1,0.9284409518562196,1
68,2015-05-01,2015-06-01,1,0.9284409518562196,1
68,2015-06-01,2015-07-01,1,0.9318336825053071,1
68,2015-07-01,2015-08-01,1,0.9284409518562196,1
68,2015-08-01,2015-09-01,1,0.9318336825053071,1
68,2015-09-01,2015-10-01,1,0.9318194505246155,1
68,2015-10-01,2015-11-01,1,0.9318336825053071,1
68,2015-11-01,2015-12-01,1,0.9279371344103162,1
68,2015-12-01,2016-01-01,1,0.9318645176044577,1
68,2016-01-01,2016-02-01,1,0.9318645176044577,1
68,2016-02-01,2016-03-01,1,0.9318981204952671,1
68,2016-03-01,2016-04-01,1,0.9139762603913204,1
68,2016-04-01,2016-05-01,1,0.9320675956091046,1
68,2016-05-01,2016-06-01,1,0.9319727265929345,1
68,2016-06-01,2016-07-01,1,0.932101198499914,1
68,2016-07-01,2016-08-01,1,0.9320675956091046,1
68,2016-08-01,2016-09-01,1,0.9318336825053071,1
68,2016-09-01,2016-10-01,1,0.9320675956091046,1
68,2016-10-01,2016-11-01,1,0.9281710475141138,1
68,2016-11-01,2016-12-01,1,0.9325509420128718,1
68,2016-12-01,2017-01-01,1,0.9318645176044577,1
68,2017-01-01,2017-02-01,1,0.9317317638553875,1
68,2017-02-01,2017-03-01,1,0.9318981204952671,1
68,2017-03-01,2017-04-01,1,0.9148797974366787,1
68,2017-04-01,2017-05-01,1,0.9318502856237662,1
68,2017-05-01,2017-06-01,1,0.9318645176044577,1
68,2017-06-01,2017-07-01,1,0.9320675956091046,1
68,2017-07-01,2017-08-01,1,0.9320675956091046,1
68,2017-08-01,2017-09-01,1,0.9318672853961165,1
68,2017-09-01,2017-10-01,1,0.9324446302118595,1
68,2017-10-01,2017-11-01,1,0.9319138075295721,1
68,2017-11-01,2017-12-01,1,0.9318645176044577,1
68,2017-12-01,2018-01-01,1,0.9318502856237662,1
68,2018-01-01,2018-02-01,0,0.9296870767727167,1
68,2018-02-01,2018-03-01,1,0.874170661294058,1
68,2018-03-01,2018-04-01,1,0.7877232694166013,1
68,2018-04-01,2018-05-01,1,0.9318645176044577,1
68,2018-05-01,2018-06-01,1,0.9322560485194602,1
68,2018-06-01,2018-07-01,1,0.9320675956091046,1
68,2018-07-01,2018-08-01,1,0.9320675956091046,1
68,2018-08-01,2018-09-01,1,0.9318336825053071,1
68,2018-09-01,2018-10-01,1,0.9320675956091046,1
68,2018-10-01,2018-11-01,1,0.932101198499914,1
68,2018-11-01,2018-12-01,1,0.9318055985410952,1
68,2018-12-01,2019-01-01,1,0.9318645176044577,1
68,2019-01-01,2019-02-01,1,0.931745995836079,1
68,2019-02-01,2019-03-01,1,0.9307670676755575,1
68,2019-03-01,2019-04-01,1,0.9030729725744958,1
68,2019-04-01,2019-05-01,1,0.9317795987268884,1
68,2019-05-01,2019-06-01,1,0.9318645176044577,1
68,2019-06-01,2019-07-01,1,0.932101198499914,1
68,2019-07-01,2019-08-01,1,0.9320675956091046,1
68,2019-08-01,2019-09-01,1,0.9318336825053071,1
68,2019-09-01,2019-10-01,1,0.9320675956091046,1
68,2019-10-01,2019-11-01,1,0.9320675956091046,1
68,2019-11-01,2019-12-01,1,0.9279679695094669,1
68,2019-12-01,2020-01-01,1,0.931745995836079,1
68,2020-01-01,2020-02-01,1,0.9307252545065035,1
68,2020-02-01,2020-03-01,1,0.9307252545065035,1
68,2020-03-01,2020-04-01,0,0.8127047899174429,1
68,2020-04-01,2020-05-01,1,0.8036970941448164,1
68,2020-05-01,2020-06-01,1,0.5326843100082336,1
68,2020-06-01,2020-07-01,1,0.9307252545065035,1
68,2020-07-01,2020-08-01,1,0.9301659520760206,1
68,2020-08-01,2020-09-01,1,0.9307252545065035,1
68,2020-09-01,2020-10-01,1,0.9307252545065035,1
68,2020-10-01,2020-11-01,0,0.8336815839956548,1
68,2020-11-01,2020-12-01,1,0.9205490499644393,1
68,2020-12-01,2021-01-01,1,0.8226967798982374,1
68,2021-01-01,2021-02-01,0,0.7302639207797793,1
68,2021-02-01,2021-03-01,0,0.5847890357310372,1
68,2021-03-01,2021-04-01,1,0.49447726808098724,1
68,2021-04-01,2021-05-01,1,0.834911594507994,1
68,2021-05-01,2021-06-01,1,0.7987702231650988,1
68,2021-06-01,2021-07-01,1,0.922937427824114,1
68,2021-07-01,2021-08-01,1,0.9307252545065035,1
68,2021-08-01,2021-09-01,1,0.9307252545065035,1
68,2021-09-01,2021-10-01,1,0.9201842031803944,1
68,2021-10-01,2021-11-01,0,0.8320006106343973,1
68,2021-11-01,2021-12-01,0,0.8324124336193082,1
68,2021-12-01,2022-01-01,0,0.6549936012197839,1
68,2022-01-01,2022-02-01,0,0.6365929161991415,1
68,2022-02-01,2022-03-01,0,0.6692969557849846,1
68,2022-03-01,2022-04-01,1,0.6405367643271153,1
68,2022-04-01,2022-05-01,1,0.8372967531499832,1
68,2022-05-01,2022-06-01,1,0.806338480810291,1
68,2022-06-01,2022-07-01,0,0.9233415445472603,1
68,2022-07-01,2022-08-01,1,0.9232346825827993,1
68,2022-08-01,2022-09-01,1,0.9307252545065035,1
68,2022-09-01,2022-10-01,1,0.9307252545065035,1
68,2022-10-01,2022-11-01,1,0.9307252545065035,1
68,2022-11-01,2022-12-01,1,0.8684039763492815,1
69,2015-02-01,2015-03-01,1,0.953986604554905,1
69,2015-03-01,2015-04-01,1,0.9424878949612776,1
69,2015-04-01,2015-05-01,1,0.9541096435708869,1
69,2015-05-01,2015-06-01,1,0.9541432464616963,1
69,2015-06-01,2015-07-01,1,0.9541096435708869,1
69,2015-07-01,2015-08-01,1,0.9521092878847263,1
69,2015-08-01,2015-09-01,1,0.9516240094604825,1
69,2015-09-01,2015-10-01,1,0.9527470450685479,1
69,2015-10-01,2015-11-01,1,0.9305648524046437,1
69,2015-11-01,2015-12-01,1,0.953986604554905,1
69,2015-12-01,2016-01-01,1,0.953986604554905,1
69,2016-01-01,2016-02-01,1,0.953986604554905,1
69,2016-02-01,2016-03-01,1,0.9538171294410676,1
69,2016-03-01,2016-04-01,1,0.9537835265502581,1
69,2016-04-01,2016-05-01,1,0.9540202074457145,1
69,2016-05-01,2016-06-01,1,0.9537835265502581,1
69,2016-06-01,2016-07-01,1,0.9541096435708869,1
69,2016-07-01,2016-08-01,1,0.9541096435708869,1
69,2016-08-01,2016-09-01,1,0.9541096435708869,1
69,2016-09-01,2016-10-01,1,0.9541096435708869,1
69,2016-10-01,2016-11-01,1,0.9542373349403285,1
69,2016-11-01,2016-12-01,1,0.953986604554905,1
69,2016-12-01,2017-01-01,1,0.9537835265502581,1
69,2017-01-01,2017-02-01,1,0.9371792466670067,1
69,2017-02-01,2017-03-01,1,0.953986604554905,1
69,2017-03-01,2017-04-01,1,0.9537835265502581,1
69,2017-04-01,2017-05-01,1,0.9537835265502581,1
69,2017-05-01,2017-06-01,1,0.954131347417015,1
69,2017-06-01,2017-07-01,1,0.9541096435708869,1
69,2017-07-01,2017-08-01,1,0.9541096435708869,1
69,2017-08-01,2017-09-01,1,0.9541096435708869,1
69,2017-09-01,2017-10-01,1,0.9541133277264074,1
69,2017-10-01,2017-11-01,1,0.953986604554905,1
69,2017-11-01,2017-12-01,1,0.953986604554905,1
69,2017-12-01,2018-01-01,1,0.9538917355387349,1
69,2018-01-01,2018-02-01,1,0.9537835265502581,1
69,2018-02-01,2018-03-01,1,0.9534471591598213,1
69,2018-03-01,2018-04-01,1,0.9401500181233317,1
69,2018-04-01,2018-05-01,1,0.9537835265502581,1
69,2018-05-01,2018-06-01,1,0.9537835265502581,1
69,2018-06-01,2018-07-01,1,0.9537470505729382,1
69,2018-07-01,2018-08-01,1,0.9541096435708869,1
69,2018-08-01,2018-09-01,1,0.9541096435708869,1
69,2018-09-01,2018-10-01,1,0.9541096435708869,1
69,2018-10-01,2018-11-01,1,0.9540202074457145,1
69,2018-11-01,2018-12-01,1,0.953986604554905,1
69,2018-12-01,2019-01-01,1,0.9537835265502581,1
69,2019-01-01,2019-02-01,1,0.953986604554905,1
69,2019-02-01,2019-03-01,1,0.9537835265502581,1
69,2019-03-01,2019-04-01,1,0.9537835265502581,1
69,2019-04-01,2019-05-01,1,0.9517872107057787,1
69,2019-05-01,2019-06-01,1,0.9540202074457145,1
69,2019-06-01,2019-07-01,1,0.9516240094604825,1
69,2019-07-01,2019-08-01,1,0.9541096435708869,1
69,2019-08-01,2019-09-01,1,0.9541096435708869,1
69,2019-09-01,2019-10-01,1,0.9541432464616963,1
69,2019-10-01,2019-11-01,1,0.953986604554905,1
69,2019-11-01,2019-12-01,1,0.953986604554905,1
69,2019-12-01,2020-01-01,1,0.9537835265502581,1
69,2020-01-01,2020-02-01,1,0.9552349778669788,1
69,2020-02-01,2020-03-01,1,0.9553431868554555,1
69,2020-03-01,2020-04-01,1,0.9552349778669788,1
69,2020-04-01,2020-05-01,1,0.9540577233942685,1
69,2020-05-01,2020-06-01,1,0.8389926196656019,1
69,2020-06-01,2020-07-01,1,0.9548986104765419,1
69,2020-07-01,2020-08-01,1,0.9552349778669788,1
69,2020-08-01,2020-09-01,1,0.9554380558716257,1
69,2020-09-01,2020-10-01,1,0.9552349778669788,1
69,2020-10-01,2020-11-01,1,0.9552349778669788,1
69,2020-11-01,2020-12-01,1,0.9552349778669788,1
69,2020-12-01,2021-01-01,1,0.923403877878381,1
69,2021-01-01,2021-02-01,1,0.94407736159256,1
69,2021-02-01,2021-03-01,1,0.9547555304220359,1
69,2021-03-01,2021-04-01,1,0.7258863551347838,1
69,2021-04-01,2021-05-01,1,0.9552349778669788,1
69,2021-05-01,2021-06-01,1,0.9482404971041368,1
69,2021-06-01,2021-07-01,1,0.9552349778669788,1
69,2021-07-01,2021-08-01,1,0.9552349778669788,1
69,2021-08-01,2021-09-01,1,0.9552349778669788,1
69,2021-09-01,2021-10-01,1,0.9552349778669788,1
69,2021-10-01,2021-11-01,1,0.9552349778669788,1
69,2021-11-01,2021-12-01,1,0.9552349778669788,1
69,2021-12-01,2022-01-01,1,0.9239554340296453,1
69,2022-01-01,2022-02-01,0,0.9454632537802071,1
69,2022-02-01,2022-03-01,1,0.89929748651198,1
69,2022-03-01,2022-04-01,1,0.8682439256341193,1
69,2022-04-01,2022-05-01,1,0.9543301629499268,1
69,2022-05-01,2022-06-01,1,0.9552349778669788,1
69,2022-06-01,2022-07-01,1,0.9552349778669788,1
69,2022-07-01,2022-08-01,1,0.9552349778669788,1
69,2022-08-01,2022-09-01,1,0.9294789846678332,1
69,2022-09-01,2022-10-01,1,0.9392382409862747,1
69,2022-10-01,2022-11-01,1,0.9442885967023009,1
69,2022-11-01,2022-12-01,1,0.7425431682458774,1
70,2015-02-01,2015-03-01,0,0.0511846688703412,0
70,2015-03-01,2015-04-01,0,0.03382509013080364,0
70,2015-04-01,2015-05-01,0,0.06806165358051555,0
70,2015-05-01,2015-06-01,0,0.0639122593630561,0
70,2015-06-01,2015-07-01,0,0.07345499831110479,0
70,2015-07-01,2015-08-01,0,0.06283698979981134,0
70,2015-08-01,2015-09-01,0,0.060139419874137456,0
70,2015-09-01,2015-10-01,0,0.05500578720848525,0
70,2015-10-01,2015-11-01,0,0.05915068355156044,0
70,2015-11-01,2015-12-01,0,0.04880174006829382,0
70,2015-12-01,2016-01-01,0,0.05863666159522186,0
70,2016-01-01,2016-02-01,0,0.04465570299878909,0
70,2016-02-01,2016-03-01,0,0.04811107892916267,0
70,2016-03-01,2016-04-01,0,0.03378773077921129,0
70,2016-04-01,2016-05-01,0,0.05963624933521922,0
70,2016-05-01,2016-06-01,0,0.04858095853547868,0
70,2016-06-01,2016-07-01,0,0.060139419874137456,0
70,2016-07-01,2016-08-01,0,0.06041131589629517,0
70,2016-08-01,2016-09-01,0,0.0740905388814691,0
70,2016-09-01,2016-10-01,0,0.07242019118034175,0
70,2016-10-01,2016-11-01,0,0.05301820441283287,0
70,2016-11-01,2016-12-01,0,0.06272825394201506,0
70,2016-12-01,2017-01-01,0,0.0672469841792245,0
70,2017-01-01,2017-02-01,0,0.03961264884394648,0
70,2017-02-01,2017-03-01,0,0.052358407380294354,0
70,2017-03-01,2017-04-01,0,0.03855764101097763,0
70,2017-04-01,2017-05-01,0,0.0391953155546721,0
70,2017-05-01,2017-06-01,0,0.05782383362403619,0
70,2017-06-01,2017-07-01,0,0.05269072253953831,0
70,2017-07-01,2017-08-01,0,0.0639122593630561,0
70,2017-08-01,2017-09-01,0,0.0504654660603735,0
70,2017-09-01,2017-10-01,0,0.06041131589629517,0
70,2017-10-01,2017-11-01,0,0.04870327117843799,0
70,2017-11-01,2017-12-01,0,0.06054082550670689,0
70,2017-12-01,2018-01-01,0,0.03826940170246504,0
70,2018-01-01,2018-02-01,0,0.039139339234307964,0
70,2018-02-01,2018-03-01,0,0.039823775825328665,0
70,2018-03-01,2018-04-01,0,0.033387556247882984,0
70,2018-04-01,2018-05-01,0,0.04815775600868421,0
70,2018-05-01,2018-06-01,0,0.07468912934281362,0
70,2018-06-01,2018-07-01,0,0.058775595498118685,0
70,2018-07-01,2018-08-01,0,0.05907764278082093,0
70,2018-08-01,2018-09-01,0,0.051961361033127644,0
70,2018-09-01,2018-10-01,0,0.04955534283343733,0
70,2018-10-01,2018-11-01,0,0.06419801457977689,0
70,2018-11-01,2018-12-01,0,0.059570721315480045,0
70,2018-12-01,2019-01-01,0,0.043603407520655696,0
70,2019-01-01,2019-02-01,0,0.0403133886083216,0
70,2019-02-01,2019-03-01,0,0.03483211432704341,0
70,2019-03-01,2019-04-01,0,0.03508749193720815,0
70,2019-04-01,2019-05-01,0,0.043761519796205225,0
70,2019-05-01,2019-06-01,0,0.03952918096329081,0
70,2019-06-01,2019-07-01,0,0.0639122593630561,0
70,2019-07-01,2019-08-01,0,0.056438899831701694,0
70,2019-08-01,2019-09-01,0,0.06367364157398989,0
70,2019-09-01,2019-10-01,0,0.06691507058685309,0
70,2019-10-01,2019-11-01,0,0.050806518229377526,0
70,2019-11-01,2019-12-01,0,0.06235272456670975,0
70,2019-12-01,2020-01-01,0,0.05318471416246458,0
70,2020-01-01,2020-02-01,0,0.031824956259489945,0
70,2020-02-01,2020-03-01,0,0.03760796270457075,0
70,2020-03-01,2020-04-01,0,0.03481669908573854,0
70,2020-04-01,2020-05-01,0,0.028344008811664264,0
70,2020-05-01,2020-06-01,0,0.006315819621369737,0
70,2020-06-01,2020-07-01,0,0.027094247676280603,0
70,2020-07-01,2020-08-01,0,0.03529240683441615,0
70,2020-08-01,2020-09-01,0,0.036982932437236715,0
70,2020-09-01,2020-10-01,0,0.025854859337868366,0
70,2020-10-01,2020-11-01,0,0.027780411716825864,0
70,2020-11-01,2020-12-01,0,0.032254384550733074,0
70,2020-12-01,2021-01-01,0,0.0983679572460199,0
70,2021-01-01,2021-02-01,0,0.09808251641966541,0
70,2021-02-01,2021-03-01,0,0.02638569363243903,0
70,2021-03-01,2021-04-01,0,0.017804908574941897,0
70,2021-04-01,2021-05-01,0,0.026640164068959072,0
70,2021-05-01,2021-06-01,0,0.04461999875100352,0
70,2021-06-01,2021-07-01,0,0.02628473993739545,0
70,2021-07-01,2021-08-01,0,0.027780411716825864,0
70,2021-08-01,2021-09-01,0,0.03529240683441615,0
70,2021-09-01,2021-10-01,0,0.02647556303971229,0
70,2021-10-01,2021-11-01,0,0.026106511126350776,0
70,2021-11-01,2021-12-01,0,0.026229628944407897,0
70,2021-12-01,2022-01-01,0,0.026774777321452496,0
70,2022-01-01,2022-02-01,0,0.028854238870807555,0
70,2022-02-01,2022-03-01,0,0.02208322644403972,0
70,2022-03-01,2022-04-01,0,0.02052703206586948,0
70,2022-04-01,2022-05-01,0,0.0248321269088345,0
70,2022-05-01,2022-06-01,0,0.025698134384010005,0
70,2022-06-01,2022-07-01,0,0.031764201841775724,0
70,2022-07-01,2022-08-01,0,0.03194994213846332,0
70,2022-08-01,2022-09-01,0,0.030975706118607647,0
70,2022-09-01,2022-10-01,0,0.03166014270962834,0
70,2022-10-01,2022-11-01,0,0.03103168243897178,0
70,2022-11-01,2022-12-01,0,0.04719645747297466,0
71,2015-02-01,2015-03-01,1,0.9554581620998711,1
71,2015-03-01,2015-04-01,1,0.9075189830131128,1
71,2015-04-01,2015-05-01,1,0.9558567755873537,1
71,2015-05-01,2015-06-01,1,0.9554769630431446,1
71,2015-06-01,2015-07-01,1,0.9558827031272784,1
71,2015-07-01,2015-08-01,1,0.9562108281694651,1
71,2015-08-01,2015-09-01,1,0.9551401221837913,1
71,2015-09-01,2015-10-01,1,0.9485403470747825,1
71,2015-10-01,2015-11-01,1,0.9368304749814481,1
71,2015-11-01,2015-12-01,1,0.9466498588414358,1
71,2015-12-01,2016-01-01,1,0.9556536975827068,1
71,2016-01-01,2016-02-01,1,0.9529673144013117,1
71,2016-02-01,2016-03-01,1,0.9517105196985207,1
71,2016-03-01,2016-04-01,1,0.95265067022129,1
71,2016-04-01,2016-05-01,1,0.9555589595899163,1
71,2016-05-01,2016-06-01,1,0.9548287578174959,1
71,2016-06-01,2016-07-01,1,0.9555518025754117,1
71,2016-07-01,2016-08-01,1,0.9558567755873537,1
71,2016-08-01,2016-09-01,1,0.955831015625256,1
71,2016-09-01,2016-10-01,1,0.955831015625256,1
71,2016-10-01,2016-11-01,1,0.9554769630431446,1
71,2016-11-01,2016-12-01,1,0.9558567755873537,1
71,2016-12-01,2017-01-01,1,0.9556536975827068,1
71,2017-01-01,2017-02-01,1,0.9556536975827068,1
71,2017-02-01,2017-03-01,1,0.9533733775301421,1
71,2017-03-01,2017-04-01,1,0.9552738850384976,1
71,2017-04-01,2017-05-01,1,0.9533008320388333,1
71,2017-05-01,2017-06-01,1,0.9470164685841077,1
71,2017-06-01,2017-07-01,1,0.9554769630431446,1
71,2017-07-01,2017-08-01,1,0.9559316151196208,1
71,2017-08-01,2017-09-01,1,0.9557360796367851,1
71,2017-09-01,2017-10-01,1,0.9558567755873537,1
71,2017-10-01,2017-11-01,1,0.9386602434020905,1
71,2017-11-01,2017-12-01,1,0.9518510230602081,1
71,2017-12-01,2018-01-01,1,0.9552738850384976,1
71,2018-01-01,2018-02-01,1,0.9553558815852693,1
71,2018-02-01,2018-03-01,1,0.9552738850384976,1
71,2018-03-01,2018-04-01,1,0.9190104270583076,1
71,2018-04-01,2018-05-01,1,0.9326530387989672,1
71,2018-05-01,2018-06-01,1,0.9552738850384976,1
71,2018-06-01,2018-07-01,1,0.9562625156714876,1
71,2018-07-01,2018-08-01,1,0.9555518025754117,1
71,2018-08-01,2018-09-01,1,0.9562625156714876,1
71,2018-09-01,2018-10-01,1,0.956066980188652,1
71,2018-10-01,2018-11-01,1,0.9479198752046959,1
71,2018-11-01,2018-12-01,1,0.9554640905737461,1
71,2018-12-01,2019-01-01,1,0.9552738850384976,1
71,2019-01-01,2019-02-01,1,0.9554581620998711,1
71,2019-02-01,2019-03-01,1,0.9552738850384976,1
71,2019-03-01,2019-04-01,1,0.9552738850384976,1
71,2019-04-01,2019-05-01,1,0.9553558815852693,1
71,2019-05-01,2019-06-01,1,0.9556536975827068,1
71,2019-06-01,2019-07-01,1,0.9555518025754117,1
71,2019-07-01,2019-08-01,1,0.9555589595899163,1
71,2019-08-01,2019-09-01,1,0.9562625156714876,1
71,2019-09-01,2019-10-01,1,0.9555518025754117,1
71,2019-10-01,2019-11-01,1,0.9558567755873537,1
71,2019-11-01,2019-12-01,1,0.9557619065711835,1
71,2019-12-01,2020-01-01,1,0.9556536975827068,1
71,2020-01-01,2020-02-01,1,0.9594529649183464,1
71,2020-02-01,2020-03-01,1,0.9600214124449615,1
71,2020-03-01,2020-04-01,0,0.9170949220712932,1
71,2020-04-01,2020-05-01,1,0.953543925849803,1
71,2020-05-01,2020-06-01,1,0.8271513229549458,1
71,2020-06-01,2020-07-01,1,0.9600214124449615,1
71,2020-07-01,2020-08-01,1,0.9600214124449615,1
71,2020-08-01,2020-09-01,1,0.9600214124449615,1
71,2020-09-01,2020-10-01,1,0.9354906466184235,1
71,2020-10-01,2020-11-01,1,0.9600214124449615,1
71,2020-11-01,2020-12-01,1,0.9595715086008605,1
71,2020-12-01,2021-01-01,1,0.9473486251266823,1
71,2021-01-01,2021-02-01,1,0.915757012721962,1
71,2021-02-01,2021-03-01,1,0.9180133146206754,1
71,2021-03-01,2021-04-01,1,0.6232365021559186,1
71,2021-04-01,2021-05-01,1,0.9178822805741682,1
71,2021-05-01,2021-06-01,1,0.9180133146206754,1
71,2021-06-01,2021-07-01,1,0.9595715086008605,1
71,2021-07-01,2021-08-01,1,0.9595715086008605,1
71,2021-08-01,2021-09-01,1,0.9600214124449615,1
71,2021-09-01,2021-10-01,1,0.9537471444539221,1
71,2021-10-01,2021-11-01,1,0.9600214124449615,1
71,2021-11-01,2021-12-01,1,0.937131762077213,1
71,2021-12-01,2022-01-01,1,0.9172034919681683,1
71,2022-01-01,2022-02-01,1,0.8693912838511966,1
71,2022-02-01,2022-03-01,1,0.8328288408356029,1
71,2022-03-01,2022-04-01,1,0.7512094424887493,1
71,2022-04-01,2022-05-01,1,0.9180133146206754,1
71,2022-05-01,2022-06-01,1,0.9495423867406227,1
71,2022-06-01,2022-07-01,1,0.9598028826504895,1
71,2022-07-01,2022-08-01,1,0.9600214124449615,1
71,2022-08-01,2022-09-01,1,0.9354906466184235,1
71,2022-09-01,2022-10-01,1,0.9596737891154622,1
71,2022-10-01,2022-11-01,1,0.9363304450186896,1
71,2022-11-01,2022-12-01,1,0.9337304231851786,1
72,2015-02-01,2015-03-01,0,0.03054629490995402,0
72,2015-03-01,2015-04-01,0,0.010376206064360386,0
72,2015-04-01,2015-05-01,0,0.07316366456412507,0
72,2015-05-01,2015-06-01,0,0.07709376572029379,0
72,2015-06-01,2015-07-01,0,0.09170599727069674,0
72,2015-07-01,2015-08-01,0,0.09878173304361758,0
72,2015-08-01,2015-09-01,0,0.09633770575117225,0
72,2015-09-01,2015-10-01,0,0.1260846500185071,0
72,2015-10-01,2015-11-01,0,0.06304814815784923,0
72,2015-11-01,2015-12-01,0,0.11806471102953693,0
72,2015-12-01,2016-01-01,0,0.03133770445865624,0
72,2016-01-01,2016-02-01,0,0.024445512750698555,0
72,2016-02-01,2016-03-01,0,0.025178580385293386,0
72,2016-03-01,2016-04-01,0,0.017478834427703607,0
72,2016-04-01,2016-05-01,0,0.037425901623601335,0
72,2016-05-01,2016-06-01,0,0.030931346739599252,0
72,2016-06-01,2016-07-01,0,0.08856870055910196,0
72,2016-07-01,2016-08-01,0,0.08590003312702182,0
72,2016-08-01,2016-09-01,0,0.12123063915156485,0
72,2016-09-01,2016-10-01,0,0.11550429758143149,0
72,2016-10-01,2016-11-01,0,0.054126205381792296,0
72,2016-11-01,2016-12-01,0,0.09346513598168506,0
72,2016-12-01,2017-01-01,0,0.04692388351314741,0
72,2017-01-01,2017-02-01,0,0.020963718276411743,0
72,2017-02-01,2017-03-01,0,0.050564912808445536,0
72,2017-03-01,2017-04-01,0,0.020779738686736653,0
72,2017-04-01,2017-05-01,0,0.03383367094147633,0
72,2017-05-01,2017-06-01,0,0.03743972409976663,0
72,2017-06-01,2017-07-01,0,0.09888552290140001,0
72,2017-07-01,2017-08-01,0,0.037425901623601335,0
72,2017-08-01,2017-09-01,0,0.09267717456500059,0
72,2017-09-01,2017-10-01,0,0.0951682912259416,0
72,2017-10-01,2017-11-01,0,0.07325554668980447,0
72,2017-11-01,2017-12-01,0,0.0485087969486757,0
72,2017-12-01,2018-01-01,0,0.07705065877463028,0
72,2018-01-01,2018-02-01,0,0.020581307152354757,0
72,2018-02-01,2018-03-01,0,0.02606990524309161,0
72,2018-03-01,2018-04-01,0,0.0029867751488417728,0
72,2018-04-01,2018-05-01,0,0.03148155032971973,0
72,2018-05-01,2018-06-01,0,0.02468822036281497,0
72,2018-06-01,2018-07-01,0,0.11626353139107126,0
72,2018-07-01,2018-08-01,0,0.10836521374489069,0
72,2018-08-01,2018-09-01,0,0.12306236348870392,0
72,2018-09-01,2018-10-01,0,0.08836058280708127,0
72,2018-10-01,2018-11-01,0,0.048637099155603304,0
72,2018-11-01,2018-12-01,0,0.07281684135384077,0
72,2018-12-01,2019-01-01,0,0.032334328447539,0
72,2019-01-01,2019-02-01,0,0.03181663760298853,0
72,2019-02-01,2019-03-01,0,0.017030560106306998,0
72,2019-03-01,2019-04-01,0,0.03047704509200529,0
72,2019-04-01,2019-05-01,0,0.020359765027417466,0
72,2019-05-01,2019-06-01,0,0.05333553136850221,0
72,2019-06-01,2019-07-01,0,0.12319826062121703,0
72,2019-07-01,2019-08-01,0,0.08257951370620403,0
72,2019-08-01,2019-09-01,0,0.10603332300967182,0
72,2019-09-01,2019-10-01,0,0.06451746366809394,0
72,2019-10-01,2019-11-01,0,0.08426072263750174,0
72,2019-11-01,2019-12-01,0,0.04868707872791349,0
72,2019-12-01,2020-01-01,0,0.04205628844855075,0
72,2020-01-01,2020-02-01,0,0.030345619188085184,0
72,2020-02-01,2020-03-01,0,0.017988432931611533,0
72,2020-03-01,2020-04-01,0,0.006683703722371482,0
72,2020-04-01,2020-05-01,0,0.0024354746218256617,0
72,2020-05-01,2020-06-01,0,0.001745637488578907,0
72,2020-06-01,2020-07-01,0,0.016729833118245354,0
72,2020-07-01,2020-08-01,0,0.016628697880676266,0
72,2020-08-01,2020-09-01,0,0.019183921013993473,0
72,2020-09-01,2020-10-01,0,0.015008268049699415,0
72,2020-10-01,2020-11-01,0,0.014484073983315644,0
72,2020-11-01,2020-12-01,0,0.025984285214905443,0
72,2020-12-01,2021-01-01,0,0.023503261517407847,0
72,2021-01-01,2021-02-01,0,0.007565013884755742,0
72,2021-02-01,2021-03-01,0,0.00956102023708436,0
72,2021-03-01,2021-04-01,0,0.0023178487637264115,0
72,2021-04-01,2021-05-01,0,0.0029384854701993883,0
72,2021-05-01,2021-06-01,0,0.0032836339085808687,0
72,2021-06-01,2021-07-01,0,0.018116345545016357,0
72,2021-07-01,2021-08-01,0,0.015868787334524414,0
72,2021-08-01,2021-09-01,0,0.01698419975373759,0
72,2021-09-01,2021-10-01,0,0.0036611611629308797,0
72,2021-10-01,2021-11-01,0,0.01697303259834358,0
72,2021-11-01,2021-12-01,0,0.014204716581619951,0
72,2021-12-01,2022-01-01,0,0.003928092046235706,0
72,2022-01-01,2022-02-01,0,0.002840134793263502,0
72,2022-02-01,2022-03-01,0,0.005347809314348588,0
72,2022-03-01,2022-04-01,0,0.0017818122901015867,0
72,2022-04-01,2022-05-01,0,0.014804505556446277,0
72,2022-05-01,2022-06-01,0,0.006612892811927943,0
72,2022-06-01,2022-07-01,0,0.025174238860353134,0
72,2022-07-01,2022-08-01,0,0.014076089431183754,0
72,2022-08-01,2022-09-01,0,0.01640172595781175,0
72,2022-09-01,2022-10-01,0,0.017988432931611533,0
72,2022-10-01,2022-11-01,0,0.029534574591572688,0
72,2022-11-01,2022-12-01,0,0.054332763547979765,0
73,2015-02-01,2015-03-01,0,0.05061221167564034,0
73,2015-03-01,2015-04-01,0,0.04333674650967942,0
73,2015-04-01,2015-05-01,0,0.04463486836024435,0
73,2015-05-01,2015-06-01,0,0.04465800818418847,0
73,2015-06-01,2015-07-01,0,0.0449205755524062,0
73,2015-07-01,2015-08-01,0,0.045078540982863215,0
73,2015-08-01,2015-09-01,0,0.03302323884225292,0
73,2015-09-01,2015-10-01,0,0.03146352709842717,0
73,2015-10-01,2015-11-01,0,0.034261102424179686,0
73,2015-11-01,2015-12-01,0,0.03682393423760652,0
73,2015-12-01,2016-01-01,0,0.05440086439314921,0
73,2016-01-01,2016-02-01,0,0.0553911105896043,0
73,2016-02-01,2016-03-01,0,0.055440435398974024,0
73,2016-03-01,2016-04-01,0,0.04175789119155405,0
73,2016-04-01,2016-05-01,0,0.040633504297346176,0
73,2016-05-01,2016-06-01,0,0.05263402484527347,0
73,2016-06-01,2016-07-01,0,0.03541581437090318,0
73,2016-07-01,2016-08-01,0,0.050999569322893776,0
73,2016-08-01,2016-09-01,0,0.04474920025903411,0
73,2016-09-01,2016-10-01,0,0.039308118288388545,0
73,2016-10-01,2016-11-01,0,0.03476024269849743,0
73,2016-11-01,2016-12-01,0,0.03151029186394711,0
73,2016-12-01,2017-01-01,0,0.04934875928359272,0
73,2017-01-01,2017-02-01,0,0.0544704899279726,0
73,2017-02-01,2017-03-01,0,0.06060855880768217,0
73,2017-03-01,2017-04-01,0,0.055440435398974024,0
73,2017-04-01,2017-05-01,0,0.05746311310847477,0
73,2017-05-01,2017-06-01,0,0.05148385354881016,0
73,2017-06-01,2017-07-01,0,0.03867734936060919,0
73,2017-07-01,2017-08-01,0,0.04390799330392627,0
73,2017-08-01,2017-09-01,0,0.046502836225078024,0
73,2017-09-01,2017-10-01,0,0.030608057942284394,0
73,2017-10-01,2017-11-01,0,0.06149805264800888,0
73,2017-11-01,2017-12-01,0,0.06149805264800888,0
73,2017-12-01,2018-01-01,0,0.05711857836970997,0
73,2018-01-01,2018-02-01,0,0.05440086439314921,0
73,2018-02-01,2018-03-01,0,0.0544704899279726,0
73,2018-03-01,2018-04-01,0,0.051663386413772085,0
73,2018-04-01,2018-05-01,0,0.057366673812284164,0
73,2018-05-01,2018-06-01,0,0.06898575395711944,0
73,2018-06-01,2018-07-01,0,0.04474920025903411,0
73,2018-07-01,2018-08-01,0,0.03149282539453399,0
73,2018-08-01,2018-09-01,0,0.03104427173683941,0
73,2018-09-01,2018-10-01,0,0.039308118288388545,0
73,2018-10-01,2018-11-01,0,0.04169930908265924,0
73,2018-11-01,2018-12-01,0,0.050999569322893776,0
73,2018-12-01,2019-01-01,0,0.055692297816761084,0
73,2019-01-01,2019-02-01,0,0.04910209276632573,0
73,2019-02-01,2019-03-01,0,0.04719620837628717,0
73,2019-03-01,2019-04-01,0,0.04643873030335912,0
73,2019-04-01,2019-05-01,0,0.04734189808206298,0
73,2019-05-01,2019-06-01,0,0.05061221167564034,0
73,2019-06-01,2019-07-01,0,0.04390799330392627,0
73,2019-07-01,2019-08-01,0,0.03386494129658032,0
73,2019-08-01,2019-09-01,0,0.03980756418733636,0
73,2019-09-01,2019-10-01,0,0.04418577473198909,0
73,2019-10-01,2019-11-01,0,0.06149805264800888,0
73,2019-11-01,2019-12-01,0,0.04182059213391164,0
73,2019-12-01,2020-01-01,0,0.0553911105896043,0
73,2020-01-01,2020-02-01,0,0.046931039217987996,0
73,2020-02-01,2020-03-01,0,0.06273488983459,0
73,2020-03-01,2020-04-01,0,0.03347490459351073,0
73,2020-04-01,2020-05-01,0,0.04167245766291605,0
73,2020-05-01,2020-06-01,0,0.022017108697238656,0
73,2020-06-01,2020-07-01,0,0.04938372560952332,0
73,2020-07-01,2020-08-01,0,0.05610538947289314,0
73,2020-08-01,2020-09-01,0,0.06143972707162021,0
73,2020-09-01,2020-10-01,0,0.055125801639761045,0
73,2020-10-01,2020-11-01,0,0.042908388732969927,0
73,2020-11-01,2020-12-01,0,0.057154250139746274,0
73,2020-12-01,2021-01-01,0,0.03721214374229881,0
73,2021-01-01,2021-02-01,0,0.04094214917054369,0
73,2021-02-01,2021-03-01,0,0.03748685125034613,0
73,2021-03-01,2021-04-01,0,0.021494214835476103,0
73,2021-04-01,2021-05-01,0,0.03721214374229881,0
73,2021-05-01,2021-06-01,0,0.03316827984497619,0
73,2021-06-01,2021-07-01,0,0.038374058946746954,0
73,2021-07-01,2021-08-01,0,0.038374058946746954,0
73,2021-08-01,2021-09-01,0,0.047548149161894135,0
73,2021-09-01,2021-10-01,0,0.03748685125034613,0
73,2021-10-01,2021-11-01,0,0.03721214374229881,0
73,2021-11-01,2021-12-01,0,0.03866865380878479,0
73,2021-12-01,2022-01-01,0,0.03366289950457568,0
73,2022-01-01,2022-02-01,0,0.03347472581250586,0
73,2022-02-01,2022-03-01,0,0.034670165018971674,0
73,2022-03-01,2022-04-01,0,0.021371008966693607,0
73,2022-04-01,2022-05-01,0,0.03821600397800879,0
73,2022-05-01,2022-06-01,0,0.041827608323934104,0
73,2022-06-01,2022-07-01,0,0.038374058946746954,0
73,2022-07-01,2022-08-01,0,0.03721214374229881,0
73,2022-08-01,2022-09-01,0,0.04151048313428502,0
73,2022-09-01,2022-10-01,0,0.062392112427901145,0
73,2022-10-01,2022-11-01,0,0.06722672901013632,0
73,2022-11-01,2022-12-01,0,0.06311285287074389,0
74,2015-02-01,2015-03-01,0,0.008991551179143659,0
74,2015-03-01,2015-04-01,0,0.00288185971837299,0
74,2015-04-01,2015-05-01,0,0.0030309327752660715,0
74,2015-05-01,2015-06-01,0,0.008112302726202609,0
74,2015-06-01,2015-07-01,0,0.002836458087043884,0
74,2015-07-01,2015-08-01,0,0.003563498463865781,0
74,2015-08-01,2015-09-01,0,0.002836458087043884,0
74,2015-09-01,2015-10-01,0,0.0030230299881439395,0
74,2015-10-01,2015-11-01,0,0.002836458087043884,0
74,2015-11-01,2015-12-01,0,0.0034484832949062626,0
74,2015-12-01,2016-01-01,0,0.007085073664199393,0
74,2016-01-01,2016-02-01,0,0.008991551179143659,0
74,2016-02-01,2016-03-01,0,0.007675360451819012,0
74,2016-03-01,2016-04-01,0,0.00857575512353298,0
74,2016-04-01,2016-05-01,0,0.0027090722810310264,0
74,2016-05-01,2016-06-01,0,0.006879886792439872,0
74,2016-06-01,2016-07-01,0,0.002836458087043884,0
74,2016-07-01,2016-08-01,0,0.002836458087043884,0
74,2016-08-01,2016-09-01,0,0.002836458087043884,0
74,2016-09-01,2016-10-01,0,0.002836458087043884,0
74,2016-10-01,2016-11-01,0,0.0034484832949062626,0
74,2016-11-01,2016-12-01,0,0.007742545417640595,0
74,2016-12-01,2017-01-01,0,0.008991551179143659,0
74,2017-01-01,2017-02-01,0,0.0034484832949062626,0
74,2017-02-01,2017-03-01,0,0.007742545417640595,0
74,2017-03-01,2017-04-01,0,0.006879886792439872,0
74,2017-04-01,2017-05-01,0,0.00774956966151143,0
74,2017-05-01,2017-06-01,0,0.006879886792439872,0
74,2017-06-01,2017-07-01,0,0.002836458087043884,0
74,2017-07-01,2017-08-01,0,0.006888574898250087,0
74,2017-08-01,2017-09-01,0,0.00288185971837299,0
74,2017-09-01,2017-10-01,0,0.007675360451819012,0
74,2017-10-01,2017-11-01,0,0.00288185971837299,0
74,2017-11-01,2017-12-01,0,0.0027090722810310264,0
74,2017-12-01,2018-01-01,0,0.002836458087043884,0
74,2018-01-01,2018-02-01,0,0.0027090722810310264,0
74,2018-02-01,2018-03-01,0,0.0027090722810310264,0
74,2018-03-01,2018-04-01,0,0.0027090722810310264,0
74,2018-04-01,2018-05-01,0,0.007765710990916781,0
74,2018-05-01,2018-06-01,0,0.007844030488793669,0
74,2018-06-01,2018-07-01,0,0.002836458087043884,0
74,2018-07-01,2018-08-01,0,0.007675360451819012,0
74,2018-08-01,2018-09-01,0,0.00774956966151143,0
74,2018-09-01,2018-10-01,0,0.006879100888264557,0
74,2018-10-01,2018-11-01,0,0.0030230299881439395,0
74,2018-11-01,2018-12-01,0,0.007675360451819012,0
74,2018-12-01,2019-01-01,0,0.0034484832949062626,0
74,2019-01-01,2019-02-01,0,0.00699101319955223,0
74,2019-02-01,2019-03-01,0,0.008379315223306325,0
74,2019-03-01,2019-04-01,0,0.0027090722810310264,0
74,2019-04-01,2019-05-01,0,0.0027090722810310264,0
74,2019-05-01,2019-06-01,0,0.00699101319955223,0
74,2019-06-01,2019-07-01,0,0.0027090722810310264,0
74,2019-07-01,2019-08-01,0,0.0028393120158095434,0
74,2019-08-01,2019-09-01,0,0.0027090722810310264,0
74,2019-09-01,2019-10-01,0,0.002836458087043884,0
74,2019-10-01,2019-11-01,0,0.0034484832949062626,0
74,2019-11-01,2019-12-01,0,0.007675360451819012,0
74,2019-12-01,2020-01-01,0,0.0027090722810310264,0
74,2020-01-01,2020-02-01,0,0.004267767761494181,0
74,2020-02-01,2020-03-01,0,0.00983147045290225,0
74,2020-03-01,2020-04-01,0,0.0039322660053789996,0
74,2020-04-01,2020-05-01,0,0.0039322660053789996,0
74,2020-05-01,2020-06-01,0,0.0038868643740498933,0
74,2020-06-01,2020-07-01,0,0.0040813390622720805,0
74,2020-07-01,2020-08-01,0,0.0044988895819122725,0
74,2020-08-01,2020-09-01,0,0.003759478568037036,0
74,2020-09-01,2020-10-01,0,0.0038868643740498933,0
74,2020-10-01,2020-11-01,0,0.00662871150567575,0
74,2020-11-01,2020-12-01,0,0.00662871150567575,0
74,2020-12-01,2021-01-01,0,0.00662871150567575,0
74,2021-01-01,2021-02-01,0,0.00662871150567575,0
74,2021-02-01,2021-03-01,0,0.00662871150567575,0
74,2021-03-01,2021-04-01,0,0.00662871150567575,0
74,2021-04-01,2021-05-01,0,0.0039322660053789996,0
74,2021-05-01,2021-06-01,0,0.008587023369451233,0
74,2021-06-01,2021-07-01,0,0.0038868643740498933,0
74,2021-07-01,2021-08-01,0,0.0038868643740498933,0
74,2021-08-01,2021-09-01,0,0.003759478568037036,0
74,2021-09-01,2021-10-01,0,0.003759478568037036,0
74,2021-10-01,2021-11-01,0,0.00662871150567575,0
74,2021-11-01,2021-12-01,0,0.003759478568037036,0
74,2021-12-01,2022-01-01,0,0.009127515681414932,0
74,2022-01-01,2022-02-01,0,0.0044988895819122725,0
74,2022-02-01,2022-03-01,0,0.0038868643740498933,0
74,2022-03-01,2022-04-01,0,0.008587023369451233,0
74,2022-04-01,2022-05-01,0,0.003759478568037036,0
74,2022-05-01,2022-06-01,0,0.009127515681414932,0
74,2022-06-01,2022-07-01,0,0.003759478568037036,0
74,2022-07-01,2022-08-01,0,0.004156366292592764,0
74,2022-08-01,2022-09-01,0,0.0039322660053789996,0
74,2022-09-01,2022-10-01,0,0.004156366292592764,0
74,2022-10-01,2022-11-01,0,0.0039322660053789996,0
74,2022-11-01,2022-12-01,0,0.0038868643740498933,0
75,2015-02-01,2015-03-01,0,0.06456779069045095,0
75,2015-03-01,2015-04-01,0,0.0036182858463071716,0
75,2015-04-01,2015-05-01,0,0.06952890309151662,0
75,2015-05-01,2015-06-01,0,0.11308970384725232,0
75,2015-06-01,2015-07-01,0,0.11864287681837832,0
75,2015-07-01,2015-08-01,0,0.07680924613996509,0
75,2015-08-01,2015-09-01,0,0.19013485533335034,0
75,2015-09-01,2015-10-01,0,0.10007862242380028,0
75,2015-10-01,2015-11-01,0,0.06804108849347859,0
75,2015-11-01,2015-12-01,0,0.07551065129731892,0
75,2015-12-01,2016-01-01,0,0.026908167891878797,0
75,2016-01-01,2016-02-01,0,0.024443347621375237,0
75,2016-02-01,2016-03-01,0,0.025685673355524862,0
75,2016-03-01,2016-04-01,0,0.00374594731074677,0
75,2016-04-01,2016-05-01,0,0.0694898186321473,0
75,2016-05-01,2016-06-01,0,0.046366163776324014,0
75,2016-06-01,2016-07-01,0,0.10115377354685733,0
75,2016-07-01,2016-08-01,0,0.07663756194397922,0
75,2016-08-01,2016-09-01,0,0.10043230523850358,0
75,2016-09-01,2016-10-01,0,0.11175470422466999,0
75,2016-10-01,2016-11-01,0,0.10249478134702729,0
75,2016-11-01,2016-12-01,0,0.08783947917836589,0
75,2016-12-01,2017-01-01,0,0.06922434678189253,0
75,2017-01-01,2017-02-01,0,0.027798831340232682,0
75,2017-02-01,2017-03-01,0,0.06247552668637464,0
75,2017-03-01,2017-04-01,0,0.024645791416305077,0
75,2017-04-01,2017-05-01,0,0.028522848952579817,0
75,2017-05-01,2017-06-01,0,0.06477096360542317,0
75,2017-06-01,2017-07-01,0,0.0896877762953701,0
75,2017-07-01,2017-08-01,0,0.10095288097951614,0
75,2017-08-01,2017-09-01,0,0.20788438596719422,0
75,2017-09-01,2017-10-01,0,0.1851426949292044,0
75,2017-10-01,2017-11-01,0,0.07665636574112,0
75,2017-11-01,2017-12-01,0,0.05039964378279412,0
75,2017-12-01,2018-01-01,0,0.03381902921044551,0
75,2018-01-01,2018-02-01,0,0.024815378829572902,0
75,2018-02-01,2018-03-01,0,0.02814984951677466,0
75,2018-03-01,2018-04-01,0,0.003793286045027357,0
75,2018-04-01,2018-05-01,0,0.062384645594133245,0
75,2018-05-01,2018-06-01,0,0.08621048724372253,0
75,2018-06-01,2018-07-01,0,0.10028037252192555,0
75,2018-07-01,2018-08-01,0,0.11961569268333731,0
75,2018-08-01,2018-09-01,0,0.20048446049618118,0
75,2018-09-01,2018-10-01,0,0.13110807392703125,0
75,2018-10-01,2018-11-01,0,0.07663756194397922,0
75,2018-11-01,2018-12-01,0,0.0748501809090203,0
75,2018-12-01,2019-01-01,0,0.0224574235584425,0
75,2019-01-01,2019-02-01,0,0.050532452964663487,0
75,2019-02-01,2019-03-01,0,0.024815378829572902,0
75,2019-03-01,2019-04-01,0,0.004329100933659401,0
75,2019-04-01,2019-05-01,0,0.0310591074659355,0
75,2019-05-01,2019-06-01,0,0.03275887160064325,0
75,2019-06-01,2019-07-01,0,0.0896877762953701,0
75,2019-07-01,2019-08-01,0,0.11322888744565174,0
75,2019-08-01,2019-09-01,0,0.22141736965883915,0
75,2019-09-01,2019-10-01,0,0.08898563335238917,0
75,2019-10-01,2019-11-01,0,0.06859048708389057,0
75,2019-11-01,2019-12-01,0,0.062779757152866,0
75,2019-12-01,2020-01-01,0,0.03208255068917461,0
75,2020-01-01,2020-02-01,0,0.021143635450836005,0
75,2020-02-01,2020-03-01,0,0.02347707055123799,0
75,2020-03-01,2020-04-01,0,0.0026784522010970917,0
75,2020-04-01,2020-05-01,0,0.003497366441173478,0
75,2020-05-01,2020-06-01,0,0.002119441589730439,0
75,2020-06-01,2020-07-01,0,0.034773815445188996,0
75,2020-07-01,2020-08-01,0,0.021059480307046352,0
75,2020-08-01,2020-09-01,0,0.02400897775484798,0
75,2020-09-01,2020-10-01,0,0.031359154013508396,0
75,2020-10-01,2020-11-01,0,0.01818743237080701,0
75,2020-11-01,2020-12-01,0,0.03184422322837577,0
75,2020-12-01,2021-01-01,0,0.037798004863214864,0
75,2021-01-01,2021-02-01,0,0.019393354412650287,0
75,2021-02-01,2021-03-01,0,0.01602551541467635,0
75,2021-03-01,2021-04-01,0,0.0018733252900316303,0
75,2021-04-01,2021-05-01,0,0.0025197764860177673,0
75,2021-05-01,2021-06-01,0,0.0029278856596113715,0
75,2021-06-01,2021-07-01,0,0.01493335541974795,0
75,2021-07-01,2021-08-01,0,0.017239811606808556,0
75,2021-08-01,2021-09-01,0,0.01929816377797892,0
75,2021-09-01,2021-10-01,0,0.01602551541467635,0
75,2021-10-01,2021-11-01,0,0.01704424379140256,0
75,2021-11-01,2021-12-01,0,0.017967571814785806,0
75,2021-12-01,2022-01-01,0,0.002801420604594121,0
75,2022-01-01,2022-02-01,0,0.002246404316489284,0
75,2022-02-01,2022-03-01,0,0.002125982747547053,0
75,2022-03-01,2022-04-01,0,0.0017092285728343628,0
75,2022-04-01,2022-05-01,0,0.0026426071804094807,0
75,2022-05-01,2022-06-01,0,0.0027565345119245238,0
75,2022-06-01,2022-07-01,0,0.017033935258675255,0
75,2022-07-01,2022-08-01,0,0.01975632060511416,0
75,2022-08-01,2022-09-01,0,0.029353178824446893,0
75,2022-09-01,2022-10-01,0,0.04218715335457056,0
75,2022-10-01,2022-11-01,0,0.03317512406760095,0
75,2022-11-01,2022-12-01,0,0.03665233495036655,0
76,2015-02-01,2015-03-01,0,0.0019830774950700945,0
76,2015-03-01,2015-04-01,0,0.002110463301082952,0
76,2015-04-01,2015-05-01,0,0.0019830774950700945,0
76,2015-05-01,2015-06-01,0,0.008340400412839805,0
76,2015-06-01,2015-07-01,0,0.0022970352021830084,0
76,2015-07-01,2015-08-01,0,0.005714940227885613,0
76,2015-08-01,2015-09-01,0,0.006566326384438754,0
76,2015-09-01,2015-10-01,0,0.007704245709728134,0
76,2015-10-01,2015-11-01,0,0.002110463301082952,0
76,2015-11-01,2015-12-01,0,0.007007195172535192,0
76,2015-12-01,2016-01-01,0,0.0057219644717564485,0
76,2016-01-01,2016-02-01,0,0.0022745600182802208,0
76,2016-02-01,2016-03-01,0,0.002110463301082952,0
76,2016-03-01,2016-04-01,0,0.002110463301082952,0
76,2016-04-01,2016-05-01,0,0.0019830774950700945,0
76,2016-05-01,2016-06-01,0,0.007602763241573972,0
76,2016-06-01,2016-07-01,0,0.007750113625220191,0
76,2016-07-01,2016-08-01,0,0.007172067886897952,0
76,2016-08-01,2016-09-01,0,0.005714940227885613,0
76,2016-09-01,2016-10-01,0,0.007704245709728134,0
76,2016-10-01,2016-11-01,0,0.006566326384438754,0
76,2016-11-01,2016-12-01,0,0.007602763241573972,0
76,2016-12-01,2017-01-01,0,0.005753569165650936,0
76,2017-01-01,2017-02-01,0,0.002110463301082952,0
76,2017-02-01,2017-03-01,0,0.007704245709728134,0
76,2017-03-01,2017-04-01,0,0.002110463301082952,0
76,2017-04-01,2017-05-01,0,0.0019830774950700945,0
76,2017-05-01,2017-06-01,0,0.0021254869613871394,0
76,2017-06-01,2017-07-01,0,0.007704245709728134,0
76,2017-07-01,2017-08-01,0,0.002110463301082952,0
76,2017-08-01,2017-09-01,0,0.007172067886897952,0
76,2017-09-01,2017-10-01,0,0.007749395046314667,0
76,2017-10-01,2017-11-01,0,0.005965969808359052,0
76,2017-11-01,2017-12-01,0,0.005816425299038687,0
76,2017-12-01,2018-01-01,0,0.005714940227885613,0
76,2018-01-01,2018-02-01,0,0.005738105801161799,0
76,2018-02-01,2018-03-01,0,0.0057219644717564485,0
76,2018-03-01,2018-04-01,0,0.007184551847754375,0
76,2018-04-01,2018-05-01,0,0.0057219644717564485,0
76,2018-05-01,2018-06-01,0,0.005965969808359052,0
76,2018-06-01,2018-07-01,0,0.005714940227885613,0
76,2018-07-01,2018-08-01,0,0.006566326384438754,0
76,2018-08-01,2018-09-01,0,0.005714940227885613,0
76,2018-09-01,2018-10-01,0,0.007704245709728134,0
76,2018-10-01,2018-11-01,0,0.006566326384438754,0
76,2018-11-01,2018-12-01,0,0.005714940227885613,0
76,2018-12-01,2019-01-01,0,0.007749395046314667,0
76,2019-01-01,2019-02-01,0,0.002110463301082952,0
76,2019-02-01,2019-03-01,0,0.0039863869675058495,0
76,2019-03-01,2019-04-01,0,0.006566326384438754,0
76,2019-04-01,2019-05-01,0,0.007704245709728134,0
76,2019-05-01,2019-06-01,0,0.006566326384438754,0
76,2019-06-01,2019-07-01,0,0.006579297937881478,0
76,2019-07-01,2019-08-01,0,0.005738105801161799,0
76,2019-08-01,2019-09-01,0,0.005714940227885613,0
76,2019-09-01,2019-10-01,0,0.006566326384438754,0
76,2019-10-01,2019-11-01,0,0.002110463301082952,0
76,2019-11-01,2019-12-01,0,0.007007195172535192,0
76,2019-12-01,2020-01-01,0,0.008340400412839805,0
76,2020-01-01,2020-02-01,0,0.002273850956092816,0
76,2020-02-01,2020-03-01,0,0.002273850956092816,0
76,2020-03-01,2020-04-01,0,0.0024012367621056734,0
76,2020-04-01,2020-05-01,0,0.004790440886451805,0
76,2020-05-01,2020-06-01,0,0.00259571145032786,0
76,2020-06-01,2020-07-01,0,0.0029828839989431344,0
76,2020-07-01,2020-08-01,0,0.0029828839989431344,0
76,2020-08-01,2020-09-01,0,0.0080804769378415,0
76,2020-09-01,2020-10-01,0,0.008236399933987245,0
76,2020-10-01,2020-11-01,0,0.006768118334457429,0
76,2020-11-01,2020-12-01,0,0.002273850956092816,0
76,2020-12-01,2021-01-01,0,0.007961749209752924,0
76,2021-01-01,2021-02-01,0,0.0024012367621056734,0
76,2021-02-01,2021-03-01,0,0.00241626042240986,0
76,2021-03-01,2021-04-01,0,0.0025849458375763576,0
76,2021-04-01,2021-05-01,0,0.0025653334793029406,0
76,2021-05-01,2021-06-01,0,0.0024012367621056734,0
76,2021-06-01,2021-07-01,0,0.00241626042240986,0
76,2021-07-01,2021-08-01,0,0.0025878086632057287,0
76,2021-08-01,2021-09-01,0,0.008031213062227727,0
76,2021-09-01,2021-10-01,0,0.008571705374191427,0
76,2021-10-01,2021-11-01,0,0.0080804769378415,0
76,2021-11-01,2021-12-01,0,0.007710719629279485,0
76,2021-12-01,2022-01-01,0,0.007710719629279485,0
76,2022-01-01,2022-02-01,0,0.0038354276600198033,0
76,2022-02-01,2022-03-01,0,0.008868694627997876,0
76,2022-03-01,2022-04-01,0,0.0025878086632057287,0
76,2022-04-01,2022-05-01,0,0.002273850956092816,0
76,2022-05-01,2022-06-01,0,0.008571705374191427,0
76,2022-06-01,2022-07-01,0,0.007710719629279485,0
76,2022-07-01,2022-08-01,0,0.007710719629279485,0
76,2022-08-01,2022-09-01,0,0.006768118334457429,0
76,2022-09-01,2022-10-01,0,0.0029828839989431344,0
76,2022-10-01,2022-11-01,0,0.008031213062227727,0
76,2022-11-01,2022-12-01,0,0.009275660145678748,0
77,2015-02-01,2015-03-01,0,0.040418755869444704,0
77,2015-03-01,2015-04-01,0,0.00576274107620542,0
77,2015-04-01,2015-05-01,0,0.0524595859464973,0
77,2015-05-01,2015-06-01,0,0.05435809027604347,0
77,2015-06-01,2015-07-01,0,0.09504004064159373,0
77,2015-07-01,2015-08-01,0,0.12543474086261536,0
77,2015-08-01,2015-09-01,0,0.1661924913488297,0
77,2015-09-01,2015-10-01,0,0.16529776445034833,0
77,2015-10-01,2015-11-01,0,0.1569072865733848,0
77,2015-11-01,2015-12-01,0,0.08912874647262652,0
77,2015-12-01,2016-01-01,0,0.05092341607645769,0
77,2016-01-01,2016-02-01,0,0.07906414923321245,0
77,2016-02-01,2016-03-01,0,0.07912702260785597,0
77,2016-03-01,2016-04-01,0,0.009198218719611748,0
77,2016-04-01,2016-05-01,0,0.1208110572076025,0
77,2016-05-01,2016-06-01,0,0.05462250146793902,0
77,2016-06-01,2016-07-01,0,0.13639269122826703,0
77,2016-07-01,2016-08-01,0,0.1852363755153158,0
77,2016-08-01,2016-09-01,0,0.1505115543905352,0
77,2016-09-01,2016-10-01,0,0.11647166907091847,0
77,2016-10-01,2016-11-01,0,0.14287590993042953,0
77,2016-11-01,2016-12-01,0,0.19096718510547242,0
77,2016-12-01,2017-01-01,0,0.13375537407211688,0
77,2017-01-01,2017-02-01,0,0.04573511758520412,0
77,2017-02-01,2017-03-01,0,0.1303870645991086,0
77,2017-03-01,2017-04-01,0,0.0361874995345585,0
77,2017-04-01,2017-05-01,0,0.0641351298416264,0
77,2017-05-01,2017-06-01,0,0.12466025499925801,0
77,2017-06-01,2017-07-01,0,0.18062743418983615,0
77,2017-07-01,2017-08-01,0,0.16933259687716498,0
77,2017-08-01,2017-09-01,0,0.22531736314384004,0
77,2017-09-01,2017-10-01,0,0.23179637429664887,0
77,2017-10-01,2017-11-01,0,0.21376024329785137,0
77,2017-11-01,2017-12-01,0,0.22042206809816808,0
77,2017-12-01,2018-01-01,0,0.15367694470946397,0
77,2018-01-01,2018-02-01,0,0.08548405447509681,0
77,2018-02-01,2018-03-01,0,0.09219368777814889,0
77,2018-03-01,2018-04-01,0,0.04938846331325647,0
77,2018-04-01,2018-05-01,0,0.1081750755552005,0
77,2018-05-01,2018-06-01,0,0.059198854940067824,0
77,2018-06-01,2018-07-01,0,0.14071947129751344,0
77,2018-07-01,2018-08-01,0,0.1601571345599045,0
77,2018-08-01,2018-09-01,0,0.23286307820568558,0
77,2018-09-01,2018-10-01,0,0.230185207509707,0
77,2018-10-01,2018-11-01,0,0.15360056443140505,0
77,2018-11-01,2018-12-01,0,0.23168073179002283,0
77,2018-12-01,2019-01-01,0,0.07113377782881719,0
77,2019-01-01,2019-02-01,0,0.12691008430826645,0
77,2019-02-01,2019-03-01,0,0.052716579096282135,0
77,2019-03-01,2019-04-01,0,0.04118960274029923,0
77,2019-04-01,2019-05-01,0,0.0574159866935435,0
77,2019-05-01,2019-06-01,0,0.0574159866935435,0
77,2019-06-01,2019-07-01,0,0.22289465573939082,0
77,2019-07-01,2019-08-01,0,0.22587386934000062,0
77,2019-08-01,2019-09-01,0,0.2201615768233174,0
77,2019-09-01,2019-10-01,0,0.22287226799936896,0
77,2019-10-01,2019-11-01,0,0.14899714740910153,0
77,2019-11-01,2019-12-01,0,0.10644830990089178,0
77,2019-12-01,2020-01-01,0,0.07711575632983998,0
77,2020-01-01,2020-02-01,0,0.15580749553690038,0
77,2020-02-01,2020-03-01,0,0.08218629942332359,0
77,2020-03-01,2020-04-01,0,0.047138391824614274,0
77,2020-04-01,2020-05-01,0,0.011708595239843802,0
77,2020-05-01,2020-06-01,0,0.003354674600756115,0
77,2020-06-01,2020-07-01,0,0.0037226916829086135,0
77,2020-07-01,2020-08-01,0,0.05832199808700303,0
77,2020-08-01,2020-09-01,0,0.14019493176455103,0
77,2020-09-01,2020-10-01,0,0.16710339808403857,0
77,2020-10-01,2020-11-01,0,0.07509136161832114,0
77,2020-11-01,2020-12-01,0,0.08252011148335951,0
77,2020-12-01,2021-01-01,0,0.009468235585188011,0
77,2021-01-01,2021-02-01,0,0.037198148469889024,0
77,2021-02-01,2021-03-01,0,0.045011373417943285,0
77,2021-03-01,2021-04-01,0,0.003347146138913528,0
77,2021-04-01,2021-05-01,0,0.009860007146794912,0
77,2021-05-01,2021-06-01,0,0.04921169353612471,0
77,2021-06-01,2021-07-01,0,0.03707179277936159,0
77,2021-07-01,2021-08-01,0,0.08324392316198906,0
77,2021-08-01,2021-09-01,0,0.06668257904175424,0
77,2021-09-01,2021-10-01,0,0.1438630027388301,0
77,2021-10-01,2021-11-01,0,0.09175996341183383,0
77,2021-11-01,2021-12-01,0,0.14962653541144122,0
77,2021-12-01,2022-01-01,0,0.14805031903773833,0
77,2022-01-01,2022-02-01,0,0.07804475513475882,0
77,2022-02-01,2022-03-01,0,0.08919759387771577,0
77,2022-03-01,2022-04-01,0,0.0035859497249754882,0
77,2022-04-01,2022-05-01,0,0.0478092308561348,0
77,2022-05-01,2022-06-01,0,0.13501705883742637,0
77,2022-06-01,2022-07-01,0,0.23317345632787345,0
77,2022-07-01,2022-08-01,0,0.22644572848750155,0
77,2022-08-01,2022-09-01,0,0.22191296057206286,0
77,2022-09-01,2022-10-01,0,0.21518981103220797,0
77,2022-10-01,2022-11-01,0,0.18366155539868306,0
77,2022-11-01,2022-12-01,0,0.201416611069468,0
