community_area,month,target_month,label,pred_prob,pred_label
1,2015-02-01,2015-03-01,0,0.027784942,0
1,2015-03-01,2015-04-01,0,0.013707349,0
1,2015-04-01,2015-05-01,0,0.040465318,0
1,2015-05-01,2015-06-01,0,0.02698329,0
1,2015-06-01,2015-07-01,0,0.07528943,0
1,2015-07-01,2015-08-01,0,0.030184213,0
1,2015-08-01,2015-09-01,0,0.092512704,0
1,2015-09-01,2015-10-01,0,0.12530243,0
1,2015-10-01,2015-11-01,0,0.08930191,0
1,2015-11-01,2015-12-01,0,0.0790335,0
1,2015-12-01,2016-01-01,0,0.07455999,0
1,2016-01-01,2016-02-01,0,0.07625121,0
1,2016-02-01,2016-03-01,0,0.040465318,0
1,2016-03-01,2016-04-01,0,0.013707349,0
1,2016-04-01,2016-05-01,0,0.117073126,0
1,2016-05-01,2016-06-01,0,0.07262855,0
1,2016-06-01,2016-07-01,0,0.073955975,0
1,2016-07-01,2016-08-01,0,0.18803719,0
1,2016-08-01,2016-09-01,0,0.12326058,0
1,2016-09-01,2016-10-01,0,0.13567512,0
1,2016-10-01,2016-11-01,0,0.1394397,0
1,2016-11-01,2016-12-01,0,0.13183682,0
1,2016-12-01,2017-01-01,0,0.07455999,0
1,2017-01-01,2017-02-01,0,0.03810911,0
1,2017-02-01,2017-03-01,0,0.113895044,0
1,2017-03-01,2017-04-01,0,0.051696625,0
1,2017-04-01,2017-05-01,0,0.07103873,0
1,2017-05-01,2017-06-01,0,0.138312,0
1,2017-06-01,2017-07-01,1,0.2067643,0
1,2017-07-01,2017-08-01,1,0.18222404,0
1,2017-08-01,2017-09-01,0,0.3030495,0
1,2017-09-01,2017-10-01,1,0.33557412,0
1,2017-10-01,2017-11-01,0,0.22106886,0
1,2017-11-01,2017-12-01,0,0.21891049,0
1,2017-12-01,2018-01-01,0,0.12615944,0
1,2018-01-01,2018-02-01,0,0.117073126,0
1,2018-02-01,2018-03-01,0,0.07455999,0
1,2018-03-01,2018-04-01,0,0.02698329,0
1,2018-04-01,2018-05-01,0,0.15976106,0
1,2018-05-01,2018-06-01,0,0.05765549,0
1,2018-06-01,2018-07-01,1,0.18610957,0
1,2018-07-01,2018-08-01,1,0.21891049,0
1,2018-08-01,2018-09-01,0,0.30758762,0
1,2018-09-01,2018-10-01,0,0.2110571,0
1,2018-10-01,2018-11-01,0,0.12463699,0
1,2018-11-01,2018-12-01,0,0.2618869,0
1,2018-12-01,2019-01-01,0,0.2067643,0
1,2019-01-01,2019-02-01,0,0.12463699,0
1,2019-02-01,2019-03-01,0,0.09163293,0
1,2019-03-01,2019-04-01,0,0.030184213,0
1,2019-04-01,2019-05-01,1,0.13063522,0
1,2019-05-01,2019-06-01,0,0.07528943,0
1,2019-06-01,2019-07-01,1,0.22989354,0
1,2019-07-01,2019-08-01,1,0.2574671,0
1,2019-08-01,2019-09-01,1,0.3030495,0
1,2019-09-01,2019-10-01,0,0.3030495,0
1,2019-10-01,2019-11-01,0,0.16567643,0
1,2019-11-01,2019-12-01,0,0.1379717,0
1,2019-12-01,2020-01-01,0,0.11708709,0
1,2020-01-01,2020-02-01,0,0.120585546,0
1,2020-02-01,2020-03-01,0,0.12561043,0
1,2020-03-01,2020-04-01,0,0.07190194,0
1,2020-04-01,2020-05-01,0,0.0855075,0
1,2020-05-01,2020-06-01,0,0.012317934,0
1,2020-06-01,2020-07-01,0,0.012974429,0
1,2020-07-01,2020-08-01,0,0.08290195,0
1,2020-08-01,2020-09-01,0,0.1305675,0
1,2020-09-01,2020-10-01,0,0.14068016,0
1,2020-10-01,2020-11-01,0,0.21486713,0
1,2020-11-01,2020-12-01,0,0.14843506,0
1,2020-12-01,2021-01-01,0,0.042553123,0
1,2021-01-01,2021-02-01,0,0.070034005,0
1,2021-02-01,2021-03-01,0,0.11730322,0
1,2021-03-01,2021-04-01,0,0.02245237,0
1,2021-04-01,2021-05-01,0,0.030747209,0
1,2021-05-01,2021-06-01,0,0.03408478,0
1,2021-06-01,2021-07-01,0,0.030624792,0
1,2021-07-01,2021-08-01,0,0.11283156,0
1,2021-08-01,2021-09-01,0,0.14386766,0
1,2021-09-01,2021-10-01,0,0.14386766,0
1,2021-10-01,2021-11-01,0,0.21486713,0
1,2021-11-01,2021-12-01,0,0.21486713,0
1,2021-12-01,2022-01-01,0,0.102661744,0
1,2022-01-01,2022-02-01,0,0.22956993,0
1,2022-02-01,2022-03-01,0,0.13901034,0
1,2022-03-01,2022-04-01,0,0.02245237,0
1,2022-04-01,2022-05-01,0,0.20441142,0
1,2022-05-01,2022-06-01,1,0.19248468,0
1,2022-06-01,2022-07-01,1,0.46222076,0
1,2022-07-01,2022-08-01,1,0.3342802,0
1,2022-08-01,2022-09-01,1,0.27709424,0
1,2022-09-01,2022-10-01,0,0.4285522,0
1,2022-10-01,2022-11-01,0,0.42527816,0
1,2022-11-01,2022-12-01,0,0.4313964,0
2,2015-02-01,2015-03-01,0,0.007994768,0
2,2015-03-01,2015-04-01,0,0.0035719918,0
2,2015-04-01,2015-05-01,0,0.0037086695,0
2,2015-05-01,2015-06-01,0,0.003908141,0
2,2015-06-01,2015-07-01,0,0.016015345,0
2,2015-07-01,2015-08-01,0,0.0069651078,0
2,2015-08-01,2015-09-01,0,0.015490654,0
2,2015-09-01,2015-10-01,0,0.013673777,0
2,2015-10-01,2015-11-01,0,0.020232659,0
2,2015-11-01,2015-12-01,0,0.014755563,0
2,2015-12-01,2016-01-01,0,0.003908141,0
2,2016-01-01,2016-02-01,0,0.009617747,0
2,2016-02-01,2016-03-01,0,0.007588304,0
2,2016-03-01,2016-04-01,0,0.0037086695,0
2,2016-04-01,2016-05-01,0,0.016015345,0
2,2016-05-01,2016-06-01,0,0.014755563,0
2,2016-06-01,2016-07-01,0,0.010626179,0
2,2016-07-01,2016-08-01,0,0.026528986,0
2,2016-08-01,2016-09-01,0,0.016015345,0
2,2016-09-01,2016-10-01,0,0.02127822,0
2,2016-10-01,2016-11-01,0,0.013673777,0
2,2016-11-01,2016-12-01,0,0.0264325,0
2,2016-12-01,2017-01-01,0,0.008970771,0
2,2017-01-01,2017-02-01,0,0.004554998,0
2,2017-02-01,2017-03-01,0,0.013899856,0
2,2017-03-01,2017-04-01,0,0.009617747,0
2,2017-04-01,2017-05-01,0,0.008970771,0
2,2017-05-01,2017-06-01,0,0.011573129,0
2,2017-06-01,2017-07-01,0,0.03134272,0
2,2017-07-01,2017-08-01,0,0.018647444,0
2,2017-08-01,2017-09-01,0,0.26281893,0
2,2017-09-01,2017-10-01,0,0.120481245,0
2,2017-10-01,2017-11-01,0,0.07333435,0
2,2017-11-01,2017-12-01,0,0.24306957,0
2,2017-12-01,2018-01-01,0,0.16362165,0
2,2018-01-01,2018-02-01,0,0.010789727,0
2,2018-02-01,2018-03-01,0,0.011573129,0
2,2018-03-01,2018-04-01,0,0.0037786397,0
2,2018-04-01,2018-05-01,0,0.016015345,0
2,2018-05-01,2018-06-01,0,0.007994768,0
2,2018-06-01,2018-07-01,0,0.014755563,0
2,2018-07-01,2018-08-01,0,0.08835063,0
2,2018-08-01,2018-09-01,0,0.103408866,0
2,2018-09-01,2018-10-01,0,0.15575051,0
2,2018-10-01,2018-11-01,0,0.07868565,0
2,2018-11-01,2018-12-01,0,0.08835063,0
2,2018-12-01,2019-01-01,0,0.011573129,0
2,2019-01-01,2019-02-01,0,0.012190417,0
2,2019-02-01,2019-03-01,0,0.007994768,0
2,2019-03-01,2019-04-01,0,0.007994768,0
2,2019-04-01,2019-05-01,0,0.008970771,0
2,2019-05-01,2019-06-01,0,0.016342167,0
2,2019-06-01,2019-07-01,0,0.053164355,0
2,2019-07-01,2019-08-01,0,0.014755563,0
2,2019-08-01,2019-09-01,0,0.07638657,0
2,2019-09-01,2019-10-01,0,0.22441094,0
2,2019-10-01,2019-11-01,0,0.014755563,0
2,2019-11-01,2019-12-01,0,0.02484166,0
2,2019-12-01,2020-01-01,0,0.007588304,0
2,2020-01-01,2020-02-01,0,0.032049846,0
2,2020-02-01,2020-03-01,0,0.02956667,0
2,2020-03-01,2020-04-01,0,0.01808187,0
2,2020-04-01,2020-05-01,0,0.008615837,0
2,2020-05-01,2020-06-01,0,0.0059137004,0
2,2020-06-01,2020-07-01,0,0.004999976,0
2,2020-07-01,2020-08-01,0,0.018398892,0
2,2020-08-01,2020-09-01,0,0.0348128,0
2,2020-09-01,2020-10-01,0,0.0348128,0
2,2020-10-01,2020-11-01,0,0.02956667,0
2,2020-11-01,2020-12-01,0,0.02956667,0
2,2020-12-01,2021-01-01,0,0.00726152,0
2,2021-01-01,2021-02-01,0,0.008615837,0
2,2021-02-01,2021-03-01,0,0.0065868883,0
2,2021-03-01,2021-04-01,0,0.0049819956,0
2,2021-04-01,2021-05-01,0,0.008615837,0
2,2021-05-01,2021-06-01,0,0.0065373755,0
2,2021-06-01,2021-07-01,0,0.015317016,0
2,2021-07-01,2021-08-01,0,0.032308765,0
2,2021-08-01,2021-09-01,0,0.008615837,0
2,2021-09-01,2021-10-01,0,0.018398892,0
2,2021-10-01,2021-11-01,0,0.023265252,0
2,2021-11-01,2021-12-01,0,0.02956667,0
2,2021-12-01,2022-01-01,0,0.02956667,0
2,2022-01-01,2022-02-01,0,0.023265252,0
2,2022-02-01,2022-03-01,0,0.017058738,0
2,2022-03-01,2022-04-01,0,0.00726152,0
2,2022-04-01,2022-05-01,0,0.018398892,0
2,2022-05-01,2022-06-01,0,0.027424885,0
2,2022-06-01,2022-07-01,0,0.2277703,0
2,2022-07-01,2022-08-01,1,0.2865252,0
2,2022-08-01,2022-09-01,1,0.21682559,0
2,2022-09-01,2022-10-01,1,0.4739719,0
2,2022-10-01,2022-11-01,0,0.29058877,0
2,2022-11-01,2022-12-01,0,0.26043406,0
3,2015-02-01,2015-03-01,0,0.03292041,0
3,2015-03-01,2015-04-01,0,0.011718252,0
3,2015-04-01,2015-05-01,0,0.04318288,0
3,2015-05-01,2015-06-01,0,0.03820537,0
3,2015-06-01,2015-07-01,0,0.08918821,0
3,2015-07-01,2015-08-01,1,0.17615129,0
3,2015-08-01,2015-09-01,0,0.13105069,0
3,2015-09-01,2015-10-01,0,0.27779877,0
3,2015-10-01,2015-11-01,0,0.18356603,0
3,2015-11-01,2015-12-01,0,0.17069206,0
3,2015-12-01,2016-01-01,0,0.083000064,0
3,2016-01-01,2016-02-01,0,0.19742826,0
3,2016-02-01,2016-03-01,0,0.06377531,0
3,2016-03-01,2016-04-01,0,0.032769136,0
3,2016-04-01,2016-05-01,0,0.14178975,0
3,2016-05-01,2016-06-01,0,0.21062225,0
3,2016-06-01,2016-07-01,0,0.08918821,0
3,2016-07-01,2016-08-01,0,0.30576608,0
3,2016-08-01,2016-09-01,0,0.2568855,0
3,2016-09-01,2016-10-01,0,0.23877168,0
3,2016-10-01,2016-11-01,0,0.2573168,0
3,2016-11-01,2016-12-01,0,0.4208392,0
3,2016-12-01,2017-01-01,0,0.12217375,0
3,2017-01-01,2017-02-01,0,0.09523923,0
3,2017-02-01,2017-03-01,0,0.08918821,0
3,2017-03-01,2017-04-01,0,0.031629786,0
3,2017-04-01,2017-05-01,0,0.027626865,0
3,2017-05-01,2017-06-01,0,0.08742966,0
3,2017-06-01,2017-07-01,0,0.20552848,0
3,2017-07-01,2017-08-01,0,0.23188667,0
3,2017-08-01,2017-09-01,0,0.3283994,0
3,2017-09-01,2017-10-01,0,0.43055147,0
3,2017-10-01,2017-11-01,0,0.16809559,0
3,2017-11-01,2017-12-01,0,0.22228523,0
3,2017-12-01,2018-01-01,0,0.06884334,0
3,2018-01-01,2018-02-01,0,0.09462642,0
3,2018-02-01,2018-03-01,0,0.0672357,0
3,2018-03-01,2018-04-01,0,0.022476228,0
3,2018-04-01,2018-05-01,0,0.07834152,0
3,2018-05-01,2018-06-01,0,0.09218716,0
3,2018-06-01,2018-07-01,0,0.12580846,0
3,2018-07-01,2018-08-01,0,0.3283994,0
3,2018-08-01,2018-09-01,0,0.3283994,0
3,2018-09-01,2018-10-01,0,0.5541953,0
3,2018-10-01,2018-11-01,0,0.23928179,0
3,2018-11-01,2018-12-01,0,0.22922885,0
3,2018-12-01,2019-01-01,0,0.06377531,0
3,2019-01-01,2019-02-01,0,0.15266363,0
3,2019-02-01,2019-03-01,0,0.06291213,0
3,2019-03-01,2019-04-01,0,0.022476228,0
3,2019-04-01,2019-05-01,0,0.06884334,0
3,2019-05-01,2019-06-01,0,0.09004684,0
3,2019-06-01,2019-07-01,0,0.14587641,0
3,2019-07-01,2019-08-01,0,0.5541953,0
3,2019-08-01,2019-09-01,0,0.1737246,0
3,2019-09-01,2019-10-01,0,0.22228523,0
3,2019-10-01,2019-11-01,0,0.18151322,0
3,2019-11-01,2019-12-01,0,0.18151322,0
3,2019-12-01,2020-01-01,0,0.037093304,0
3,2020-01-01,2020-02-01,0,0.26395425,0
3,2020-02-01,2020-03-01,0,0.24397758,0
3,2020-03-01,2020-04-01,0,0.049807537,0
3,2020-04-01,2020-05-01,0,0.054215,0
3,2020-05-01,2020-06-01,0,0.0063604414,0
3,2020-06-01,2020-07-01,0,0.01920395,0
3,2020-07-01,2020-08-01,0,0.03822039,0
3,2020-08-01,2020-09-01,0,0.22521456,0
3,2020-09-01,2020-10-01,0,0.2625835,0
3,2020-10-01,2020-11-01,0,0.13964094,0
3,2020-11-01,2020-12-01,0,0.14521956,0
3,2020-12-01,2021-01-01,0,0.019294778,0
3,2021-01-01,2021-02-01,0,0.024547819,0
3,2021-02-01,2021-03-01,0,0.02202519,0
3,2021-03-01,2021-04-01,0,0.006871577,0
3,2021-04-01,2021-05-01,0,0.0063818707,0
3,2021-05-01,2021-06-01,0,0.012247464,0
3,2021-06-01,2021-07-01,0,0.024547819,0
3,2021-07-01,2021-08-01,0,0.14521956,0
3,2021-08-01,2021-09-01,0,0.19563353,0
3,2021-09-01,2021-10-01,0,0.17009506,0
3,2021-10-01,2021-11-01,0,0.3053483,0
3,2021-11-01,2021-12-01,0,0.3284599,0
3,2021-12-01,2022-01-01,0,0.32564992,0
3,2022-01-01,2022-02-01,0,0.13519278,0
3,2022-02-01,2022-03-01,0,0.050388273,0
3,2022-03-01,2022-04-01,0,0.027467774,0
3,2022-04-01,2022-05-01,0,0.1517856,0
3,2022-05-01,2022-06-01,1,0.25461552,0
3,2022-06-01,2022-07-01,0,0.4773395,0
3,2022-07-01,2022-08-01,1,0.8437242,1
3,2022-08-01,2022-09-01,1,0.8437242,1
3,2022-09-01,2022-10-01,1,0.71107167,0
3,2022-10-01,2022-11-01,0,0.6684911,0
3,2022-11-01,2022-12-01,0,0.8437242,1
4,2015-02-01,2015-03-01,0,0.008471154,0
4,2015-03-01,2015-04-01,0,0.0036408599,0
4,2015-04-01,2015-05-01,0,0.02654922,0
4,2015-05-01,2015-06-01,0,0.025495958,0
4,2015-06-01,2015-07-01,0,0.033891976,0
4,2015-07-01,2015-08-01,0,0.050234493,0
4,2015-08-01,2015-09-01,0,0.05953068,0
4,2015-09-01,2015-10-01,0,0.094843015,0
4,2015-10-01,2015-11-01,0,0.04793092,0
4,2015-11-01,2015-12-01,0,0.06948851,0
4,2015-12-01,2016-01-01,0,0.034426395,0
4,2016-01-01,2016-02-01,0,0.026746377,0
4,2016-02-01,2016-03-01,0,0.027779331,0
4,2016-03-01,2016-04-01,0,0.005160448,0
4,2016-04-01,2016-05-01,0,0.040958054,0
4,2016-05-01,2016-06-01,0,0.027863443,0
4,2016-06-01,2016-07-01,0,0.0288841,0
4,2016-07-01,2016-08-01,0,0.054766446,0
4,2016-08-01,2016-09-01,0,0.04332493,0
4,2016-09-01,2016-10-01,0,0.059783462,0
4,2016-10-01,2016-11-01,0,0.0630128,0
4,2016-11-01,2016-12-01,0,0.086863734,0
4,2016-12-01,2017-01-01,0,0.039167874,0
4,2017-01-01,2017-02-01,0,0.006037095,0
4,2017-02-01,2017-03-01,0,0.046750132,0
4,2017-03-01,2017-04-01,0,0.006220423,0
4,2017-04-01,2017-05-01,0,0.0065307175,0
4,2017-05-01,2017-06-01,0,0.03546892,0
4,2017-06-01,2017-07-01,0,0.08222087,0
4,2017-07-01,2017-08-01,0,0.09773743,0
4,2017-08-01,2017-09-01,0,0.12882859,0
4,2017-09-01,2017-10-01,0,0.08029679,0
4,2017-10-01,2017-11-01,0,0.08222087,0
4,2017-11-01,2017-12-01,0,0.15168712,0
4,2017-12-01,2018-01-01,0,0.03922483,0
4,2018-01-01,2018-02-01,0,0.02647378,0
4,2018-02-01,2018-03-01,0,0.04615738,0
4,2018-03-01,2018-04-01,0,0.0033267823,0
4,2018-04-01,2018-05-01,0,0.027863443,0
4,2018-05-01,2018-06-01,0,0.02422924,0
4,2018-06-01,2018-07-01,0,0.05844078,0
4,2018-07-01,2018-08-01,0,0.054766446,0
4,2018-08-01,2018-09-01,0,0.13033797,0
4,2018-09-01,2018-10-01,0,0.076726034,0
4,2018-10-01,2018-11-01,0,0.08323637,0
4,2018-11-01,2018-12-01,0,0.09464932,0
4,2018-12-01,2019-01-01,0,0.031681698,0
4,2019-01-01,2019-02-01,0,0.031727567,0
4,2019-02-01,2019-03-01,0,0.008471154,0
4,2019-03-01,2019-04-01,0,0.0049268594,0
4,2019-04-01,2019-05-01,0,0.0126398895,0
4,2019-05-01,2019-06-01,0,0.047043193,0
4,2019-06-01,2019-07-01,0,0.055830207,0
4,2019-07-01,2019-08-01,0,0.060566183,0
4,2019-08-01,2019-09-01,0,0.06948851,0
4,2019-09-01,2019-10-01,0,0.054766446,0
4,2019-10-01,2019-11-01,0,0.046622947,0
4,2019-11-01,2019-12-01,0,0.02647378,0
4,2019-12-01,2020-01-01,0,0.012241212,0
4,2020-01-01,2020-02-01,0,0.14627637,0
4,2020-02-01,2020-03-01,0,0.11493447,0
4,2020-03-01,2020-04-01,0,0.018852444,0
4,2020-04-01,2020-05-01,0,0.0201389,0
4,2020-05-01,2020-06-01,0,0.0049723065,0
4,2020-06-01,2020-07-01,0,0.0043450817,0
4,2020-07-01,2020-08-01,0,0.018606491,0
4,2020-08-01,2020-09-01,0,0.11493447,0
4,2020-09-01,2020-10-01,0,0.13491246,0
4,2020-10-01,2020-11-01,0,0.09106033,0
4,2020-11-01,2020-12-01,0,0.109278224,0
4,2020-12-01,2021-01-01,0,0.017247336,0
4,2021-01-01,2021-02-01,0,0.013174926,0
4,2021-02-01,2021-03-01,0,0.014605818,0
4,2021-03-01,2021-04-01,0,0.0034089407,0
4,2021-04-01,2021-05-01,0,0.0049723065,0
4,2021-05-01,2021-06-01,0,0.011242425,0
4,2021-06-01,2021-07-01,0,0.015095171,0
4,2021-07-01,2021-08-01,0,0.014478037,0
4,2021-08-01,2021-09-01,0,0.14778595,0
4,2021-09-01,2021-10-01,0,0.14778595,0
4,2021-10-01,2021-11-01,0,0.14778595,0
4,2021-11-01,2021-12-01,0,0.17199402,0
4,2021-12-01,2022-01-01,0,0.11125151,0
4,2022-01-01,2022-02-01,0,0.024347655,0
4,2022-02-01,2022-03-01,0,0.018606491,0
4,2022-03-01,2022-04-01,0,0.013174926,0
4,2022-04-01,2022-05-01,0,0.109278224,0
4,2022-05-01,2022-06-01,0,0.033348564,0
4,2022-06-01,2022-07-01,0,0.27564022,0
4,2022-07-01,2022-08-01,0,0.41344535,0
4,2022-08-01,2022-09-01,0,0.38580018,0
4,2022-09-01,2022-10-01,0,0.41344535,0
4,2022-10-01,2022-11-01,0,0.38580018,0
4,2022-11-01,2022-12-01,0,0.48446262,0
5,2015-02-01,2015-03-01,0,0.09966334,0
5,2015-03-01,2015-04-01,0,0.028642856,0
5,2015-04-01,2015-05-01,0,0.109666005,0
5,2015-05-01,2015-06-01,0,0.09244966,0
5,2015-06-01,2015-07-01,0,0.22470875,0
5,2015-07-01,2015-08-01,0,0.22470875,0
5,2015-08-01,2015-09-01,0,0.22327673,0
5,2015-09-01,2015-10-01,0,0.37780607,0
5,2015-10-01,2015-11-01,0,0.33430064,0
5,2015-11-01,2015-12-01,0,0.25793183,0
5,2015-12-01,2016-01-01,0,0.109666005,0
5,2016-01-01,2016-02-01,0,0.104455955,0
5,2016-02-01,2016-03-01,0,0.13538241,0
5,2016-03-01,2016-04-01,0,0.065381154,0
5,2016-04-01,2016-05-01,0,0.13538241,0
5,2016-05-01,2016-06-01,0,0.0678345,0
5,2016-06-01,2016-07-01,0,0.19330174,0
5,2016-07-01,2016-08-01,0,0.33430064,0
5,2016-08-01,2016-09-01,0,0.26587543,0
5,2016-09-01,2016-10-01,0,0.2955807,0
5,2016-10-01,2016-11-01,0,0.47447792,0
5,2016-11-01,2016-12-01,0,0.47447792,0
5,2016-12-01,2017-01-01,0,0.1933543,0
5,2017-01-01,2017-02-01,0,0.11464884,0
5,2017-02-01,2017-03-01,0,0.16653511,0
5,2017-03-01,2017-04-01,0,0.086639464,0
5,2017-04-01,2017-05-01,0,0.09966334,0
5,2017-05-01,2017-06-01,0,0.109666005,0
5,2017-06-01,2017-07-01,0,0.25793183,0
5,2017-07-01,2017-08-01,0,0.25793183,0
5,2017-08-01,2017-09-01,0,0.37780607,0
5,2017-09-01,2017-10-01,0,0.38905072,0
5,2017-10-01,2017-11-01,0,0.25793183,0
5,2017-11-01,2017-12-01,0,0.31144923,0
5,2017-12-01,2018-01-01,0,0.13538241,0
5,2018-01-01,2018-02-01,0,0.13538241,0
5,2018-02-01,2018-03-01,0,0.17317337,0
5,2018-03-01,2018-04-01,0,0.025168972,0
5,2018-04-01,2018-05-01,0,0.109666005,0
5,2018-05-01,2018-06-01,0,0.11464884,0
5,2018-06-01,2018-07-01,0,0.25793183,0
5,2018-07-01,2018-08-01,0,0.37780607,0
5,2018-08-01,2018-09-01,0,0.47447792,0
5,2018-09-01,2018-10-01,0,0.47447792,0
5,2018-10-01,2018-11-01,0,0.37780607,0
5,2018-11-01,2018-12-01,0,0.37780607,0
5,2018-12-01,2019-01-01,0,0.13538241,0
5,2019-01-01,2019-02-01,0,0.23396885,0
5,2019-02-01,2019-03-01,0,0.086639464,0
5,2019-03-01,2019-04-01,0,0.052108012,0
5,2019-04-01,2019-05-01,0,0.07274269,0
5,2019-05-01,2019-06-01,0,0.09244966,0
5,2019-06-01,2019-07-01,0,0.1933543,0
5,2019-07-01,2019-08-01,0,0.47447792,0
5,2019-08-01,2019-09-01,0,0.33430064,0
5,2019-09-01,2019-10-01,0,0.26587543,0
5,2019-10-01,2019-11-01,0,0.19545007,0
5,2019-11-01,2019-12-01,0,0.118711546,0
5,2019-12-01,2020-01-01,0,0.086639464,0
5,2020-01-01,2020-02-01,0,0.09720374,0
5,2020-02-01,2020-03-01,0,0.09720374,0
5,2020-03-01,2020-04-01,0,0.052530468,0
5,2020-04-01,2020-05-01,0,0.013880099,0
5,2020-05-01,2020-06-01,0,0.0019239545,0
5,2020-06-01,2020-07-01,0,0.0059006265,0
5,2020-07-01,2020-08-01,0,0.018695865,0
5,2020-08-01,2020-09-01,0,0.057795253,0
5,2020-09-01,2020-10-01,0,0.037289627,0
5,2020-10-01,2020-11-01,0,0.052530468,0
5,2020-11-01,2020-12-01,0,0.058493983,0
5,2020-12-01,2021-01-01,0,0.013202168,0
5,2021-01-01,2021-02-01,0,0.020228822,0
5,2021-02-01,2021-03-01,0,0.0066975635,0
5,2021-03-01,2021-04-01,0,0.0012012138,0
5,2021-04-01,2021-05-01,0,0.007336743,0
5,2021-05-01,2021-06-01,0,0.006413185,0
5,2021-06-01,2021-07-01,0,0.034952085,0
5,2021-07-01,2021-08-01,0,0.049890026,0
5,2021-08-01,2021-09-01,0,0.05852829,0
5,2021-09-01,2021-10-01,0,0.057795253,0
5,2021-10-01,2021-11-01,0,0.08641393,0
5,2021-11-01,2021-12-01,0,0.08176423,0
5,2021-12-01,2022-01-01,0,0.057795253,0
5,2022-01-01,2022-02-01,0,0.043842096,0
5,2022-02-01,2022-03-01,0,0.0044751326,0
5,2022-03-01,2022-04-01,0,0.004136234,0
5,2022-04-01,2022-05-01,0,0.057917856,0
5,2022-05-01,2022-06-01,0,0.043819137,0
5,2022-06-01,2022-07-01,0,0.08641393,0
5,2022-07-01,2022-08-01,0,0.13963972,0
5,2022-08-01,2022-09-01,0,0.13865288,0
5,2022-09-01,2022-10-01,0,0.16292854,0
5,2022-10-01,2022-11-01,0,0.16861111,0
5,2022-11-01,2022-12-01,0,0.19716343,0
6,2015-02-01,2015-03-01,1,0.9730026,1
6,2015-03-01,2015-04-01,1,0.9459434,1
6,2015-04-01,2015-05-01,1,0.97707784,1
6,2015-05-01,2015-06-01,1,0.9766891,1
6,2015-06-01,2015-07-01,1,0.94997996,1
6,2015-07-01,2015-08-01,1,0.9645169,1
6,2015-08-01,2015-09-01,1,0.95563644,1
6,2015-09-01,2015-10-01,1,0.9645169,1
6,2015-10-01,2015-11-01,1,0.95563644,1
6,2015-11-01,2015-12-01,1,0.9645169,1
6,2015-12-01,2016-01-01,1,0.96921396,1
6,2016-01-01,2016-02-01,0,0.94245106,1
6,2016-02-01,2016-03-01,1,0.8858591,1
6,2016-03-01,2016-04-01,1,0.9748949,1
6,2016-04-01,2016-05-01,1,0.96921396,1
6,2016-05-01,2016-06-01,1,0.94015497,1
6,2016-06-01,2016-07-01,1,0.9463855,1
6,2016-07-01,2016-08-01,1,0.931937,1
6,2016-08-01,2016-09-01,1,0.9538423,1
6,2016-09-01,2016-10-01,1,0.94639575,1
6,2016-10-01,2016-11-01,1,0.91977507,1
6,2016-11-01,2016-12-01,1,0.93235713,1
6,2016-12-01,2017-01-01,1,0.96693814,1
6,2017-01-01,2017-02-01,1,0.94015497,1
6,2017-02-01,2017-03-01,1,0.9713775,1
6,2017-03-01,2017-04-01,1,0.97379124,1
6,2017-04-01,2017-05-01,1,0.97707784,1
6,2017-05-01,2017-06-01,1,0.97379124,1
6,2017-06-01,2017-07-01,1,0.94639575,1
6,2017-07-01,2017-08-01,1,0.9538423,1
6,2017-08-01,2017-09-01,1,0.93235713,1
6,2017-09-01,2017-10-01,1,0.9319085,1
6,2017-10-01,2017-11-01,1,0.93235713,1
6,2017-11-01,2017-12-01,1,0.94639575,1
6,2017-12-01,2018-01-01,1,0.9645169,1
6,2018-01-01,2018-02-01,0,0.9645169,1
6,2018-02-01,2018-03-01,1,0.9538423,1
6,2018-03-01,2018-04-01,1,0.9730026,1
6,2018-04-01,2018-05-01,1,0.9776944,1
6,2018-05-01,2018-06-01,1,0.94015497,1
6,2018-06-01,2018-07-01,1,0.95563644,1
6,2018-07-01,2018-08-01,1,0.93235713,1
6,2018-08-01,2018-09-01,1,0.931937,1
6,2018-09-01,2018-10-01,1,0.931937,1
6,2018-10-01,2018-11-01,1,0.931937,1
6,2018-11-01,2018-12-01,1,0.9319085,1
6,2018-12-01,2019-01-01,1,0.94639575,1
6,2019-01-01,2019-02-01,0,0.9319085,1
6,2019-02-01,2019-03-01,1,0.97707784,1
6,2019-03-01,2019-04-01,1,0.96805656,1
6,2019-04-01,2019-05-01,1,0.97707784,1
6,2019-05-01,2019-06-01,1,0.96794933,1
6,2019-06-01,2019-07-01,1,0.9645169,1
6,2019-07-01,2019-08-01,1,0.94639575,1
6,2019-08-01,2019-09-01,1,0.94639575,1
6,2019-09-01,2019-10-01,1,0.9645169,1
6,2019-10-01,2019-11-01,1,0.96710914,1
6,2019-11-01,2019-12-01,1,0.96949524,1
6,2019-12-01,2020-01-01,1,0.97707784,1
6,2020-01-01,2020-02-01,1,0.908426,1
6,2020-02-01,2020-03-01,0,0.908426,1
6,2020-03-01,2020-04-01,0,0.8789343,1
6,2020-04-01,2020-05-01,0,0.79501826,1
6,2020-05-01,2020-06-01,0,0.72608507,0
6,2020-06-01,2020-07-01,1,0.7225089,0
6,2020-07-01,2020-08-01,1,0.8866519,1
6,2020-08-01,2020-09-01,0,0.90480715,1
6,2020-09-01,2020-10-01,1,0.9024287,1
6,2020-10-01,2020-11-01,0,0.876576,1
6,2020-11-01,2020-12-01,0,0.6842675,0
6,2020-12-01,2021-01-01,0,0.6078643,0
6,2021-01-01,2021-02-01,0,0.6316283,0
6,2021-02-01,2021-03-01,0,0.4587619,0
6,2021-03-01,2021-04-01,0,0.6645576,0
6,2021-04-01,2021-05-01,0,0.54152197,0
6,2021-05-01,2021-06-01,1,0.80050516,1
6,2021-06-01,2021-07-01,1,0.6634868,0
6,2021-07-01,2021-08-01,1,0.8792681,1
6,2021-08-01,2021-09-01,1,0.8821381,1
6,2021-09-01,2021-10-01,1,0.9024287,1
6,2021-10-01,2021-11-01,1,0.908426,1
6,2021-11-01,2021-12-01,1,0.9084829,1
6,2021-12-01,2022-01-01,0,0.6842675,0
6,2022-01-01,2022-02-01,0,0.8815819,1
6,2022-02-01,2022-03-01,1,0.86482537,1
6,2022-03-01,2022-04-01,1,0.7886455,1
6,2022-04-01,2022-05-01,1,0.8815819,1
6,2022-05-01,2022-06-01,1,0.8815819,1
6,2022-06-01,2022-07-01,1,0.908426,1
6,2022-07-01,2022-08-01,1,0.86200273,1
6,2022-08-01,2022-09-01,1,0.86200273,1
6,2022-09-01,2022-10-01,1,0.82883215,1
6,2022-10-01,2022-11-01,1,0.82883215,1
6,2022-11-01,2022-12-01,1,0.7881397,1
7,2015-02-01,2015-03-01,0,0.28745756,0
7,2015-03-01,2015-04-01,0,0.18970124,0
7,2015-04-01,2015-05-01,0,0.28745756,0
7,2015-05-01,2015-06-01,0,0.29299226,0
7,2015-06-01,2015-07-01,0,0.38252228,0
7,2015-07-01,2015-08-01,0,0.62075645,0
7,2015-08-01,2015-09-01,0,0.59087247,0
7,2015-09-01,2015-10-01,0,0.6993627,0
7,2015-10-01,2015-11-01,0,0.5843617,0
7,2015-11-01,2015-12-01,0,0.5041078,0
7,2015-12-01,2016-01-01,0,0.31644386,0
7,2016-01-01,2016-02-01,0,0.51082337,0
7,2016-02-01,2016-03-01,0,0.4421898,0
7,2016-03-01,2016-04-01,0,0.29299226,0
7,2016-04-01,2016-05-01,1,0.518858,0
7,2016-05-01,2016-06-01,1,0.518858,0
7,2016-06-01,2016-07-01,0,0.59087247,0
7,2016-07-01,2016-08-01,0,0.5843617,0
7,2016-08-01,2016-09-01,1,0.78831786,1
7,2016-09-01,2016-10-01,0,0.89465976,1
7,2016-10-01,2016-11-01,0,0.7944794,1
7,2016-11-01,2016-12-01,0,0.7944794,1
7,2016-12-01,2017-01-01,0,0.5843617,0
7,2017-01-01,2017-02-01,0,0.59087247,0
7,2017-02-01,2017-03-01,0,0.5843617,0
7,2017-03-01,2017-04-01,0,0.37619627,0
7,2017-04-01,2017-05-01,0,0.4355731,0
7,2017-05-01,2017-06-01,1,0.62075645,0
7,2017-06-01,2017-07-01,1,0.6975006,0
7,2017-07-01,2017-08-01,1,0.8773952,1
7,2017-08-01,2017-09-01,1,0.90606755,1
7,2017-09-01,2017-10-01,1,0.90606755,1
7,2017-10-01,2017-11-01,1,0.8217778,1
7,2017-11-01,2017-12-01,1,0.90606755,1
7,2017-12-01,2018-01-01,1,0.6939394,0
7,2018-01-01,2018-02-01,0,0.6975006,0
7,2018-02-01,2018-03-01,0,0.5041078,0
7,2018-03-01,2018-04-01,0,0.29299226,0
7,2018-04-01,2018-05-01,1,0.4355731,0
7,2018-05-01,2018-06-01,1,0.59087247,0
7,2018-06-01,2018-07-01,1,0.8752753,1
7,2018-07-01,2018-08-01,1,0.7944794,1
7,2018-08-01,2018-09-01,1,0.90606755,1
7,2018-09-01,2018-10-01,1,0.90606755,1
7,2018-10-01,2018-11-01,1,0.84710824,1
7,2018-11-01,2018-12-01,1,0.8217778,1
7,2018-12-01,2019-01-01,0,0.7252504,0
7,2019-01-01,2019-02-01,0,0.6993627,0
7,2019-02-01,2019-03-01,0,0.4355731,0
7,2019-03-01,2019-04-01,0,0.29299226,0
7,2019-04-01,2019-05-01,1,0.6343443,0
7,2019-05-01,2019-06-01,1,0.6280898,0
7,2019-06-01,2019-07-01,1,0.7039693,0
7,2019-07-01,2019-08-01,0,0.8833736,1
7,2019-08-01,2019-09-01,1,0.8833736,1
7,2019-09-01,2019-10-01,0,0.78831786,1
7,2019-10-01,2019-11-01,0,0.5843617,0
7,2019-11-01,2019-12-01,0,0.59087247,0
7,2019-12-01,2020-01-01,0,0.6211257,0
7,2020-01-01,2020-02-01,0,0.37865433,0
7,2020-02-01,2020-03-01,0,0.26747674,0
7,2020-03-01,2020-04-01,0,0.15098192,0
7,2020-04-01,2020-05-01,0,0.1204805,0
7,2020-05-01,2020-06-01,0,0.13944103,0
7,2020-06-01,2020-07-01,0,0.09129057,0
7,2020-07-01,2020-08-01,0,0.09129057,0
7,2020-08-01,2020-09-01,0,0.15098192,0
7,2020-09-01,2020-10-01,0,0.1833869,0
7,2020-10-01,2020-11-01,0,0.15772659,0
7,2020-11-01,2020-12-01,0,0.1498107,0
7,2020-12-01,2021-01-01,0,0.09129057,0
7,2021-01-01,2021-02-01,0,0.11721788,0
7,2021-02-01,2021-03-01,0,0.08868258,0
7,2021-03-01,2021-04-01,0,0.11022624,0
7,2021-04-01,2021-05-01,0,0.077180915,0
7,2021-05-01,2021-06-01,0,0.06427315,0
7,2021-06-01,2021-07-01,0,0.15772659,0
7,2021-07-01,2021-08-01,0,0.15098192,0
7,2021-08-01,2021-09-01,0,0.16960599,0
7,2021-09-01,2021-10-01,0,0.18019737,0
7,2021-10-01,2021-11-01,0,0.24930584,0
7,2021-11-01,2021-12-01,0,0.37865433,0
7,2021-12-01,2022-01-01,0,0.21257237,0
7,2022-01-01,2022-02-01,0,0.1635477,0
7,2022-02-01,2022-03-01,0,0.13992049,0
7,2022-03-01,2022-04-01,0,0.13992049,0
7,2022-04-01,2022-05-01,0,0.19142632,0
7,2022-05-01,2022-06-01,0,0.15098192,0
7,2022-06-01,2022-07-01,0,0.30433524,0
7,2022-07-01,2022-08-01,0,0.37865433,0
7,2022-08-01,2022-09-01,0,0.730887,0
7,2022-09-01,2022-10-01,0,0.3949159,0
7,2022-10-01,2022-11-01,0,0.5361319,0
7,2022-11-01,2022-12-01,0,0.37865433,0
8,2015-02-01,2015-03-01,1,0.9904757,1
8,2015-03-01,2015-04-01,1,0.9811484,1
8,2015-04-01,2015-05-01,1,0.9909328,1
8,2015-05-01,2015-06-01,1,0.9909328,1
8,2015-06-01,2015-07-01,1,0.9909328,1
8,2015-07-01,2015-08-01,1,0.99237317,1
8,2015-08-01,2015-09-01,1,0.9932407,1
8,2015-09-01,2015-10-01,1,0.99347985,1
8,2015-10-01,2015-11-01,1,0.9932407,1
8,2015-11-01,2015-12-01,1,0.9932407,1
8,2015-12-01,2016-01-01,1,0.9909328,1
8,2016-01-01,2016-02-01,1,0.9932407,1
8,2016-02-01,2016-03-01,1,0.99237317,1
8,2016-03-01,2016-04-01,1,0.9909328,1
8,2016-04-01,2016-05-01,1,0.99265057,1
8,2016-05-01,2016-06-01,1,0.99265057,1
8,2016-06-01,2016-07-01,1,0.99347985,1
8,2016-07-01,2016-08-01,1,0.99347985,1
8,2016-08-01,2016-09-01,1,0.99347985,1
8,2016-09-01,2016-10-01,1,0.99347985,1
8,2016-10-01,2016-11-01,1,0.99347985,1
8,2016-11-01,2016-12-01,1,0.99347985,1
8,2016-12-01,2017-01-01,1,0.99347985,1
8,2017-01-01,2017-02-01,1,0.9932407,1
8,2017-02-01,2017-03-01,1,0.99347985,1
8,2017-03-01,2017-04-01,1,0.9911758,1
8,2017-04-01,2017-05-01,1,0.9932407,1
8,2017-05-01,2017-06-01,1,0.9932407,1
8,2017-06-01,2017-07-01,1,0.99347985,1
8,2017-07-01,2017-08-01,1,0.99347985,1
8,2017-08-01,2017-09-01,1,0.99347985,1
8,2017-09-01,2017-10-01,1,0.99347985,1
8,2017-10-01,2017-11-01,1,0.99347985,1
8,2017-11-01,2017-12-01,1,0.99347985,1
8,2017-12-01,2018-01-01,1,0.99347985,1
8,2018-01-01,2018-02-01,1,0.99347985,1
8,2018-02-01,2018-03-01,1,0.9932407,1
8,2018-03-01,2018-04-01,1,0.9909328,1
8,2018-04-01,2018-05-01,1,0.9932407,1
8,2018-05-01,2018-06-01,1,0.99347985,1
8,2018-06-01,2018-07-01,1,0.99347985,1
8,2018-07-01,2018-08-01,1,0.99347985,1
8,2018-08-01,2018-09-01,1,0.99347985,1
8,2018-09-01,2018-10-01,1,0.99347985,1
8,2018-10-01,2018-11-01,1,0.99347985,1
8,2018-11-01,2018-12-01,1,0.99347985,1
8,2018-12-01,2019-01-01,1,0.99347985,1
8,2019-01-01,2019-02-01,1,0.99347985,1
8,2019-02-01,2019-03-01,1,0.9932407,1
8,2019-03-01,2019-04-01,1,0.9911758,1
8,2019-04-01,2019-05-01,1,0.9932407,1
8,2019-05-01,2019-06-01,1,0.9932407,1
8,2019-06-01,2019-07-01,1,0.99347985,1
8,2019-07-01,2019-08-01,1,0.99347985,1
8,2019-08-01,2019-09-01,1,0.99347985,1
8,2019-09-01,2019-10-01,1,0.99347985,1
8,2019-10-01,2019-11-01,1,0.99347985,1
8,2019-11-01,2019-12-01,1,0.99347985,1
8,2019-12-01,2020-01-01,1,0.9932407,1
8,2020-01-01,2020-02-01,1,0.99074477,1
8,2020-02-01,2020-03-01,1,0.98597115,1
8,2020-03-01,2020-04-01,0,0.9823611,1
8,2020-04-01,2020-05-01,1,0.9366142,1
8,2020-05-01,2020-06-01,1,0.71556735,0
8,2020-06-01,2020-07-01,1,0.9583917,1
8,2020-07-01,2020-08-01,1,0.9510505,1
8,2020-08-01,2020-09-01,1,0.9596897,1
8,2020-09-01,2020-10-01,1,0.98393136,1
8,2020-10-01,2020-11-01,1,0.9583917,1
8,2020-11-01,2020-12-01,1,0.9583917,1
8,2020-12-01,2021-01-01,1,0.93549937,1
8,2021-01-01,2021-02-01,1,0.89545435,1
8,2021-02-01,2021-03-01,1,0.8845415,1
8,2021-03-01,2021-04-01,1,0.647314,0
8,2021-04-01,2021-05-01,1,0.85860485,1
8,2021-05-01,2021-06-01,1,0.8742664,1
8,2021-06-01,2021-07-01,1,0.9583917,1
8,2021-07-01,2021-08-01,1,0.9764454,1
8,2021-08-01,2021-09-01,1,0.98597115,1
8,2021-09-01,2021-10-01,1,0.9846978,1
8,2021-10-01,2021-11-01,1,0.9823611,1
8,2021-11-01,2021-12-01,1,0.9882244,1
8,2021-12-01,2022-01-01,1,0.985587,1
8,2022-01-01,2022-02-01,1,0.9846978,1
8,2022-02-01,2022-03-01,1,0.9739137,1
8,2022-03-01,2022-04-01,1,0.9707836,1
8,2022-04-01,2022-05-01,1,0.98597115,1
8,2022-05-01,2022-06-01,1,0.985587,1
8,2022-06-01,2022-07-01,1,0.9874352,1
8,2022-07-01,2022-08-01,1,0.99107146,1
8,2022-08-01,2022-09-01,1,0.99107146,1
8,2022-09-01,2022-10-01,1,0.99074477,1
8,2022-10-01,2022-11-01,1,0.99074477,1
8,2022-11-01,2022-12-01,1,0.99107146,1
9,2015-02-01,2015-03-01,0,0.00083855045,0
9,2015-03-01,2015-04-01,0,0.0005959774,0
9,2015-04-01,2015-05-01,0,0.0010057943,0
9,2015-05-01,2015-06-01,0,0.0006119731,0
9,2015-06-01,2015-07-01,0,0.0010057943,0
9,2015-07-01,2015-08-01,0,0.0005959774,0
9,2015-08-01,2015-09-01,0,0.00056546263,0
9,2015-09-01,2015-10-01,0,0.00056546263,0
9,2015-10-01,2015-11-01,0,0.0010057943,0
9,2015-11-01,2015-12-01,0,0.0010057943,0
9,2015-12-01,2016-01-01,0,0.00056546263,0
9,2016-01-01,2016-02-01,0,0.0015005906,0
9,2016-02-01,2016-03-01,0,0.00056546263,0
9,2016-03-01,2016-04-01,0,0.00056546263,0
9,2016-04-01,2016-05-01,0,0.00056546263,0
9,2016-05-01,2016-06-01,0,0.00083855045,0
9,2016-06-01,2016-07-01,0,0.0015290546,0
9,2016-07-01,2016-08-01,0,0.0015921087,0
9,2016-08-01,2016-09-01,0,0.0006472305,0
9,2016-09-01,2016-10-01,0,0.00056546263,0
9,2016-10-01,2016-11-01,0,0.00056546263,0
9,2016-11-01,2016-12-01,0,0.0010057943,0
9,2016-12-01,2017-01-01,0,0.00083855045,0
9,2017-01-01,2017-02-01,0,0.0010057943,0
9,2017-02-01,2017-03-01,0,0.00083855045,0
9,2017-03-01,2017-04-01,0,0.00056546263,0
9,2017-04-01,2017-05-01,0,0.00056546263,0
9,2017-05-01,2017-06-01,0,0.0010057943,0
9,2017-06-01,2017-07-01,0,0.00056546263,0
9,2017-07-01,2017-08-01,0,0.00083855045,0
9,2017-08-01,2017-09-01,0,0.0014235325,0
9,2017-09-01,2017-10-01,0,0.0014235325,0
9,2017-10-01,2017-11-01,0,0.00087539887,0
9,2017-11-01,2017-12-01,0,0.0010057943,0
9,2017-12-01,2018-01-01,0,0.00087539887,0
9,2018-01-01,2018-02-01,0,0.00056546263,0
9,2018-02-01,2018-03-01,0,0.0015290546,0
9,2018-03-01,2018-04-01,0,0.0010057943,0
9,2018-04-01,2018-05-01,0,0.00083855045,0
9,2018-05-01,2018-06-01,0,0.0006119731,0
9,2018-06-01,2018-07-01,0,0.0006119731,0
9,2018-07-01,2018-08-01,0,0.00051022216,0
9,2018-08-01,2018-09-01,0,0.00090603385,0
9,2018-09-01,2018-10-01,0,0.0010057943,0
9,2018-10-01,2018-11-01,0,0.00056546263,0
9,2018-11-01,2018-12-01,0,0.0015921087,0
9,2018-12-01,2019-01-01,0,0.0014235325,0
9,2019-01-01,2019-02-01,0,0.0010057943,0
9,2019-02-01,2019-03-01,0,0.0010057943,0
9,2019-03-01,2019-04-01,0,0.00056546263,0
9,2019-04-01,2019-05-01,0,0.0010876879,0
9,2019-05-01,2019-06-01,0,0.00056546263,0
9,2019-06-01,2019-07-01,0,0.0013592946,0
9,2019-07-01,2019-08-01,0,0.00056546263,0
9,2019-08-01,2019-09-01,0,0.0005959774,0
9,2019-09-01,2019-10-01,0,0.00059405906,0
9,2019-10-01,2019-11-01,0,0.00056737894,0
9,2019-11-01,2019-12-01,0,0.0006119731,0
9,2019-12-01,2020-01-01,0,0.00072845496,0
9,2020-01-01,2020-02-01,0,0.0006513554,0
9,2020-02-01,2020-03-01,0,0.0015970668,0
9,2020-03-01,2020-04-01,0,0.00093499414,0
9,2020-04-01,2020-05-01,0,0.001070493,0
9,2020-05-01,2020-06-01,0,0.0006018537,0
9,2020-06-01,2020-07-01,0,0.0006018537,0
9,2020-07-01,2020-08-01,0,0.001070493,0
9,2020-08-01,2020-09-01,0,0.0016273577,0
9,2020-09-01,2020-10-01,0,0.001070493,0
9,2020-10-01,2020-11-01,0,0.0016944588,0
9,2020-11-01,2020-12-01,0,0.0016944588,0
9,2020-12-01,2021-01-01,0,0.0016944588,0
9,2021-01-01,2021-02-01,0,0.0016944588,0
9,2021-02-01,2021-03-01,0,0.0016944588,0
9,2021-03-01,2021-04-01,0,0.001070493,0
9,2021-04-01,2021-05-01,0,0.0006018537,0
9,2021-05-01,2021-06-01,0,0.001515062,0
9,2021-06-01,2021-07-01,0,0.0006018537,0
9,2021-07-01,2021-08-01,0,0.001070493,0
9,2021-08-01,2021-09-01,0,0.0006018537,0
9,2021-09-01,2021-10-01,0,0.0006513554,0
9,2021-10-01,2021-11-01,0,0.0016273577,0
9,2021-11-01,2021-12-01,0,0.0006018537,0
9,2021-12-01,2022-01-01,0,0.0006018537,0
9,2022-01-01,2022-02-01,0,0.00063433097,0
9,2022-02-01,2022-03-01,0,0.00063433097,0
9,2022-03-01,2022-04-01,0,0.00063433097,0
9,2022-04-01,2022-05-01,0,0.0009317177,0
9,2022-05-01,2022-06-01,0,0.00060389325,0
9,2022-06-01,2022-07-01,0,0.00063433097,0
9,2022-07-01,2022-08-01,0,0.0009317177,0
9,2022-08-01,2022-09-01,0,0.0006018537,0
9,2022-09-01,2022-10-01,0,0.0016944588,0
9,2022-10-01,2022-11-01,0,0.00063228933,0
9,2022-11-01,2022-12-01,0,0.00063433097,0
10,2015-02-01,2015-03-01,0,0.00063433097,0
10,2015-03-01,2015-04-01,0,0.0006513554,0
10,2015-04-01,2015-05-01,0,0.0006018537,0
10,2015-05-01,2015-06-01,0,0.0006329335,0
10,2015-06-01,2015-07-01,0,0.00063433097,0
10,2015-07-01,2015-08-01,0,0.00093499414,0
10,2015-08-01,2015-09-01,0,0.0009317177,0
10,2015-09-01,2015-10-01,0,0.001070493,0
10,2015-10-01,2015-11-01,0,0.001070493,0
10,2015-11-01,2015-12-01,0,0.0006018537,0
10,2015-12-01,2016-01-01,0,0.0006513554,0
10,2016-01-01,2016-02-01,0,0.0006513554,0
10,2016-02-01,2016-03-01,0,0.0006018537,0
10,2016-03-01,2016-04-01,0,0.0006018537,0
10,2016-04-01,2016-05-01,0,0.0009317177,0
10,2016-05-01,2016-06-01,0,0.0006018537,0
10,2016-06-01,2016-07-01,0,0.0006018537,0
10,2016-07-01,2016-08-01,0,0.00063228933,0
10,2016-08-01,2016-09-01,0,0.00089250074,0
10,2016-09-01,2016-10-01,0,0.0006513554,0
10,2016-10-01,2016-11-01,0,0.001070493,0
10,2016-11-01,2016-12-01,0,0.001070493,0
10,2016-12-01,2017-01-01,0,0.0006018537,0
10,2017-01-01,2017-02-01,0,0.00063228933,0
10,2017-02-01,2017-03-01,0,0.0007753275,0
10,2017-03-01,2017-04-01,0,0.0006018537,0
10,2017-04-01,2017-05-01,0,0.00063433097,0
10,2017-05-01,2017-06-01,0,0.00063433097,0
10,2017-06-01,2017-07-01,0,0.0006018537,0
10,2017-07-01,2017-08-01,0,0.00080514245,0
10,2017-08-01,2017-09-01,0,0.001070493,0
10,2017-09-01,2017-10-01,0,0.0006018537,0
10,2017-10-01,2017-11-01,0,0.00089250074,0
10,2017-11-01,2017-12-01,0,0.0006018537,0
10,2017-12-01,2018-01-01,0,0.0006018537,0
10,2018-01-01,2018-02-01,0,0.00093499414,0
10,2018-02-01,2018-03-01,0,0.0006018537,0
10,2018-03-01,2018-04-01,0,0.0006018537,0
10,2018-04-01,2018-05-01,0,0.00060389325,0
10,2018-05-01,2018-06-01,0,0.0006513554,0
10,2018-06-01,2018-07-01,0,0.001070493,0
10,2018-07-01,2018-08-01,0,0.00063433097,0
10,2018-08-01,2018-09-01,0,0.001070493,0
10,2018-09-01,2018-10-01,0,0.001070493,0
10,2018-10-01,2018-11-01,0,0.001070493,0
10,2018-11-01,2018-12-01,0,0.00063433097,0
10,2018-12-01,2019-01-01,0,0.0006018537,0
10,2019-01-01,2019-02-01,0,0.0006018537,0
10,2019-02-01,2019-03-01,0,0.00063433097,0
10,2019-03-01,2019-04-01,0,0.00063433097,0
10,2019-04-01,2019-05-01,0,0.00089250074,0
10,2019-05-01,2019-06-01,0,0.0006018537,0
10,2019-06-01,2019-07-01,0,0.001070493,0
10,2019-07-01,2019-08-01,0,0.00077837415,0
10,2019-08-01,2019-09-01,0,0.0006018537,0
10,2019-09-01,2019-10-01,0,0.001070493,0
10,2019-10-01,2019-11-01,0,0.00063433097,0
10,2019-11-01,2019-12-01,0,0.00063433097,0
10,2019-12-01,2020-01-01,0,0.0006513554,0
10,2020-01-01,2020-02-01,0,0.0008344658,0
10,2020-02-01,2020-03-01,0,0.0005930736,0
10,2020-03-01,2020-04-01,0,0.0005627075,0
10,2020-04-01,2020-05-01,0,0.0006089914,0
10,2020-05-01,2020-06-01,0,0.0008741994,0
10,2020-06-01,2020-07-01,0,0.0015843592,0
10,2020-07-01,2020-08-01,0,0.0005627075,0
10,2020-08-01,2020-09-01,0,0.0010008957,0
10,2020-09-01,2020-10-01,0,0.0014256971,0
10,2020-10-01,2020-11-01,0,0.0015843592,0
10,2020-11-01,2020-12-01,0,0.0015216129,0
10,2020-12-01,2021-01-01,0,0.0015843592,0
10,2021-01-01,2021-02-01,0,0.0015843592,0
10,2021-02-01,2021-03-01,0,0.0015216129,0
10,2021-03-01,2021-04-01,0,0.0010008957,0
10,2021-04-01,2021-05-01,0,0.000507736,0
10,2021-05-01,2021-06-01,0,0.0005627075,0
10,2021-06-01,2021-07-01,0,0.0006089914,0
10,2021-07-01,2021-08-01,0,0.0008344658,0
10,2021-08-01,2021-09-01,0,0.0005627075,0
10,2021-09-01,2021-10-01,0,0.0005930736,0
10,2021-10-01,2021-11-01,0,0.0005627075,0
10,2021-11-01,2021-12-01,0,0.0005627075,0
10,2021-12-01,2022-01-01,0,0.00087113574,0
10,2022-01-01,2022-02-01,0,0.0015216129,0
10,2022-02-01,2022-03-01,0,0.0005930736,0
10,2022-03-01,2022-04-01,0,0.0006089914,0
10,2022-04-01,2022-05-01,0,0.00090162153,0
10,2022-05-01,2022-06-01,0,0.0005733581,0
10,2022-06-01,2022-07-01,0,0.0010008957,0
10,2022-07-01,2022-08-01,0,0.0005627075,0
10,2022-08-01,2022-09-01,0,0.0005911647,0
10,2022-09-01,2022-10-01,0,0.0005627075,0
10,2022-10-01,2022-11-01,0,0.0005627075,0
10,2022-11-01,2022-12-01,0,0.0005627075,0
11,2015-02-01,2015-03-01,0,0.0008218458,0
11,2015-03-01,2015-04-01,0,0.0006089914,0
11,2015-04-01,2015-05-01,0,0.00087113574,0
11,2015-05-01,2015-06-01,0,0.0005930736,0
11,2015-06-01,2015-07-01,0,0.0008218458,0
11,2015-07-01,2015-08-01,0,0.0006089914,0
11,2015-08-01,2015-09-01,0,0.0014615337,0
11,2015-09-01,2015-10-01,0,0.00090162153,0
11,2015-10-01,2015-11-01,0,0.0005930736,0
11,2015-11-01,2015-12-01,0,0.0008218458,0
11,2015-12-01,2016-01-01,0,0.001014366,0
11,2016-01-01,2016-02-01,0,0.0010008957,0
11,2016-02-01,2016-03-01,0,0.0010008957,0
11,2016-03-01,2016-04-01,0,0.0005930736,0
11,2016-04-01,2016-05-01,0,0.0012186018,0
11,2016-05-01,2016-06-01,0,0.0005930736,0
11,2016-06-01,2016-07-01,0,0.0005627075,0
11,2016-07-01,2016-08-01,0,0.00073941017,0
11,2016-08-01,2016-09-01,0,0.001481194,0
11,2016-09-01,2016-10-01,0,0.0006440771,0
11,2016-10-01,2016-11-01,0,0.0006089914,0
11,2016-11-01,2016-12-01,0,0.0010008957,0
11,2016-12-01,2017-01-01,0,0.0005930736,0
11,2017-01-01,2017-02-01,0,0.00087113574,0
11,2017-02-01,2017-03-01,0,0.0005627075,0
11,2017-03-01,2017-04-01,0,0.0006089914,0
11,2017-04-01,2017-05-01,0,0.0006440771,0
11,2017-05-01,2017-06-01,0,0.0005627075,0
11,2017-06-01,2017-07-01,0,0.0014166037,0
11,2017-07-01,2017-08-01,0,0.0005627075,0
11,2017-08-01,2017-09-01,0,0.00073941017,0
11,2017-09-01,2017-10-01,0,0.0005627075,0
11,2017-10-01,2017-11-01,0,0.0008218458,0
11,2017-11-01,2017-12-01,0,0.0007419155,0
11,2017-12-01,2018-01-01,0,0.0013166311,0
11,2018-01-01,2018-02-01,0,0.0006089914,0
11,2018-02-01,2018-03-01,0,0.0005930736,0
11,2018-03-01,2018-04-01,0,0.0005627075,0
11,2018-04-01,2018-05-01,0,0.0005930736,0
11,2018-05-01,2018-06-01,0,0.0005930736,0
11,2018-06-01,2018-07-01,0,0.00090162153,0
11,2018-07-01,2018-08-01,0,0.0010008957,0
11,2018-08-01,2018-09-01,0,0.0005627075,0
11,2018-09-01,2018-10-01,0,0.0008344658,0
11,2018-10-01,2018-11-01,0,0.0006089914,0
11,2018-11-01,2018-12-01,0,0.0010008957,0
11,2018-12-01,2019-01-01,0,0.0006089914,0
11,2019-01-01,2019-02-01,0,0.0006745803,0
11,2019-02-01,2019-03-01,0,0.0005627075,0
11,2019-03-01,2019-04-01,0,0.0006089914,0
11,2019-04-01,2019-05-01,0,0.0010008957,0
11,2019-05-01,2019-06-01,0,0.0005627075,0
11,2019-06-01,2019-07-01,0,0.0005627075,0
11,2019-07-01,2019-08-01,0,0.0010008957,0
11,2019-08-01,2019-09-01,0,0.0014166037,0
11,2019-09-01,2019-10-01,0,0.0010008957,0
11,2019-10-01,2019-11-01,0,0.0005930736,0
11,2019-11-01,2019-12-01,0,0.0006440771,0
11,2019-12-01,2020-01-01,0,0.0010008957,0
11,2020-01-01,2020-02-01,0,0.0005646144,0
11,2020-02-01,2020-03-01,0,0.0005646144,0
11,2020-03-01,2020-04-01,0,0.0005930736,0
11,2020-04-01,2020-05-01,0,0.001014366,0
11,2020-05-01,2020-06-01,0,0.0006089914,0
11,2020-06-01,2020-07-01,0,0.0005646144,0
11,2020-07-01,2020-08-01,0,0.0010008957,0
11,2020-08-01,2020-09-01,0,0.0015843592,0
11,2020-09-01,2020-10-01,0,0.0005627075,0
11,2020-10-01,2020-11-01,0,0.0008344658,0
11,2020-11-01,2020-12-01,0,0.0010008957,0
11,2020-12-01,2021-01-01,0,0.0015843592,0
11,2021-01-01,2021-02-01,0,0.0015216129,0
11,2021-02-01,2021-03-01,0,0.0010008957,0
11,2021-03-01,2021-04-01,0,0.0005338129,0
11,2021-04-01,2021-05-01,0,0.00087113574,0
11,2021-05-01,2021-06-01,0,0.0005733581,0
11,2021-06-01,2021-07-01,0,0.0006089914,0
11,2021-07-01,2021-08-01,0,0.000591767,0
11,2021-08-01,2021-09-01,0,0.0010008957,0
11,2021-09-01,2021-10-01,0,0.0006440771,0
11,2021-10-01,2021-11-01,0,0.0005627075,0
11,2021-11-01,2021-12-01,0,0.0005627075,0
11,2021-12-01,2022-01-01,0,0.0006089914,0
11,2022-01-01,2022-02-01,0,0.0007277556,0
11,2022-02-01,2022-03-01,0,0.0010008957,0
11,2022-03-01,2022-04-01,0,0.0005930736,0
11,2022-04-01,2022-05-01,0,0.0005646144,0
11,2022-05-01,2022-06-01,0,0.000591767,0
11,2022-06-01,2022-07-01,0,0.0010008957,0
11,2022-07-01,2022-08-01,0,0.0014256971,0
11,2022-08-01,2022-09-01,0,0.00073941017,0
11,2022-09-01,2022-10-01,0,0.0005930736,0
11,2022-10-01,2022-11-01,0,0.0022517776,0
11,2022-11-01,2022-12-01,0,0.000866184,0
12,2015-02-01,2015-03-01,0,0.005784577,0
12,2015-03-01,2015-04-01,0,0.0036453686,0
12,2015-04-01,2015-05-01,0,0.00855664,0
12,2015-05-01,2015-06-01,0,0.0070696576,0
12,2015-06-01,2015-07-01,0,0.006200631,0
12,2015-07-01,2015-08-01,0,0.004435723,0
12,2015-08-01,2015-09-01,0,0.01232202,0
12,2015-09-01,2015-10-01,0,0.01232202,0
12,2015-10-01,2015-11-01,0,0.00855664,0
12,2015-11-01,2015-12-01,0,0.015606648,0
12,2015-12-01,2016-01-01,0,0.0053165834,0
12,2016-01-01,2016-02-01,0,0.015813574,0
12,2016-02-01,2016-03-01,0,0.0042079724,0
12,2016-03-01,2016-04-01,0,0.0031558583,0
12,2016-04-01,2016-05-01,0,0.0060950196,0
12,2016-05-01,2016-06-01,0,0.0029946675,0
12,2016-06-01,2016-07-01,0,0.004791307,0
12,2016-07-01,2016-08-01,0,0.0029946675,0
12,2016-08-01,2016-09-01,0,0.0029946675,0
12,2016-09-01,2016-10-01,0,0.014448497,0
12,2016-10-01,2016-11-01,0,0.010247422,0
12,2016-11-01,2016-12-01,0,0.008830645,0
12,2016-12-01,2017-01-01,0,0.0029946675,0
12,2017-01-01,2017-02-01,0,0.0031558583,0
12,2017-02-01,2017-03-01,0,0.0030047914,0
12,2017-03-01,2017-04-01,0,0.0045695114,0
12,2017-04-01,2017-05-01,0,0.007328486,0
12,2017-05-01,2017-06-01,0,0.0053878217,0
12,2017-06-01,2017-07-01,0,0.005784577,0
12,2017-07-01,2017-08-01,0,0.0032403374,0
12,2017-08-01,2017-09-01,0,0.013883356,0
12,2017-09-01,2017-10-01,0,0.007335191,0
12,2017-10-01,2017-11-01,0,0.01342163,0
12,2017-11-01,2017-12-01,0,0.008830645,0
12,2017-12-01,2018-01-01,0,0.0060950196,0
12,2018-01-01,2018-02-01,0,0.0029946675,0
12,2018-02-01,2018-03-01,0,0.0029946675,0
12,2018-03-01,2018-04-01,0,0.00534921,0
12,2018-04-01,2018-05-01,0,0.0029946675,0
12,2018-05-01,2018-06-01,0,0.0031558583,0
12,2018-06-01,2018-07-01,0,0.010292497,0
12,2018-07-01,2018-08-01,0,0.010247422,0
12,2018-08-01,2018-09-01,0,0.007901559,0
12,2018-09-01,2018-10-01,0,0.0053165834,0
12,2018-10-01,2018-11-01,0,0.005336147,0
12,2018-11-01,2018-12-01,0,0.0053165834,0
12,2018-12-01,2019-01-01,0,0.0036942973,0
12,2019-01-01,2019-02-01,0,0.01232202,0
12,2019-02-01,2019-03-01,0,0.0020518184,0
12,2019-03-01,2019-04-01,0,0.0036453686,0
12,2019-04-01,2019-05-01,0,0.0020587612,0
12,2019-05-01,2019-06-01,0,0.007901559,0
12,2019-06-01,2019-07-01,0,0.0020518184,0
12,2019-07-01,2019-08-01,0,0.003678661,0
12,2019-08-01,2019-09-01,0,0.0031558583,0
12,2019-09-01,2019-10-01,0,0.0032403374,0
12,2019-10-01,2019-11-01,0,0.0027764789,0
12,2019-11-01,2019-12-01,0,0.002694874,0
12,2019-12-01,2020-01-01,0,0.0036453686,0
12,2020-01-01,2020-02-01,0,0.0015693285,0
12,2020-02-01,2020-03-01,0,0.0031083806,0
12,2020-03-01,2020-04-01,0,0.0015693285,0
12,2020-04-01,2020-05-01,0,0.0017996089,0
12,2020-05-01,2020-06-01,0,0.0015693285,0
12,2020-06-01,2020-07-01,0,0.0014890515,0
12,2020-07-01,2020-08-01,0,0.0036396768,0
12,2020-08-01,2020-09-01,0,0.0015172088,0
12,2020-09-01,2020-10-01,0,0.002886884,0
12,2020-10-01,2020-11-01,0,0.0036396768,0
12,2020-11-01,2020-12-01,0,0.0036396768,0
12,2020-12-01,2021-01-01,0,0.004714761,0
12,2021-01-01,2021-02-01,0,0.0036396768,0
12,2021-02-01,2021-03-01,0,0.0024881505,0
12,2021-03-01,2021-04-01,0,0.0021807088,0
12,2021-04-01,2021-05-01,0,0.0020817174,0
12,2021-05-01,2021-06-01,0,0.0024273817,0
12,2021-06-01,2021-07-01,0,0.0014693758,0
12,2021-07-01,2021-08-01,0,0.0023951922,0
12,2021-08-01,2021-09-01,0,0.0017996089,0
12,2021-09-01,2021-10-01,0,0.0014890515,0
12,2021-10-01,2021-11-01,0,0.0023951922,0
12,2021-11-01,2021-12-01,0,0.0020817174,0
12,2021-12-01,2022-01-01,0,0.0016114066,0
12,2022-01-01,2022-02-01,0,0.0023951922,0
12,2022-02-01,2022-03-01,0,0.0023951922,0
12,2022-03-01,2022-04-01,0,0.0014890515,0
12,2022-04-01,2022-05-01,0,0.0023951922,0
12,2022-05-01,2022-06-01,0,0.0014890515,0
12,2022-06-01,2022-07-01,0,0.0032386885,0
12,2022-07-01,2022-08-01,0,0.004027165,0
12,2022-08-01,2022-09-01,0,0.0035826662,0
12,2022-09-01,2022-10-01,0,0.006254511,0
12,2022-10-01,2022-11-01,0,0.0021450173,0
12,2022-11-01,2022-12-01,0,0.012960501,0
13,2015-02-01,2015-03-01,0,0.0028003238,0
13,2015-03-01,2015-04-01,0,0.0019185443,0
13,2015-04-01,2015-05-01,0,0.0049723065,0
13,2015-05-01,2015-06-01,0,0.0028003238,0
13,2015-06-01,2015-07-01,0,0.016451716,0
13,2015-07-01,2015-08-01,0,0.011529361,0
13,2015-08-01,2015-09-01,0,0.0044808914,0
13,2015-09-01,2015-10-01,0,0.0036869613,0
13,2015-10-01,2015-11-01,0,0.0049723065,0
13,2015-11-01,2015-12-01,0,0.009586924,0
13,2015-12-01,2016-01-01,0,0.0049723065,0
13,2016-01-01,2016-02-01,0,0.0028003238,0
13,2016-02-01,2016-03-01,0,0.0041482486,0
13,2016-03-01,2016-04-01,0,0.0034089407,0
13,2016-04-01,2016-05-01,0,0.011242425,0
13,2016-05-01,2016-06-01,0,0.0030300987,0
13,2016-06-01,2016-07-01,0,0.0049723065,0
13,2016-07-01,2016-08-01,0,0.013594255,0
13,2016-08-01,2016-09-01,0,0.011529361,0
13,2016-09-01,2016-10-01,0,0.021720892,0
13,2016-10-01,2016-11-01,0,0.0049723065,0
13,2016-11-01,2016-12-01,0,0.014418435,0
13,2016-12-01,2017-01-01,0,0.0201389,0
13,2017-01-01,2017-02-01,0,0.006612614,0
13,2017-02-01,2017-03-01,0,0.016451716,0
13,2017-03-01,2017-04-01,0,0.0030715563,0
13,2017-04-01,2017-05-01,0,0.006968602,0
13,2017-05-01,2017-06-01,0,0.0065847225,0
13,2017-06-01,2017-07-01,0,0.010541981,0
13,2017-07-01,2017-08-01,0,0.013174926,0
13,2017-08-01,2017-09-01,0,0.018606491,0
13,2017-09-01,2017-10-01,0,0.013337548,0
13,2017-10-01,2017-11-01,0,0.021720892,0
13,2017-11-01,2017-12-01,0,0.021720892,0
13,2017-12-01,2018-01-01,0,0.009766052,0
13,2018-01-01,2018-02-01,0,0.016790362,0
13,2018-02-01,2018-03-01,0,0.011529361,0
13,2018-03-01,2018-04-01,0,0.0050028306,0
13,2018-04-01,2018-05-01,0,0.01299158,0
13,2018-05-01,2018-06-01,0,0.003846335,0
13,2018-06-01,2018-07-01,0,0.021720892,0
13,2018-07-01,2018-08-01,0,0.0054101604,0
13,2018-08-01,2018-09-01,0,0.010541981,0
13,2018-09-01,2018-10-01,0,0.011446206,0
13,2018-10-01,2018-11-01,0,0.0070440634,0
13,2018-11-01,2018-12-01,0,0.017247336,0
13,2018-12-01,2019-01-01,0,0.0028003238,0
13,2019-01-01,2019-02-01,0,0.011529361,0
13,2019-02-01,2019-03-01,0,0.0028432382,0
13,2019-03-01,2019-04-01,0,0.0019185443,0
13,2019-04-01,2019-05-01,0,0.0019185443,0
13,2019-05-01,2019-06-01,0,0.0029416082,0
13,2019-06-01,2019-07-01,0,0.008260704,0
13,2019-07-01,2019-08-01,0,0.018606491,0
13,2019-08-01,2019-09-01,0,0.016790362,0
13,2019-09-01,2019-10-01,0,0.021720892,0
13,2019-10-01,2019-11-01,0,0.0030300987,0
13,2019-11-01,2019-12-01,0,0.0049723065,0
13,2019-12-01,2020-01-01,0,0.0028003238,0
13,2020-01-01,2020-02-01,0,0.013205636,0
13,2020-02-01,2020-03-01,0,0.00482427,0
13,2020-03-01,2020-04-01,0,0.006480802,0
13,2020-04-01,2020-05-01,0,0.008224818,0
13,2020-05-01,2020-06-01,0,0.008552987,0
13,2020-06-01,2020-07-01,0,0.0033072946,0
13,2020-07-01,2020-08-01,0,0.0033072946,0
13,2020-08-01,2020-09-01,0,0.014800891,0
13,2020-09-01,2020-10-01,0,0.020078951,0
13,2020-10-01,2020-11-01,0,0.022105139,0
13,2020-11-01,2020-12-01,0,0.009859385,0
13,2020-12-01,2021-01-01,0,0.00482427,0
13,2021-01-01,2021-02-01,0,0.006033039,0
13,2021-02-01,2021-03-01,0,0.0041375505,0
13,2021-03-01,2021-04-01,0,0.0033072946,0
13,2021-04-01,2021-05-01,0,0.0060868217,0
13,2021-05-01,2021-06-01,0,0.0034852538,0
13,2021-06-01,2021-07-01,0,0.0033184716,0
13,2021-07-01,2021-08-01,0,0.011110188,0
13,2021-08-01,2021-09-01,0,0.00482427,0
13,2021-09-01,2021-10-01,0,0.0033072946,0
13,2021-10-01,2021-11-01,0,0.007715919,0
13,2021-11-01,2021-12-01,0,0.0094396025,0
13,2021-12-01,2022-01-01,0,0.0033184716,0
13,2022-01-01,2022-02-01,0,0.00482427,0
13,2022-02-01,2022-03-01,0,0.013453142,0
13,2022-03-01,2022-04-01,0,0.004646671,0
13,2022-04-01,2022-05-01,0,0.00482427,0
13,2022-05-01,2022-06-01,0,0.004840549,0
13,2022-06-01,2022-07-01,0,0.019130353,0
13,2022-07-01,2022-08-01,0,0.016458293,0
13,2022-08-01,2022-09-01,0,0.034273848,0
13,2022-09-01,2022-10-01,0,0.072604015,0
13,2022-10-01,2022-11-01,0,0.062051676,0
13,2022-11-01,2022-12-01,0,0.19117482,0
14,2015-02-01,2015-03-01,0,0.0017819614,0
14,2015-03-01,2015-04-01,0,0.0007566048,0
14,2015-04-01,2015-05-01,0,0.0007178717,0
14,2015-05-01,2015-06-01,0,0.0007178717,0
14,2015-06-01,2015-07-01,0,0.0010483913,0
14,2015-07-01,2015-08-01,0,0.0013123233,0
14,2015-08-01,2015-09-01,0,0.0011049381,0
14,2015-09-01,2015-10-01,0,0.0011049381,0
14,2015-10-01,2015-11-01,0,0.001102505,0
14,2015-11-01,2015-12-01,0,0.0011049381,0
14,2015-12-01,2016-01-01,0,0.00072030415,0
14,2016-01-01,2016-02-01,0,0.0010483913,0
14,2016-02-01,2016-03-01,0,0.0007178717,0
14,2016-03-01,2016-04-01,0,0.001111252,0
14,2016-04-01,2016-05-01,0,0.001418031,0
14,2016-05-01,2016-06-01,0,0.00084972766,0
14,2016-06-01,2016-07-01,0,0.0007566048,0
14,2016-07-01,2016-08-01,0,0.0013123233,0
14,2016-08-01,2016-09-01,0,0.0011049381,0
14,2016-09-01,2016-10-01,0,0.0021511212,0
14,2016-10-01,2016-11-01,0,0.0020472023,0
14,2016-11-01,2016-12-01,0,0.0026919164,0
14,2016-12-01,2017-01-01,0,0.0011164603,0
14,2017-01-01,2017-02-01,0,0.0010483913,0
14,2017-02-01,2017-03-01,0,0.0009718683,0
14,2017-03-01,2017-04-01,0,0.00072030415,0
14,2017-04-01,2017-05-01,0,0.0007178717,0
14,2017-05-01,2017-06-01,0,0.0015584537,0
14,2017-06-01,2017-07-01,0,0.0020497094,0
14,2017-07-01,2017-08-01,0,0.0020497094,0
14,2017-08-01,2017-09-01,0,0.0010483913,0
14,2017-09-01,2017-10-01,0,0.0038926902,0
14,2017-10-01,2017-11-01,0,0.0022751095,0
14,2017-11-01,2017-12-01,0,0.004662117,0
14,2017-12-01,2018-01-01,0,0.0020497094,0
14,2018-01-01,2018-02-01,0,0.0009941349,0
14,2018-02-01,2018-03-01,0,0.001418031,0
14,2018-03-01,2018-04-01,0,0.0007178717,0
14,2018-04-01,2018-05-01,0,0.00084972766,0
14,2018-05-01,2018-06-01,0,0.0010483913,0
14,2018-06-01,2018-07-01,0,0.0010483913,0
14,2018-07-01,2018-08-01,0,0.0009941349,0
14,2018-08-01,2018-09-01,0,0.0010483913,0
14,2018-09-01,2018-10-01,0,0.0012408805,0
14,2018-10-01,2018-11-01,0,0.0012408805,0
14,2018-11-01,2018-12-01,0,0.0011049381,0
14,2018-12-01,2019-01-01,0,0.0007566048,0
14,2019-01-01,2019-02-01,0,0.0010483913,0
14,2019-02-01,2019-03-01,0,0.0012785443,0
14,2019-03-01,2019-04-01,0,0.0007549382,0
14,2019-04-01,2019-05-01,0,0.0014039542,0
14,2019-05-01,2019-06-01,0,0.0007566048,0
14,2019-06-01,2019-07-01,0,0.0007541699,0
14,2019-07-01,2019-08-01,0,0.0007178717,0
14,2019-08-01,2019-09-01,0,0.0007178717,0
14,2019-09-01,2019-10-01,0,0.001900238,0
14,2019-10-01,2019-11-01,0,0.0014039542,0
14,2019-11-01,2019-12-01,0,0.0007566048,0
14,2019-12-01,2020-01-01,0,0.0015584537,0
14,2020-01-01,2020-02-01,0,0.0007566048,0
14,2020-02-01,2020-03-01,0,0.0007178717,0
14,2020-03-01,2020-04-01,0,0.0012204563,0
14,2020-04-01,2020-05-01,0,0.0007566048,0
14,2020-05-01,2020-06-01,0,0.001111252,0
14,2020-06-01,2020-07-01,0,0.0007178717,0
14,2020-07-01,2020-08-01,0,0.00084972766,0
14,2020-08-01,2020-09-01,0,0.0007178717,0
14,2020-09-01,2020-10-01,0,0.00072030415,0
14,2020-10-01,2020-11-01,0,0.0007566048,0
14,2020-11-01,2020-12-01,0,0.0007178717,0
14,2020-12-01,2021-01-01,0,0.0007566048,0
14,2021-01-01,2021-02-01,0,0.001111252,0
14,2021-02-01,2021-03-01,0,0.00094946806,0
14,2021-03-01,2021-04-01,0,0.0007178717,0
14,2021-04-01,2021-05-01,0,0.0007566048,0
14,2021-05-01,2021-06-01,0,0.00072030415,0
14,2021-06-01,2021-07-01,0,0.0007178717,0
14,2021-07-01,2021-08-01,0,0.0007178717,0
14,2021-08-01,2021-09-01,0,0.0007178717,0
14,2021-09-01,2021-10-01,0,0.0007178717,0
14,2021-10-01,2021-11-01,0,0.0007178717,0
14,2021-11-01,2021-12-01,0,0.0007566048,0
14,2021-12-01,2022-01-01,0,0.0007178717,0
14,2022-01-01,2022-02-01,0,0.001111252,0
14,2022-02-01,2022-03-01,0,0.0007178717,0
14,2022-03-01,2022-04-01,0,0.0007549382,0
14,2022-04-01,2022-05-01,0,0.0007566048,0
14,2022-05-01,2022-06-01,0,0.0007566048,0
14,2022-06-01,2022-07-01,0,0.0007178717,0
14,2022-07-01,2022-08-01,0,0.00084972766,0
14,2022-08-01,2022-09-01,0,0.0010483913,0
14,2022-09-01,2022-10-01,0,0.0010483913,0
14,2022-10-01,2022-11-01,0,0.0010483913,0
14,2022-11-01,2022-12-01,0,0.0030657407,0
15,2015-02-01,2015-03-01,0,0.007492936,0
15,2015-03-01,2015-04-01,0,0.002615329,0
15,2015-04-01,2015-05-01,0,0.00957506,0
15,2015-05-01,2015-06-01,0,0.004146663,0
15,2015-06-01,2015-07-01,0,0.008089742,0
15,2015-07-01,2015-08-01,0,0.006675549,0
15,2015-08-01,2015-09-01,0,0.008089742,0
15,2015-09-01,2015-10-01,0,0.008089742,0
15,2015-10-01,2015-11-01,0,0.008749722,0
15,2015-11-01,2015-12-01,0,0.008089742,0
15,2015-12-01,2016-01-01,0,0.0022605783,0
15,2016-01-01,2016-02-01,0,0.008089742,0
15,2016-02-01,2016-03-01,0,0.0061049354,0
15,2016-03-01,2016-04-01,0,0.0022605783,0
15,2016-04-01,2016-05-01,0,0.0049923877,0
15,2016-05-01,2016-06-01,0,0.0021166923,0
15,2016-06-01,2016-07-01,0,0.007492936,0
15,2016-07-01,2016-08-01,0,0.00526054,0
15,2016-08-01,2016-09-01,0,0.008104624,0
15,2016-09-01,2016-10-01,0,0.008089742,0
15,2016-10-01,2016-11-01,0,0.006335727,0
15,2016-11-01,2016-12-01,0,0.008785497,0
15,2016-12-01,2017-01-01,0,0.008840358,0
15,2017-01-01,2017-02-01,0,0.004146663,0
15,2017-02-01,2017-03-01,0,0.007865531,0
15,2017-03-01,2017-04-01,0,0.0021450173,0
15,2017-04-01,2017-05-01,0,0.0022605783,0
15,2017-05-01,2017-06-01,0,0.0021450173,0
15,2017-06-01,2017-07-01,0,0.006335727,0
15,2017-07-01,2017-08-01,0,0.0068535986,0
15,2017-08-01,2017-09-01,0,0.0072458447,0
15,2017-09-01,2017-10-01,0,0.007492936,0
15,2017-10-01,2017-11-01,0,0.00526054,0
15,2017-11-01,2017-12-01,0,0.0061049354,0
15,2017-12-01,2018-01-01,0,0.0022605783,0
15,2018-01-01,2018-02-01,0,0.0057909684,0
15,2018-02-01,2018-03-01,0,0.0043695895,0
15,2018-03-01,2018-04-01,0,0.0020817174,0
15,2018-04-01,2018-05-01,0,0.004146663,0
15,2018-05-01,2018-06-01,0,0.0022605783,0
15,2018-06-01,2018-07-01,0,0.006335727,0
15,2018-07-01,2018-08-01,0,0.0021166923,0
15,2018-08-01,2018-09-01,0,0.006675549,0
15,2018-09-01,2018-10-01,0,0.0043695895,0
15,2018-10-01,2018-11-01,0,0.002997984,0
15,2018-11-01,2018-12-01,0,0.0043695895,0
15,2018-12-01,2019-01-01,0,0.004779641,0
15,2019-01-01,2019-02-01,0,0.005710646,0
15,2019-02-01,2019-03-01,0,0.0021450173,0
15,2019-03-01,2019-04-01,0,0.0014693758,0
15,2019-04-01,2019-05-01,0,0.001494093,0
15,2019-05-01,2019-06-01,0,0.002454633,0
15,2019-06-01,2019-07-01,0,0.0021522748,0
15,2019-07-01,2019-08-01,0,0.0021450173,0
15,2019-08-01,2019-09-01,0,0.0021522748,0
15,2019-09-01,2019-10-01,0,0.0043695895,0
15,2019-10-01,2019-11-01,0,0.0021166923,0
15,2019-11-01,2019-12-01,0,0.0022605783,0
15,2019-12-01,2020-01-01,0,0.0019886098,0
15,2020-01-01,2020-02-01,0,0.0017007297,0
15,2020-02-01,2020-03-01,0,0.0016137419,0
15,2020-03-01,2020-04-01,0,0.0011200625,0
15,2020-04-01,2020-05-01,0,0.0015660953,0
15,2020-05-01,2020-06-01,0,0.0011200625,0
15,2020-06-01,2020-07-01,0,0.0011200625,0
15,2020-07-01,2020-08-01,0,0.0011052571,0
15,2020-08-01,2020-09-01,0,0.0015302722,0
15,2020-09-01,2020-10-01,0,0.0016137419,0
15,2020-10-01,2020-11-01,0,0.0017007297,0
15,2020-11-01,2020-12-01,0,0.0021083802,0
15,2020-12-01,2021-01-01,0,0.0018468141,0
15,2021-01-01,2021-02-01,0,0.0017463246,0
15,2021-02-01,2021-03-01,0,0.0011200625,0
15,2021-03-01,2021-04-01,0,0.0011804703,0
15,2021-04-01,2021-05-01,0,0.0011804703,0
15,2021-05-01,2021-06-01,0,0.0011200625,0
15,2021-06-01,2021-07-01,0,0.0011238562,0
15,2021-07-01,2021-08-01,0,0.0011200625,0
15,2021-08-01,2021-09-01,0,0.0016137419,0
15,2021-09-01,2021-10-01,0,0.00145199,0
15,2021-10-01,2021-11-01,0,0.0016137419,0
15,2021-11-01,2021-12-01,0,0.0017007297,0
15,2021-12-01,2022-01-01,0,0.00145199,0
15,2022-01-01,2022-02-01,0,0.0011804703,0
15,2022-02-01,2022-03-01,0,0.0011804703,0
15,2022-03-01,2022-04-01,0,0.0011804703,0
15,2022-04-01,2022-05-01,0,0.0012819244,0
15,2022-05-01,2022-06-01,0,0.0011052571,0
15,2022-06-01,2022-07-01,0,0.002343082,0
15,2022-07-01,2022-08-01,0,0.0016137419,0
15,2022-08-01,2022-09-01,0,0.0029704294,0
15,2022-09-01,2022-10-01,0,0.0035892052,0
15,2022-10-01,2022-11-01,0,0.0029704294,0
15,2022-11-01,2022-12-01,0,0.005456808,0
16,2015-02-01,2015-03-01,0,0.008382498,0
16,2015-03-01,2015-04-01,0,0.0019185443,0
16,2015-04-01,2015-05-01,0,0.0028003238,0
16,2015-05-01,2015-06-01,0,0.0028003238,0
16,2015-06-01,2015-07-01,0,0.0086434055,0
16,2015-07-01,2015-08-01,0,0.009586924,0
16,2015-08-01,2015-09-01,0,0.0029510846,0
16,2015-09-01,2015-10-01,0,0.0054101604,0
16,2015-10-01,2015-11-01,0,0.0028003238,0
16,2015-11-01,2015-12-01,0,0.0054101604,0
16,2015-12-01,2016-01-01,0,0.0019185443,0
16,2016-01-01,2016-02-01,0,0.0022536737,0
16,2016-02-01,2016-03-01,0,0.0028003238,0
16,2016-03-01,2016-04-01,0,0.002021929,0
16,2016-04-01,2016-05-01,0,0.0026758346,0
16,2016-05-01,2016-06-01,0,0.0029484157,0
16,2016-06-01,2016-07-01,0,0.0029510846,0
16,2016-07-01,2016-08-01,0,0.0057006236,0
16,2016-08-01,2016-09-01,0,0.0057006236,0
16,2016-09-01,2016-10-01,0,0.00800424,0
16,2016-10-01,2016-11-01,0,0.0028003238,0
16,2016-11-01,2016-12-01,0,0.0028003238,0
16,2016-12-01,2017-01-01,0,0.0028003238,0
16,2017-01-01,2017-02-01,0,0.0049723065,0
16,2017-02-01,2017-03-01,0,0.0029510846,0
16,2017-03-01,2017-04-01,0,0.0019185443,0
16,2017-04-01,2017-05-01,0,0.0019185443,0
16,2017-05-01,2017-06-01,0,0.0020761173,0
16,2017-06-01,2017-07-01,0,0.0086750835,0
16,2017-07-01,2017-08-01,0,0.0030300987,0
16,2017-08-01,2017-09-01,0,0.009586924,0
16,2017-09-01,2017-10-01,0,0.006839154,0
16,2017-10-01,2017-11-01,0,0.0028003238,0
16,2017-11-01,2017-12-01,0,0.009586924,0
16,2017-12-01,2018-01-01,0,0.0056823683,0
16,2018-01-01,2018-02-01,0,0.0028003238,0
16,2018-02-01,2018-03-01,0,0.0041482486,0
16,2018-03-01,2018-04-01,0,0.0019185443,0
16,2018-04-01,2018-05-01,0,0.0028003238,0
16,2018-05-01,2018-06-01,0,0.0043450817,0
16,2018-06-01,2018-07-01,0,0.0030300987,0
16,2018-07-01,2018-08-01,0,0.0049723065,0
16,2018-08-01,2018-09-01,0,0.0030300987,0
16,2018-09-01,2018-10-01,0,0.0043450817,0
16,2018-10-01,2018-11-01,0,0.0028003238,0
16,2018-11-01,2018-12-01,0,0.0029416082,0
16,2018-12-01,2019-01-01,0,0.0034089407,0
16,2019-01-01,2019-02-01,0,0.0032042237,0
16,2019-02-01,2019-03-01,0,0.0019185443,0
16,2019-03-01,2019-04-01,0,0.0021955424,0
16,2019-04-01,2019-05-01,0,0.0028432382,0
16,2019-05-01,2019-06-01,0,0.0027360625,0
16,2019-06-01,2019-07-01,0,0.0019185443,0
16,2019-07-01,2019-08-01,0,0.0021955424,0
16,2019-08-01,2019-09-01,0,0.005608808,0
16,2019-09-01,2019-10-01,0,0.0030300987,0
16,2019-10-01,2019-11-01,0,0.0059102173,0
16,2019-11-01,2019-12-01,0,0.0041482486,0
16,2019-12-01,2020-01-01,0,0.0030715563,0
16,2020-01-01,2020-02-01,0,0.0019185443,0
16,2020-02-01,2020-03-01,0,0.0019185443,0
16,2020-03-01,2020-04-01,0,0.002021929,0
16,2020-04-01,2020-05-01,0,0.002021929,0
16,2020-05-01,2020-06-01,0,0.002021929,0
16,2020-06-01,2020-07-01,0,0.0022449957,0
16,2020-07-01,2020-08-01,0,0.0018331829,0
16,2020-08-01,2020-09-01,0,0.0019185443,0
16,2020-09-01,2020-10-01,0,0.0030300987,0
16,2020-10-01,2020-11-01,0,0.0019250372,0
16,2020-11-01,2020-12-01,0,0.0030715563,0
16,2020-12-01,2021-01-01,0,0.0034089407,0
16,2021-01-01,2021-02-01,0,0.002021929,0
16,2021-02-01,2021-03-01,0,0.0019185443,0
16,2021-03-01,2021-04-01,0,0.0022449957,0
16,2021-04-01,2021-05-01,0,0.0019185443,0
16,2021-05-01,2021-06-01,0,0.0019185443,0
16,2021-06-01,2021-07-01,0,0.0030715563,0
16,2021-07-01,2021-08-01,0,0.0019185443,0
16,2021-08-01,2021-09-01,0,0.0020761173,0
16,2021-09-01,2021-10-01,0,0.0020761173,0
16,2021-10-01,2021-11-01,0,0.0020154305,0
16,2021-11-01,2021-12-01,0,0.0019185443,0
16,2021-12-01,2022-01-01,0,0.0019185443,0
16,2022-01-01,2022-02-01,0,0.0019185443,0
16,2022-02-01,2022-03-01,0,0.0018331829,0
16,2022-03-01,2022-04-01,0,0.0028432382,0
16,2022-04-01,2022-05-01,0,0.0018331829,0
16,2022-05-01,2022-06-01,0,0.002021929,0
16,2022-06-01,2022-07-01,0,0.0043450817,0
16,2022-07-01,2022-08-01,0,0.0034089407,0
16,2022-08-01,2022-09-01,0,0.0028003238,0
16,2022-09-01,2022-10-01,0,0.006612614,0
16,2022-10-01,2022-11-01,0,0.0049723065,0
16,2022-11-01,2022-12-01,0,0.0074471286,0
17,2015-02-01,2015-03-01,0,0.0080534695,0
17,2015-03-01,2015-04-01,0,0.002524375,0
17,2015-04-01,2015-05-01,0,0.0093516745,0
17,2015-05-01,2015-06-01,0,0.005454244,0
17,2015-06-01,2015-07-01,0,0.011882534,0
17,2015-07-01,2015-08-01,0,0.005246934,0
17,2015-08-01,2015-09-01,0,0.009770451,0
17,2015-09-01,2015-10-01,0,0.010951321,0
17,2015-10-01,2015-11-01,0,0.008719653,0
17,2015-11-01,2015-12-01,0,0.01707744,0
17,2015-12-01,2016-01-01,0,0.004862687,0
17,2016-01-01,2016-02-01,0,0.0053305742,0
17,2016-02-01,2016-03-01,0,0.0049675643,0
17,2016-03-01,2016-04-01,0,0.0029326894,0
17,2016-04-01,2016-05-01,0,0.008612836,0
17,2016-05-01,2016-06-01,0,0.002162472,0
17,2016-06-01,2016-07-01,0,0.009792278,0
17,2016-07-01,2016-08-01,0,0.005641272,0
17,2016-08-01,2016-09-01,0,0.013063097,0
17,2016-09-01,2016-10-01,0,0.008719653,0
17,2016-10-01,2016-11-01,0,0.00916714,0
17,2016-11-01,2016-12-01,0,0.009469061,0
17,2016-12-01,2017-01-01,0,0.004862687,0
17,2017-01-01,2017-02-01,0,0.004404132,0
17,2017-02-01,2017-03-01,0,0.009872796,0
17,2017-03-01,2017-04-01,0,0.00248413,0
17,2017-04-01,2017-05-01,0,0.0044761947,0
17,2017-05-01,2017-06-01,0,0.0046147583,0
17,2017-06-01,2017-07-01,0,0.0045934888,0
17,2017-07-01,2017-08-01,0,0.006791183,0
17,2017-08-01,2017-09-01,0,0.010396106,0
17,2017-09-01,2017-10-01,0,0.011554445,0
17,2017-10-01,2017-11-01,0,0.0055260486,0
17,2017-11-01,2017-12-01,0,0.010108645,0
17,2017-12-01,2018-01-01,0,0.0042456654,0
17,2018-01-01,2018-02-01,0,0.0026593516,0
17,2018-02-01,2018-03-01,0,0.0073760827,0
17,2018-03-01,2018-04-01,0,0.0016649092,0
17,2018-04-01,2018-05-01,0,0.0036955697,0
17,2018-05-01,2018-06-01,0,0.004391867,0
17,2018-06-01,2018-07-01,0,0.0044761947,0
17,2018-07-01,2018-08-01,0,0.0033033234,0
17,2018-08-01,2018-09-01,0,0.0048813922,0
17,2018-09-01,2018-10-01,0,0.009480522,0
17,2018-10-01,2018-11-01,0,0.007346007,0
17,2018-11-01,2018-12-01,0,0.0046123476,0
17,2018-12-01,2019-01-01,0,0.002524375,0
17,2019-01-01,2019-02-01,0,0.009469061,0
17,2019-02-01,2019-03-01,0,0.0043516937,0
17,2019-03-01,2019-04-01,0,0.0030758262,0
17,2019-04-01,2019-05-01,0,0.003067529,0
17,2019-05-01,2019-06-01,0,0.003050843,0
17,2019-06-01,2019-07-01,0,0.0046123476,0
17,2019-07-01,2019-08-01,0,0.0023077717,0
17,2019-08-01,2019-09-01,0,0.004862687,0
17,2019-09-01,2019-10-01,0,0.0044761947,0
17,2019-10-01,2019-11-01,0,0.0021390456,0
17,2019-11-01,2019-12-01,0,0.0030618662,0
17,2019-12-01,2020-01-01,0,0.0030618662,0
17,2020-01-01,2020-02-01,0,0.0030618662,0
17,2020-02-01,2020-03-01,0,0.0030618662,0
17,2020-03-01,2020-04-01,0,0.00090724323,0
17,2020-04-01,2020-05-01,0,0.0012502779,0
17,2020-05-01,2020-06-01,0,0.0006295612,0
17,2020-06-01,2020-07-01,0,0.0008162487,0
17,2020-07-01,2020-08-01,0,0.0006654888,0
17,2020-08-01,2020-09-01,0,0.002524375,0
17,2020-09-01,2020-10-01,0,0.0030618662,0
17,2020-10-01,2020-11-01,0,0.0023157552,0
17,2020-11-01,2020-12-01,0,0.0017546503,0
17,2020-12-01,2021-01-01,0,0.0050602504,0
17,2021-01-01,2021-02-01,0,0.0024385438,0
17,2021-02-01,2021-03-01,0,0.002834924,0
17,2021-03-01,2021-04-01,0,0.00059732795,0
17,2021-04-01,2021-05-01,0,0.002211496,0
17,2021-05-01,2021-06-01,0,0.00090724323,0
17,2021-06-01,2021-07-01,0,0.00090724323,0
17,2021-07-01,2021-08-01,0,0.0012502779,0
17,2021-08-01,2021-09-01,0,0.002113552,0
17,2021-09-01,2021-10-01,0,0.0016649092,0
17,2021-10-01,2021-11-01,0,0.002395361,0
17,2021-11-01,2021-12-01,0,0.0020054919,0
17,2021-12-01,2022-01-01,0,0.0012037205,0
17,2022-01-01,2022-02-01,0,0.002524375,0
17,2022-02-01,2022-03-01,0,0.0008494237,0
17,2022-03-01,2022-04-01,0,0.0008608051,0
17,2022-04-01,2022-05-01,0,0.002395361,0
17,2022-05-01,2022-06-01,0,0.001603987,0
17,2022-06-01,2022-07-01,0,0.003588914,0
17,2022-07-01,2022-08-01,0,0.0030618662,0
17,2022-08-01,2022-09-01,0,0.0025837633,0
17,2022-09-01,2022-10-01,0,0.010951321,0
17,2022-10-01,2022-11-01,0,0.012729615,0
17,2022-11-01,2022-12-01,0,0.011065902,0
18,2015-02-01,2015-03-01,0,0.07865551,0
18,2015-03-01,2015-04-01,0,0.12018964,0
18,2015-04-01,2015-05-01,0,0.13271621,0
18,2015-05-01,2015-06-01,0,0.13879132,0
18,2015-06-01,2015-07-01,0,0.08388432,0
18,2015-07-01,2015-08-01,0,0.08388432,0
18,2015-08-01,2015-09-01,0,0.074619725,0
18,2015-09-01,2015-10-01,0,0.07865551,0
18,2015-10-01,2015-11-01,0,0.07865551,0
18,2015-11-01,2015-12-01,0,0.07152944,0
18,2015-12-01,2016-01-01,0,0.088346206,0
18,2016-01-01,2016-02-01,0,0.08113912,0
18,2016-02-01,2016-03-01,0,0.039453335,0
18,2016-03-01,2016-04-01,0,0.08090357,0
18,2016-04-01,2016-05-01,0,0.088346206,0
18,2016-05-01,2016-06-01,0,0.07124221,0
18,2016-06-01,2016-07-01,0,0.13879132,0
18,2016-07-01,2016-08-01,0,0.084957294,0
18,2016-08-01,2016-09-01,0,0.039453335,0
18,2016-09-01,2016-10-01,0,0.039549492,0
18,2016-10-01,2016-11-01,0,0.08113912,0
18,2016-11-01,2016-12-01,0,0.13271621,0
18,2016-12-01,2017-01-01,0,0.1345131,0
18,2017-01-01,2017-02-01,0,0.078342095,0
18,2017-02-01,2017-03-01,0,0.078342095,0
18,2017-03-01,2017-04-01,0,0.07971923,0
18,2017-04-01,2017-05-01,0,0.10398368,0
18,2017-05-01,2017-06-01,0,0.078342095,0
18,2017-06-01,2017-07-01,0,0.15380254,0
18,2017-07-01,2017-08-01,0,0.07865551,0
18,2017-08-01,2017-09-01,0,0.13879132,0
18,2017-09-01,2017-10-01,0,0.13879132,0
18,2017-10-01,2017-11-01,0,0.088346206,0
18,2017-11-01,2017-12-01,0,0.129162,0
18,2017-12-01,2018-01-01,0,0.12072253,0
18,2018-01-01,2018-02-01,0,0.07025093,0
18,2018-02-01,2018-03-01,0,0.07971923,0
18,2018-03-01,2018-04-01,0,0.075441,0
18,2018-04-01,2018-05-01,0,0.13122162,0
18,2018-05-01,2018-06-01,0,0.081211835,0
18,2018-06-01,2018-07-01,0,0.084957294,0
18,2018-07-01,2018-08-01,0,0.06928699,0
18,2018-08-01,2018-09-01,0,0.091311015,0
18,2018-09-01,2018-10-01,0,0.13879132,0
18,2018-10-01,2018-11-01,0,0.082180135,0
18,2018-11-01,2018-12-01,0,0.12457827,0
18,2018-12-01,2019-01-01,0,0.100224644,0
18,2019-01-01,2019-02-01,0,0.081211835,0
18,2019-02-01,2019-03-01,0,0.07051714,0
18,2019-03-01,2019-04-01,0,0.07971923,0
18,2019-04-01,2019-05-01,0,0.07971923,0
18,2019-05-01,2019-06-01,0,0.12068841,0
18,2019-06-01,2019-07-01,0,0.08113912,0
18,2019-07-01,2019-08-01,0,0.039453335,0
18,2019-08-01,2019-09-01,0,0.08388432,0
18,2019-09-01,2019-10-01,0,0.12859729,0
18,2019-10-01,2019-11-01,0,0.06928699,0
18,2019-11-01,2019-12-01,0,0.12072253,0
18,2019-12-01,2020-01-01,0,0.1257745,0
18,2020-01-01,2020-02-01,0,0.025628336,0
18,2020-02-01,2020-03-01,0,0.048054338,0
18,2020-03-01,2020-04-01,0,0.060239565,0
18,2020-04-01,2020-05-01,0,0.045511108,0
18,2020-05-01,2020-06-01,0,0.03941433,0
18,2020-06-01,2020-07-01,0,0.040141642,0
18,2020-07-01,2020-08-01,0,0.04869336,0
18,2020-08-01,2020-09-01,0,0.040764045,0
18,2020-09-01,2020-10-01,0,0.048793193,0
18,2020-10-01,2020-11-01,0,0.048054338,0
18,2020-11-01,2020-12-01,0,0.048054338,0
18,2020-12-01,2021-01-01,0,0.06340234,0
18,2021-01-01,2021-02-01,0,0.059756145,0
18,2021-02-01,2021-03-01,0,0.04356958,0
18,2021-03-01,2021-04-01,0,0.038096752,0
18,2021-04-01,2021-05-01,0,0.060395714,0
18,2021-05-01,2021-06-01,0,0.059983402,0
18,2021-06-01,2021-07-01,0,0.045511108,0
18,2021-07-01,2021-08-01,0,0.060681768,0
18,2021-08-01,2021-09-01,0,0.048054338,0
18,2021-09-01,2021-10-01,0,0.048054338,0
18,2021-10-01,2021-11-01,0,0.048054338,0
18,2021-11-01,2021-12-01,0,0.048054338,0
18,2021-12-01,2022-01-01,0,0.07297278,0
18,2022-01-01,2022-02-01,0,0.04345494,0
18,2022-02-01,2022-03-01,0,0.04090709,0
18,2022-03-01,2022-04-01,0,0.043005813,0
18,2022-04-01,2022-05-01,0,0.048810434,0
18,2022-05-01,2022-06-01,0,0.040141642,0
18,2022-06-01,2022-07-01,0,0.06340234,0
18,2022-07-01,2022-08-01,0,0.040141642,0
18,2022-08-01,2022-09-01,0,0.048054338,0
18,2022-09-01,2022-10-01,0,0.03848293,0
18,2022-10-01,2022-11-01,0,0.045435812,0
18,2022-11-01,2022-12-01,0,0.049590427,0
19,2015-02-01,2015-03-01,1,0.8846339,1
19,2015-03-01,2015-04-01,1,0.695793,0
19,2015-04-01,2015-05-01,1,0.8846339,1
19,2015-05-01,2015-06-01,0,0.8735771,1
19,2015-06-01,2015-07-01,1,0.8846339,1
19,2015-07-01,2015-08-01,1,0.8846339,1
19,2015-08-01,2015-09-01,1,0.8727322,1
19,2015-09-01,2015-10-01,1,0.8846339,1
19,2015-10-01,2015-11-01,1,0.86323476,1
19,2015-11-01,2015-12-01,1,0.87868327,1
19,2015-12-01,2016-01-01,1,0.7731353,1
19,2016-01-01,2016-02-01,0,0.7731353,1
19,2016-02-01,2016-03-01,1,0.7906456,1
19,2016-03-01,2016-04-01,1,0.7731353,1
19,2016-04-01,2016-05-01,1,0.8227135,1
19,2016-05-01,2016-06-01,1,0.7906456,1
19,2016-06-01,2016-07-01,1,0.8727322,1
19,2016-07-01,2016-08-01,1,0.8846339,1
19,2016-08-01,2016-09-01,1,0.8846339,1
19,2016-09-01,2016-10-01,1,0.8727322,1
19,2016-10-01,2016-11-01,1,0.8227135,1
19,2016-11-01,2016-12-01,1,0.8227135,1
19,2016-12-01,2017-01-01,1,0.7731353,1
19,2017-01-01,2017-02-01,0,0.62084764,0
19,2017-02-01,2017-03-01,1,0.80582595,1
19,2017-03-01,2017-04-01,0,0.59796226,0
19,2017-04-01,2017-05-01,0,0.7729851,1
19,2017-05-01,2017-06-01,1,0.7906456,1
19,2017-06-01,2017-07-01,1,0.81282574,1
19,2017-07-01,2017-08-01,1,0.87589836,1
19,2017-08-01,2017-09-01,1,0.8599728,1
19,2017-09-01,2017-10-01,1,0.81282574,1
19,2017-10-01,2017-11-01,0,0.7906456,1
19,2017-11-01,2017-12-01,1,0.77944875,1
19,2017-12-01,2018-01-01,1,0.77944875,1
19,2018-01-01,2018-02-01,0,0.7731353,1
19,2018-02-01,2018-03-01,0,0.7385148,1
19,2018-03-01,2018-04-01,1,0.38488662,0
19,2018-04-01,2018-05-01,1,0.7731353,1
19,2018-05-01,2018-06-01,0,0.7906456,1
19,2018-06-01,2018-07-01,1,0.8846339,1
19,2018-07-01,2018-08-01,0,0.7823656,1
19,2018-08-01,2018-09-01,1,0.8727322,1
19,2018-09-01,2018-10-01,1,0.8846339,1
19,2018-10-01,2018-11-01,0,0.7906456,1
19,2018-11-01,2018-12-01,0,0.7906456,1
19,2018-12-01,2019-01-01,1,0.7731353,1
19,2019-01-01,2019-02-01,0,0.77944875,1
19,2019-02-01,2019-03-01,0,0.734857,0
19,2019-03-01,2019-04-01,0,0.48405492,0
19,2019-04-01,2019-05-01,0,0.7906456,1
19,2019-05-01,2019-06-01,0,0.7906456,1
19,2019-06-01,2019-07-01,0,0.79934835,1
19,2019-07-01,2019-08-01,1,0.7906456,1
19,2019-08-01,2019-09-01,1,0.8846339,1
19,2019-09-01,2019-10-01,0,0.8227135,1
19,2019-10-01,2019-11-01,0,0.80561954,1
19,2019-11-01,2019-12-01,0,0.7906456,1
19,2019-12-01,2020-01-01,0,0.6736243,0
19,2020-01-01,2020-02-01,0,0.74484754,1
19,2020-02-01,2020-03-01,0,0.73256797,0
19,2020-03-01,2020-04-01,0,0.54014546,0
19,2020-04-01,2020-05-01,0,0.5145479,0
19,2020-05-01,2020-06-01,0,0.21218339,0
19,2020-06-01,2020-07-01,0,0.69625115,0
19,2020-07-01,2020-08-01,1,0.73256797,0
19,2020-08-01,2020-09-01,0,0.7514452,1
19,2020-09-01,2020-10-01,0,0.7750639,1
19,2020-10-01,2020-11-01,0,0.6710431,0
19,2020-11-01,2020-12-01,0,0.6710431,0
19,2020-12-01,2021-01-01,0,0.5145479,0
19,2021-01-01,2021-02-01,0,0.22789277,0
19,2021-02-01,2021-03-01,0,0.29695866,0
19,2021-03-01,2021-04-01,0,0.10937262,0
19,2021-04-01,2021-05-01,0,0.52362335,0
19,2021-05-01,2021-06-01,0,0.3035724,0
19,2021-06-01,2021-07-01,0,0.591726,0
19,2021-07-01,2021-08-01,0,0.73256797,0
19,2021-08-01,2021-09-01,0,0.5694748,0
19,2021-09-01,2021-10-01,0,0.54014546,0
19,2021-10-01,2021-11-01,0,0.69330734,0
19,2021-11-01,2021-12-01,0,0.54014546,0
19,2021-12-01,2022-01-01,0,0.29080632,0
19,2022-01-01,2022-02-01,0,0.28147674,0
19,2022-02-01,2022-03-01,0,0.21879305,0
19,2022-03-01,2022-04-01,0,0.20519361,0
19,2022-04-01,2022-05-01,0,0.38211665,0
19,2022-05-01,2022-06-01,0,0.45555788,0
19,2022-06-01,2022-07-01,0,0.6810462,0
19,2022-07-01,2022-08-01,1,0.39073643,0
19,2022-08-01,2022-09-01,1,0.73256797,0
19,2022-09-01,2022-10-01,1,0.78627837,1
19,2022-10-01,2022-11-01,1,0.7750639,1
19,2022-11-01,2022-12-01,0,0.78423756,1
20,2015-02-01,2015-03-01,0,0.05611503,0
20,2015-03-01,2015-04-01,0,0.12423135,0
20,2015-04-01,2015-05-01,0,0.09915673,0
20,2015-05-01,2015-06-01,0,0.11164721,0
20,2015-06-01,2015-07-01,0,0.106113605,0
20,2015-07-01,2015-08-01,0,0.11164721,0
20,2015-08-01,2015-09-01,0,0.12446112,0
20,2015-09-01,2015-10-01,0,0.12177422,0
20,2015-10-01,2015-11-01,0,0.07007709,0
20,2015-11-01,2015-12-01,0,0.09915673,0
20,2015-12-01,2016-01-01,0,0.11164721,0
20,2016-01-01,2016-02-01,0,0.09915673,0
20,2016-02-01,2016-03-01,0,0.057380646,0
20,2016-03-01,2016-04-01,0,0.06366792,0
20,2016-04-01,2016-05-01,0,0.09915673,0
20,2016-05-01,2016-06-01,0,0.056982648,0
20,2016-06-01,2016-07-01,0,0.11164721,0
20,2016-07-01,2016-08-01,0,0.11324752,0
20,2016-08-01,2016-09-01,0,0.12066067,0
20,2016-09-01,2016-10-01,0,0.056249417,0
20,2016-10-01,2016-11-01,0,0.1018626,0
20,2016-11-01,2016-12-01,0,0.11164721,0
20,2016-12-01,2017-01-01,0,0.11164721,0
20,2017-01-01,2017-02-01,0,0.106113605,0
20,2017-02-01,2017-03-01,0,0.05611503,0
20,2017-03-01,2017-04-01,0,0.1161687,0
20,2017-04-01,2017-05-01,0,0.11414287,0
20,2017-05-01,2017-06-01,0,0.13254553,0
20,2017-06-01,2017-07-01,0,0.11164721,0
20,2017-07-01,2017-08-01,0,0.11164721,0
20,2017-08-01,2017-09-01,0,0.11164721,0
20,2017-09-01,2017-10-01,0,0.09915673,0
20,2017-10-01,2017-11-01,0,0.11164721,0
20,2017-11-01,2017-12-01,0,0.12120674,0
20,2017-12-01,2018-01-01,0,0.11164721,0
20,2018-01-01,2018-02-01,0,0.1018626,0
20,2018-02-01,2018-03-01,0,0.057231843,0
20,2018-03-01,2018-04-01,0,0.12598225,0
20,2018-04-01,2018-05-01,0,0.11164721,0
20,2018-05-01,2018-06-01,0,0.13254553,0
20,2018-06-01,2018-07-01,0,0.09915673,0
20,2018-07-01,2018-08-01,0,0.11303152,0
20,2018-08-01,2018-09-01,0,0.11164721,0
20,2018-09-01,2018-10-01,0,0.09915673,0
20,2018-10-01,2018-11-01,0,0.1018626,0
20,2018-11-01,2018-12-01,0,0.11303152,0
20,2018-12-01,2019-01-01,0,0.13783698,0
20,2019-01-01,2019-02-01,0,0.11164721,0
20,2019-02-01,2019-03-01,0,0.13049169,0
20,2019-03-01,2019-04-01,0,0.14016415,0
20,2019-04-01,2019-05-01,0,0.1161687,0
20,2019-05-01,2019-06-01,0,0.15048991,0
20,2019-06-01,2019-07-01,0,0.11164721,0
20,2019-07-01,2019-08-01,0,0.11164721,0
20,2019-08-01,2019-09-01,0,0.11164721,0
20,2019-09-01,2019-10-01,0,0.05684662,0
20,2019-10-01,2019-11-01,0,0.11164721,0
20,2019-11-01,2019-12-01,0,0.11164721,0
20,2019-12-01,2020-01-01,0,0.12506375,0
20,2020-01-01,2020-02-01,0,0.15863906,0
20,2020-02-01,2020-03-01,0,0.115920134,0
20,2020-03-01,2020-04-01,0,0.12466734,0
20,2020-04-01,2020-05-01,0,0.18008031,0
20,2020-05-01,2020-06-01,0,0.070225105,0
20,2020-06-01,2020-07-01,0,0.12466734,0
20,2020-07-01,2020-08-01,0,0.11388318,0
20,2020-08-01,2020-09-01,0,0.18008031,0
20,2020-09-01,2020-10-01,0,0.10754377,0
20,2020-10-01,2020-11-01,0,0.12466734,0
20,2020-11-01,2020-12-01,0,0.058160473,0
20,2020-12-01,2021-01-01,0,0.058160473,0
20,2021-01-01,2021-02-01,0,0.13071494,0
20,2021-02-01,2021-03-01,0,0.05888223,0
20,2021-03-01,2021-04-01,0,0.06356359,0
20,2021-04-01,2021-05-01,0,0.06693423,0
20,2021-05-01,2021-06-01,0,0.12610397,0
20,2021-06-01,2021-07-01,0,0.11388318,0
20,2021-07-01,2021-08-01,0,0.13517205,0
20,2021-08-01,2021-09-01,0,0.14417563,0
20,2021-09-01,2021-10-01,0,0.12260654,0
20,2021-10-01,2021-11-01,0,0.16517775,0
20,2021-11-01,2021-12-01,0,0.12619013,0
20,2021-12-01,2022-01-01,0,0.119479105,0
20,2022-01-01,2022-02-01,0,0.19440745,0
20,2022-02-01,2022-03-01,0,0.120453484,0
20,2022-03-01,2022-04-01,0,0.07351299,0
20,2022-04-01,2022-05-01,0,0.12642348,0
20,2022-05-01,2022-06-01,0,0.13230044,0
20,2022-06-01,2022-07-01,0,0.12466734,0
20,2022-07-01,2022-08-01,0,0.12466734,0
20,2022-08-01,2022-09-01,0,0.12466734,0
20,2022-09-01,2022-10-01,0,0.09045417,0
20,2022-10-01,2022-11-01,0,0.0989405,0
20,2022-11-01,2022-12-01,0,0.0989405,0
21,2015-02-01,2015-03-01,0,0.02609745,0
21,2015-03-01,2015-04-01,0,0.004977003,0
21,2015-04-01,2015-05-01,0,0.02099913,0
21,2015-05-01,2015-06-01,0,0.01598047,0
21,2015-06-01,2015-07-01,0,0.022662634,0
21,2015-07-01,2015-08-01,0,0.026779559,0
21,2015-08-01,2015-09-01,0,0.043721426,0
21,2015-09-01,2015-10-01,0,0.044951856,0
21,2015-10-01,2015-11-01,0,0.026779559,0
21,2015-11-01,2015-12-01,0,0.055872962,0
21,2015-12-01,2016-01-01,0,0.0318836,0
21,2016-01-01,2016-02-01,0,0.024793617,0
21,2016-02-01,2016-03-01,0,0.018338636,0
21,2016-03-01,2016-04-01,0,0.005646423,0
21,2016-04-01,2016-05-01,0,0.016899237,0
21,2016-05-01,2016-06-01,0,0.006680907,0
21,2016-06-01,2016-07-01,0,0.03671246,0
21,2016-07-01,2016-08-01,0,0.024793617,0
21,2016-08-01,2016-09-01,0,0.05484612,0
21,2016-09-01,2016-10-01,0,0.086741075,0
21,2016-10-01,2016-11-01,0,0.052307718,0
21,2016-11-01,2016-12-01,0,0.08922145,0
21,2016-12-01,2017-01-01,0,0.03962794,0
21,2017-01-01,2017-02-01,0,0.0262836,0
21,2017-02-01,2017-03-01,0,0.03885967,0
21,2017-03-01,2017-04-01,0,0.0108905025,0
21,2017-04-01,2017-05-01,0,0.01270605,0
21,2017-05-01,2017-06-01,0,0.008624993,0
21,2017-06-01,2017-07-01,0,0.04061991,0
21,2017-07-01,2017-08-01,0,0.043721426,0
21,2017-08-01,2017-09-01,0,0.07824327,0
21,2017-09-01,2017-10-01,0,0.09196172,0
21,2017-10-01,2017-11-01,0,0.029681088,0
21,2017-11-01,2017-12-01,0,0.025049359,0
21,2017-12-01,2018-01-01,0,0.005646423,0
21,2018-01-01,2018-02-01,0,0.0032678563,0
21,2018-02-01,2018-03-01,0,0.008747397,0
21,2018-03-01,2018-04-01,0,0.0017214245,0
21,2018-04-01,2018-05-01,0,0.007924224,0
21,2018-05-01,2018-06-01,0,0.0072563724,0
21,2018-06-01,2018-07-01,0,0.043283515,0
21,2018-07-01,2018-08-01,0,0.05186717,0
21,2018-08-01,2018-09-01,0,0.044951856,0
21,2018-09-01,2018-10-01,0,0.029681088,0
21,2018-10-01,2018-11-01,0,0.016222432,0
21,2018-11-01,2018-12-01,0,0.027055217,0
21,2018-12-01,2019-01-01,0,0.004977003,0
21,2019-01-01,2019-02-01,0,0.03671246,0
21,2019-02-01,2019-03-01,0,0.0031109508,0
21,2019-03-01,2019-04-01,0,0.0008218458,0
21,2019-04-01,2019-05-01,0,0.004284496,0
21,2019-05-01,2019-06-01,0,0.003075102,0
21,2019-06-01,2019-07-01,0,0.0069964174,0
21,2019-07-01,2019-08-01,0,0.030836085,0
21,2019-08-01,2019-09-01,0,0.043283515,0
21,2019-09-01,2019-10-01,0,0.034265485,0
21,2019-10-01,2019-11-01,0,0.019297328,0
21,2019-11-01,2019-12-01,0,0.027055217,0
21,2019-12-01,2020-01-01,0,0.0055225277,0
21,2020-01-01,2020-02-01,0,0.008747397,0
21,2020-02-01,2020-03-01,0,0.035667766,0
21,2020-03-01,2020-04-01,0,0.002633567,0
21,2020-04-01,2020-05-01,0,0.0008218458,0
21,2020-05-01,2020-06-01,0,0.0005627075,0
21,2020-06-01,2020-07-01,0,0.0012721306,0
21,2020-07-01,2020-08-01,0,0.001590729,0
21,2020-08-01,2020-09-01,0,0.0028271878,0
21,2020-09-01,2020-10-01,0,0.002433788,0
21,2020-10-01,2020-11-01,0,0.0043227114,0
21,2020-11-01,2020-12-01,0,0.0034047216,0
21,2020-12-01,2021-01-01,0,0.0012186018,0
21,2021-01-01,2021-02-01,0,0.0016764785,0
21,2021-02-01,2021-03-01,0,0.0008218458,0
21,2021-03-01,2021-04-01,0,0.0005930736,0
21,2021-04-01,2021-05-01,0,0.00094065256,0
21,2021-05-01,2021-06-01,0,0.0005930736,0
21,2021-06-01,2021-07-01,0,0.0028271878,0
21,2021-07-01,2021-08-01,0,0.0008218458,0
21,2021-08-01,2021-09-01,0,0.0018204837,0
21,2021-09-01,2021-10-01,0,0.002547234,0
21,2021-10-01,2021-11-01,0,0.0033799647,0
21,2021-11-01,2021-12-01,0,0.005939695,0
21,2021-12-01,2022-01-01,0,0.0029837764,0
21,2022-01-01,2022-02-01,0,0.0016208058,0
21,2022-02-01,2022-03-01,0,0.00073941017,0
21,2022-03-01,2022-04-01,0,0.00073941017,0
21,2022-04-01,2022-05-01,0,0.0031109508,0
21,2022-05-01,2022-06-01,0,0.0008218458,0
21,2022-06-01,2022-07-01,0,0.0055225277,0
21,2022-07-01,2022-08-01,0,0.006958746,0
21,2022-08-01,2022-09-01,0,0.0100037195,0
21,2022-09-01,2022-10-01,0,0.007924224,0
21,2022-10-01,2022-11-01,0,0.029681088,0
21,2022-11-01,2022-12-01,0,0.043721426,0
22,2015-02-01,2015-03-01,1,0.7893505,1
22,2015-03-01,2015-04-01,1,0.32202205,0
22,2015-04-01,2015-05-01,1,0.7574942,1
22,2015-05-01,2015-06-01,1,0.8078772,1
22,2015-06-01,2015-07-01,1,0.90980947,1
22,2015-07-01,2015-08-01,1,0.89805907,1
22,2015-08-01,2015-09-01,1,0.93182194,1
22,2015-09-01,2015-10-01,1,0.9301562,1
22,2015-10-01,2015-11-01,0,0.91090155,1
22,2015-11-01,2015-12-01,1,0.91883105,1
22,2015-12-01,2016-01-01,1,0.7064906,0
22,2016-01-01,2016-02-01,0,0.87454903,1
22,2016-02-01,2016-03-01,1,0.7893505,1
22,2016-03-01,2016-04-01,1,0.6414014,0
22,2016-04-01,2016-05-01,1,0.8495519,1
22,2016-05-01,2016-06-01,1,0.7893505,1
22,2016-06-01,2016-07-01,1,0.8993028,1
22,2016-07-01,2016-08-01,1,0.9450535,1
22,2016-08-01,2016-09-01,1,0.95541286,1
22,2016-09-01,2016-10-01,1,0.95541286,1
22,2016-10-01,2016-11-01,1,0.9521288,1
22,2016-11-01,2016-12-01,1,0.93182194,1
22,2016-12-01,2017-01-01,1,0.9015618,1
22,2017-01-01,2017-02-01,1,0.8908487,1
22,2017-02-01,2017-03-01,1,0.9269333,1
22,2017-03-01,2017-04-01,1,0.791567,1
22,2017-04-01,2017-05-01,1,0.8478335,1
22,2017-05-01,2017-06-01,1,0.8478335,1
22,2017-06-01,2017-07-01,1,0.9372829,1
22,2017-07-01,2017-08-01,1,0.9502368,1
22,2017-08-01,2017-09-01,1,0.95541286,1
22,2017-09-01,2017-10-01,1,0.95193833,1
22,2017-10-01,2017-11-01,1,0.9372829,1
22,2017-11-01,2017-12-01,0,0.93182194,1
22,2017-12-01,2018-01-01,1,0.91883105,1
22,2018-01-01,2018-02-01,0,0.8621151,1
22,2018-02-01,2018-03-01,0,0.8078772,1
22,2018-03-01,2018-04-01,0,0.32202205,0
22,2018-04-01,2018-05-01,1,0.791567,1
22,2018-05-01,2018-06-01,1,0.82613915,1
22,2018-06-01,2018-07-01,1,0.9301562,1
22,2018-07-01,2018-08-01,1,0.9241249,1
22,2018-08-01,2018-09-01,1,0.9492956,1
22,2018-09-01,2018-10-01,1,0.9502368,1
22,2018-10-01,2018-11-01,1,0.9372829,1
22,2018-11-01,2018-12-01,1,0.95456475,1
22,2018-12-01,2019-01-01,0,0.91883105,1
22,2019-01-01,2019-02-01,0,0.93182194,1
22,2019-02-01,2019-03-01,1,0.7893505,1
22,2019-03-01,2019-04-01,0,0.37700897,0
22,2019-04-01,2019-05-01,1,0.69087964,0
22,2019-05-01,2019-06-01,1,0.7893505,1
22,2019-06-01,2019-07-01,1,0.91883105,1
22,2019-07-01,2019-08-01,1,0.93182194,1
22,2019-08-01,2019-09-01,1,0.95193833,1
22,2019-09-01,2019-10-01,1,0.9372829,1
22,2019-10-01,2019-11-01,0,0.91883105,1
22,2019-11-01,2019-12-01,1,0.9015618,1
22,2019-12-01,2020-01-01,1,0.6674585,0
22,2020-01-01,2020-02-01,0,0.8078772,1
22,2020-02-01,2020-03-01,0,0.7064906,0
22,2020-03-01,2020-04-01,0,0.40186328,0
22,2020-04-01,2020-05-01,0,0.1817899,0
22,2020-05-01,2020-06-01,0,0.008830645,0
22,2020-06-01,2020-07-01,0,0.21996444,0
22,2020-07-01,2020-08-01,0,0.24325462,0
22,2020-08-01,2020-09-01,0,0.4050841,0
22,2020-09-01,2020-10-01,0,0.7893505,1
22,2020-10-01,2020-11-01,0,0.3457709,0
22,2020-11-01,2020-12-01,0,0.4050841,0
22,2020-12-01,2021-01-01,0,0.2622383,0
22,2021-01-01,2021-02-01,0,0.11794578,0
22,2021-02-01,2021-03-01,0,0.11794578,0
22,2021-03-01,2021-04-01,0,0.011931195,0
22,2021-04-01,2021-05-01,0,0.12504974,0
22,2021-05-01,2021-06-01,0,0.035587322,0
22,2021-06-01,2021-07-01,0,0.20838226,0
22,2021-07-01,2021-08-01,0,0.24325462,0
22,2021-08-01,2021-09-01,0,0.40186328,0
22,2021-09-01,2021-10-01,0,0.40186328,0
22,2021-10-01,2021-11-01,0,0.40186328,0
22,2021-11-01,2021-12-01,0,0.682035,0
22,2021-12-01,2022-01-01,0,0.32812762,0
22,2022-01-01,2022-02-01,0,0.22655076,0
22,2022-02-01,2022-03-01,0,0.11024931,0
22,2022-03-01,2022-04-01,0,0.1564636,0
22,2022-04-01,2022-05-01,0,0.4298539,0
22,2022-05-01,2022-06-01,0,0.32202205,0
22,2022-06-01,2022-07-01,0,0.7064906,0
22,2022-07-01,2022-08-01,0,0.7064906,0
22,2022-08-01,2022-09-01,1,0.7960463,1
22,2022-09-01,2022-10-01,1,0.7893505,1
22,2022-10-01,2022-11-01,1,0.7893505,1
22,2022-11-01,2022-12-01,1,0.9301562,1
23,2015-02-01,2015-03-01,1,0.9630647,1
23,2015-03-01,2015-04-01,1,0.93949944,1
23,2015-04-01,2015-05-01,1,0.9630647,1
23,2015-05-01,2015-06-01,1,0.9630647,1
23,2015-06-01,2015-07-01,1,0.9650864,1
23,2015-07-01,2015-08-01,1,0.9621336,1
23,2015-08-01,2015-09-01,1,0.9620568,1
23,2015-09-01,2015-10-01,1,0.96422356,1
23,2015-10-01,2015-11-01,1,0.96422356,1
23,2015-11-01,2015-12-01,1,0.9620568,1
23,2015-12-01,2016-01-01,1,0.96249,1
23,2016-01-01,2016-02-01,1,0.96249,1
23,2016-02-01,2016-03-01,1,0.96022254,1
23,2016-03-01,2016-04-01,1,0.96249,1
23,2016-04-01,2016-05-01,1,0.96249,1
23,2016-05-01,2016-06-01,1,0.9630647,1
23,2016-06-01,2016-07-01,1,0.96422356,1
23,2016-07-01,2016-08-01,1,0.96422356,1
23,2016-08-01,2016-09-01,1,0.96422356,1
23,2016-09-01,2016-10-01,1,0.9623343,1
23,2016-10-01,2016-11-01,1,0.9622028,1
23,2016-11-01,2016-12-01,1,0.96259516,1
23,2016-12-01,2017-01-01,1,0.963986,1
23,2017-01-01,2017-02-01,1,0.9726379,1
23,2017-02-01,2017-03-01,1,0.97316474,1
23,2017-03-01,2017-04-01,1,0.9612051,1
23,2017-04-01,2017-05-01,1,0.963986,1
23,2017-05-01,2017-06-01,1,0.96249,1
23,2017-06-01,2017-07-01,1,0.96249,1
23,2017-07-01,2017-08-01,1,0.9647324,1
23,2017-08-01,2017-09-01,1,0.96422356,1
23,2017-09-01,2017-10-01,1,0.96259516,1
23,2017-10-01,2017-11-01,1,0.96249,1
23,2017-11-01,2017-12-01,1,0.9723384,1
23,2017-12-01,2018-01-01,1,0.96022254,1
23,2018-01-01,2018-02-01,1,0.96022254,1
23,2018-02-01,2018-03-01,1,0.96249,1
23,2018-03-01,2018-04-01,1,0.92667305,1
23,2018-04-01,2018-05-01,1,0.9612051,1
23,2018-05-01,2018-06-01,1,0.96249,1
23,2018-06-01,2018-07-01,1,0.9623343,1
23,2018-07-01,2018-08-01,1,0.96249,1
23,2018-08-01,2018-09-01,1,0.96422356,1
23,2018-09-01,2018-10-01,1,0.9647324,1
23,2018-10-01,2018-11-01,1,0.96249,1
23,2018-11-01,2018-12-01,1,0.96177024,1
23,2018-12-01,2019-01-01,1,0.96249,1
23,2019-01-01,2019-02-01,1,0.962988,1
23,2019-02-01,2019-03-01,1,0.96177024,1
23,2019-03-01,2019-04-01,1,0.92667305,1
23,2019-04-01,2019-05-01,1,0.9613776,1
23,2019-05-01,2019-06-01,1,0.96249,1
23,2019-06-01,2019-07-01,1,0.9630647,1
23,2019-07-01,2019-08-01,1,0.9630647,1
23,2019-08-01,2019-09-01,1,0.9655156,1
23,2019-09-01,2019-10-01,1,0.96259516,1
23,2019-10-01,2019-11-01,1,0.96249,1
23,2019-11-01,2019-12-01,1,0.962988,1
23,2019-12-01,2020-01-01,1,0.96249,1
23,2020-01-01,2020-02-01,1,0.94549173,1
23,2020-02-01,2020-03-01,1,0.94600534,1
23,2020-03-01,2020-04-01,1,0.8939018,1
23,2020-04-01,2020-05-01,1,0.8952113,1
23,2020-05-01,2020-06-01,1,0.46720198,0
23,2020-06-01,2020-07-01,1,0.90011644,1
23,2020-07-01,2020-08-01,1,0.8837582,1
23,2020-08-01,2020-09-01,1,0.9402826,1
23,2020-09-01,2020-10-01,1,0.9386441,1
23,2020-10-01,2020-11-01,1,0.8939572,1
23,2020-11-01,2020-12-01,1,0.9025182,1
23,2020-12-01,2021-01-01,1,0.9076093,1
23,2021-01-01,2021-02-01,1,0.8939018,1
23,2021-02-01,2021-03-01,1,0.86963296,1
23,2021-03-01,2021-04-01,1,0.51255876,0
23,2021-04-01,2021-05-01,1,0.88836896,1
23,2021-05-01,2021-06-01,1,0.8860763,1
23,2021-06-01,2021-07-01,1,0.91191554,1
23,2021-07-01,2021-08-01,1,0.9064369,1
23,2021-08-01,2021-09-01,1,0.89886135,1
23,2021-09-01,2021-10-01,1,0.8939018,1
23,2021-10-01,2021-11-01,1,0.8989144,1
23,2021-11-01,2021-12-01,1,0.9025182,1
23,2021-12-01,2022-01-01,1,0.8735087,1
23,2022-01-01,2022-02-01,1,0.8844299,1
23,2022-02-01,2022-03-01,1,0.5770824,0
23,2022-03-01,2022-04-01,1,0.80274105,1
23,2022-04-01,2022-05-01,1,0.8952113,1
23,2022-05-01,2022-06-01,1,0.8939018,1
23,2022-06-01,2022-07-01,1,0.91191554,1
23,2022-07-01,2022-08-01,1,0.91191554,1
23,2022-08-01,2022-09-01,1,0.94919634,1
23,2022-09-01,2022-10-01,1,0.9447719,1
23,2022-10-01,2022-11-01,1,0.95749635,1
23,2022-11-01,2022-12-01,1,0.94433075,1
24,2015-02-01,2015-03-01,1,0.97670096,1
24,2015-03-01,2015-04-01,1,0.96658516,1
24,2015-04-01,2015-05-01,1,0.9742665,1
24,2015-05-01,2015-06-01,1,0.97392875,1
24,2015-06-01,2015-07-01,1,0.9780105,1
24,2015-07-01,2015-08-01,1,0.97494453,1
24,2015-08-01,2015-09-01,1,0.98151153,1
24,2015-09-01,2015-10-01,1,0.98151153,1
24,2015-10-01,2015-11-01,1,0.97731644,1
24,2015-11-01,2015-12-01,1,0.98035735,1
24,2015-12-01,2016-01-01,1,0.97670096,1
24,2016-01-01,2016-02-01,1,0.97670096,1
24,2016-02-01,2016-03-01,1,0.97670096,1
24,2016-03-01,2016-04-01,1,0.97670096,1
24,2016-04-01,2016-05-01,1,0.97731644,1
24,2016-05-01,2016-06-01,1,0.97670096,1
24,2016-06-01,2016-07-01,1,0.98151153,1
24,2016-07-01,2016-08-01,1,0.9808046,1
24,2016-08-01,2016-09-01,1,0.9821583,1
24,2016-09-01,2016-10-01,1,0.9821583,1
24,2016-10-01,2016-11-01,1,0.9821583,1
24,2016-11-01,2016-12-01,1,0.98151153,1
24,2016-12-01,2017-01-01,1,0.9796651,1
24,2017-01-01,2017-02-01,1,0.9796651,1
24,2017-02-01,2017-03-01,1,0.98151153,1
24,2017-03-01,2017-04-01,1,0.97392875,1
24,2017-04-01,2017-05-01,1,0.9742665,1
24,2017-05-01,2017-06-01,1,0.97731644,1
24,2017-06-01,2017-07-01,1,0.98151153,1
24,2017-07-01,2017-08-01,1,0.9821583,1
24,2017-08-01,2017-09-01,1,0.9821583,1
24,2017-09-01,2017-10-01,1,0.9808046,1
24,2017-10-01,2017-11-01,1,0.9821583,1
24,2017-11-01,2017-12-01,1,0.98151153,1
24,2017-12-01,2018-01-01,1,0.98151153,1
24,2018-01-01,2018-02-01,1,0.97871244,1
24,2018-02-01,2018-03-01,1,0.9780105,1
24,2018-03-01,2018-04-01,1,0.97670096,1
24,2018-04-01,2018-05-01,1,0.9796651,1
24,2018-05-01,2018-06-01,1,0.9801098,1
24,2018-06-01,2018-07-01,1,0.9800222,1
24,2018-07-01,2018-08-01,1,0.9821583,1
24,2018-08-01,2018-09-01,1,0.9821583,1
24,2018-09-01,2018-10-01,1,0.9821583,1
24,2018-10-01,2018-11-01,1,0.9821583,1
24,2018-11-01,2018-12-01,1,0.9821583,1
24,2018-12-01,2019-01-01,1,0.98151153,1
24,2019-01-01,2019-02-01,1,0.9821583,1
24,2019-02-01,2019-03-01,1,0.97731644,1
24,2019-03-01,2019-04-01,1,0.97670096,1
24,2019-04-01,2019-05-01,1,0.97753316,1
24,2019-05-01,2019-06-01,1,0.97753316,1
24,2019-06-01,2019-07-01,1,0.9821583,1
24,2019-07-01,2019-08-01,1,0.9821583,1
24,2019-08-01,2019-09-01,1,0.9821583,1
24,2019-09-01,2019-10-01,1,0.9821583,1
24,2019-10-01,2019-11-01,1,0.98151153,1
24,2019-11-01,2019-12-01,1,0.98151153,1
24,2019-12-01,2020-01-01,1,0.97731644,1
24,2020-01-01,2020-02-01,1,0.9745015,1
24,2020-02-01,2020-03-01,0,0.96880174,1
24,2020-03-01,2020-04-01,0,0.96512324,1
24,2020-04-01,2020-05-01,1,0.95541286,1
24,2020-05-01,2020-06-01,1,0.3457709,0
24,2020-06-01,2020-07-01,1,0.9502368,1
24,2020-07-01,2020-08-01,1,0.9502368,1
24,2020-08-01,2020-09-01,1,0.9624431,1
24,2020-09-01,2020-10-01,1,0.9655709,1
24,2020-10-01,2020-11-01,1,0.95416856,1
24,2020-11-01,2020-12-01,1,0.95416856,1
24,2020-12-01,2021-01-01,1,0.9502368,1
24,2021-01-01,2021-02-01,0,0.87252057,1
24,2021-02-01,2021-03-01,1,0.9164608,1
24,2021-03-01,2021-04-01,0,0.7064906,0
24,2021-04-01,2021-05-01,1,0.94993585,1
24,2021-05-01,2021-06-01,1,0.9241249,1
24,2021-06-01,2021-07-01,1,0.95416856,1
24,2021-07-01,2021-08-01,1,0.96512324,1
24,2021-08-01,2021-09-01,1,0.96512324,1
24,2021-09-01,2021-10-01,1,0.9584496,1
24,2021-10-01,2021-11-01,1,0.96880174,1
24,2021-11-01,2021-12-01,1,0.96512324,1
24,2021-12-01,2022-01-01,1,0.96880174,1
24,2022-01-01,2022-02-01,1,0.9589532,1
24,2022-02-01,2022-03-01,1,0.9502368,1
24,2022-03-01,2022-04-01,1,0.95541286,1
24,2022-04-01,2022-05-01,1,0.96880174,1
24,2022-05-01,2022-06-01,1,0.9589532,1
24,2022-06-01,2022-07-01,1,0.96512324,1
24,2022-07-01,2022-08-01,1,0.96880174,1
24,2022-08-01,2022-09-01,1,0.9745015,1
24,2022-09-01,2022-10-01,1,0.9745015,1
24,2022-10-01,2022-11-01,1,0.9727428,1
24,2022-11-01,2022-12-01,1,0.97520185,1
25,2015-02-01,2015-03-01,1,0.9503312,1
25,2015-03-01,2015-04-01,1,0.9581001,1
25,2015-04-01,2015-05-01,1,0.950757,1
25,2015-05-01,2015-06-01,1,0.9503312,1
25,2015-06-01,2015-07-01,1,0.9501419,1
25,2015-07-01,2015-08-01,1,0.9503312,1
25,2015-08-01,2015-09-01,1,0.94379014,1
25,2015-09-01,2015-10-01,1,0.950757,1
25,2015-10-01,2015-11-01,1,0.94680715,1
25,2015-11-01,2015-12-01,1,0.94379014,1
25,2015-12-01,2016-01-01,1,0.9503312,1
25,2016-01-01,2016-02-01,1,0.95135665,1
25,2016-02-01,2016-03-01,1,0.9503312,1
25,2016-03-01,2016-04-01,1,0.95906204,1
25,2016-04-01,2016-05-01,1,0.950757,1
25,2016-05-01,2016-06-01,1,0.9503312,1
25,2016-06-01,2016-07-01,1,0.9501419,1
25,2016-07-01,2016-08-01,1,0.9501419,1
25,2016-08-01,2016-09-01,1,0.9361943,1
25,2016-09-01,2016-10-01,1,0.950757,1
25,2016-10-01,2016-11-01,1,0.94309324,1
25,2016-11-01,2016-12-01,1,0.9479056,1
25,2016-12-01,2017-01-01,1,0.93854874,1
25,2017-01-01,2017-02-01,1,0.9031353,1
25,2017-02-01,2017-03-01,1,0.9503312,1
25,2017-03-01,2017-04-01,1,0.95906204,1
25,2017-04-01,2017-05-01,1,0.95135665,1
25,2017-05-01,2017-06-01,1,0.9503312,1
25,2017-06-01,2017-07-01,1,0.9501419,1
25,2017-07-01,2017-08-01,1,0.9503312,1
25,2017-08-01,2017-09-01,1,0.950757,1
25,2017-09-01,2017-10-01,1,0.950757,1
25,2017-10-01,2017-11-01,1,0.9503312,1
25,2017-11-01,2017-12-01,1,0.93854874,1
25,2017-12-01,2018-01-01,1,0.9400846,1
25,2018-01-01,2018-02-01,1,0.94924,1
25,2018-02-01,2018-03-01,1,0.94814795,1
25,2018-03-01,2018-04-01,1,0.9581001,1
25,2018-04-01,2018-05-01,1,0.9479056,1
25,2018-05-01,2018-06-01,1,0.9503312,1
25,2018-06-01,2018-07-01,1,0.94247967,1
25,2018-07-01,2018-08-01,1,0.9501419,1
25,2018-08-01,2018-09-01,1,0.94247967,1
25,2018-09-01,2018-10-01,1,0.9391465,1
25,2018-10-01,2018-11-01,1,0.950757,1
25,2018-11-01,2018-12-01,1,0.950757,1
25,2018-12-01,2019-01-01,1,0.9515878,1
25,2019-01-01,2019-02-01,1,0.9503312,1
25,2019-02-01,2019-03-01,1,0.9503312,1
25,2019-03-01,2019-04-01,1,0.95906204,1
25,2019-04-01,2019-05-01,1,0.9503312,1
25,2019-05-01,2019-06-01,1,0.9503312,1
25,2019-06-01,2019-07-01,1,0.9509824,1
25,2019-07-01,2019-08-01,1,0.9509824,1
25,2019-08-01,2019-09-01,1,0.950757,1
25,2019-09-01,2019-10-01,1,0.94143206,1
25,2019-10-01,2019-11-01,1,0.9503312,1
25,2019-11-01,2019-12-01,1,0.9503312,1
25,2019-12-01,2020-01-01,1,0.95681745,1
25,2020-01-01,2020-02-01,1,0.97330815,1
25,2020-02-01,2020-03-01,1,0.97009057,1
25,2020-03-01,2020-04-01,1,0.9675373,1
25,2020-04-01,2020-05-01,1,0.9417313,1
25,2020-05-01,2020-06-01,1,0.74811935,1
25,2020-06-01,2020-07-01,1,0.9667878,1
25,2020-07-01,2020-08-01,1,0.9598166,1
25,2020-08-01,2020-09-01,1,0.9697963,1
25,2020-09-01,2020-10-01,1,0.9740897,1
25,2020-10-01,2020-11-01,1,0.96797043,1
25,2020-11-01,2020-12-01,1,0.96099555,1
25,2020-12-01,2021-01-01,1,0.9229089,1
25,2021-01-01,2021-02-01,1,0.9160711,1
25,2021-02-01,2021-03-01,1,0.9089133,1
25,2021-03-01,2021-04-01,1,0.84253216,1
25,2021-04-01,2021-05-01,1,0.9584964,1
25,2021-05-01,2021-06-01,1,0.9229089,1
25,2021-06-01,2021-07-01,1,0.9675373,1
25,2021-07-01,2021-08-01,1,0.96099555,1
25,2021-08-01,2021-09-01,1,0.9592778,1
25,2021-09-01,2021-10-01,1,0.9409648,1
25,2021-10-01,2021-11-01,1,0.9409648,1
25,2021-11-01,2021-12-01,1,0.9409648,1
25,2021-12-01,2022-01-01,1,0.87570477,1
25,2022-01-01,2022-02-01,1,0.8777325,1
25,2022-02-01,2022-03-01,1,0.6444505,0
25,2022-03-01,2022-04-01,1,0.8540133,1
25,2022-04-01,2022-05-01,1,0.91779757,1
25,2022-05-01,2022-06-01,1,0.9160711,1
25,2022-06-01,2022-07-01,1,0.9409648,1
25,2022-07-01,2022-08-01,1,0.9395877,1
25,2022-08-01,2022-09-01,1,0.9532588,1
25,2022-09-01,2022-10-01,1,0.96104556,1
25,2022-10-01,2022-11-01,1,0.9675373,1
25,2022-11-01,2022-12-01,1,0.96533406,1
26,2015-02-01,2015-03-01,1,0.99061865,1
26,2015-03-01,2015-04-01,1,0.9907265,1
26,2015-04-01,2015-05-01,1,0.99061865,1
26,2015-05-01,2015-06-01,1,0.9892729,1
26,2015-06-01,2015-07-01,1,0.98912466,1
26,2015-07-01,2015-08-01,1,0.9900096,1
26,2015-08-01,2015-09-01,1,0.9900096,1
26,2015-09-01,2015-10-01,1,0.9900096,1
26,2015-10-01,2015-11-01,1,0.99008524,1
26,2015-11-01,2015-12-01,1,0.99061865,1
26,2015-12-01,2016-01-01,1,0.9900096,1
26,2016-01-01,2016-02-01,1,0.9900096,1
26,2016-02-01,2016-03-01,1,0.99061865,1
26,2016-03-01,2016-04-01,1,0.98968047,1
26,2016-04-01,2016-05-01,1,0.9900096,1
26,2016-05-01,2016-06-01,1,0.98912466,1
26,2016-06-01,2016-07-01,1,0.9872158,1
26,2016-07-01,2016-08-01,1,0.98203367,1
26,2016-08-01,2016-09-01,1,0.9846714,1
26,2016-09-01,2016-10-01,1,0.9899775,1
26,2016-10-01,2016-11-01,1,0.98577964,1
26,2016-11-01,2016-12-01,0,0.9682046,1
26,2016-12-01,2017-01-01,1,0.9667223,1
26,2017-01-01,2017-02-01,1,0.9682046,1
26,2017-02-01,2017-03-01,1,0.9872158,1
26,2017-03-01,2017-04-01,1,0.98912466,1
26,2017-04-01,2017-05-01,1,0.9892729,1
26,2017-05-01,2017-06-01,1,0.9783214,1
26,2017-06-01,2017-07-01,1,0.9899775,1
26,2017-07-01,2017-08-01,1,0.9846714,1
26,2017-08-01,2017-09-01,1,0.981925,1
26,2017-09-01,2017-10-01,1,0.9846714,1
26,2017-10-01,2017-11-01,1,0.9867992,1
26,2017-11-01,2017-12-01,0,0.98577964,1
26,2017-12-01,2018-01-01,1,0.97626036,1
26,2018-01-01,2018-02-01,0,0.9867992,1
26,2018-02-01,2018-03-01,1,0.9892729,1
26,2018-03-01,2018-04-01,1,0.98531586,1
26,2018-04-01,2018-05-01,1,0.98577964,1
26,2018-05-01,2018-06-01,1,0.9846714,1
26,2018-06-01,2018-07-01,1,0.98853123,1
26,2018-07-01,2018-08-01,1,0.98577964,1
26,2018-08-01,2018-09-01,1,0.9846714,1
26,2018-09-01,2018-10-01,1,0.98577964,1
26,2018-10-01,2018-11-01,1,0.98577964,1
26,2018-11-01,2018-12-01,1,0.98577964,1
26,2018-12-01,2019-01-01,1,0.98577964,1
26,2019-01-01,2019-02-01,1,0.99061865,1
26,2019-02-01,2019-03-01,1,0.9900096,1
26,2019-03-01,2019-04-01,1,0.9901245,1
26,2019-04-01,2019-05-01,1,0.9899775,1
26,2019-05-01,2019-06-01,1,0.9899775,1
26,2019-06-01,2019-07-01,1,0.98912466,1
26,2019-07-01,2019-08-01,1,0.9899775,1
26,2019-08-01,2019-09-01,1,0.9892729,1
26,2019-09-01,2019-10-01,1,0.98577964,1
26,2019-10-01,2019-11-01,1,0.9892729,1
26,2019-11-01,2019-12-01,1,0.98577964,1
26,2019-12-01,2020-01-01,1,0.9868607,1
26,2020-01-01,2020-02-01,1,0.7561115,1
26,2020-02-01,2020-03-01,1,0.7561115,1
26,2020-03-01,2020-04-01,0,0.6573754,0
26,2020-04-01,2020-05-01,1,0.5209021,0
26,2020-05-01,2020-06-01,1,0.5876182,0
26,2020-06-01,2020-07-01,1,0.74323183,1
26,2020-07-01,2020-08-01,1,0.7405737,1
26,2020-08-01,2020-09-01,1,0.64958376,0
26,2020-09-01,2020-10-01,1,0.6379495,0
26,2020-10-01,2020-11-01,1,0.43792933,0
26,2020-11-01,2020-12-01,0,0.548956,0
26,2020-12-01,2021-01-01,0,0.54357636,0
26,2021-01-01,2021-02-01,0,0.4349807,0
26,2021-02-01,2021-03-01,1,0.7243435,0
26,2021-03-01,2021-04-01,1,0.75482684,1
26,2021-04-01,2021-05-01,1,0.7510105,1
26,2021-05-01,2021-06-01,1,0.69955814,0
26,2021-06-01,2021-07-01,1,0.43792933,0
26,2021-07-01,2021-08-01,0,0.6201778,0
26,2021-08-01,2021-09-01,0,0.71001655,0
26,2021-09-01,2021-10-01,0,0.65838003,0
26,2021-10-01,2021-11-01,0,0.7510105,1
26,2021-11-01,2021-12-01,0,0.5209021,0
26,2021-12-01,2022-01-01,0,0.28397384,0
26,2022-01-01,2022-02-01,0,0.4377591,0
26,2022-02-01,2022-03-01,0,0.42151302,0
26,2022-03-01,2022-04-01,0,0.4770541,0
26,2022-04-01,2022-05-01,0,0.30283192,0
26,2022-05-01,2022-06-01,0,0.65884,0
26,2022-06-01,2022-07-01,1,0.5209021,0
26,2022-07-01,2022-08-01,0,0.4620285,0
26,2022-08-01,2022-09-01,0,0.39285046,0
26,2022-09-01,2022-10-01,1,0.6379495,0
26,2022-10-01,2022-11-01,0,0.426372,0
26,2022-11-01,2022-12-01,0,0.6201778,0
27,2015-02-01,2015-03-01,1,0.8943819,1
27,2015-03-01,2015-04-01,1,0.8759174,1
27,2015-04-01,2015-05-01,1,0.8977316,1
27,2015-05-01,2015-06-01,1,0.8856166,1
27,2015-06-01,2015-07-01,1,0.89711004,1
27,2015-07-01,2015-08-01,1,0.90101343,1
27,2015-08-01,2015-09-01,1,0.88923925,1
27,2015-09-01,2015-10-01,1,0.90101343,1
27,2015-10-01,2015-11-01,1,0.90101343,1
27,2015-11-01,2015-12-01,1,0.89705336,1
27,2015-12-01,2016-01-01,0,0.79061717,1
27,2016-01-01,2016-02-01,0,0.86530685,1
27,2016-02-01,2016-03-01,1,0.8739404,1
27,2016-03-01,2016-04-01,1,0.88723695,1
27,2016-04-01,2016-05-01,1,0.87441695,1
27,2016-05-01,2016-06-01,1,0.88923925,1
27,2016-06-01,2016-07-01,1,0.90101343,1
27,2016-07-01,2016-08-01,1,0.87441695,1
27,2016-08-01,2016-09-01,1,0.88923925,1
27,2016-09-01,2016-10-01,1,0.8905992,1
27,2016-10-01,2016-11-01,0,0.87441695,1
27,2016-11-01,2016-12-01,0,0.865811,1
27,2016-12-01,2017-01-01,1,0.8592448,1
27,2017-01-01,2017-02-01,0,0.64220166,0
27,2017-02-01,2017-03-01,1,0.87441695,1
27,2017-03-01,2017-04-01,1,0.86530685,1
27,2017-04-01,2017-05-01,1,0.8856166,1
27,2017-05-01,2017-06-01,1,0.88923925,1
27,2017-06-01,2017-07-01,1,0.89705336,1
27,2017-07-01,2017-08-01,1,0.8905992,1
27,2017-08-01,2017-09-01,1,0.88923925,1
27,2017-09-01,2017-10-01,1,0.8905992,1
27,2017-10-01,2017-11-01,0,0.87794214,1
27,2017-11-01,2017-12-01,0,0.87441695,1
27,2017-12-01,2018-01-01,1,0.8739404,1
27,2018-01-01,2018-02-01,0,0.86530685,1
27,2018-02-01,2018-03-01,1,0.876906,1
27,2018-03-01,2018-04-01,1,0.8800758,1
27,2018-04-01,2018-05-01,1,0.8575855,1
27,2018-05-01,2018-06-01,1,0.89371413,1
27,2018-06-01,2018-07-01,1,0.87441695,1
27,2018-07-01,2018-08-01,1,0.8905992,1
27,2018-08-01,2018-09-01,1,0.8905992,1
27,2018-09-01,2018-10-01,1,0.88923925,1
27,2018-10-01,2018-11-01,0,0.8905992,1
27,2018-11-01,2018-12-01,1,0.87441695,1
27,2018-12-01,2019-01-01,0,0.69845855,0
27,2019-01-01,2019-02-01,0,0.85811377,1
27,2019-02-01,2019-03-01,0,0.8739404,1
27,2019-03-01,2019-04-01,1,0.8803028,1
27,2019-04-01,2019-05-01,1,0.83476335,1
27,2019-05-01,2019-06-01,1,0.88701534,1
27,2019-06-01,2019-07-01,1,0.89711004,1
27,2019-07-01,2019-08-01,1,0.88923925,1
27,2019-08-01,2019-09-01,0,0.865811,1
27,2019-09-01,2019-10-01,0,0.7990041,1
27,2019-10-01,2019-11-01,0,0.7990041,1
27,2019-11-01,2019-12-01,1,0.8905992,1
27,2019-12-01,2020-01-01,0,0.8739404,1
27,2020-01-01,2020-02-01,0,0.3664801,0
27,2020-02-01,2020-03-01,0,0.30367228,0
27,2020-03-01,2020-04-01,0,0.29979545,0
27,2020-04-01,2020-05-01,0,0.3167894,0
27,2020-05-01,2020-06-01,0,0.13489135,0
27,2020-06-01,2020-07-01,0,0.34605545,0
27,2020-07-01,2020-08-01,0,0.30326217,0
27,2020-08-01,2020-09-01,0,0.29979545,0
27,2020-09-01,2020-10-01,0,0.37977204,0
27,2020-10-01,2020-11-01,0,0.32677585,0
27,2020-11-01,2020-12-01,0,0.26163658,0
27,2020-12-01,2021-01-01,0,0.2670227,0
27,2021-01-01,2021-02-01,0,0.28327334,0
27,2021-02-01,2021-03-01,0,0.27066028,0
27,2021-03-01,2021-04-01,0,0.26740974,0
27,2021-04-01,2021-05-01,0,0.2748272,0
27,2021-05-01,2021-06-01,0,0.26854214,0
27,2021-06-01,2021-07-01,0,0.28111866,0
27,2021-07-01,2021-08-01,0,0.28790903,0
27,2021-08-01,2021-09-01,0,0.29644033,0
27,2021-09-01,2021-10-01,0,0.30326217,0
27,2021-10-01,2021-11-01,0,0.34605545,0
27,2021-11-01,2021-12-01,0,0.32747242,0
27,2021-12-01,2022-01-01,0,0.30326217,0
27,2022-01-01,2022-02-01,0,0.26163658,0
27,2022-02-01,2022-03-01,0,0.27712256,0
27,2022-03-01,2022-04-01,0,0.26854214,0
27,2022-04-01,2022-05-01,0,0.3167894,0
27,2022-05-01,2022-06-01,0,0.30326217,0
27,2022-06-01,2022-07-01,0,0.29644033,0
27,2022-07-01,2022-08-01,0,0.3740568,0
27,2022-08-01,2022-09-01,0,0.3664801,0
27,2022-09-01,2022-10-01,1,0.3664801,0
27,2022-10-01,2022-11-01,0,0.35695583,0
27,2022-11-01,2022-12-01,0,0.32823306,0
28,2015-02-01,2015-03-01,1,0.97868323,1
28,2015-03-01,2015-04-01,1,0.85045385,1
28,2015-04-01,2015-05-01,1,0.97868323,1
28,2015-05-01,2015-06-01,1,0.97868323,1
28,2015-06-01,2015-07-01,1,0.9843019,1
28,2015-07-01,2015-08-01,1,0.9867834,1
28,2015-08-01,2015-09-01,1,0.9857756,1
28,2015-09-01,2015-10-01,1,0.9867834,1
28,2015-10-01,2015-11-01,1,0.98519266,1
28,2015-11-01,2015-12-01,1,0.9853866,1
28,2015-12-01,2016-01-01,1,0.97868323,1
28,2016-01-01,2016-02-01,1,0.98519266,1
28,2016-02-01,2016-03-01,1,0.9806691,1
28,2016-03-01,2016-04-01,1,0.97868323,1
28,2016-04-01,2016-05-01,1,0.9867834,1
28,2016-05-01,2016-06-01,1,0.9825088,1
28,2016-06-01,2016-07-01,1,0.9867834,1
28,2016-07-01,2016-08-01,1,0.9867834,1
28,2016-08-01,2016-09-01,1,0.98699087,1
28,2016-09-01,2016-10-01,1,0.9867834,1
28,2016-10-01,2016-11-01,1,0.9867834,1
28,2016-11-01,2016-12-01,1,0.9867834,1
28,2016-12-01,2017-01-01,1,0.9867834,1
28,2017-01-01,2017-02-01,1,0.9867834,1
28,2017-02-01,2017-03-01,1,0.9867834,1
28,2017-03-01,2017-04-01,1,0.9825088,1
28,2017-04-01,2017-05-01,1,0.9867834,1
28,2017-05-01,2017-06-01,1,0.9867834,1
28,2017-06-01,2017-07-01,1,0.9867834,1
28,2017-07-01,2017-08-01,1,0.98699087,1
28,2017-08-01,2017-09-01,1,0.98874986,1
28,2017-09-01,2017-10-01,1,0.98829436,1
28,2017-10-01,2017-11-01,1,0.9867834,1
28,2017-11-01,2017-12-01,1,0.98699087,1
28,2017-12-01,2018-01-01,1,0.98519266,1
28,2018-01-01,2018-02-01,1,0.9867834,1
28,2018-02-01,2018-03-01,1,0.9867834,1
28,2018-03-01,2018-04-01,1,0.9809598,1
28,2018-04-01,2018-05-01,1,0.9867834,1
28,2018-05-01,2018-06-01,1,0.98519266,1
28,2018-06-01,2018-07-01,1,0.9894162,1
28,2018-07-01,2018-08-01,1,0.98699087,1
28,2018-08-01,2018-09-01,1,0.9891128,1
28,2018-09-01,2018-10-01,1,0.9894162,1
28,2018-10-01,2018-11-01,1,0.98699087,1
28,2018-11-01,2018-12-01,1,0.9867834,1
28,2018-12-01,2019-01-01,1,0.98519266,1
28,2019-01-01,2019-02-01,1,0.9867834,1
28,2019-02-01,2019-03-01,1,0.9867834,1
28,2019-03-01,2019-04-01,1,0.98041373,1
28,2019-04-01,2019-05-01,1,0.9867834,1
28,2019-05-01,2019-06-01,1,0.9853866,1
28,2019-06-01,2019-07-01,1,0.98519266,1
28,2019-07-01,2019-08-01,1,0.9883498,1
28,2019-08-01,2019-09-01,1,0.98874986,1
28,2019-09-01,2019-10-01,1,0.9891128,1
28,2019-10-01,2019-11-01,1,0.9867834,1
28,2019-11-01,2019-12-01,1,0.9867834,1
28,2019-12-01,2020-01-01,1,0.9867834,1
28,2020-01-01,2020-02-01,1,0.9798772,1
28,2020-02-01,2020-03-01,1,0.9757193,1
28,2020-03-01,2020-04-01,0,0.9646096,1
28,2020-04-01,2020-05-01,1,0.7825823,1
28,2020-05-01,2020-06-01,1,0.13595292,0
28,2020-06-01,2020-07-01,1,0.8444022,1
28,2020-07-01,2020-08-01,1,0.72476333,0
28,2020-08-01,2020-09-01,1,0.9651298,1
28,2020-09-01,2020-10-01,1,0.9646096,1
28,2020-10-01,2020-11-01,1,0.89433676,1
28,2020-11-01,2020-12-01,1,0.922989,1
28,2020-12-01,2021-01-01,1,0.63531744,0
28,2021-01-01,2021-02-01,1,0.7090437,0
28,2021-02-01,2021-03-01,1,0.71855396,0
28,2021-03-01,2021-04-01,1,0.38959318,0
28,2021-04-01,2021-05-01,1,0.63209504,0
28,2021-05-01,2021-06-01,1,0.486481,0
28,2021-06-01,2021-07-01,1,0.9321758,1
28,2021-07-01,2021-08-01,1,0.9646096,1
28,2021-08-01,2021-09-01,1,0.9702794,1
28,2021-09-01,2021-10-01,1,0.96564996,1
28,2021-10-01,2021-11-01,1,0.9710996,1
28,2021-11-01,2021-12-01,1,0.9783053,1
28,2021-12-01,2022-01-01,1,0.96880764,1
28,2022-01-01,2022-02-01,1,0.959075,1
28,2022-02-01,2022-03-01,1,0.9466697,1
28,2022-03-01,2022-04-01,1,0.9161899,1
28,2022-04-01,2022-05-01,1,0.967683,1
28,2022-05-01,2022-06-01,1,0.967683,1
28,2022-06-01,2022-07-01,1,0.9702794,1
28,2022-07-01,2022-08-01,1,0.9798772,1
28,2022-08-01,2022-09-01,1,0.980342,1
28,2022-09-01,2022-10-01,1,0.9783543,1
28,2022-10-01,2022-11-01,1,0.977767,1
28,2022-11-01,2022-12-01,1,0.9798772,1
29,2015-02-01,2015-03-01,1,0.98581946,1
29,2015-03-01,2015-04-01,1,0.9737723,1
29,2015-04-01,2015-05-01,1,0.9847341,1
29,2015-05-01,2015-06-01,1,0.98638654,1
29,2015-06-01,2015-07-01,1,0.9846668,1
29,2015-07-01,2015-08-01,1,0.98586303,1
29,2015-08-01,2015-09-01,1,0.9846668,1
29,2015-09-01,2015-10-01,1,0.9846668,1
29,2015-10-01,2015-11-01,1,0.98586303,1
29,2015-11-01,2015-12-01,1,0.9847341,1
29,2015-12-01,2016-01-01,1,0.98484516,1
29,2016-01-01,2016-02-01,1,0.9838425,1
29,2016-02-01,2016-03-01,1,0.9855781,1
29,2016-03-01,2016-04-01,1,0.98335993,1
29,2016-04-01,2016-05-01,1,0.9854334,1
29,2016-05-01,2016-06-01,1,0.98638654,1
29,2016-06-01,2016-07-01,1,0.98675054,1
29,2016-07-01,2016-08-01,1,0.98675054,1
29,2016-08-01,2016-09-01,1,0.98675054,1
29,2016-09-01,2016-10-01,1,0.9846668,1
29,2016-10-01,2016-11-01,1,0.98624086,1
29,2016-11-01,2016-12-01,1,0.98197097,1
29,2016-12-01,2017-01-01,1,0.98197097,1
29,2017-01-01,2017-02-01,1,0.98335993,1
29,2017-02-01,2017-03-01,1,0.9847341,1
29,2017-03-01,2017-04-01,1,0.98335993,1
29,2017-04-01,2017-05-01,1,0.9836203,1
29,2017-05-01,2017-06-01,1,0.9847341,1
29,2017-06-01,2017-07-01,1,0.98586303,1
29,2017-07-01,2017-08-01,1,0.9847341,1
29,2017-08-01,2017-09-01,1,0.9847341,1
29,2017-09-01,2017-10-01,1,0.9847341,1
29,2017-10-01,2017-11-01,1,0.98161364,1
29,2017-11-01,2017-12-01,1,0.98065966,1
29,2017-12-01,2018-01-01,1,0.97967064,1
29,2018-01-01,2018-02-01,1,0.98335993,1
29,2018-02-01,2018-03-01,1,0.9828555,1
29,2018-03-01,2018-04-01,1,0.9573835,1
29,2018-04-01,2018-05-01,1,0.98312354,1
29,2018-05-01,2018-06-01,1,0.98335993,1
29,2018-06-01,2018-07-01,1,0.9846668,1
29,2018-07-01,2018-08-01,1,0.9847341,1
29,2018-08-01,2018-09-01,1,0.9846668,1
29,2018-09-01,2018-10-01,1,0.98624086,1
29,2018-10-01,2018-11-01,1,0.9847341,1
29,2018-11-01,2018-12-01,1,0.98578805,1
29,2018-12-01,2019-01-01,1,0.98335993,1
29,2019-01-01,2019-02-01,1,0.98256713,1
29,2019-02-01,2019-03-01,1,0.9822903,1
29,2019-03-01,2019-04-01,1,0.9830336,1
29,2019-04-01,2019-05-01,1,0.9836203,1
29,2019-05-01,2019-06-01,1,0.98484516,1
29,2019-06-01,2019-07-01,1,0.9846668,1
29,2019-07-01,2019-08-01,1,0.9847341,1
29,2019-08-01,2019-09-01,1,0.98624086,1
29,2019-09-01,2019-10-01,1,0.9846668,1
29,2019-10-01,2019-11-01,1,0.9860553,1
29,2019-11-01,2019-12-01,1,0.9836203,1
29,2019-12-01,2020-01-01,1,0.98335993,1
29,2020-01-01,2020-02-01,1,0.9739196,1
29,2020-02-01,2020-03-01,1,0.9744167,1
29,2020-03-01,2020-04-01,1,0.97476053,1
29,2020-04-01,2020-05-01,1,0.9739196,1
29,2020-05-01,2020-06-01,1,0.8518467,1
29,2020-06-01,2020-07-01,1,0.9739196,1
29,2020-07-01,2020-08-01,1,0.9739196,1
29,2020-08-01,2020-09-01,1,0.9739196,1
29,2020-09-01,2020-10-01,1,0.9744167,1
29,2020-10-01,2020-11-01,1,0.9744167,1
29,2020-11-01,2020-12-01,1,0.9744167,1
29,2020-12-01,2021-01-01,1,0.9540104,1
29,2021-01-01,2021-02-01,1,0.9451009,1
29,2021-02-01,2021-03-01,1,0.9451009,1
29,2021-03-01,2021-04-01,1,0.8646028,1
29,2021-04-01,2021-05-01,1,0.95857096,1
29,2021-05-01,2021-06-01,1,0.95160973,1
29,2021-06-01,2021-07-01,1,0.97476053,1
29,2021-07-01,2021-08-01,1,0.9744167,1
29,2021-08-01,2021-09-01,1,0.9744167,1
29,2021-09-01,2021-10-01,1,0.96743995,1
29,2021-10-01,2021-11-01,1,0.9744167,1
29,2021-11-01,2021-12-01,1,0.97074,1
29,2021-12-01,2022-01-01,1,0.95160973,1
29,2022-01-01,2022-02-01,1,0.95160973,1
29,2022-02-01,2022-03-01,1,0.948013,1
29,2022-03-01,2022-04-01,1,0.9501913,1
29,2022-04-01,2022-05-01,1,0.9744167,1
29,2022-05-01,2022-06-01,1,0.9744167,1
29,2022-06-01,2022-07-01,1,0.9744167,1
29,2022-07-01,2022-08-01,1,0.9744167,1
29,2022-08-01,2022-09-01,1,0.97074,1
29,2022-09-01,2022-10-01,1,0.9763573,1
29,2022-10-01,2022-11-01,1,0.970385,1
29,2022-11-01,2022-12-01,1,0.97129434,1
30,2015-02-01,2015-03-01,1,0.61052024,0
30,2015-03-01,2015-04-01,1,0.18253568,0
30,2015-04-01,2015-05-01,1,0.7446666,1
30,2015-05-01,2015-06-01,0,0.60033053,0
30,2015-06-01,2015-07-01,1,0.794932,1
30,2015-07-01,2015-08-01,1,0.8084409,1
30,2015-08-01,2015-09-01,1,0.80628186,1
30,2015-09-01,2015-10-01,0,0.80628186,1
30,2015-10-01,2015-11-01,0,0.736261,1
30,2015-11-01,2015-12-01,0,0.63496745,0
30,2015-12-01,2016-01-01,1,0.6208696,0
30,2016-01-01,2016-02-01,0,0.3864691,0
30,2016-02-01,2016-03-01,1,0.60841435,0
30,2016-03-01,2016-04-01,0,0.29334226,0
30,2016-04-01,2016-05-01,1,0.80628186,1
30,2016-05-01,2016-06-01,1,0.691423,0
30,2016-06-01,2016-07-01,1,0.8091954,1
30,2016-07-01,2016-08-01,1,0.736261,1
30,2016-08-01,2016-09-01,1,0.7791325,1
30,2016-09-01,2016-10-01,1,0.8748057,1
30,2016-10-01,2016-11-01,0,0.7919614,1
30,2016-11-01,2016-12-01,0,0.7888534,1
30,2016-12-01,2017-01-01,0,0.74108297,1
30,2017-01-01,2017-02-01,0,0.19929315,0
30,2017-02-01,2017-03-01,0,0.714185,0
30,2017-03-01,2017-04-01,0,0.4322047,0
30,2017-04-01,2017-05-01,1,0.5997321,0
30,2017-05-01,2017-06-01,1,0.624475,0
30,2017-06-01,2017-07-01,1,0.7846626,1
30,2017-07-01,2017-08-01,1,0.6367245,0
30,2017-08-01,2017-09-01,1,0.8091954,1
30,2017-09-01,2017-10-01,0,0.80628186,1
30,2017-10-01,2017-11-01,0,0.736261,1
30,2017-11-01,2017-12-01,0,0.736261,1
30,2017-12-01,2018-01-01,0,0.5997321,0
30,2018-01-01,2018-02-01,0,0.6045281,0
30,2018-02-01,2018-03-01,0,0.31648266,0
30,2018-03-01,2018-04-01,0,0.19289078,0
30,2018-04-01,2018-05-01,1,0.6076142,0
30,2018-05-01,2018-06-01,1,0.5291355,0
30,2018-06-01,2018-07-01,1,0.8091954,1
30,2018-07-01,2018-08-01,1,0.7888534,1
30,2018-08-01,2018-09-01,1,0.86993605,1
30,2018-09-01,2018-10-01,1,0.82358867,1
30,2018-10-01,2018-11-01,1,0.7070115,0
30,2018-11-01,2018-12-01,1,0.7846626,1
30,2018-12-01,2019-01-01,0,0.61052024,0
30,2019-01-01,2019-02-01,0,0.62064886,0
30,2019-02-01,2019-03-01,0,0.42592463,0
30,2019-03-01,2019-04-01,1,0.29334226,0
30,2019-04-01,2019-05-01,1,0.5775253,0
30,2019-05-01,2019-06-01,1,0.59706765,0
30,2019-06-01,2019-07-01,1,0.74108297,1
30,2019-07-01,2019-08-01,1,0.714185,0
30,2019-08-01,2019-09-01,1,0.7846626,1
30,2019-09-01,2019-10-01,0,0.83368444,1
30,2019-10-01,2019-11-01,0,0.736261,1
30,2019-11-01,2019-12-01,0,0.463855,0
30,2019-12-01,2020-01-01,0,0.29334226,0
30,2020-01-01,2020-02-01,0,0.30088758,0
30,2020-02-01,2020-03-01,0,0.29334658,0
30,2020-03-01,2020-04-01,0,0.123418115,0
30,2020-04-01,2020-05-01,0,0.06250465,0
30,2020-05-01,2020-06-01,0,0.018470263,0
30,2020-06-01,2020-07-01,0,0.072381765,0
30,2020-07-01,2020-08-01,0,0.081352435,0
30,2020-08-01,2020-09-01,0,0.25343847,0
30,2020-09-01,2020-10-01,0,0.22267438,0
30,2020-10-01,2020-11-01,0,0.13429722,0
30,2020-11-01,2020-12-01,0,0.09864545,0
30,2020-12-01,2021-01-01,0,0.051357694,0
30,2021-01-01,2021-02-01,0,0.051357694,0
30,2021-02-01,2021-03-01,0,0.06748623,0
30,2021-03-01,2021-04-01,0,0.019128134,0
30,2021-04-01,2021-05-01,0,0.049858484,0
30,2021-05-01,2021-06-01,0,0.019954612,0
30,2021-06-01,2021-07-01,0,0.08090736,0
30,2021-07-01,2021-08-01,0,0.09201141,0
30,2021-08-01,2021-09-01,0,0.09681947,0
30,2021-09-01,2021-10-01,0,0.08090736,0
30,2021-10-01,2021-11-01,0,0.26950207,0
30,2021-11-01,2021-12-01,0,0.25343847,0
30,2021-12-01,2022-01-01,0,0.06376949,0
30,2022-01-01,2022-02-01,0,0.08731447,0
30,2022-02-01,2022-03-01,0,0.021716228,0
30,2022-03-01,2022-04-01,0,0.04088426,0
30,2022-04-01,2022-05-01,0,0.08090736,0
30,2022-05-01,2022-06-01,0,0.08090736,0
30,2022-06-01,2022-07-01,0,0.16150874,0
30,2022-07-01,2022-08-01,0,0.30201608,0
30,2022-08-01,2022-09-01,0,0.30654287,0
30,2022-09-01,2022-10-01,0,0.31095675,0
30,2022-10-01,2022-11-01,0,0.33898404,0
30,2022-11-01,2022-12-01,0,0.37357584,0
31,2015-02-01,2015-03-01,0,0.012205534,0
31,2015-03-01,2015-04-01,0,0.0035079012,0
31,2015-04-01,2015-05-01,0,0.018472275,0
31,2015-05-01,2015-06-01,0,0.01886424,0
31,2015-06-01,2015-07-01,0,0.021305827,0
31,2015-07-01,2015-08-01,0,0.023331534,0
31,2015-08-01,2015-09-01,0,0.027248234,0
31,2015-09-01,2015-10-01,0,0.034554515,0
31,2015-10-01,2015-11-01,0,0.021305827,0
31,2015-11-01,2015-12-01,0,0.01831049,0
31,2015-12-01,2016-01-01,0,0.012205534,0
31,2016-01-01,2016-02-01,0,0.018472275,0
31,2016-02-01,2016-03-01,0,0.016390035,0
31,2016-03-01,2016-04-01,0,0.013502843,0
31,2016-04-01,2016-05-01,0,0.020067817,0
31,2016-05-01,2016-06-01,0,0.018472275,0
31,2016-06-01,2016-07-01,0,0.018517436,0
31,2016-07-01,2016-08-01,0,0.027248234,0
31,2016-08-01,2016-09-01,0,0.040035095,0
31,2016-09-01,2016-10-01,0,0.041098386,0
31,2016-10-01,2016-11-01,0,0.039504975,0
31,2016-11-01,2016-12-01,0,0.03630007,0
31,2016-12-01,2017-01-01,0,0.021305827,0
31,2017-01-01,2017-02-01,0,0.013502843,0
31,2017-02-01,2017-03-01,0,0.021305827,0
31,2017-03-01,2017-04-01,0,0.013502843,0
31,2017-04-01,2017-05-01,0,0.006969631,0
31,2017-05-01,2017-06-01,0,0.01886424,0
31,2017-06-01,2017-07-01,0,0.018517436,0
31,2017-07-01,2017-08-01,0,0.023795646,0
31,2017-08-01,2017-09-01,0,0.029006546,0
31,2017-09-01,2017-10-01,0,0.027248234,0
31,2017-10-01,2017-11-01,0,0.018656598,0
31,2017-11-01,2017-12-01,0,0.021305827,0
31,2017-12-01,2018-01-01,0,0.020203058,0
31,2018-01-01,2018-02-01,0,0.01886424,0
31,2018-02-01,2018-03-01,0,0.012482403,0
31,2018-03-01,2018-04-01,0,0.012031444,0
31,2018-04-01,2018-05-01,0,0.018472275,0
31,2018-05-01,2018-06-01,0,0.018472275,0
31,2018-06-01,2018-07-01,0,0.029006546,0
31,2018-07-01,2018-08-01,0,0.040035095,0
31,2018-08-01,2018-09-01,0,0.04164896,0
31,2018-09-01,2018-10-01,0,0.039504975,0
31,2018-10-01,2018-11-01,0,0.035817564,0
31,2018-11-01,2018-12-01,0,0.031042391,0
31,2018-12-01,2019-01-01,0,0.024679331,0
31,2019-01-01,2019-02-01,0,0.019122897,0
31,2019-02-01,2019-03-01,0,0.019783832,0
31,2019-03-01,2019-04-01,0,0.012686212,0
31,2019-04-01,2019-05-01,0,0.018725658,0
31,2019-05-01,2019-06-01,0,0.019783832,0
31,2019-06-01,2019-07-01,0,0.023331534,0
31,2019-07-01,2019-08-01,0,0.027248234,0
31,2019-08-01,2019-09-01,0,0.039504975,0
31,2019-09-01,2019-10-01,0,0.03878972,0
31,2019-10-01,2019-11-01,0,0.024275003,0
31,2019-11-01,2019-12-01,0,0.01886424,0
31,2019-12-01,2020-01-01,0,0.027024524,0
31,2020-01-01,2020-02-01,0,0.059126556,0
31,2020-02-01,2020-03-01,0,0.023882154,0
31,2020-03-01,2020-04-01,0,0.03690115,0
31,2020-04-01,2020-05-01,0,0.022550317,0
31,2020-05-01,2020-06-01,0,0.0034518794,0
31,2020-06-01,2020-07-01,0,0.0155773945,0
31,2020-07-01,2020-08-01,0,0.014840577,0
31,2020-08-01,2020-09-01,0,0.025583228,0
31,2020-09-01,2020-10-01,0,0.02546187,0
31,2020-10-01,2020-11-01,0,0.023117978,0
31,2020-11-01,2020-12-01,0,0.022620138,0
31,2020-12-01,2021-01-01,0,0.01194735,0
31,2021-01-01,2021-02-01,0,0.0078652045,0
31,2021-02-01,2021-03-01,0,0.0074038273,0
31,2021-03-01,2021-04-01,0,0.0025823074,0
31,2021-04-01,2021-05-01,0,0.01039906,0
31,2021-05-01,2021-06-01,0,0.006318264,0
31,2021-06-01,2021-07-01,0,0.023117978,0
31,2021-07-01,2021-08-01,0,0.025269138,0
31,2021-08-01,2021-09-01,0,0.02091647,0
31,2021-09-01,2021-10-01,0,0.023117978,0
31,2021-10-01,2021-11-01,0,0.026873695,0
31,2021-11-01,2021-12-01,0,0.03797792,0
31,2021-12-01,2022-01-01,0,0.023545489,0
31,2022-01-01,2022-02-01,0,0.023545489,0
31,2022-02-01,2022-03-01,0,0.0155773945,0
31,2022-03-01,2022-04-01,0,0.014638583,0
31,2022-04-01,2022-05-01,0,0.026873695,0
31,2022-05-01,2022-06-01,0,0.0355627,0
31,2022-06-01,2022-07-01,0,0.028884105,0
31,2022-07-01,2022-08-01,0,0.047376342,0
31,2022-08-01,2022-09-01,0,0.048006807,0
31,2022-09-01,2022-10-01,0,0.051753424,0
31,2022-10-01,2022-11-01,0,0.047376342,0
31,2022-11-01,2022-12-01,0,0.045337275,0
32,2015-02-01,2015-03-01,1,0.9904757,1
32,2015-03-01,2015-04-01,1,0.9766027,1
32,2015-04-01,2015-05-01,1,0.9904757,1
32,2015-05-01,2015-06-01,1,0.9909328,1
32,2015-06-01,2015-07-01,1,0.9911758,1
32,2015-07-01,2015-08-01,1,0.9911758,1
32,2015-08-01,2015-09-01,1,0.9932407,1
32,2015-09-01,2015-10-01,1,0.9932407,1
32,2015-10-01,2015-11-01,1,0.9909328,1
32,2015-11-01,2015-12-01,1,0.9909328,1
32,2015-12-01,2016-01-01,1,0.9909328,1
32,2016-01-01,2016-02-01,1,0.9911758,1
32,2016-02-01,2016-03-01,1,0.9911758,1
32,2016-03-01,2016-04-01,1,0.9909328,1
32,2016-04-01,2016-05-01,1,0.992101,1
32,2016-05-01,2016-06-01,1,0.9909328,1
32,2016-06-01,2016-07-01,1,0.9932407,1
32,2016-07-01,2016-08-01,1,0.9932407,1
32,2016-08-01,2016-09-01,1,0.99347985,1
32,2016-09-01,2016-10-01,1,0.99347985,1
32,2016-10-01,2016-11-01,1,0.99347985,1
32,2016-11-01,2016-12-01,1,0.99347985,1
32,2016-12-01,2017-01-01,1,0.9932407,1
32,2017-01-01,2017-02-01,1,0.99265057,1
32,2017-02-01,2017-03-01,1,0.9932407,1
32,2017-03-01,2017-04-01,1,0.9909328,1
32,2017-04-01,2017-05-01,1,0.9911758,1
32,2017-05-01,2017-06-01,1,0.9932407,1
32,2017-06-01,2017-07-01,1,0.9932407,1
32,2017-07-01,2017-08-01,1,0.99347985,1
32,2017-08-01,2017-09-01,1,0.99347985,1
32,2017-09-01,2017-10-01,1,0.99347985,1
32,2017-10-01,2017-11-01,1,0.99347985,1
32,2017-11-01,2017-12-01,1,0.99347985,1
32,2017-12-01,2018-01-01,1,0.99347985,1
32,2018-01-01,2018-02-01,1,0.99347985,1
32,2018-02-01,2018-03-01,1,0.9932407,1
32,2018-03-01,2018-04-01,1,0.9909328,1
32,2018-04-01,2018-05-01,1,0.99265057,1
32,2018-05-01,2018-06-01,1,0.99347985,1
32,2018-06-01,2018-07-01,1,0.99347985,1
32,2018-07-01,2018-08-01,1,0.99347985,1
32,2018-08-01,2018-09-01,1,0.99347985,1
32,2018-09-01,2018-10-01,1,0.99347985,1
32,2018-10-01,2018-11-01,1,0.99347985,1
32,2018-11-01,2018-12-01,1,0.99347985,1
32,2018-12-01,2019-01-01,1,0.9932407,1
32,2019-01-01,2019-02-01,1,0.99347985,1
32,2019-02-01,2019-03-01,1,0.9932407,1
32,2019-03-01,2019-04-01,1,0.99237317,1
32,2019-04-01,2019-05-01,1,0.9932407,1
32,2019-05-01,2019-06-01,1,0.9932407,1
32,2019-06-01,2019-07-01,1,0.99347985,1
32,2019-07-01,2019-08-01,1,0.99347985,1
32,2019-08-01,2019-09-01,1,0.99347985,1
32,2019-09-01,2019-10-01,1,0.99347985,1
32,2019-10-01,2019-11-01,1,0.99347985,1
32,2019-11-01,2019-12-01,1,0.99347985,1
32,2019-12-01,2020-01-01,1,0.99347985,1
32,2020-01-01,2020-02-01,1,0.97761214,1
32,2020-02-01,2020-03-01,1,0.9661375,1
32,2020-03-01,2020-04-01,0,0.9661375,1
32,2020-04-01,2020-05-01,1,0.9026239,1
32,2020-05-01,2020-06-01,0,0.10584372,0
32,2020-06-01,2020-07-01,1,0.9026239,1
32,2020-07-01,2020-08-01,1,0.8469913,1
32,2020-08-01,2020-09-01,1,0.931935,1
32,2020-09-01,2020-10-01,1,0.9652295,1
32,2020-10-01,2020-11-01,0,0.91406626,1
32,2020-11-01,2020-12-01,0,0.91406626,1
32,2020-12-01,2021-01-01,0,0.8537318,1
32,2021-01-01,2021-02-01,0,0.873935,1
32,2021-02-01,2021-03-01,0,0.8469913,1
32,2021-03-01,2021-04-01,0,0.5866999,0
32,2021-04-01,2021-05-01,1,0.8329444,1
32,2021-05-01,2021-06-01,1,0.8923447,1
32,2021-06-01,2021-07-01,1,0.9409247,1
32,2021-07-01,2021-08-01,1,0.9652295,1
32,2021-08-01,2021-09-01,1,0.9652295,1
32,2021-09-01,2021-10-01,1,0.9661375,1
32,2021-10-01,2021-11-01,1,0.96566343,1
32,2021-11-01,2021-12-01,1,0.97761214,1
32,2021-12-01,2022-01-01,1,0.9652295,1
32,2022-01-01,2022-02-01,1,0.9652295,1
32,2022-02-01,2022-03-01,1,0.9652295,1
32,2022-03-01,2022-04-01,1,0.9631312,1
32,2022-04-01,2022-05-01,1,0.97601175,1
32,2022-05-01,2022-06-01,1,0.9652295,1
32,2022-06-01,2022-07-01,1,0.97680455,1
32,2022-07-01,2022-08-01,1,0.97761214,1
32,2022-08-01,2022-09-01,1,0.97761214,1
32,2022-09-01,2022-10-01,1,0.97761214,1
32,2022-10-01,2022-11-01,1,0.97761214,1
32,2022-11-01,2022-12-01,1,0.97761214,1
33,2015-02-01,2015-03-01,0,0.0084761735,0
33,2015-03-01,2015-04-01,0,0.008992633,0
33,2015-04-01,2015-05-01,0,0.01886233,0
33,2015-05-01,2015-06-01,0,0.018510288,0
33,2015-06-01,2015-07-01,0,0.015637117,0
33,2015-07-01,2015-08-01,0,0.014455649,0
33,2015-08-01,2015-09-01,0,0.014919687,0
33,2015-09-01,2015-10-01,0,0.016182536,0
33,2015-10-01,2015-11-01,0,0.013219488,0
33,2015-11-01,2015-12-01,0,0.015231919,0
33,2015-12-01,2016-01-01,0,0.020770557,0
33,2016-01-01,2016-02-01,0,0.01055388,0
33,2016-02-01,2016-03-01,0,0.013314795,0
33,2016-03-01,2016-04-01,0,0.018696394,0
33,2016-04-01,2016-05-01,0,0.015052022,0
33,2016-05-01,2016-06-01,0,0.018995427,0
33,2016-06-01,2016-07-01,0,0.016182536,0
33,2016-07-01,2016-08-01,0,0.016182536,0
33,2016-08-01,2016-09-01,0,0.012327488,0
33,2016-09-01,2016-10-01,0,0.01269628,0
33,2016-10-01,2016-11-01,0,0.012643663,0
33,2016-11-01,2016-12-01,0,0.015432898,0
33,2016-12-01,2017-01-01,0,0.014559731,0
33,2017-01-01,2017-02-01,0,0.016067035,0
33,2017-02-01,2017-03-01,0,0.016182536,0
33,2017-03-01,2017-04-01,0,0.01966265,0
33,2017-04-01,2017-05-01,0,0.015980838,0
33,2017-05-01,2017-06-01,0,0.014559731,0
33,2017-06-01,2017-07-01,0,0.011495008,0
33,2017-07-01,2017-08-01,0,0.013200485,0
33,2017-08-01,2017-09-01,0,0.008193205,0
33,2017-09-01,2017-10-01,0,0.013874383,0
33,2017-10-01,2017-11-01,0,0.0108539965,0
33,2017-11-01,2017-12-01,0,0.009661047,0
33,2017-12-01,2018-01-01,0,0.009794775,0
33,2018-01-01,2018-02-01,0,0.012149654,0
33,2018-02-01,2018-03-01,0,0.016182536,0
33,2018-03-01,2018-04-01,0,0.020770557,0
33,2018-04-01,2018-05-01,0,0.014807185,0
33,2018-05-01,2018-06-01,0,0.014919687,0
33,2018-06-01,2018-07-01,0,0.019298486,0
33,2018-07-01,2018-08-01,0,0.012327488,0
33,2018-08-01,2018-09-01,0,0.012004596,0
33,2018-09-01,2018-10-01,0,0.016931128,0
33,2018-10-01,2018-11-01,0,0.012075461,0
33,2018-11-01,2018-12-01,0,0.008306044,0
33,2018-12-01,2019-01-01,0,0.014807185,0
33,2019-01-01,2019-02-01,0,0.013200485,0
33,2019-02-01,2019-03-01,0,0.016182536,0
33,2019-03-01,2019-04-01,0,0.016067035,0
33,2019-04-01,2019-05-01,0,0.016182536,0
33,2019-05-01,2019-06-01,0,0.015980838,0
33,2019-06-01,2019-07-01,0,0.008885777,0
33,2019-07-01,2019-08-01,0,0.012844808,0
33,2019-08-01,2019-09-01,0,0.014985819,0
33,2019-09-01,2019-10-01,0,0.013874383,0
33,2019-10-01,2019-11-01,0,0.010960094,0
33,2019-11-01,2019-12-01,0,0.015432898,0
33,2019-12-01,2020-01-01,0,0.016182536,0
33,2020-01-01,2020-02-01,0,0.10112925,0
33,2020-02-01,2020-03-01,0,0.090791404,0
33,2020-03-01,2020-04-01,0,0.054457348,0
33,2020-04-01,2020-05-01,0,0.02292966,0
33,2020-05-01,2020-06-01,0,0.0050507095,0
33,2020-06-01,2020-07-01,0,0.021625424,0
33,2020-07-01,2020-08-01,0,0.017344527,0
33,2020-08-01,2020-09-01,0,0.0219166,0
33,2020-09-01,2020-10-01,0,0.0219166,0
33,2020-10-01,2020-11-01,0,0.021625424,0
33,2020-11-01,2020-12-01,0,0.021625424,0
33,2020-12-01,2021-01-01,0,0.034567177,0
33,2021-01-01,2021-02-01,0,0.018367764,0
33,2021-02-01,2021-03-01,0,0.01694604,0
33,2021-03-01,2021-04-01,0,0.006781008,0
33,2021-04-01,2021-05-01,0,0.020376444,0
33,2021-05-01,2021-06-01,0,0.018987734,0
33,2021-06-01,2021-07-01,0,0.019206582,0
33,2021-07-01,2021-08-01,0,0.027453734,0
33,2021-08-01,2021-09-01,0,0.053917956,0
33,2021-09-01,2021-10-01,0,0.03126186,0
33,2021-10-01,2021-11-01,0,0.050809298,0
33,2021-11-01,2021-12-01,0,0.05764259,0
33,2021-12-01,2022-01-01,0,0.027453734,0
33,2022-01-01,2022-02-01,0,0.03126186,0
33,2022-02-01,2022-03-01,0,0.023296973,0
33,2022-03-01,2022-04-01,0,0.0219166,0
33,2022-04-01,2022-05-01,0,0.08272748,0
33,2022-05-01,2022-06-01,0,0.03646014,0
33,2022-06-01,2022-07-01,0,0.064503804,0
33,2022-07-01,2022-08-01,0,0.0708175,0
33,2022-08-01,2022-09-01,0,0.05586285,0
33,2022-09-01,2022-10-01,0,0.09034506,0
33,2022-10-01,2022-11-01,0,0.06367119,0
33,2022-11-01,2022-12-01,0,0.05891565,0
34,2015-02-01,2015-03-01,0,0.021461006,0
34,2015-03-01,2015-04-01,0,0.0043857372,0
34,2015-04-01,2015-05-01,0,0.021121928,0
34,2015-05-01,2015-06-01,0,0.019107528,0
34,2015-06-01,2015-07-01,0,0.020957263,0
34,2015-07-01,2015-08-01,0,0.020903794,0
34,2015-08-01,2015-09-01,0,0.01510009,0
34,2015-09-01,2015-10-01,0,0.019956874,0
34,2015-10-01,2015-11-01,0,0.02116831,0
34,2015-11-01,2015-12-01,0,0.021457868,0
34,2015-12-01,2016-01-01,0,0.019362122,0
34,2016-01-01,2016-02-01,0,0.014469154,0
34,2016-02-01,2016-03-01,0,0.020549137,0
34,2016-03-01,2016-04-01,0,0.017171076,0
34,2016-04-01,2016-05-01,0,0.019788383,0
34,2016-05-01,2016-06-01,0,0.018494358,0
34,2016-06-01,2016-07-01,0,0.017612265,0
34,2016-07-01,2016-08-01,0,0.02013018,0
34,2016-08-01,2016-09-01,0,0.025101135,0
34,2016-09-01,2016-10-01,0,0.025101135,0
34,2016-10-01,2016-11-01,0,0.025101135,0
34,2016-11-01,2016-12-01,0,0.02470334,0
34,2016-12-01,2017-01-01,0,0.021218926,0
34,2017-01-01,2017-02-01,0,0.019510768,0
34,2017-02-01,2017-03-01,0,0.021457868,0
34,2017-03-01,2017-04-01,0,0.019173192,0
34,2017-04-01,2017-05-01,0,0.021622246,0
34,2017-05-01,2017-06-01,0,0.019060865,0
34,2017-06-01,2017-07-01,0,0.019060865,0
34,2017-07-01,2017-08-01,0,0.02939516,0
34,2017-08-01,2017-09-01,0,0.021352181,0
34,2017-09-01,2017-10-01,0,0.023111818,0
34,2017-10-01,2017-11-01,0,0.021673923,0
34,2017-11-01,2017-12-01,0,0.023111818,0
34,2017-12-01,2018-01-01,0,0.009243073,0
34,2018-01-01,2018-02-01,0,0.020013807,0
34,2018-02-01,2018-03-01,0,0.019362122,0
34,2018-03-01,2018-04-01,0,0.00883191,0
34,2018-04-01,2018-05-01,0,0.021340625,0
34,2018-05-01,2018-06-01,0,0.023403607,0
34,2018-06-01,2018-07-01,0,0.034683462,0
34,2018-07-01,2018-08-01,0,0.027301513,0
34,2018-08-01,2018-09-01,0,0.027301513,0
34,2018-09-01,2018-10-01,0,0.027318234,0
34,2018-10-01,2018-11-01,0,0.02118981,0
34,2018-11-01,2018-12-01,0,0.023111818,0
34,2018-12-01,2019-01-01,0,0.029763859,0
34,2019-01-01,2019-02-01,0,0.029763859,0
34,2019-02-01,2019-03-01,0,0.019456612,0
34,2019-03-01,2019-04-01,0,0.019173192,0
34,2019-04-01,2019-05-01,0,0.022652192,0
34,2019-05-01,2019-06-01,0,0.020916192,0
34,2019-06-01,2019-07-01,0,0.023111818,0
34,2019-07-01,2019-08-01,0,0.02751634,0
34,2019-08-01,2019-09-01,0,0.025422558,0
34,2019-09-01,2019-10-01,0,0.027301513,0
34,2019-10-01,2019-11-01,0,0.025040016,0
34,2019-11-01,2019-12-01,0,0.023111818,0
34,2019-12-01,2020-01-01,0,0.022720568,0
34,2020-01-01,2020-02-01,0,0.08113918,0
34,2020-02-01,2020-03-01,0,0.06533165,0
34,2020-03-01,2020-04-01,0,0.075944185,0
34,2020-04-01,2020-05-01,0,0.010758736,0
34,2020-05-01,2020-06-01,0,0.0026733405,0
34,2020-06-01,2020-07-01,0,0.019823397,0
34,2020-07-01,2020-08-01,0,0.01583783,0
34,2020-08-01,2020-09-01,0,0.02372751,0
34,2020-09-01,2020-10-01,0,0.049304716,0
34,2020-10-01,2020-11-01,0,0.02372751,0
34,2020-11-01,2020-12-01,0,0.04402994,0
34,2020-12-01,2021-01-01,0,0.016260862,0
34,2021-01-01,2021-02-01,0,0.017117001,0
34,2021-02-01,2021-03-01,0,0.011996064,0
34,2021-03-01,2021-04-01,0,0.004055994,0
34,2021-04-01,2021-05-01,0,0.014570893,0
34,2021-05-01,2021-06-01,0,0.0077030645,0
34,2021-06-01,2021-07-01,0,0.01583783,0
34,2021-07-01,2021-08-01,0,0.049304716,0
34,2021-08-01,2021-09-01,0,0.054285254,0
34,2021-09-01,2021-10-01,0,0.052909076,0
34,2021-10-01,2021-11-01,0,0.078186594,0
34,2021-11-01,2021-12-01,0,0.076122075,0
34,2021-12-01,2022-01-01,0,0.055137496,0
34,2022-01-01,2022-02-01,0,0.05163107,0
34,2022-02-01,2022-03-01,0,0.05163107,0
34,2022-03-01,2022-04-01,0,0.02110783,0
34,2022-04-01,2022-05-01,0,0.07734845,0
34,2022-05-01,2022-06-01,0,0.059828278,0
34,2022-06-01,2022-07-01,0,0.08132127,0
34,2022-07-01,2022-08-01,0,0.095279336,0
34,2022-08-01,2022-09-01,0,0.08209299,0
34,2022-09-01,2022-10-01,0,0.08795069,0
34,2022-10-01,2022-11-01,0,0.093730204,0
34,2022-11-01,2022-12-01,0,0.08209299,0
35,2015-02-01,2015-03-01,0,0.0012178981,0
35,2015-03-01,2015-04-01,0,0.0008900575,0
35,2015-04-01,2015-05-01,0,0.0008444983,0
35,2015-05-01,2015-06-01,0,0.0008444983,0
35,2015-06-01,2015-07-01,0,0.0008333323,0
35,2015-07-01,2015-08-01,0,0.0012824899,0
35,2015-08-01,2015-09-01,0,0.0018687218,0
35,2015-09-01,2015-10-01,0,0.001316887,0
35,2015-10-01,2015-11-01,0,0.0017835074,0
35,2015-11-01,2015-12-01,0,0.0016954134,0
35,2015-12-01,2016-01-01,0,0.0012971399,0
35,2016-01-01,2016-02-01,0,0.0012317536,0
35,2016-02-01,2016-03-01,0,0.0012971399,0
35,2016-03-01,2016-04-01,0,0.0012971399,0
35,2016-04-01,2016-05-01,0,0.0012971399,0
35,2016-05-01,2016-06-01,0,0.0008444983,0
35,2016-06-01,2016-07-01,0,0.0010948527,0
35,2016-07-01,2016-08-01,0,0.0010658264,0
35,2016-08-01,2016-09-01,0,0.0028432803,0
35,2016-09-01,2016-10-01,0,0.0029862511,0
35,2016-10-01,2016-11-01,0,0.0018687218,0
35,2016-11-01,2016-12-01,0,0.0018687218,0
35,2016-12-01,2017-01-01,0,0.0012971399,0
35,2017-01-01,2017-02-01,0,0.0008444983,0
35,2017-02-01,2017-03-01,0,0.0008444983,0
35,2017-03-01,2017-04-01,0,0.0012317536,0
35,2017-04-01,2017-05-01,0,0.0012178981,0
35,2017-05-01,2017-06-01,0,0.0010299556,0
35,2017-06-01,2017-07-01,0,0.0015967276,0
35,2017-07-01,2017-08-01,0,0.0018687218,0
35,2017-08-01,2017-09-01,0,0.001316887,0
35,2017-09-01,2017-10-01,0,0.0036109488,0
35,2017-10-01,2017-11-01,0,0.0008444983,0
35,2017-11-01,2017-12-01,0,0.001316887,0
35,2017-12-01,2018-01-01,0,0.0022667614,0
35,2018-01-01,2018-02-01,0,0.00091393903,0
35,2018-02-01,2018-03-01,0,0.00091393903,0
35,2018-03-01,2018-04-01,0,0.00091393903,0
35,2018-04-01,2018-05-01,0,0.0008444983,0
35,2018-05-01,2018-06-01,0,0.0012178981,0
35,2018-06-01,2018-07-01,0,0.0012168677,0
35,2018-07-01,2018-08-01,0,0.0017835074,0
35,2018-08-01,2018-09-01,0,0.001316887,0
35,2018-09-01,2018-10-01,0,0.0013926997,0
35,2018-10-01,2018-11-01,0,0.00088719354,0
35,2018-11-01,2018-12-01,0,0.0010299556,0
35,2018-12-01,2019-01-01,0,0.0012971399,0
35,2019-01-01,2019-02-01,0,0.0012971399,0
35,2019-02-01,2019-03-01,0,0.0008444983,0
35,2019-03-01,2019-04-01,0,0.0010299556,0
35,2019-04-01,2019-05-01,0,0.0008444983,0
35,2019-05-01,2019-06-01,0,0.0008444983,0
35,2019-06-01,2019-07-01,0,0.001316887,0
35,2019-07-01,2019-08-01,0,0.004954806,0
35,2019-08-01,2019-09-01,0,0.0012168677,0
35,2019-09-01,2019-10-01,0,0.0018687218,0
35,2019-10-01,2019-11-01,0,0.0017546236,0
35,2019-11-01,2019-12-01,0,0.0012971399,0
35,2019-12-01,2020-01-01,0,0.0018715817,0
35,2020-01-01,2020-02-01,0,0.0009665765,0
35,2020-02-01,2020-03-01,0,0.0008444983,0
35,2020-03-01,2020-04-01,0,0.0008444983,0
35,2020-04-01,2020-05-01,0,0.0008900575,0
35,2020-05-01,2020-06-01,0,0.0008900575,0
35,2020-06-01,2020-07-01,0,0.0008444983,0
35,2020-07-01,2020-08-01,0,0.0008444983,0
35,2020-08-01,2020-09-01,0,0.0008900575,0
35,2020-09-01,2020-10-01,0,0.0008444983,0
35,2020-10-01,2020-11-01,0,0.00079243566,0
35,2020-11-01,2020-12-01,0,0.0008473594,0
35,2020-12-01,2021-01-01,0,0.0008382621,0
35,2021-01-01,2021-02-01,0,0.0008900575,0
35,2021-02-01,2021-03-01,0,0.00088719354,0
35,2021-03-01,2021-04-01,0,0.0008900575,0
35,2021-04-01,2021-05-01,0,0.0008444983,0
35,2021-05-01,2021-06-01,0,0.0008444983,0
35,2021-06-01,2021-07-01,0,0.0008444983,0
35,2021-07-01,2021-08-01,0,0.0008473594,0
35,2021-08-01,2021-09-01,0,0.0008444983,0
35,2021-09-01,2021-10-01,0,0.0008900575,0
35,2021-10-01,2021-11-01,0,0.0012168677,0
35,2021-11-01,2021-12-01,0,0.0012007842,0
35,2021-12-01,2022-01-01,0,0.0008473594,0
35,2022-01-01,2022-02-01,0,0.0008444983,0
35,2022-02-01,2022-03-01,0,0.0011539025,0
35,2022-03-01,2022-04-01,0,0.0008444983,0
35,2022-04-01,2022-05-01,0,0.0012168677,0
35,2022-05-01,2022-06-01,0,0.0008444983,0
35,2022-06-01,2022-07-01,0,0.001316887,0
35,2022-07-01,2022-08-01,0,0.0037625527,0
35,2022-08-01,2022-09-01,0,0.0066299015,0
35,2022-09-01,2022-10-01,0,0.0040042866,0
35,2022-10-01,2022-11-01,0,0.0023527974,0
35,2022-11-01,2022-12-01,0,0.0040042866,0
36,2015-02-01,2015-03-01,0,0.0131105445,0
36,2015-03-01,2015-04-01,0,0.0024822531,0
36,2015-04-01,2015-05-01,0,0.013309021,0
36,2015-05-01,2015-06-01,0,0.010112668,0
36,2015-06-01,2015-07-01,0,0.050373998,0
36,2015-07-01,2015-08-01,0,0.019315775,0
36,2015-08-01,2015-09-01,0,0.044307515,0
36,2015-09-01,2015-10-01,0,0.009442152,0
36,2015-10-01,2015-11-01,0,0.041746583,0
36,2015-11-01,2015-12-01,0,0.045205057,0
36,2015-12-01,2016-01-01,0,0.017334118,0
36,2016-01-01,2016-02-01,0,0.0076374663,0
36,2016-02-01,2016-03-01,0,0.01581278,0
36,2016-03-01,2016-04-01,0,0.0033916992,0
36,2016-04-01,2016-05-01,0,0.022895994,0
36,2016-05-01,2016-06-01,0,0.010112668,0
36,2016-06-01,2016-07-01,0,0.014837495,0
36,2016-07-01,2016-08-01,0,0.052844636,0
36,2016-08-01,2016-09-01,0,0.043971006,0
36,2016-09-01,2016-10-01,0,0.070300825,0
36,2016-10-01,2016-11-01,0,0.06347653,0
36,2016-11-01,2016-12-01,0,0.089104906,0
36,2016-12-01,2017-01-01,0,0.020622645,0
36,2017-01-01,2017-02-01,0,0.010112668,0
36,2017-02-01,2017-03-01,0,0.014837495,0
36,2017-03-01,2017-04-01,0,0.008556668,0
36,2017-04-01,2017-05-01,0,0.013309021,0
36,2017-05-01,2017-06-01,0,0.017334118,0
36,2017-06-01,2017-07-01,0,0.020622645,0
36,2017-07-01,2017-08-01,0,0.043971006,0
36,2017-08-01,2017-09-01,0,0.055503078,0
36,2017-09-01,2017-10-01,0,0.043971006,0
36,2017-10-01,2017-11-01,0,0.0078950655,0
36,2017-11-01,2017-12-01,0,0.044045504,0
36,2017-12-01,2018-01-01,0,0.088511996,0
36,2018-01-01,2018-02-01,0,0.019651948,0
36,2018-02-01,2018-03-01,0,0.014388638,0
36,2018-03-01,2018-04-01,0,0.0033916992,0
36,2018-04-01,2018-05-01,0,0.016039077,0
36,2018-05-01,2018-06-01,0,0.021015322,0
36,2018-06-01,2018-07-01,0,0.071033336,0
36,2018-07-01,2018-08-01,0,0.057749894,0
36,2018-08-01,2018-09-01,0,0.04954001,0
36,2018-09-01,2018-10-01,0,0.052798457,0
36,2018-10-01,2018-11-01,0,0.020622645,0
36,2018-11-01,2018-12-01,0,0.0140088415,0
36,2018-12-01,2019-01-01,0,0.013309021,0
36,2019-01-01,2019-02-01,0,0.0137630105,0
36,2019-02-01,2019-03-01,0,0.010112668,0
36,2019-03-01,2019-04-01,0,0.010146605,0
36,2019-04-01,2019-05-01,0,0.014447139,0
36,2019-05-01,2019-06-01,0,0.010935863,0
36,2019-06-01,2019-07-01,0,0.053758044,0
36,2019-07-01,2019-08-01,0,0.05979798,0
36,2019-08-01,2019-09-01,0,0.052075695,0
36,2019-09-01,2019-10-01,0,0.053758044,0
36,2019-10-01,2019-11-01,0,0.05495393,0
36,2019-11-01,2019-12-01,0,0.07067161,0
36,2019-12-01,2020-01-01,0,0.010112668,0
36,2020-01-01,2020-02-01,0,0.030758627,0
36,2020-02-01,2020-03-01,0,0.029225849,0
36,2020-03-01,2020-04-01,0,0.01678546,0
36,2020-04-01,2020-05-01,0,0.00626099,0
36,2020-05-01,2020-06-01,0,0.0063488525,0
36,2020-06-01,2020-07-01,0,0.017675791,0
36,2020-07-01,2020-08-01,0,0.02132933,0
36,2020-08-01,2020-09-01,0,0.02364105,0
36,2020-09-01,2020-10-01,0,0.025490994,0
36,2020-10-01,2020-11-01,0,0.010721948,0
36,2020-11-01,2020-12-01,0,0.013466127,0
36,2020-12-01,2021-01-01,0,0.02364105,0
36,2021-01-01,2021-02-01,0,0.0075840214,0
36,2021-02-01,2021-03-01,0,0.0075900992,0
36,2021-03-01,2021-04-01,0,0.00762476,0
36,2021-04-01,2021-05-01,0,0.0075646443,0
36,2021-05-01,2021-06-01,0,0.0075646443,0
36,2021-06-01,2021-07-01,0,0.014713212,0
36,2021-07-01,2021-08-01,0,0.030758627,0
36,2021-08-01,2021-09-01,0,0.027641626,0
36,2021-09-01,2021-10-01,0,0.032973103,0
36,2021-10-01,2021-11-01,0,0.03180142,0
36,2021-11-01,2021-12-01,0,0.027641626,0
36,2021-12-01,2022-01-01,0,0.027112398,0
36,2022-01-01,2022-02-01,0,0.027112398,0
36,2022-02-01,2022-03-01,0,0.014713212,0
36,2022-03-01,2022-04-01,0,0.007706801,0
36,2022-04-01,2022-05-01,0,0.025490994,0
36,2022-05-01,2022-06-01,0,0.028287323,0
36,2022-06-01,2022-07-01,0,0.041275986,0
36,2022-07-01,2022-08-01,0,0.120870195,0
36,2022-08-01,2022-09-01,0,0.13718307,0
36,2022-09-01,2022-10-01,0,0.13718307,0
36,2022-10-01,2022-11-01,0,0.12473473,0
36,2022-11-01,2022-12-01,0,0.17049554,0
37,2015-02-01,2015-03-01,0,0.08848884,0
37,2015-03-01,2015-04-01,0,0.007221713,0
37,2015-04-01,2015-05-01,0,0.11524138,0
37,2015-05-01,2015-06-01,0,0.11622532,0
37,2015-06-01,2015-07-01,0,0.3140081,0
37,2015-07-01,2015-08-01,0,0.11622532,0
37,2015-08-01,2015-09-01,0,0.16657843,0
37,2015-09-01,2015-10-01,0,0.462577,0
37,2015-10-01,2015-11-01,0,0.077057004,0
37,2015-11-01,2015-12-01,0,0.21872875,0
37,2015-12-01,2016-01-01,0,0.088153034,0
37,2016-01-01,2016-02-01,0,0.09926088,0
37,2016-02-01,2016-03-01,0,0.08132293,0
37,2016-03-01,2016-04-01,0,0.035135023,0
37,2016-04-01,2016-05-01,0,0.10914942,0
37,2016-05-01,2016-06-01,0,0.08848884,0
37,2016-06-01,2016-07-01,0,0.15281336,0
37,2016-07-01,2016-08-01,0,0.1679074,0
37,2016-08-01,2016-09-01,0,0.3203521,0
37,2016-09-01,2016-10-01,0,0.15923701,0
37,2016-10-01,2016-11-01,0,0.15923701,0
37,2016-11-01,2016-12-01,0,0.10028244,0
37,2016-12-01,2017-01-01,0,0.034867845,0
37,2017-01-01,2017-02-01,0,0.037512235,0
37,2017-02-01,2017-03-01,0,0.06538611,0
37,2017-03-01,2017-04-01,0,0.0133999195,0
37,2017-04-01,2017-05-01,0,0.05983559,0
37,2017-05-01,2017-06-01,0,0.070443995,0
37,2017-06-01,2017-07-01,0,0.16003864,0
37,2017-07-01,2017-08-01,0,0.1679074,0
37,2017-08-01,2017-09-01,0,0.16003864,0
37,2017-09-01,2017-10-01,0,0.10028244,0
37,2017-10-01,2017-11-01,0,0.09759604,0
37,2017-11-01,2017-12-01,0,0.08123843,0
37,2017-12-01,2018-01-01,0,0.092655405,0
37,2018-01-01,2018-02-01,0,0.023128744,0
37,2018-02-01,2018-03-01,0,0.023331622,0
37,2018-03-01,2018-04-01,0,0.0048685097,0
37,2018-04-01,2018-05-01,0,0.05353459,0
37,2018-05-01,2018-06-01,0,0.06795232,0
37,2018-06-01,2018-07-01,0,0.32333532,0
37,2018-07-01,2018-08-01,0,0.17481871,0
37,2018-08-01,2018-09-01,0,0.22215311,0
37,2018-09-01,2018-10-01,0,0.15281336,0
37,2018-10-01,2018-11-01,0,0.076701544,0
37,2018-11-01,2018-12-01,0,0.053387426,0
37,2018-12-01,2019-01-01,0,0.039480865,0
37,2019-01-01,2019-02-01,0,0.01970773,0
37,2019-02-01,2019-03-01,0,0.025379596,0
37,2019-03-01,2019-04-01,0,0.026948659,0
37,2019-04-01,2019-05-01,0,0.023331622,0
37,2019-05-01,2019-06-01,0,0.036928717,0
37,2019-06-01,2019-07-01,0,0.11524138,0
37,2019-07-01,2019-08-01,0,0.08123843,0
37,2019-08-01,2019-09-01,0,0.1679074,0
37,2019-09-01,2019-10-01,0,0.11622532,0
37,2019-10-01,2019-11-01,0,0.06839706,0
37,2019-11-01,2019-12-01,0,0.05353459,0
37,2019-12-01,2020-01-01,0,0.03110329,0
37,2020-01-01,2020-02-01,0,0.029350793,0
37,2020-02-01,2020-03-01,0,0.030758927,0
37,2020-03-01,2020-04-01,0,0.012725021,0
37,2020-04-01,2020-05-01,0,0.005169266,0
37,2020-05-01,2020-06-01,0,0.00331727,0
37,2020-06-01,2020-07-01,0,0.019062465,0
37,2020-07-01,2020-08-01,0,0.03407274,0
37,2020-08-01,2020-09-01,0,0.04899788,0
37,2020-09-01,2020-10-01,0,0.04784691,0
37,2020-10-01,2020-11-01,0,0.007633626,0
37,2020-11-01,2020-12-01,0,0.010431201,0
37,2020-12-01,2021-01-01,0,0.00563932,0
37,2021-01-01,2021-02-01,0,0.0072441124,0
37,2021-02-01,2021-03-01,0,0.006033296,0
37,2021-03-01,2021-04-01,0,0.0015942196,0
37,2021-04-01,2021-05-01,0,0.00563932,0
37,2021-05-01,2021-06-01,0,0.006033296,0
37,2021-06-01,2021-07-01,0,0.009164668,0
37,2021-07-01,2021-08-01,0,0.03407274,0
37,2021-08-01,2021-09-01,0,0.02766979,0
37,2021-09-01,2021-10-01,0,0.02295112,0
37,2021-10-01,2021-11-01,0,0.026516965,0
37,2021-11-01,2021-12-01,0,0.02481859,0
37,2021-12-01,2022-01-01,0,0.008694786,0
37,2022-01-01,2022-02-01,0,0.00563932,0
37,2022-02-01,2022-03-01,0,0.004763383,0
37,2022-03-01,2022-04-01,0,0.004403912,0
37,2022-04-01,2022-05-01,0,0.010711075,0
37,2022-05-01,2022-06-01,0,0.008682657,0
37,2022-06-01,2022-07-01,0,0.035735648,0
37,2022-07-01,2022-08-01,0,0.035980437,0
37,2022-08-01,2022-09-01,0,0.042227346,0
37,2022-09-01,2022-10-01,0,0.057780035,0
37,2022-10-01,2022-11-01,0,0.04899788,0
37,2022-11-01,2022-12-01,0,0.028449118,0
38,2015-02-01,2015-03-01,0,0.0051783742,0
38,2015-03-01,2015-04-01,0,0.0051783742,0
38,2015-04-01,2015-05-01,0,0.0044771344,0
38,2015-05-01,2015-06-01,0,0.0047177426,0
38,2015-06-01,2015-07-01,0,0.0044771344,0
38,2015-07-01,2015-08-01,0,0.0044771344,0
38,2015-08-01,2015-09-01,0,0.00597316,0
38,2015-09-01,2015-10-01,0,0.0047177426,0
38,2015-10-01,2015-11-01,0,0.0044771344,0
38,2015-11-01,2015-12-01,0,0.0047177426,0
38,2015-12-01,2016-01-01,0,0.0044771344,0
38,2016-01-01,2016-02-01,0,0.0044771344,0
38,2016-02-01,2016-03-01,0,0.0047177426,0
38,2016-03-01,2016-04-01,0,0.0047177426,0
38,2016-04-01,2016-05-01,0,0.0047177426,0
38,2016-05-01,2016-06-01,0,0.0047177426,0
38,2016-06-01,2016-07-01,0,0.0045615365,0
38,2016-07-01,2016-08-01,0,0.0044771344,0
38,2016-08-01,2016-09-01,0,0.006440937,0
38,2016-09-01,2016-10-01,0,0.0062936586,0
38,2016-10-01,2016-11-01,0,0.0044771344,0
38,2016-11-01,2016-12-01,0,0.0067863637,0
38,2016-12-01,2017-01-01,0,0.0047177426,0
38,2017-01-01,2017-02-01,0,0.004492247,0
38,2017-02-01,2017-03-01,0,0.0044771344,0
38,2017-03-01,2017-04-01,0,0.0047177426,0
38,2017-04-01,2017-05-01,0,0.0047177426,0
38,2017-05-01,2017-06-01,0,0.0047177426,0
38,2017-06-01,2017-07-01,0,0.0044771344,0
38,2017-07-01,2017-08-01,0,0.0067863637,0
38,2017-08-01,2017-09-01,0,0.005798146,0
38,2017-09-01,2017-10-01,0,0.0045615365,0
38,2017-10-01,2017-11-01,0,0.0047177426,0
38,2017-11-01,2017-12-01,0,0.0044771344,0
38,2017-12-01,2018-01-01,0,0.0044181496,0
38,2018-01-01,2018-02-01,0,0.0047177426,0
38,2018-02-01,2018-03-01,0,0.0051783742,0
38,2018-03-01,2018-04-01,0,0.0064921863,0
38,2018-04-01,2018-05-01,0,0.0044771344,0
38,2018-05-01,2018-06-01,0,0.0044771344,0
38,2018-06-01,2018-07-01,0,0.0063082017,0
38,2018-07-01,2018-08-01,0,0.006923042,0
38,2018-08-01,2018-09-01,0,0.0067863637,0
38,2018-09-01,2018-10-01,0,0.0047177426,0
38,2018-10-01,2018-11-01,0,0.0044441917,0
38,2018-11-01,2018-12-01,0,0.004933634,0
38,2018-12-01,2019-01-01,0,0.0047177426,0
38,2019-01-01,2019-02-01,0,0.0044771344,0
38,2019-02-01,2019-03-01,0,0.0047177426,0
38,2019-03-01,2019-04-01,0,0.0044771344,0
38,2019-04-01,2019-05-01,0,0.0044771344,0
38,2019-05-01,2019-06-01,0,0.0044771344,0
38,2019-06-01,2019-07-01,0,0.0044771344,0
38,2019-07-01,2019-08-01,0,0.0044771344,0
38,2019-08-01,2019-09-01,0,0.0044771344,0
38,2019-09-01,2019-10-01,0,0.0044771344,0
38,2019-10-01,2019-11-01,0,0.0044771344,0
38,2019-11-01,2019-12-01,0,0.0044771344,0
38,2019-12-01,2020-01-01,0,0.0044771344,0
38,2020-01-01,2020-02-01,0,0.004956318,0
38,2020-02-01,2020-03-01,0,0.0049396516,0
38,2020-03-01,2020-04-01,0,0.005712918,0
38,2020-04-01,2020-05-01,0,0.0049396516,0
38,2020-05-01,2020-06-01,0,0.004956318,0
38,2020-06-01,2020-07-01,0,0.0049396516,0
38,2020-07-01,2020-08-01,0,0.005204986,0
38,2020-08-01,2020-09-01,0,0.0049396516,0
38,2020-09-01,2020-10-01,0,0.0049396516,0
38,2020-10-01,2020-11-01,0,0.006262898,0
38,2020-11-01,2020-12-01,0,0.004956318,0
38,2020-12-01,2021-01-01,0,0.0048746034,0
38,2021-01-01,2021-02-01,0,0.005204986,0
38,2021-02-01,2021-03-01,0,0.005204986,0
38,2021-03-01,2021-04-01,0,0.007161374,0
38,2021-04-01,2021-05-01,0,0.005204986,0
38,2021-05-01,2021-06-01,0,0.0049396516,0
38,2021-06-01,2021-07-01,0,0.0049396516,0
38,2021-07-01,2021-08-01,0,0.007161374,0
38,2021-08-01,2021-09-01,0,0.007161374,0
38,2021-09-01,2021-10-01,0,0.0048746034,0
38,2021-10-01,2021-11-01,0,0.007161374,0
38,2021-11-01,2021-12-01,0,0.007161374,0
38,2021-12-01,2022-01-01,0,0.005204986,0
38,2022-01-01,2022-02-01,0,0.004956318,0
38,2022-02-01,2022-03-01,0,0.004956318,0
38,2022-03-01,2022-04-01,0,0.005204986,0
38,2022-04-01,2022-05-01,0,0.0039187004,0
38,2022-05-01,2022-06-01,0,0.005204986,0
38,2022-06-01,2022-07-01,0,0.004420376,0
38,2022-07-01,2022-08-01,0,0.0071287993,0
38,2022-08-01,2022-09-01,0,0.009567719,0
38,2022-09-01,2022-10-01,0,0.00705274,0
38,2022-10-01,2022-11-01,0,0.0049396516,0
38,2022-11-01,2022-12-01,0,0.006396256,0
39,2015-02-01,2015-03-01,0,0.0005813598,0
39,2015-03-01,2015-04-01,0,0.0004128782,0
39,2015-04-01,2015-05-01,0,0.0008643771,0
39,2015-05-01,2015-06-01,0,0.00038748997,0
39,2015-06-01,2015-07-01,0,0.0011273318,0
39,2015-07-01,2015-08-01,0,0.00055287505,0
39,2015-08-01,2015-09-01,0,0.0012843038,0
39,2015-09-01,2015-10-01,0,0.0022102052,0
39,2015-10-01,2015-11-01,0,0.001704539,0
39,2015-11-01,2015-12-01,0,0.0021725688,0
39,2015-12-01,2016-01-01,0,0.00055287505,0
39,2016-01-01,2016-02-01,0,0.0008031364,0
39,2016-02-01,2016-03-01,0,0.0005950443,0
39,2016-03-01,2016-04-01,0,0.0005355679,0
39,2016-04-01,2016-05-01,0,0.0005827109,0
39,2016-05-01,2016-06-01,0,0.0006271543,0
39,2016-06-01,2016-07-01,0,0.0013331001,0
39,2016-07-01,2016-08-01,0,0.001704539,0
39,2016-08-01,2016-09-01,0,0.0024934618,0
39,2016-09-01,2016-10-01,0,0.004546982,0
39,2016-10-01,2016-11-01,0,0.0018521617,0
39,2016-11-01,2016-12-01,0,0.0018391554,0
39,2016-12-01,2017-01-01,0,0.00055287505,0
39,2017-01-01,2017-02-01,0,0.0007718241,0
39,2017-02-01,2017-03-01,0,0.0005871746,0
39,2017-03-01,2017-04-01,0,0.0004351624,0
39,2017-04-01,2017-05-01,0,0.0013507946,0
39,2017-05-01,2017-06-01,0,0.0011996466,0
39,2017-06-01,2017-07-01,0,0.0013331001,0
39,2017-07-01,2017-08-01,0,0.0018391554,0
39,2017-08-01,2017-09-01,0,0.0022102052,0
39,2017-09-01,2017-10-01,0,0.0018391554,0
39,2017-10-01,2017-11-01,0,0.0006843983,0
39,2017-11-01,2017-12-01,0,0.0013331001,0
39,2017-12-01,2018-01-01,0,0.0022102052,0
39,2018-01-01,2018-02-01,0,0.0014848015,0
39,2018-02-01,2018-03-01,0,0.0005827109,0
39,2018-03-01,2018-04-01,0,0.0005355679,0
39,2018-04-01,2018-05-01,0,0.001049492,0
39,2018-05-01,2018-06-01,0,0.00055287505,0
39,2018-06-01,2018-07-01,0,0.0045091272,0
39,2018-07-01,2018-08-01,0,0.0045837746,0
39,2018-08-01,2018-09-01,0,0.0047678337,0
39,2018-09-01,2018-10-01,0,0.0018391554,0
39,2018-10-01,2018-11-01,0,0.00071713596,0
39,2018-11-01,2018-12-01,0,0.0013812161,0
39,2018-12-01,2019-01-01,0,0.00055287505,0
39,2019-01-01,2019-02-01,0,0.0005950443,0
39,2019-02-01,2019-03-01,0,0.00056423625,0
39,2019-03-01,2019-04-01,0,0.0004128782,0
39,2019-04-01,2019-05-01,0,0.0005950443,0
39,2019-05-01,2019-06-01,0,0.0006271543,0
39,2019-06-01,2019-07-01,0,0.0015780412,0
39,2019-07-01,2019-08-01,0,0.0023846624,0
39,2019-08-01,2019-09-01,0,0.0028435818,0
39,2019-09-01,2019-10-01,0,0.0016848688,0
39,2019-10-01,2019-11-01,0,0.0022102052,0
39,2019-11-01,2019-12-01,0,0.00055287505,0
39,2019-12-01,2020-01-01,0,0.0004351624,0
39,2020-01-01,2020-02-01,0,0.00043453643,0
39,2020-02-01,2020-03-01,0,0.0006262524,0
39,2020-03-01,2020-04-01,0,0.00045798905,0
39,2020-04-01,2020-05-01,0,0.00055477594,0
39,2020-05-01,2020-06-01,0,0.0005516104,0
39,2020-06-01,2020-07-01,0,0.00043600926,0
39,2020-07-01,2020-08-01,0,0.0006262524,0
39,2020-08-01,2020-09-01,0,0.0005775748,0
39,2020-09-01,2020-10-01,0,0.001337741,0
39,2020-10-01,2020-11-01,0,0.00045798905,0
39,2020-11-01,2020-12-01,0,0.0005104773,0
39,2020-12-01,2021-01-01,0,0.0005805237,0
39,2021-01-01,2021-02-01,0,0.00036084006,0
39,2021-02-01,2021-03-01,0,0.0006312651,0
39,2021-03-01,2021-04-01,0,0.00043453643,0
39,2021-04-01,2021-05-01,0,0.00043453643,0
39,2021-05-01,2021-06-01,0,0.00059089763,0
39,2021-06-01,2021-07-01,0,0.00040722126,0
39,2021-07-01,2021-08-01,0,0.00061327254,0
39,2021-08-01,2021-09-01,0,0.0006262524,0
39,2021-09-01,2021-10-01,0,0.00061327254,0
39,2021-10-01,2021-11-01,0,0.0010479834,0
39,2021-11-01,2021-12-01,0,0.0010479834,0
39,2021-12-01,2022-01-01,0,0.00066004536,0
39,2022-01-01,2022-02-01,0,0.0006381049,0
39,2022-02-01,2022-03-01,0,0.0006312651,0
39,2022-03-01,2022-04-01,0,0.00043453643,0
39,2022-04-01,2022-05-01,0,0.0005818729,0
39,2022-05-01,2022-06-01,0,0.0006262524,0
39,2022-06-01,2022-07-01,0,0.00061327254,0
39,2022-07-01,2022-08-01,0,0.0017731333,0
39,2022-08-01,2022-09-01,0,0.002488598,0
39,2022-09-01,2022-10-01,0,0.0019354868,0
39,2022-10-01,2022-11-01,0,0.0017731333,0
39,2022-11-01,2022-12-01,0,0.0026316878,0
40,2015-02-01,2015-03-01,0,0.060751006,0
40,2015-03-01,2015-04-01,0,0.01905163,0
40,2015-04-01,2015-05-01,0,0.06833497,0
40,2015-05-01,2015-06-01,0,0.08754698,0
40,2015-06-01,2015-07-01,0,0.2751263,0
40,2015-07-01,2015-08-01,0,0.085184895,0
40,2015-08-01,2015-09-01,0,0.14627078,0
40,2015-09-01,2015-10-01,0,0.13922067,0
40,2015-10-01,2015-11-01,0,0.083347335,0
40,2015-11-01,2015-12-01,0,0.08147316,0
40,2015-12-01,2016-01-01,0,0.061123125,0
40,2016-01-01,2016-02-01,0,0.064769305,0
40,2016-02-01,2016-03-01,0,0.060751006,0
40,2016-03-01,2016-04-01,0,0.05677104,0
40,2016-04-01,2016-05-01,0,0.064769305,0
40,2016-05-01,2016-06-01,0,0.06922408,0
40,2016-06-01,2016-07-01,0,0.08044032,0
40,2016-07-01,2016-08-01,0,0.08230902,0
40,2016-08-01,2016-09-01,0,0.14454573,0
40,2016-09-01,2016-10-01,0,0.11977147,0
40,2016-10-01,2016-11-01,0,0.08147316,0
40,2016-11-01,2016-12-01,0,0.08306823,0
40,2016-12-01,2017-01-01,0,0.05858532,0
40,2017-01-01,2017-02-01,0,0.057758782,0
40,2017-02-01,2017-03-01,0,0.061478324,0
40,2017-03-01,2017-04-01,0,0.056123048,0
40,2017-04-01,2017-05-01,0,0.06264325,0
40,2017-05-01,2017-06-01,0,0.064769305,0
40,2017-06-01,2017-07-01,0,0.08306823,0
40,2017-07-01,2017-08-01,0,0.085968174,0
40,2017-08-01,2017-09-01,0,0.14223571,0
40,2017-09-01,2017-10-01,0,0.08754698,0
40,2017-10-01,2017-11-01,0,0.067147285,0
40,2017-11-01,2017-12-01,0,0.06953914,0
40,2017-12-01,2018-01-01,0,0.067077145,0
40,2018-01-01,2018-02-01,0,0.061478324,0
40,2018-02-01,2018-03-01,0,0.06293039,0
40,2018-03-01,2018-04-01,0,0.030061716,0
40,2018-04-01,2018-05-01,0,0.063682035,0
40,2018-05-01,2018-06-01,0,0.06293039,0
40,2018-06-01,2018-07-01,0,0.13759075,0
40,2018-07-01,2018-08-01,0,0.08306823,0
40,2018-08-01,2018-09-01,0,0.14627078,0
40,2018-09-01,2018-10-01,0,0.14627078,0
40,2018-10-01,2018-11-01,0,0.06344885,0
40,2018-11-01,2018-12-01,0,0.06026636,0
40,2018-12-01,2019-01-01,0,0.05289879,0
40,2019-01-01,2019-02-01,0,0.06293039,0
40,2019-02-01,2019-03-01,0,0.060502704,0
40,2019-03-01,2019-04-01,0,0.059599314,0
40,2019-04-01,2019-05-01,0,0.061478324,0
40,2019-05-01,2019-06-01,0,0.059288356,0
40,2019-06-01,2019-07-01,0,0.14454573,0
40,2019-07-01,2019-08-01,0,0.14223571,0
40,2019-08-01,2019-09-01,0,0.14454573,0
40,2019-09-01,2019-10-01,0,0.08527222,0
40,2019-10-01,2019-11-01,0,0.067261815,0
40,2019-11-01,2019-12-01,0,0.06833497,0
40,2019-12-01,2020-01-01,0,0.062429484,0
40,2020-01-01,2020-02-01,0,0.03423335,0
40,2020-02-01,2020-03-01,0,0.034894157,0
40,2020-03-01,2020-04-01,0,0.033048745,0
40,2020-04-01,2020-05-01,0,0.030626385,0
40,2020-05-01,2020-06-01,0,0.009627535,0
40,2020-06-01,2020-07-01,0,0.0352405,0
40,2020-07-01,2020-08-01,0,0.0352405,0
40,2020-08-01,2020-09-01,0,0.040335618,0
40,2020-09-01,2020-10-01,0,0.032712415,0
40,2020-10-01,2020-11-01,0,0.032325413,0
40,2020-11-01,2020-12-01,0,0.036754355,0
40,2020-12-01,2021-01-01,0,0.033951763,0
40,2021-01-01,2021-02-01,0,0.031611905,0
40,2021-02-01,2021-03-01,0,0.026967123,0
40,2021-03-01,2021-04-01,0,0.007257774,0
40,2021-04-01,2021-05-01,0,0.029500868,0
40,2021-05-01,2021-06-01,0,0.031734183,0
40,2021-06-01,2021-07-01,0,0.0352405,0
40,2021-07-01,2021-08-01,0,0.037059028,0
40,2021-08-01,2021-09-01,0,0.0352405,0
40,2021-09-01,2021-10-01,0,0.036241103,0
40,2021-10-01,2021-11-01,0,0.027330438,0
40,2021-11-01,2021-12-01,0,0.035411865,0
40,2021-12-01,2022-01-01,0,0.034475487,0
40,2022-01-01,2022-02-01,0,0.029500868,0
40,2022-02-01,2022-03-01,0,0.031407893,0
40,2022-03-01,2022-04-01,0,0.012344551,0
40,2022-04-01,2022-05-01,0,0.033048745,0
40,2022-05-01,2022-06-01,0,0.027269134,0
40,2022-06-01,2022-07-01,0,0.01516481,0
40,2022-07-01,2022-08-01,0,0.038873125,0
40,2022-08-01,2022-09-01,0,0.041069947,0
40,2022-09-01,2022-10-01,0,0.03581704,0
40,2022-10-01,2022-11-01,0,0.037950497,0
40,2022-11-01,2022-12-01,0,0.04859733,0
41,2015-02-01,2015-03-01,0,0.003267681,0
41,2015-03-01,2015-04-01,0,0.0007718241,0
41,2015-04-01,2015-05-01,0,0.0045091272,0
41,2015-05-01,2015-06-01,0,0.008387192,0
41,2015-06-01,2015-07-01,0,0.0070421924,0
41,2015-07-01,2015-08-01,0,0.00745441,0
41,2015-08-01,2015-09-01,0,0.011418118,0
41,2015-09-01,2015-10-01,0,0.014047846,0
41,2015-10-01,2015-11-01,0,0.010727235,0
41,2015-11-01,2015-12-01,0,0.010902205,0
41,2015-12-01,2016-01-01,0,0.0058419206,0
41,2016-01-01,2016-02-01,0,0.0049795094,0
41,2016-02-01,2016-03-01,0,0.002569461,0
41,2016-03-01,2016-04-01,0,0.001704539,0
41,2016-04-01,2016-05-01,0,0.0058419206,0
41,2016-05-01,2016-06-01,0,0.0037791762,0
41,2016-06-01,2016-07-01,0,0.0099598635,0
41,2016-07-01,2016-08-01,0,0.014047846,0
41,2016-08-01,2016-09-01,0,0.015086969,0
41,2016-09-01,2016-10-01,0,0.013055016,0
41,2016-10-01,2016-11-01,0,0.005437062,0
41,2016-11-01,2016-12-01,0,0.012257914,0
41,2016-12-01,2017-01-01,0,0.0036263622,0
41,2017-01-01,2017-02-01,0,0.0028435818,0
41,2017-02-01,2017-03-01,0,0.003232414,0
41,2017-03-01,2017-04-01,0,0.0022102052,0
41,2017-04-01,2017-05-01,0,0.0058419206,0
41,2017-05-01,2017-06-01,0,0.0070421924,0
41,2017-06-01,2017-07-01,0,0.012265134,0
41,2017-07-01,2017-08-01,0,0.015276479,0
41,2017-08-01,2017-09-01,0,0.015276479,0
41,2017-09-01,2017-10-01,0,0.015276479,0
41,2017-10-01,2017-11-01,0,0.006775637,0
41,2017-11-01,2017-12-01,0,0.010737882,0
41,2017-12-01,2018-01-01,0,0.011418118,0
41,2018-01-01,2018-02-01,0,0.0069689844,0
41,2018-02-01,2018-03-01,0,0.0056687603,0
41,2018-03-01,2018-04-01,0,0.0017287682,0
41,2018-04-01,2018-05-01,0,0.0085829245,0
41,2018-05-01,2018-06-01,0,0.005938504,0
41,2018-06-01,2018-07-01,0,0.013055016,0
41,2018-07-01,2018-08-01,0,0.021065043,0
41,2018-08-01,2018-09-01,0,0.015086969,0
41,2018-09-01,2018-10-01,0,0.014047846,0
41,2018-10-01,2018-11-01,0,0.0058490178,0
41,2018-11-01,2018-12-01,0,0.0032801866,0
41,2018-12-01,2019-01-01,0,0.002926103,0
41,2019-01-01,2019-02-01,0,0.003065742,0
41,2019-02-01,2019-03-01,0,0.0022102052,0
41,2019-03-01,2019-04-01,0,0.0018081598,0
41,2019-04-01,2019-05-01,0,0.0023648029,0
41,2019-05-01,2019-06-01,0,0.003069774,0
41,2019-06-01,2019-07-01,0,0.015086969,0
41,2019-07-01,2019-08-01,0,0.014047846,0
41,2019-08-01,2019-09-01,0,0.012257914,0
41,2019-09-01,2019-10-01,0,0.011418118,0
41,2019-10-01,2019-11-01,0,0.010737882,0
41,2019-11-01,2019-12-01,0,0.0083451765,0
41,2019-12-01,2020-01-01,0,0.0028435818,0
41,2020-01-01,2020-02-01,0,0.0034313954,0
41,2020-02-01,2020-03-01,0,0.0036178727,0
41,2020-03-01,2020-04-01,0,0.001249322,0
41,2020-04-01,2020-05-01,0,0.00053193234,0
41,2020-05-01,2020-06-01,0,0.00044998666,0
41,2020-06-01,2020-07-01,0,0.002349498,0
41,2020-07-01,2020-08-01,0,0.0037924573,0
41,2020-08-01,2020-09-01,0,0.0066521442,0
41,2020-09-01,2020-10-01,0,0.008212951,0
41,2020-10-01,2020-11-01,0,0.0019352693,0
41,2020-11-01,2020-12-01,0,0.0026693007,0
41,2020-12-01,2021-01-01,0,0.0018377755,0
41,2021-01-01,2021-02-01,0,0.0014924094,0
41,2021-02-01,2021-03-01,0,0.001620164,0
41,2021-03-01,2021-04-01,0,0.0004738934,0
41,2021-04-01,2021-05-01,0,0.0012627736,0
41,2021-05-01,2021-06-01,0,0.00068764534,0
41,2021-06-01,2021-07-01,0,0.0031422817,0
41,2021-07-01,2021-08-01,0,0.0027910501,0
41,2021-08-01,2021-09-01,0,0.0031422817,0
41,2021-09-01,2021-10-01,0,0.0026693007,0
41,2021-10-01,2021-11-01,0,0.0031422817,0
41,2021-11-01,2021-12-01,0,0.0032685213,0
41,2021-12-01,2022-01-01,0,0.0029093965,0
41,2022-01-01,2022-02-01,0,0.0019081515,0
41,2022-02-01,2022-03-01,0,0.0014924094,0
41,2022-03-01,2022-04-01,0,0.0009937874,0
41,2022-04-01,2022-05-01,0,0.0032685213,0
41,2022-05-01,2022-06-01,0,0.0024740715,0
41,2022-06-01,2022-07-01,0,0.0077050067,0
41,2022-07-01,2022-08-01,0,0.006183972,0
41,2022-08-01,2022-09-01,0,0.015757982,0
41,2022-09-01,2022-10-01,0,0.012975948,0
41,2022-10-01,2022-11-01,0,0.00963428,0
41,2022-11-01,2022-12-01,0,0.013936891,0
42,2015-02-01,2015-03-01,0,0.34884903,0
42,2015-03-01,2015-04-01,0,0.0482601,0
42,2015-04-01,2015-05-01,0,0.36107597,0
42,2015-05-01,2015-06-01,0,0.352009,0
42,2015-06-01,2015-07-01,0,0.38663128,0
42,2015-07-01,2015-08-01,0,0.35128814,0
42,2015-08-01,2015-09-01,0,0.44393274,0
42,2015-09-01,2015-10-01,0,0.483302,0
42,2015-10-01,2015-11-01,0,0.4816759,0
42,2015-11-01,2015-12-01,0,0.34884903,0
42,2015-12-01,2016-01-01,0,0.3258924,0
42,2016-01-01,2016-02-01,0,0.33600563,0
42,2016-02-01,2016-03-01,0,0.23499776,0
42,2016-03-01,2016-04-01,0,0.07073601,0
42,2016-04-01,2016-05-01,0,0.352009,0
42,2016-05-01,2016-06-01,0,0.25834194,0
42,2016-06-01,2016-07-01,0,0.36107597,0
42,2016-07-01,2016-08-01,0,0.38663128,0
42,2016-08-01,2016-09-01,0,0.38663128,0
42,2016-09-01,2016-10-01,0,0.38663128,0
42,2016-10-01,2016-11-01,0,0.34884903,0
42,2016-11-01,2016-12-01,0,0.32757056,0
42,2016-12-01,2017-01-01,0,0.18121861,0
42,2017-01-01,2017-02-01,0,0.13662711,0
42,2017-02-01,2017-03-01,0,0.3258924,0
42,2017-03-01,2017-04-01,0,0.13764347,0
42,2017-04-01,2017-05-01,0,0.27935344,0
42,2017-05-01,2017-06-01,1,0.34884903,0
42,2017-06-01,2017-07-01,0,0.352009,0
42,2017-07-01,2017-08-01,0,0.38663128,0
42,2017-08-01,2017-09-01,0,0.48850888,0
42,2017-09-01,2017-10-01,0,0.3979771,0
42,2017-10-01,2017-11-01,0,0.33600563,0
42,2017-11-01,2017-12-01,0,0.34884903,0
42,2017-12-01,2018-01-01,0,0.352009,0
42,2018-01-01,2018-02-01,0,0.34884903,0
42,2018-02-01,2018-03-01,0,0.34884903,0
42,2018-03-01,2018-04-01,0,0.07073601,0
42,2018-04-01,2018-05-01,0,0.34884903,0
42,2018-05-01,2018-06-01,1,0.34884903,0
42,2018-06-01,2018-07-01,0,0.52471775,0
42,2018-07-01,2018-08-01,0,0.45069584,0
42,2018-08-01,2018-09-01,0,0.483302,0
42,2018-09-01,2018-10-01,0,0.483302,0
42,2018-10-01,2018-11-01,0,0.3258924,0
42,2018-11-01,2018-12-01,0,0.352009,0
42,2018-12-01,2019-01-01,0,0.30049318,0
42,2019-01-01,2019-02-01,0,0.34884903,0
42,2019-02-01,2019-03-01,0,0.30049318,0
42,2019-03-01,2019-04-01,0,0.13764347,0
42,2019-04-01,2019-05-01,1,0.33190444,0
42,2019-05-01,2019-06-01,0,0.34824795,0
42,2019-06-01,2019-07-01,0,0.38663128,0
42,2019-07-01,2019-08-01,0,0.352009,0
42,2019-08-01,2019-09-01,0,0.5273667,0
42,2019-09-01,2019-10-01,0,0.38663128,0
42,2019-10-01,2019-11-01,0,0.34884903,0
42,2019-11-01,2019-12-01,0,0.33392927,0
42,2019-12-01,2020-01-01,0,0.34510377,0
42,2020-01-01,2020-02-01,0,0.15955886,0
42,2020-02-01,2020-03-01,0,0.1665614,0
42,2020-03-01,2020-04-01,0,0.16109473,0
42,2020-04-01,2020-05-01,0,0.11815995,0
42,2020-05-01,2020-06-01,0,0.09041953,0
42,2020-06-01,2020-07-01,0,0.15922746,0
42,2020-07-01,2020-08-01,0,0.16109473,0
42,2020-08-01,2020-09-01,0,0.18709262,0
42,2020-09-01,2020-10-01,0,0.15961559,0
42,2020-10-01,2020-11-01,0,0.15922746,0
42,2020-11-01,2020-12-01,0,0.16482116,0
42,2020-12-01,2021-01-01,0,0.09176954,0
42,2021-01-01,2021-02-01,0,0.11815995,0
42,2021-02-01,2021-03-01,0,0.08557715,0
42,2021-03-01,2021-04-01,0,0.087840006,0
42,2021-04-01,2021-05-01,0,0.11815995,0
42,2021-05-01,2021-06-01,0,0.09550584,0
42,2021-06-01,2021-07-01,0,0.16482116,0
42,2021-07-01,2021-08-01,0,0.15955886,0
42,2021-08-01,2021-09-01,0,0.15955886,0
42,2021-09-01,2021-10-01,0,0.12290013,0
42,2021-10-01,2021-11-01,0,0.14626078,0
42,2021-11-01,2021-12-01,0,0.16482116,0
42,2021-12-01,2022-01-01,0,0.14595221,0
42,2022-01-01,2022-02-01,0,0.11499332,0
42,2022-02-01,2022-03-01,0,0.094313346,0
42,2022-03-01,2022-04-01,0,0.097436845,0
42,2022-04-01,2022-05-01,0,0.16482116,0
42,2022-05-01,2022-06-01,0,0.15669823,0
42,2022-06-01,2022-07-01,0,0.15116337,0
42,2022-07-01,2022-08-01,0,0.08512994,0
42,2022-08-01,2022-09-01,0,0.1293944,0
42,2022-09-01,2022-10-01,0,0.18085788,0
42,2022-10-01,2022-11-01,0,0.074217394,0
42,2022-11-01,2022-12-01,0,0.14907911,0
43,2015-02-01,2015-03-01,1,0.98973256,1
43,2015-03-01,2015-04-01,1,0.9491002,1
43,2015-04-01,2015-05-01,1,0.9940691,1
43,2015-05-01,2015-06-01,1,0.993916,1
43,2015-06-01,2015-07-01,1,0.9948277,1
43,2015-07-01,2015-08-01,1,0.9948277,1
43,2015-08-01,2015-09-01,1,0.9950846,1
43,2015-09-01,2015-10-01,1,0.9950846,1
43,2015-10-01,2015-11-01,1,0.994561,1
43,2015-11-01,2015-12-01,1,0.993916,1
43,2015-12-01,2016-01-01,1,0.98973256,1
43,2016-01-01,2016-02-01,1,0.99275017,1
43,2016-02-01,2016-03-01,1,0.9898726,1
43,2016-03-01,2016-04-01,1,0.98507684,1
43,2016-04-01,2016-05-01,1,0.99399936,1
43,2016-05-01,2016-06-01,1,0.98973256,1
43,2016-06-01,2016-07-01,1,0.99435014,1
43,2016-07-01,2016-08-01,1,0.99427164,1
43,2016-08-01,2016-09-01,1,0.99415034,1
43,2016-09-01,2016-10-01,1,0.994561,1
43,2016-10-01,2016-11-01,1,0.993916,1
43,2016-11-01,2016-12-01,1,0.9932615,1
43,2016-12-01,2017-01-01,1,0.98973256,1
43,2017-01-01,2017-02-01,1,0.98507684,1
43,2017-02-01,2017-03-01,1,0.99231476,1
43,2017-03-01,2017-04-01,1,0.97857624,1
43,2017-04-01,2017-05-01,1,0.9898726,1
43,2017-05-01,2017-06-01,1,0.9923815,1
43,2017-06-01,2017-07-01,1,0.993916,1
43,2017-07-01,2017-08-01,1,0.993916,1
43,2017-08-01,2017-09-01,1,0.9948992,1
43,2017-09-01,2017-10-01,1,0.99435014,1
43,2017-10-01,2017-11-01,1,0.993916,1
43,2017-11-01,2017-12-01,1,0.9924199,1
43,2017-12-01,2018-01-01,1,0.98973256,1
43,2018-01-01,2018-02-01,1,0.9863762,1
43,2018-02-01,2018-03-01,1,0.98527956,1
43,2018-03-01,2018-04-01,1,0.95546216,1
43,2018-04-01,2018-05-01,1,0.9863762,1
43,2018-05-01,2018-06-01,1,0.9865616,1
43,2018-06-01,2018-07-01,1,0.993916,1
43,2018-07-01,2018-08-01,1,0.993916,1
43,2018-08-01,2018-09-01,1,0.993916,1
43,2018-09-01,2018-10-01,1,0.99427164,1
43,2018-10-01,2018-11-01,1,0.99231476,1
43,2018-11-01,2018-12-01,1,0.9863762,1
43,2018-12-01,2019-01-01,1,0.98130965,1
43,2019-01-01,2019-02-01,1,0.98973256,1
43,2019-02-01,2019-03-01,1,0.9846832,1
43,2019-03-01,2019-04-01,1,0.97857624,1
43,2019-04-01,2019-05-01,1,0.9898726,1
43,2019-05-01,2019-06-01,1,0.9898726,1
43,2019-06-01,2019-07-01,1,0.995152,1
43,2019-07-01,2019-08-01,1,0.99427164,1
43,2019-08-01,2019-09-01,1,0.995152,1
43,2019-09-01,2019-10-01,1,0.99427164,1
43,2019-10-01,2019-11-01,1,0.9917435,1
43,2019-11-01,2019-12-01,1,0.98973256,1
43,2019-12-01,2020-01-01,1,0.9725103,1
43,2020-01-01,2020-02-01,1,0.9510023,1
43,2020-02-01,2020-03-01,1,0.94543976,1
43,2020-03-01,2020-04-01,1,0.91606563,1
43,2020-04-01,2020-05-01,1,0.9073797,1
43,2020-05-01,2020-06-01,1,0.34935406,0
43,2020-06-01,2020-07-01,1,0.9516452,1
43,2020-07-01,2020-08-01,1,0.9387253,1
43,2020-08-01,2020-09-01,1,0.9715821,1
43,2020-09-01,2020-10-01,1,0.9663747,1
43,2020-10-01,2020-11-01,1,0.93900543,1
43,2020-11-01,2020-12-01,1,0.9510023,1
43,2020-12-01,2021-01-01,1,0.8824282,1
43,2021-01-01,2021-02-01,1,0.9018451,1
43,2021-02-01,2021-03-01,1,0.9073797,1
43,2021-03-01,2021-04-01,1,0.6822844,0
43,2021-04-01,2021-05-01,1,0.9283828,1
43,2021-05-01,2021-06-01,1,0.9149921,1
43,2021-06-01,2021-07-01,1,0.95572484,1
43,2021-07-01,2021-08-01,1,0.9551336,1
43,2021-08-01,2021-09-01,1,0.9510023,1
43,2021-09-01,2021-10-01,1,0.92962027,1
43,2021-10-01,2021-11-01,1,0.9387253,1
43,2021-11-01,2021-12-01,1,0.9283828,1
43,2021-12-01,2022-01-01,1,0.92962027,1
43,2022-01-01,2022-02-01,1,0.9293003,1
43,2022-02-01,2022-03-01,1,0.90620637,1
43,2022-03-01,2022-04-01,1,0.7000418,0
43,2022-04-01,2022-05-01,1,0.92962027,1
43,2022-05-01,2022-06-01,1,0.9283828,1
43,2022-06-01,2022-07-01,1,0.9659207,1
43,2022-07-01,2022-08-01,1,0.94715244,1
43,2022-08-01,2022-09-01,1,0.96639174,1
43,2022-09-01,2022-10-01,1,0.96403825,1
43,2022-10-01,2022-11-01,1,0.97709614,1
43,2022-11-01,2022-12-01,1,0.9724267,1
44,2015-02-01,2015-03-01,1,0.9436958,1
44,2015-03-01,2015-04-01,1,0.8796727,1
44,2015-04-01,2015-05-01,1,0.94228613,1
44,2015-05-01,2015-06-01,1,0.9402097,1
44,2015-06-01,2015-07-01,1,0.934928,1
44,2015-07-01,2015-08-01,1,0.9402097,1
44,2015-08-01,2015-09-01,1,0.94098526,1
44,2015-09-01,2015-10-01,1,0.934928,1
44,2015-10-01,2015-11-01,1,0.934928,1
44,2015-11-01,2015-12-01,1,0.9402097,1
44,2015-12-01,2016-01-01,1,0.94442886,1
44,2016-01-01,2016-02-01,1,0.9436958,1
44,2016-02-01,2016-03-01,1,0.9497925,1
44,2016-03-01,2016-04-01,1,0.9339425,1
44,2016-04-01,2016-05-01,1,0.9442081,1
44,2016-05-01,2016-06-01,1,0.9436958,1
44,2016-06-01,2016-07-01,1,0.9402097,1
44,2016-07-01,2016-08-01,1,0.94098526,1
44,2016-08-01,2016-09-01,1,0.9246546,1
44,2016-09-01,2016-10-01,1,0.9402097,1
44,2016-10-01,2016-11-01,1,0.9402097,1
44,2016-11-01,2016-12-01,1,0.9369994,1
44,2016-12-01,2017-01-01,1,0.9442081,1
44,2017-01-01,2017-02-01,1,0.9497925,1
44,2017-02-01,2017-03-01,1,0.9436958,1
44,2017-03-01,2017-04-01,1,0.9497925,1
44,2017-04-01,2017-05-01,1,0.9463821,1
44,2017-05-01,2017-06-01,1,0.9442081,1
44,2017-06-01,2017-07-01,1,0.9402097,1
44,2017-07-01,2017-08-01,1,0.9402097,1
44,2017-08-01,2017-09-01,1,0.9236742,1
44,2017-09-01,2017-10-01,1,0.934928,1
44,2017-10-01,2017-11-01,1,0.9352021,1
44,2017-11-01,2017-12-01,1,0.94442886,1
44,2017-12-01,2018-01-01,1,0.94708216,1
44,2018-01-01,2018-02-01,1,0.94708216,1
44,2018-02-01,2018-03-01,1,0.9497925,1
44,2018-03-01,2018-04-01,1,0.8771812,1
44,2018-04-01,2018-05-01,1,0.9492601,1
44,2018-05-01,2018-06-01,1,0.9463821,1
44,2018-06-01,2018-07-01,1,0.92464715,1
44,2018-07-01,2018-08-01,1,0.9402097,1
44,2018-08-01,2018-09-01,1,0.9357675,1
44,2018-09-01,2018-10-01,1,0.9378139,1
44,2018-10-01,2018-11-01,1,0.94228613,1
44,2018-11-01,2018-12-01,1,0.9442081,1
44,2018-12-01,2019-01-01,1,0.9463821,1
44,2019-01-01,2019-02-01,1,0.9442081,1
44,2019-02-01,2019-03-01,1,0.9497925,1
44,2019-03-01,2019-04-01,1,0.93364084,1
44,2019-04-01,2019-05-01,1,0.9463821,1
44,2019-05-01,2019-06-01,1,0.9436958,1
44,2019-06-01,2019-07-01,1,0.9236742,1
44,2019-07-01,2019-08-01,1,0.9369994,1
44,2019-08-01,2019-09-01,1,0.92311186,1
44,2019-09-01,2019-10-01,1,0.9159829,1
44,2019-10-01,2019-11-01,1,0.9442081,1
44,2019-11-01,2019-12-01,1,0.9437029,1
44,2019-12-01,2020-01-01,1,0.9497925,1
44,2020-01-01,2020-02-01,1,0.9598408,1
44,2020-02-01,2020-03-01,1,0.9506626,1
44,2020-03-01,2020-04-01,1,0.950491,1
44,2020-04-01,2020-05-01,1,0.950491,1
44,2020-05-01,2020-06-01,1,0.46760306,0
44,2020-06-01,2020-07-01,1,0.9583562,1
44,2020-07-01,2020-08-01,1,0.9624291,1
44,2020-08-01,2020-09-01,1,0.95894265,1
44,2020-09-01,2020-10-01,1,0.9577987,1
44,2020-10-01,2020-11-01,1,0.9598408,1
44,2020-11-01,2020-12-01,1,0.9552899,1
44,2020-12-01,2021-01-01,1,0.95136654,1
44,2021-01-01,2021-02-01,0,0.8903222,1
44,2021-02-01,2021-03-01,1,0.9470254,1
44,2021-03-01,2021-04-01,1,0.4894504,0
44,2021-04-01,2021-05-01,1,0.95136654,1
44,2021-05-01,2021-06-01,1,0.9148463,1
44,2021-06-01,2021-07-01,1,0.9624291,1
44,2021-07-01,2021-08-01,1,0.9624291,1
44,2021-08-01,2021-09-01,1,0.9598408,1
44,2021-09-01,2021-10-01,1,0.95136654,1
44,2021-10-01,2021-11-01,1,0.9511402,1
44,2021-11-01,2021-12-01,1,0.9470254,1
44,2021-12-01,2022-01-01,0,0.94335365,1
44,2022-01-01,2022-02-01,1,0.91337323,1
44,2022-02-01,2022-03-01,1,0.8679275,1
44,2022-03-01,2022-04-01,1,0.7416202,1
44,2022-04-01,2022-05-01,1,0.95136654,1
44,2022-05-01,2022-06-01,1,0.95136654,1
44,2022-06-01,2022-07-01,1,0.9542039,1
44,2022-07-01,2022-08-01,1,0.9625976,1
44,2022-08-01,2022-09-01,1,0.9402534,1
44,2022-09-01,2022-10-01,1,0.9506626,1
44,2022-10-01,2022-11-01,1,0.9499237,1
44,2022-11-01,2022-12-01,1,0.9581883,1
45,2015-02-01,2015-03-01,0,0.27286994,0
45,2015-03-01,2015-04-01,0,0.35431874,0
45,2015-04-01,2015-05-01,0,0.13485973,0
45,2015-05-01,2015-06-01,0,0.23274928,0
45,2015-06-01,2015-07-01,0,0.2265382,0
45,2015-07-01,2015-08-01,0,0.111711524,0
45,2015-08-01,2015-09-01,0,0.2600452,0
45,2015-09-01,2015-10-01,0,0.2600452,0
45,2015-10-01,2015-11-01,0,0.25830632,0
45,2015-11-01,2015-12-01,0,0.25830632,0
45,2015-12-01,2016-01-01,0,0.15892637,0
45,2016-01-01,2016-02-01,0,0.25983247,0
45,2016-02-01,2016-03-01,0,0.14142357,0
45,2016-03-01,2016-04-01,0,0.28877258,0
45,2016-04-01,2016-05-01,0,0.26253182,0
45,2016-05-01,2016-06-01,0,0.14142357,0
45,2016-06-01,2016-07-01,0,0.25830632,0
45,2016-07-01,2016-08-01,0,0.2071936,0
45,2016-08-01,2016-09-01,0,0.22091967,0
45,2016-09-01,2016-10-01,0,0.25830632,0
45,2016-10-01,2016-11-01,0,0.28063726,0
45,2016-11-01,2016-12-01,0,0.25830632,0
45,2016-12-01,2017-01-01,0,0.29706123,0
45,2017-01-01,2017-02-01,0,0.32716858,0
45,2017-02-01,2017-03-01,0,0.22471887,0
45,2017-03-01,2017-04-01,0,0.32713875,0
45,2017-04-01,2017-05-01,0,0.31325838,0
45,2017-05-01,2017-06-01,0,0.26737413,0
45,2017-06-01,2017-07-01,0,0.25830632,0
45,2017-07-01,2017-08-01,0,0.23274928,0
45,2017-08-01,2017-09-01,0,0.25754,0
45,2017-09-01,2017-10-01,0,0.25830632,0
45,2017-10-01,2017-11-01,0,0.26097482,0
45,2017-11-01,2017-12-01,0,0.23274928,0
45,2017-12-01,2018-01-01,0,0.27286994,0
45,2018-01-01,2018-02-01,0,0.29417068,0
45,2018-02-01,2018-03-01,0,0.31325838,0
45,2018-03-01,2018-04-01,0,0.36325687,0
45,2018-04-01,2018-05-01,0,0.31325838,0
45,2018-05-01,2018-06-01,0,0.29417068,0
45,2018-06-01,2018-07-01,0,0.25830632,0
45,2018-07-01,2018-08-01,0,0.22091967,0
45,2018-08-01,2018-09-01,0,0.23670593,0
45,2018-09-01,2018-10-01,0,0.11510754,0
45,2018-10-01,2018-11-01,0,0.26097482,0
45,2018-11-01,2018-12-01,0,0.12142193,0
45,2018-12-01,2019-01-01,0,0.3162525,0
45,2019-01-01,2019-02-01,0,0.26097482,0
45,2019-02-01,2019-03-01,0,0.2708225,0
45,2019-03-01,2019-04-01,0,0.32713875,0
45,2019-04-01,2019-05-01,0,0.2533665,0
45,2019-05-01,2019-06-01,0,0.23758404,0
45,2019-06-01,2019-07-01,0,0.21409354,0
45,2019-07-01,2019-08-01,0,0.22091967,0
45,2019-08-01,2019-09-01,0,0.2995713,0
45,2019-09-01,2019-10-01,0,0.25830632,0
45,2019-10-01,2019-11-01,0,0.22091967,0
45,2019-11-01,2019-12-01,0,0.23589326,0
45,2019-12-01,2020-01-01,0,0.31325838,0
45,2020-01-01,2020-02-01,0,0.0998364,0
45,2020-02-01,2020-03-01,0,0.102163956,0
45,2020-03-01,2020-04-01,0,0.113604434,0
45,2020-04-01,2020-05-01,0,0.10593162,0
45,2020-05-01,2020-06-01,0,0.10175716,0
45,2020-06-01,2020-07-01,0,0.08833762,0
45,2020-07-01,2020-08-01,0,0.110761836,0
45,2020-08-01,2020-09-01,0,0.042252038,0
45,2020-09-01,2020-10-01,0,0.08833762,0
45,2020-10-01,2020-11-01,0,0.063386925,0
45,2020-11-01,2020-12-01,0,0.110761836,0
45,2020-12-01,2021-01-01,0,0.10270597,0
45,2021-01-01,2021-02-01,0,0.050839815,0
45,2021-02-01,2021-03-01,0,0.10593162,0
45,2021-03-01,2021-04-01,0,0.052882317,0
45,2021-04-01,2021-05-01,0,0.10593162,0
45,2021-05-01,2021-06-01,0,0.08975389,0
45,2021-06-01,2021-07-01,0,0.10824827,0
45,2021-07-01,2021-08-01,0,0.050191797,0
45,2021-08-01,2021-09-01,0,0.09548417,0
45,2021-09-01,2021-10-01,0,0.11213653,0
45,2021-10-01,2021-11-01,0,0.109595604,0
45,2021-11-01,2021-12-01,0,0.0907611,0
45,2021-12-01,2022-01-01,0,0.11819437,0
45,2022-01-01,2022-02-01,0,0.09557902,0
45,2022-02-01,2022-03-01,0,0.08802109,0
45,2022-03-01,2022-04-01,0,0.09919923,0
45,2022-04-01,2022-05-01,0,0.06415355,0
45,2022-05-01,2022-06-01,0,0.09122429,0
45,2022-06-01,2022-07-01,0,0.109595604,0
45,2022-07-01,2022-08-01,0,0.10427532,0
45,2022-08-01,2022-09-01,0,0.09019771,0
45,2022-09-01,2022-10-01,0,0.05065173,0
45,2022-10-01,2022-11-01,0,0.05065173,0
45,2022-11-01,2022-12-01,0,0.07333411,0
46,2015-02-01,2015-03-01,1,0.91931945,1
46,2015-03-01,2015-04-01,1,0.24387349,0
46,2015-04-01,2015-05-01,1,0.9094034,1
46,2015-05-01,2015-06-01,1,0.8760384,1
46,2015-06-01,2015-07-01,1,0.91791683,1
46,2015-07-01,2015-08-01,1,0.9320791,1
46,2015-08-01,2015-09-01,1,0.93088174,1
46,2015-09-01,2015-10-01,1,0.91639423,1
46,2015-10-01,2015-11-01,1,0.91791683,1
46,2015-11-01,2015-12-01,1,0.7851368,1
46,2015-12-01,2016-01-01,1,0.7681361,1
46,2016-01-01,2016-02-01,0,0.7877143,1
46,2016-02-01,2016-03-01,1,0.7080019,0
46,2016-03-01,2016-04-01,0,0.24387349,0
46,2016-04-01,2016-05-01,1,0.7761322,1
46,2016-05-01,2016-06-01,1,0.6905075,0
46,2016-06-01,2016-07-01,1,0.9189567,1
46,2016-07-01,2016-08-01,1,0.8868249,1
46,2016-08-01,2016-09-01,1,0.9032406,1
46,2016-09-01,2016-10-01,1,0.91054064,1
46,2016-10-01,2016-11-01,1,0.7877143,1
46,2016-11-01,2016-12-01,0,0.8634861,1
46,2016-12-01,2017-01-01,0,0.7761322,1
46,2017-01-01,2017-02-01,0,0.3899878,0
46,2017-02-01,2017-03-01,0,0.7761322,1
46,2017-03-01,2017-04-01,1,0.30818856,0
46,2017-04-01,2017-05-01,1,0.6905075,0
46,2017-05-01,2017-06-01,0,0.76647353,1
46,2017-06-01,2017-07-01,1,0.8863343,1
46,2017-07-01,2017-08-01,1,0.8868249,1
46,2017-08-01,2017-09-01,1,0.9094034,1
46,2017-09-01,2017-10-01,1,0.91054064,1
46,2017-10-01,2017-11-01,0,0.86184144,1
46,2017-11-01,2017-12-01,0,0.7877143,1
46,2017-12-01,2018-01-01,0,0.7851368,1
46,2018-01-01,2018-02-01,0,0.7761322,1
46,2018-02-01,2018-03-01,0,0.68263775,0
46,2018-03-01,2018-04-01,1,0.22885895,0
46,2018-04-01,2018-05-01,1,0.70357925,0
46,2018-05-01,2018-06-01,1,0.6905075,0
46,2018-06-01,2018-07-01,1,0.8849281,1
46,2018-07-01,2018-08-01,1,0.8849281,1
46,2018-08-01,2018-09-01,0,0.8849281,1
46,2018-09-01,2018-10-01,1,0.9189567,1
46,2018-10-01,2018-11-01,0,0.8640603,1
46,2018-11-01,2018-12-01,1,0.79637516,1
46,2018-12-01,2019-01-01,0,0.53293425,0
46,2019-01-01,2019-02-01,0,0.8640603,1
46,2019-02-01,2019-03-01,0,0.70357925,0
46,2019-03-01,2019-04-01,0,0.34559932,0
46,2019-04-01,2019-05-01,1,0.7761322,1
46,2019-05-01,2019-06-01,1,0.6905075,0
46,2019-06-01,2019-07-01,1,0.8849281,1
46,2019-07-01,2019-08-01,1,0.8868249,1
46,2019-08-01,2019-09-01,0,0.9320791,1
46,2019-09-01,2019-10-01,0,0.7624236,1
46,2019-10-01,2019-11-01,0,0.8622342,1
46,2019-11-01,2019-12-01,0,0.7761322,1
46,2019-12-01,2020-01-01,0,0.7761322,1
46,2020-01-01,2020-02-01,0,0.49985555,0
46,2020-02-01,2020-03-01,0,0.5155431,0
46,2020-03-01,2020-04-01,0,0.14740738,0
46,2020-04-01,2020-05-01,0,0.10578807,0
46,2020-05-01,2020-06-01,0,0.02262549,0
46,2020-06-01,2020-07-01,0,0.35341376,0
46,2020-07-01,2020-08-01,0,0.38852674,0
46,2020-08-01,2020-09-01,0,0.6433163,0
46,2020-09-01,2020-10-01,0,0.48671144,0
46,2020-10-01,2020-11-01,0,0.38272157,0
46,2020-11-01,2020-12-01,0,0.18760309,0
46,2020-12-01,2021-01-01,0,0.08652209,0
46,2021-01-01,2021-02-01,0,0.15463978,0
46,2021-02-01,2021-03-01,0,0.15420744,0
46,2021-03-01,2021-04-01,0,0.020084713,0
46,2021-04-01,2021-05-01,0,0.15420744,0
46,2021-05-01,2021-06-01,0,0.08584444,0
46,2021-06-01,2021-07-01,0,0.18598904,0
46,2021-07-01,2021-08-01,0,0.4782696,0
46,2021-08-01,2021-09-01,0,0.402561,0
46,2021-09-01,2021-10-01,0,0.37411934,0
46,2021-10-01,2021-11-01,0,0.39379734,0
46,2021-11-01,2021-12-01,0,0.39379734,0
46,2021-12-01,2022-01-01,0,0.09260314,0
46,2022-01-01,2022-02-01,0,0.08652209,0
46,2022-02-01,2022-03-01,0,0.051207036,0
46,2022-03-01,2022-04-01,0,0.08020014,0
46,2022-04-01,2022-05-01,0,0.16537476,0
46,2022-05-01,2022-06-01,0,0.15420744,0
46,2022-06-01,2022-07-01,1,0.25045788,0
46,2022-07-01,2022-08-01,1,0.5117095,0
46,2022-08-01,2022-09-01,1,0.66012055,0
46,2022-09-01,2022-10-01,1,0.7093573,0
46,2022-10-01,2022-11-01,0,0.7399839,1
46,2022-11-01,2022-12-01,1,0.78723586,1
47,2015-02-01,2015-03-01,0,0.05849882,0
47,2015-03-01,2015-04-01,0,0.013636393,0
47,2015-04-01,2015-05-01,0,0.068094686,0
47,2015-05-01,2015-06-01,0,0.06763633,0
47,2015-06-01,2015-07-01,0,0.077701434,0
47,2015-07-01,2015-08-01,0,0.069294944,0
47,2015-08-01,2015-09-01,0,0.079497024,0
47,2015-09-01,2015-10-01,0,0.036195945,0
47,2015-10-01,2015-11-01,0,0.069294944,0
47,2015-11-01,2015-12-01,0,0.049782492,0
47,2015-12-01,2016-01-01,0,0.053265184,0
47,2016-01-01,2016-02-01,0,0.049782492,0
47,2016-02-01,2016-03-01,0,0.052538622,0
47,2016-03-01,2016-04-01,0,0.024472378,0
47,2016-04-01,2016-05-01,0,0.05646366,0
47,2016-05-01,2016-06-01,0,0.053265184,0
47,2016-06-01,2016-07-01,0,0.12489117,0
47,2016-07-01,2016-08-01,0,0.06423777,0
47,2016-08-01,2016-09-01,0,0.13023624,0
47,2016-09-01,2016-10-01,0,0.13181679,0
47,2016-10-01,2016-11-01,0,0.06423777,0
47,2016-11-01,2016-12-01,0,0.12387004,0
47,2016-12-01,2017-01-01,0,0.027228605,0
47,2017-01-01,2017-02-01,0,0.05158578,0
47,2017-02-01,2017-03-01,0,0.057474032,0
47,2017-03-01,2017-04-01,0,0.042875133,0
47,2017-04-01,2017-05-01,0,0.055836234,0
47,2017-05-01,2017-06-01,0,0.08034718,0
47,2017-06-01,2017-07-01,0,0.036195945,0
47,2017-07-01,2017-08-01,0,0.044479825,0
47,2017-08-01,2017-09-01,0,0.12097157,0
47,2017-09-01,2017-10-01,0,0.07636224,0
47,2017-10-01,2017-11-01,0,0.08096336,0
47,2017-11-01,2017-12-01,0,0.057474032,0
47,2017-12-01,2018-01-01,0,0.053064976,0
47,2018-01-01,2018-02-01,0,0.031638965,0
47,2018-02-01,2018-03-01,0,0.044236816,0
47,2018-03-01,2018-04-01,0,0.015957257,0
47,2018-04-01,2018-05-01,0,0.055980302,0
47,2018-05-01,2018-06-01,0,0.05849882,0
47,2018-06-01,2018-07-01,0,0.13023624,0
47,2018-07-01,2018-08-01,0,0.057801146,0
47,2018-08-01,2018-09-01,0,0.12332539,0
47,2018-09-01,2018-10-01,0,0.063044816,0
47,2018-10-01,2018-11-01,0,0.027228605,0
47,2018-11-01,2018-12-01,0,0.07636224,0
47,2018-12-01,2019-01-01,0,0.053436723,0
47,2019-01-01,2019-02-01,0,0.068094686,0
47,2019-02-01,2019-03-01,0,0.030410135,0
47,2019-03-01,2019-04-01,0,0.046271358,0
47,2019-04-01,2019-05-01,0,0.054183673,0
47,2019-05-01,2019-06-01,0,0.057474032,0
47,2019-06-01,2019-07-01,0,0.13023624,0
47,2019-07-01,2019-08-01,0,0.057801146,0
47,2019-08-01,2019-09-01,0,0.09713283,0
47,2019-09-01,2019-10-01,0,0.08228999,0
47,2019-10-01,2019-11-01,0,0.06423777,0
47,2019-11-01,2019-12-01,0,0.068094686,0
47,2019-12-01,2020-01-01,0,0.049782492,0
47,2020-01-01,2020-02-01,0,0.09518367,0
47,2020-02-01,2020-03-01,0,0.07862315,0
47,2020-03-01,2020-04-01,0,0.080202736,0
47,2020-04-01,2020-05-01,0,0.05873364,0
47,2020-05-01,2020-06-01,0,0.007696514,0
47,2020-06-01,2020-07-01,0,0.08994049,0
47,2020-07-01,2020-08-01,0,0.087444305,0
47,2020-08-01,2020-09-01,0,0.09518367,0
47,2020-09-01,2020-10-01,0,0.1016497,0
47,2020-10-01,2020-11-01,0,0.08171474,0
47,2020-11-01,2020-12-01,0,0.082507946,0
47,2020-12-01,2021-01-01,0,0.053876046,0
47,2021-01-01,2021-02-01,0,0.043990657,0
47,2021-02-01,2021-03-01,0,0.07874898,0
47,2021-03-01,2021-04-01,0,0.0071842554,0
47,2021-04-01,2021-05-01,0,0.080656305,0
47,2021-05-01,2021-06-01,0,0.027085261,0
47,2021-06-01,2021-07-01,0,0.07564127,0
47,2021-07-01,2021-08-01,0,0.088472545,0
47,2021-08-01,2021-09-01,0,0.082889386,0
47,2021-09-01,2021-10-01,0,0.08504903,0
47,2021-10-01,2021-11-01,0,0.07695366,0
47,2021-11-01,2021-12-01,0,0.08833743,0
47,2021-12-01,2022-01-01,0,0.03498253,0
47,2022-01-01,2022-02-01,0,0.013810657,0
47,2022-02-01,2022-03-01,0,0.02268337,0
47,2022-03-01,2022-04-01,0,0.009259506,0
47,2022-04-01,2022-05-01,0,0.07464785,0
47,2022-05-01,2022-06-01,0,0.084274225,0
47,2022-06-01,2022-07-01,0,0.087444305,0
47,2022-07-01,2022-08-01,0,0.085977525,0
47,2022-08-01,2022-09-01,0,0.10802906,0
47,2022-09-01,2022-10-01,0,0.12966847,0
47,2022-10-01,2022-11-01,0,0.13180575,0
47,2022-11-01,2022-12-01,0,0.13180575,0
48,2015-02-01,2015-03-01,0,0.03149613,0
48,2015-03-01,2015-04-01,0,0.009002365,0
48,2015-04-01,2015-05-01,0,0.079745576,0
48,2015-05-01,2015-06-01,0,0.05314397,0
48,2015-06-01,2015-07-01,0,0.095134154,0
48,2015-07-01,2015-08-01,0,0.09541167,0
48,2015-08-01,2015-09-01,0,0.0932667,0
48,2015-09-01,2015-10-01,0,0.084555075,0
48,2015-10-01,2015-11-01,0,0.050151803,0
48,2015-11-01,2015-12-01,0,0.039120276,0
48,2015-12-01,2016-01-01,0,0.027322687,0
48,2016-01-01,2016-02-01,0,0.017358845,0
48,2016-02-01,2016-03-01,0,0.031070186,0
48,2016-03-01,2016-04-01,0,0.012209053,0
48,2016-04-01,2016-05-01,0,0.072196335,0
48,2016-05-01,2016-06-01,0,0.031070186,0
48,2016-06-01,2016-07-01,0,0.09898441,0
48,2016-07-01,2016-08-01,0,0.081133306,0
48,2016-08-01,2016-09-01,0,0.09898441,0
48,2016-09-01,2016-10-01,0,0.091426276,0
48,2016-10-01,2016-11-01,0,0.032472868,0
48,2016-11-01,2016-12-01,0,0.062016163,0
48,2016-12-01,2017-01-01,0,0.029482171,0
48,2017-01-01,2017-02-01,0,0.015088202,0
48,2017-02-01,2017-03-01,0,0.051594965,0
48,2017-03-01,2017-04-01,0,0.009425545,0
48,2017-04-01,2017-05-01,0,0.02605516,0
48,2017-05-01,2017-06-01,0,0.05045867,0
48,2017-06-01,2017-07-01,0,0.081133306,0
48,2017-07-01,2017-08-01,0,0.029951291,0
48,2017-08-01,2017-09-01,0,0.095134154,0
48,2017-09-01,2017-10-01,0,0.057911977,0
48,2017-10-01,2017-11-01,0,0.050151803,0
48,2017-11-01,2017-12-01,0,0.081133306,0
48,2017-12-01,2018-01-01,0,0.024904124,0
48,2018-01-01,2018-02-01,0,0.030404937,0
48,2018-02-01,2018-03-01,0,0.008147747,0
48,2018-03-01,2018-04-01,0,0.009425545,0
48,2018-04-01,2018-05-01,0,0.01501601,0
48,2018-05-01,2018-06-01,0,0.030323122,0
48,2018-06-01,2018-07-01,0,0.10139101,0
48,2018-07-01,2018-08-01,0,0.098550096,0
48,2018-08-01,2018-09-01,0,0.102086976,0
48,2018-09-01,2018-10-01,0,0.086982675,0
48,2018-10-01,2018-11-01,0,0.033507526,0
48,2018-11-01,2018-12-01,0,0.05220778,0
48,2018-12-01,2019-01-01,0,0.024024913,0
48,2019-01-01,2019-02-01,0,0.057911977,0
48,2019-02-01,2019-03-01,0,0.025211686,0
48,2019-03-01,2019-04-01,0,0.008848446,0
48,2019-04-01,2019-05-01,0,0.029383795,0
48,2019-05-01,2019-06-01,0,0.029383795,0
48,2019-06-01,2019-07-01,0,0.084555075,0
48,2019-07-01,2019-08-01,0,0.091426276,0
48,2019-08-01,2019-09-01,0,0.07276754,0
48,2019-09-01,2019-10-01,0,0.0612734,0
48,2019-10-01,2019-11-01,0,0.09898441,0
48,2019-11-01,2019-12-01,0,0.031489365,0
48,2019-12-01,2020-01-01,0,0.008450956,0
48,2020-01-01,2020-02-01,0,0.044920154,0
48,2020-02-01,2020-03-01,0,0.011602321,0
48,2020-03-01,2020-04-01,0,0.016634647,0
48,2020-04-01,2020-05-01,0,0.01536058,0
48,2020-05-01,2020-06-01,0,0.0037790847,0
48,2020-06-01,2020-07-01,0,0.027670288,0
48,2020-07-01,2020-08-01,0,0.009611004,0
48,2020-08-01,2020-09-01,0,0.029960228,0
48,2020-09-01,2020-10-01,0,0.024912374,0
48,2020-10-01,2020-11-01,0,0.016634647,0
48,2020-11-01,2020-12-01,0,0.015277469,0
48,2020-12-01,2021-01-01,0,0.0074368045,0
48,2021-01-01,2021-02-01,0,0.00955,0
48,2021-02-01,2021-03-01,0,0.016634647,0
48,2021-03-01,2021-04-01,0,0.0045827418,0
48,2021-04-01,2021-05-01,0,0.015326909,0
48,2021-05-01,2021-06-01,0,0.015893007,0
48,2021-06-01,2021-07-01,0,0.010554124,0
48,2021-07-01,2021-08-01,0,0.041927677,0
48,2021-08-01,2021-09-01,0,0.041927677,0
48,2021-09-01,2021-10-01,0,0.04109238,0
48,2021-10-01,2021-11-01,0,0.047065236,0
48,2021-11-01,2021-12-01,0,0.02141056,0
48,2021-12-01,2022-01-01,0,0.011870033,0
48,2022-01-01,2022-02-01,0,0.017353525,0
48,2022-02-01,2022-03-01,0,0.014906462,0
48,2022-03-01,2022-04-01,0,0.0051992214,0
48,2022-04-01,2022-05-01,0,0.0154392235,0
48,2022-05-01,2022-06-01,0,0.019818299,0
48,2022-06-01,2022-07-01,0,0.048114963,0
48,2022-07-01,2022-08-01,0,0.054450743,0
48,2022-08-01,2022-09-01,0,0.062220488,0
48,2022-09-01,2022-10-01,0,0.17164277,0
48,2022-10-01,2022-11-01,0,0.16809258,0
48,2022-11-01,2022-12-01,0,0.16765597,0
49,2015-02-01,2015-03-01,1,0.88135153,1
49,2015-03-01,2015-04-01,1,0.43370637,0
49,2015-04-01,2015-05-01,1,0.906629,1
49,2015-05-01,2015-06-01,1,0.91488826,1
49,2015-06-01,2015-07-01,1,0.9482739,1
49,2015-07-01,2015-08-01,1,0.92861825,1
49,2015-08-01,2015-09-01,1,0.9482739,1
49,2015-09-01,2015-10-01,1,0.9526238,1
49,2015-10-01,2015-11-01,1,0.9273646,1
49,2015-11-01,2015-12-01,1,0.93392545,1
49,2015-12-01,2016-01-01,1,0.862526,1
49,2016-01-01,2016-02-01,1,0.7905667,1
49,2016-02-01,2016-03-01,1,0.80831647,1
49,2016-03-01,2016-04-01,1,0.7889461,1
49,2016-04-01,2016-05-01,1,0.9212237,1
49,2016-05-01,2016-06-01,1,0.87937564,1
49,2016-06-01,2016-07-01,1,0.92829406,1
49,2016-07-01,2016-08-01,1,0.9273646,1
49,2016-08-01,2016-09-01,1,0.94159037,1
49,2016-09-01,2016-10-01,1,0.9435581,1
49,2016-10-01,2016-11-01,1,0.9152674,1
49,2016-11-01,2016-12-01,1,0.9482739,1
49,2016-12-01,2017-01-01,1,0.8970762,1
49,2017-01-01,2017-02-01,1,0.7671609,1
49,2017-02-01,2017-03-01,1,0.906629,1
49,2017-03-01,2017-04-01,1,0.80831647,1
49,2017-04-01,2017-05-01,1,0.862526,1
49,2017-05-01,2017-06-01,1,0.92861825,1
49,2017-06-01,2017-07-01,1,0.9482739,1
49,2017-07-01,2017-08-01,1,0.94159037,1
49,2017-08-01,2017-09-01,1,0.9482739,1
49,2017-09-01,2017-10-01,1,0.9212237,1
49,2017-10-01,2017-11-01,1,0.92861825,1
49,2017-11-01,2017-12-01,1,0.9138011,1
49,2017-12-01,2018-01-01,1,0.88135153,1
49,2018-01-01,2018-02-01,1,0.8697475,1
49,2018-02-01,2018-03-01,1,0.88135153,1
49,2018-03-01,2018-04-01,1,0.5030126,0
49,2018-04-01,2018-05-01,1,0.904905,1
49,2018-05-01,2018-06-01,1,0.904905,1
49,2018-06-01,2018-07-01,1,0.9526238,1
49,2018-07-01,2018-08-01,1,0.9482829,1
49,2018-08-01,2018-09-01,1,0.9482829,1
49,2018-09-01,2018-10-01,1,0.9526238,1
49,2018-10-01,2018-11-01,1,0.92861825,1
49,2018-11-01,2018-12-01,1,0.906629,1
49,2018-12-01,2019-01-01,1,0.7601139,1
49,2019-01-01,2019-02-01,1,0.8697475,1
49,2019-02-01,2019-03-01,1,0.84417045,1
49,2019-03-01,2019-04-01,1,0.7685623,1
49,2019-04-01,2019-05-01,1,0.87937564,1
49,2019-05-01,2019-06-01,1,0.90650725,1
49,2019-06-01,2019-07-01,1,0.9566253,1
49,2019-07-01,2019-08-01,1,0.94200855,1
49,2019-08-01,2019-09-01,1,0.9639915,1
49,2019-09-01,2019-10-01,1,0.9464706,1
49,2019-10-01,2019-11-01,1,0.88613385,1
49,2019-11-01,2019-12-01,1,0.92861825,1
49,2019-12-01,2020-01-01,1,0.87937564,1
49,2020-01-01,2020-02-01,1,0.95058745,1
49,2020-02-01,2020-03-01,1,0.95058745,1
49,2020-03-01,2020-04-01,1,0.8786755,1
49,2020-04-01,2020-05-01,1,0.8693058,1
49,2020-05-01,2020-06-01,1,0.4237425,0
49,2020-06-01,2020-07-01,1,0.9557924,1
49,2020-07-01,2020-08-01,1,0.95465064,1
49,2020-08-01,2020-09-01,1,0.96424353,1
49,2020-09-01,2020-10-01,1,0.9392562,1
49,2020-10-01,2020-11-01,1,0.9147394,1
49,2020-11-01,2020-12-01,1,0.94478923,1
49,2020-12-01,2021-01-01,1,0.89479476,1
49,2021-01-01,2021-02-01,0,0.6361577,0
49,2021-02-01,2021-03-01,1,0.8786755,1
49,2021-03-01,2021-04-01,1,0.4549322,0
49,2021-04-01,2021-05-01,1,0.8786755,1
49,2021-05-01,2021-06-01,1,0.87304753,1
49,2021-06-01,2021-07-01,1,0.90928954,1
49,2021-07-01,2021-08-01,1,0.93661034,1
49,2021-08-01,2021-09-01,1,0.95383143,1
49,2021-09-01,2021-10-01,1,0.9123563,1
49,2021-10-01,2021-11-01,1,0.9377151,1
49,2021-11-01,2021-12-01,1,0.90332913,1
49,2021-12-01,2022-01-01,1,0.7728141,1
49,2022-01-01,2022-02-01,0,0.85955846,1
49,2022-02-01,2022-03-01,1,0.5550373,0
49,2022-03-01,2022-04-01,1,0.5721117,0
49,2022-04-01,2022-05-01,1,0.9098368,1
49,2022-05-01,2022-06-01,1,0.88908607,1
49,2022-06-01,2022-07-01,1,0.9176384,1
49,2022-07-01,2022-08-01,1,0.8620751,1
49,2022-08-01,2022-09-01,1,0.934519,1
49,2022-09-01,2022-10-01,1,0.91705364,1
49,2022-10-01,2022-11-01,1,0.97426945,1
49,2022-11-01,2022-12-01,1,0.9735917,1
50,2015-02-01,2015-03-01,0,0.021946456,0
50,2015-03-01,2015-04-01,0,0.002120977,0
50,2015-04-01,2015-05-01,0,0.012787455,0
50,2015-05-01,2015-06-01,0,0.01848003,0
50,2015-06-01,2015-07-01,0,0.019194288,0
50,2015-07-01,2015-08-01,0,0.018081395,0
50,2015-08-01,2015-09-01,0,0.022936502,0
50,2015-09-01,2015-10-01,0,0.030065034,0
50,2015-10-01,2015-11-01,0,0.024679163,0
50,2015-11-01,2015-12-01,0,0.008964083,0
50,2015-12-01,2016-01-01,0,0.008715656,0
50,2016-01-01,2016-02-01,0,0.0057044816,0
50,2016-02-01,2016-03-01,0,0.0067889225,0
50,2016-03-01,2016-04-01,0,0.0022281236,0
50,2016-04-01,2016-05-01,0,0.007432396,0
50,2016-05-01,2016-06-01,0,0.0082559,0
50,2016-06-01,2016-07-01,0,0.029685788,0
50,2016-07-01,2016-08-01,0,0.020515874,0
50,2016-08-01,2016-09-01,0,0.051736645,0
50,2016-09-01,2016-10-01,0,0.018688269,0
50,2016-10-01,2016-11-01,0,0.027790243,0
50,2016-11-01,2016-12-01,0,0.02214463,0
50,2016-12-01,2017-01-01,0,0.023425577,0
50,2017-01-01,2017-02-01,0,0.0073900884,0
50,2017-02-01,2017-03-01,0,0.0082559,0
50,2017-03-01,2017-04-01,0,0.0063775703,0
50,2017-04-01,2017-05-01,0,0.0061075026,0
50,2017-05-01,2017-06-01,0,0.01848003,0
50,2017-06-01,2017-07-01,0,0.02915621,0
50,2017-07-01,2017-08-01,0,0.06679461,0
50,2017-08-01,2017-09-01,0,0.055264004,0
50,2017-09-01,2017-10-01,0,0.02915621,0
50,2017-10-01,2017-11-01,0,0.030511208,0
50,2017-11-01,2017-12-01,0,0.015538782,0
50,2017-12-01,2018-01-01,0,0.009152885,0
50,2018-01-01,2018-02-01,0,0.009735245,0
50,2018-02-01,2018-03-01,0,0.009213483,0
50,2018-03-01,2018-04-01,0,0.0017412324,0
50,2018-04-01,2018-05-01,0,0.014065525,0
50,2018-05-01,2018-06-01,0,0.01084588,0
50,2018-06-01,2018-07-01,0,0.06951661,0
50,2018-07-01,2018-08-01,0,0.076939665,0
50,2018-08-01,2018-09-01,0,0.055264004,0
50,2018-09-01,2018-10-01,0,0.055691905,0
50,2018-10-01,2018-11-01,0,0.012625526,0
50,2018-11-01,2018-12-01,0,0.023182338,0
50,2018-12-01,2019-01-01,0,0.0056896014,0
50,2019-01-01,2019-02-01,0,0.018646462,0
50,2019-02-01,2019-03-01,0,0.00597205,0
50,2019-03-01,2019-04-01,0,0.0037827683,0
50,2019-04-01,2019-05-01,0,0.008715656,0
50,2019-05-01,2019-06-01,0,0.008702273,0
50,2019-06-01,2019-07-01,0,0.022920134,0
50,2019-07-01,2019-08-01,0,0.048446566,0
50,2019-08-01,2019-09-01,0,0.07477507,0
50,2019-09-01,2019-10-01,0,0.023442302,0
50,2019-10-01,2019-11-01,0,0.021946456,0
50,2019-11-01,2019-12-01,0,0.014266623,0
50,2019-12-01,2020-01-01,0,0.0064211264,0
50,2020-01-01,2020-02-01,0,0.005989734,0
50,2020-02-01,2020-03-01,0,0.006727251,0
50,2020-03-01,2020-04-01,0,0.004605697,0
50,2020-04-01,2020-05-01,0,0.004605697,0
50,2020-05-01,2020-06-01,0,0.001462332,0
50,2020-06-01,2020-07-01,0,0.0074339407,0
50,2020-07-01,2020-08-01,0,0.0073900884,0
50,2020-08-01,2020-09-01,0,0.006727251,0
50,2020-09-01,2020-10-01,0,0.025762629,0
50,2020-10-01,2020-11-01,0,0.007478818,0
50,2020-11-01,2020-12-01,0,0.009714112,0
50,2020-12-01,2021-01-01,0,0.003133011,0
50,2021-01-01,2021-02-01,0,0.004605697,0
50,2021-02-01,2021-03-01,0,0.004692193,0
50,2021-03-01,2021-04-01,0,0.0017497536,0
50,2021-04-01,2021-05-01,0,0.0030147803,0
50,2021-05-01,2021-06-01,0,0.0021723744,0
50,2021-06-01,2021-07-01,0,0.0073233885,0
50,2021-07-01,2021-08-01,0,0.00597205,0
50,2021-08-01,2021-09-01,0,0.006774498,0
50,2021-09-01,2021-10-01,0,0.0077803857,0
50,2021-10-01,2021-11-01,0,0.005312172,0
50,2021-11-01,2021-12-01,0,0.0031733736,0
50,2021-12-01,2022-01-01,0,0.002242977,0
50,2022-01-01,2022-02-01,0,0.0017412324,0
50,2022-02-01,2022-03-01,0,0.0016927901,0
50,2022-03-01,2022-04-01,0,0.0012663461,0
50,2022-04-01,2022-05-01,0,0.004017102,0
50,2022-05-01,2022-06-01,0,0.0056896014,0
50,2022-06-01,2022-07-01,0,0.006663008,0
50,2022-07-01,2022-08-01,0,0.007577259,0
50,2022-08-01,2022-09-01,0,0.009086849,0
50,2022-09-01,2022-10-01,0,0.020515874,0
50,2022-10-01,2022-11-01,0,0.009136177,0
50,2022-11-01,2022-12-01,0,0.020515874,0
51,2015-02-01,2015-03-01,0,0.014547161,0
51,2015-03-01,2015-04-01,0,0.014547161,0
51,2015-04-01,2015-05-01,0,0.015137978,0
51,2015-05-01,2015-06-01,0,0.014373599,0
51,2015-06-01,2015-07-01,0,0.015137978,0
51,2015-07-01,2015-08-01,0,0.015137978,0
51,2015-08-01,2015-09-01,0,0.019223662,0
51,2015-09-01,2015-10-01,0,0.014911854,0
51,2015-10-01,2015-11-01,0,0.015137978,0
51,2015-11-01,2015-12-01,0,0.014373599,0
51,2015-12-01,2016-01-01,0,0.0057986104,0
51,2016-01-01,2016-02-01,0,0.014373599,0
51,2016-02-01,2016-03-01,0,0.012692891,0
51,2016-03-01,2016-04-01,0,0.013902405,0
51,2016-04-01,2016-05-01,0,0.010502759,0
51,2016-05-01,2016-06-01,0,0.013397803,0
51,2016-06-01,2016-07-01,0,0.014911854,0
51,2016-07-01,2016-08-01,0,0.014373599,0
51,2016-08-01,2016-09-01,0,0.014547161,0
51,2016-09-01,2016-10-01,0,0.012715715,0
51,2016-10-01,2016-11-01,0,0.010343556,0
51,2016-11-01,2016-12-01,0,0.008700677,0
51,2016-12-01,2017-01-01,0,0.014373599,0
51,2017-01-01,2017-02-01,0,0.014373599,0
51,2017-02-01,2017-03-01,0,0.014373599,0
51,2017-03-01,2017-04-01,0,0.010902558,0
51,2017-04-01,2017-05-01,0,0.013397803,0
51,2017-05-01,2017-06-01,0,0.014373599,0
51,2017-06-01,2017-07-01,0,0.013397803,0
51,2017-07-01,2017-08-01,0,0.013397803,0
51,2017-08-01,2017-09-01,0,0.014373599,0
51,2017-09-01,2017-10-01,0,0.014373599,0
51,2017-10-01,2017-11-01,0,0.013918325,0
51,2017-11-01,2017-12-01,0,0.014373599,0
51,2017-12-01,2018-01-01,0,0.014373599,0
51,2018-01-01,2018-02-01,0,0.014911854,0
51,2018-02-01,2018-03-01,0,0.014911854,0
51,2018-03-01,2018-04-01,0,0.015137978,0
51,2018-04-01,2018-05-01,0,0.014373599,0
51,2018-05-01,2018-06-01,0,0.014373599,0
51,2018-06-01,2018-07-01,0,0.014373599,0
51,2018-07-01,2018-08-01,0,0.014373599,0
51,2018-08-01,2018-09-01,0,0.014373599,0
51,2018-09-01,2018-10-01,0,0.019334162,0
51,2018-10-01,2018-11-01,0,0.014373599,0
51,2018-11-01,2018-12-01,0,0.012157582,0
51,2018-12-01,2019-01-01,0,0.013397803,0
51,2019-01-01,2019-02-01,0,0.013918325,0
51,2019-02-01,2019-03-01,0,0.014373599,0
51,2019-03-01,2019-04-01,0,0.014373599,0
51,2019-04-01,2019-05-01,0,0.014373599,0
51,2019-05-01,2019-06-01,0,0.012692891,0
51,2019-06-01,2019-07-01,0,0.014373599,0
51,2019-07-01,2019-08-01,0,0.013902405,0
51,2019-08-01,2019-09-01,0,0.014373599,0
51,2019-09-01,2019-10-01,0,0.012692891,0
51,2019-10-01,2019-11-01,0,0.014373599,0
51,2019-11-01,2019-12-01,0,0.013397803,0
51,2019-12-01,2020-01-01,0,0.012692891,0
51,2020-01-01,2020-02-01,0,0.01640257,0
51,2020-02-01,2020-03-01,0,0.015291183,0
51,2020-03-01,2020-04-01,0,0.017272968,0
51,2020-04-01,2020-05-01,0,0.015291183,0
51,2020-05-01,2020-06-01,0,0.02418068,0
51,2020-06-01,2020-07-01,0,0.015291183,0
51,2020-07-01,2020-08-01,0,0.017272968,0
51,2020-08-01,2020-09-01,0,0.017272968,0
51,2020-09-01,2020-10-01,0,0.018324606,0
51,2020-10-01,2020-11-01,0,0.01640257,0
51,2020-11-01,2020-12-01,0,0.019167304,0
51,2020-12-01,2021-01-01,0,0.017065015,0
51,2021-01-01,2021-02-01,0,0.017065015,0
51,2021-02-01,2021-03-01,0,0.018324606,0
51,2021-03-01,2021-04-01,0,0.018026482,0
51,2021-04-01,2021-05-01,0,0.018324606,0
51,2021-05-01,2021-06-01,0,0.01640257,0
51,2021-06-01,2021-07-01,0,0.01640257,0
51,2021-07-01,2021-08-01,0,0.02705411,0
51,2021-08-01,2021-09-01,0,0.017272968,0
51,2021-09-01,2021-10-01,0,0.018324606,0
51,2021-10-01,2021-11-01,0,0.017272968,0
51,2021-11-01,2021-12-01,0,0.017272968,0
51,2021-12-01,2022-01-01,0,0.018026482,0
51,2022-01-01,2022-02-01,0,0.023719497,0
51,2022-02-01,2022-03-01,0,0.02705411,0
51,2022-03-01,2022-04-01,0,0.017272968,0
51,2022-04-01,2022-05-01,0,0.017272968,0
51,2022-05-01,2022-06-01,0,0.017272968,0
51,2022-06-01,2022-07-01,0,0.017272968,0
51,2022-07-01,2022-08-01,0,0.017272968,0
51,2022-08-01,2022-09-01,0,0.017272968,0
51,2022-09-01,2022-10-01,0,0.018324606,0
51,2022-10-01,2022-11-01,0,0.018026482,0
51,2022-11-01,2022-12-01,0,0.022946147,0
52,2015-02-01,2015-03-01,0,0.018835628,0
52,2015-03-01,2015-04-01,0,0.0035422558,0
52,2015-04-01,2015-05-01,0,0.013910265,0
52,2015-05-01,2015-06-01,0,0.013910265,0
52,2015-06-01,2015-07-01,0,0.08939572,0
52,2015-07-01,2015-08-01,0,0.06598735,0
52,2015-08-01,2015-09-01,0,0.2026869,0
52,2015-09-01,2015-10-01,0,0.1520738,0
52,2015-10-01,2015-11-01,0,0.030546395,0
52,2015-11-01,2015-12-01,0,0.01083571,0
52,2015-12-01,2016-01-01,0,0.009310246,0
52,2016-01-01,2016-02-01,0,0.009389938,0
52,2016-02-01,2016-03-01,0,0.004752389,0
52,2016-03-01,2016-04-01,0,0.007052399,0
52,2016-04-01,2016-05-01,0,0.017357918,0
52,2016-05-01,2016-06-01,0,0.009310246,0
52,2016-06-01,2016-07-01,0,0.06598735,0
52,2016-07-01,2016-08-01,0,0.03487149,0
52,2016-08-01,2016-09-01,0,0.018835628,0
52,2016-09-01,2016-10-01,0,0.108327694,0
52,2016-10-01,2016-11-01,0,0.0086751655,0
52,2016-11-01,2016-12-01,0,0.012813908,0
52,2016-12-01,2017-01-01,0,0.009310246,0
52,2017-01-01,2017-02-01,0,0.005372176,0
52,2017-02-01,2017-03-01,0,0.0101099,0
52,2017-03-01,2017-04-01,0,0.001731551,0
52,2017-04-01,2017-05-01,0,0.005654772,0
52,2017-05-01,2017-06-01,0,0.009310246,0
52,2017-06-01,2017-07-01,0,0.01828733,0
52,2017-07-01,2017-08-01,0,0.009064764,0
52,2017-08-01,2017-09-01,0,0.08689562,0
52,2017-09-01,2017-10-01,0,0.017357918,0
52,2017-10-01,2017-11-01,0,0.06468673,0
52,2017-11-01,2017-12-01,0,0.0193282,0
52,2017-12-01,2018-01-01,0,0.0040018344,0
52,2018-01-01,2018-02-01,0,0.009064764,0
52,2018-02-01,2018-03-01,0,0.0023387636,0
52,2018-03-01,2018-04-01,0,0.0025111504,0
52,2018-04-01,2018-05-01,0,0.004840317,0
52,2018-05-01,2018-06-01,0,0.009310246,0
52,2018-06-01,2018-07-01,0,0.010765746,0
52,2018-07-01,2018-08-01,0,0.0086751655,0
52,2018-08-01,2018-09-01,0,0.013910265,0
52,2018-09-01,2018-10-01,0,0.061727054,0
52,2018-10-01,2018-11-01,0,0.009310246,0
52,2018-11-01,2018-12-01,0,0.004752389,0
52,2018-12-01,2019-01-01,0,0.0025111504,0
52,2019-01-01,2019-02-01,0,0.009310246,0
52,2019-02-01,2019-03-01,0,0.002120067,0
52,2019-03-01,2019-04-01,0,0.0013399228,0
52,2019-04-01,2019-05-01,0,0.002214406,0
52,2019-05-01,2019-06-01,0,0.0047383993,0
52,2019-06-01,2019-07-01,0,0.014688658,0
52,2019-07-01,2019-08-01,0,0.009587019,0
52,2019-08-01,2019-09-01,0,0.05716224,0
52,2019-09-01,2019-10-01,0,0.009546618,0
52,2019-10-01,2019-11-01,0,0.009310246,0
52,2019-11-01,2019-12-01,0,0.004752389,0
52,2019-12-01,2020-01-01,0,0.0017767255,0
52,2020-01-01,2020-02-01,0,0.0414215,0
52,2020-02-01,2020-03-01,0,0.01350814,0
52,2020-03-01,2020-04-01,0,0.009346446,0
52,2020-04-01,2020-05-01,0,0.008507441,0
52,2020-05-01,2020-06-01,0,0.009346446,0
52,2020-06-01,2020-07-01,0,0.0088527715,0
52,2020-07-01,2020-08-01,0,0.01350814,0
52,2020-08-01,2020-09-01,0,0.024857206,0
52,2020-09-01,2020-10-01,0,0.0487161,0
52,2020-10-01,2020-11-01,0,0.016091425,0
52,2020-11-01,2020-12-01,0,0.02815013,0
52,2020-12-01,2021-01-01,0,0.009377841,0
52,2021-01-01,2021-02-01,0,0.012859559,0
52,2021-02-01,2021-03-01,0,0.007085598,0
52,2021-03-01,2021-04-01,0,0.0077011506,0
52,2021-04-01,2021-05-01,0,0.014227153,0
52,2021-05-01,2021-06-01,0,0.014227153,0
52,2021-06-01,2021-07-01,0,0.014227153,0
52,2021-07-01,2021-08-01,0,0.02815013,0
52,2021-08-01,2021-09-01,0,0.05272019,0
52,2021-09-01,2021-10-01,0,0.0414215,0
52,2021-10-01,2021-11-01,0,0.031815227,0
52,2021-11-01,2021-12-01,0,0.012086758,0
52,2021-12-01,2022-01-01,0,0.012859559,0
52,2022-01-01,2022-02-01,0,0.02815013,0
52,2022-02-01,2022-03-01,0,0.009223904,0
52,2022-03-01,2022-04-01,0,0.008478025,0
52,2022-04-01,2022-05-01,0,0.014227153,0
52,2022-05-01,2022-06-01,0,0.01350814,0
52,2022-06-01,2022-07-01,0,0.05408334,0
52,2022-07-01,2022-08-01,0,0.053381167,0
52,2022-08-01,2022-09-01,0,0.1017955,0
52,2022-09-01,2022-10-01,0,0.109659374,0
52,2022-10-01,2022-11-01,0,0.30061552,0
52,2022-11-01,2022-12-01,0,0.55843526,0
53,2015-02-01,2015-03-01,0,0.61190474,0
53,2015-03-01,2015-04-01,0,0.08628121,0
53,2015-04-01,2015-05-01,1,0.58289707,0
53,2015-05-01,2015-06-01,0,0.5862683,0
53,2015-06-01,2015-07-01,1,0.6660152,0
53,2015-07-01,2015-08-01,1,0.6419681,0
53,2015-08-01,2015-09-01,0,0.6491278,0
53,2015-09-01,2015-10-01,1,0.6629202,0
53,2015-10-01,2015-11-01,0,0.57794386,0
53,2015-11-01,2015-12-01,0,0.5614073,0
53,2015-12-01,2016-01-01,0,0.30721214,0
53,2016-01-01,2016-02-01,0,0.18073702,0
53,2016-02-01,2016-03-01,0,0.3372974,0
53,2016-03-01,2016-04-01,0,0.24675697,0
53,2016-04-01,2016-05-01,0,0.54177743,0
53,2016-05-01,2016-06-01,0,0.43880212,0
53,2016-06-01,2016-07-01,0,0.6419681,0
53,2016-07-01,2016-08-01,1,0.6419681,0
53,2016-08-01,2016-09-01,0,0.723635,0
53,2016-09-01,2016-10-01,0,0.6030691,0
53,2016-10-01,2016-11-01,0,0.6629202,0
53,2016-11-01,2016-12-01,0,0.6419681,0
53,2016-12-01,2017-01-01,0,0.6629202,0
53,2017-01-01,2017-02-01,0,0.48823592,0
53,2017-02-01,2017-03-01,0,0.5874513,0
53,2017-03-01,2017-04-01,0,0.43738005,0
53,2017-04-01,2017-05-01,0,0.58289707,0
53,2017-05-01,2017-06-01,0,0.6419681,0
53,2017-06-01,2017-07-01,1,0.6629202,0
53,2017-07-01,2017-08-01,1,0.77813804,1
53,2017-08-01,2017-09-01,0,0.723635,0
53,2017-09-01,2017-10-01,0,0.6420104,0
53,2017-10-01,2017-11-01,0,0.5874513,0
53,2017-11-01,2017-12-01,0,0.5874513,0
53,2017-12-01,2018-01-01,0,0.5371163,0
53,2018-01-01,2018-02-01,0,0.54177743,0
53,2018-02-01,2018-03-01,0,0.42226356,0
53,2018-03-01,2018-04-01,0,0.2801621,0
53,2018-04-01,2018-05-01,1,0.63293195,0
53,2018-05-01,2018-06-01,1,0.5874513,0
53,2018-06-01,2018-07-01,1,0.80015534,1
53,2018-07-01,2018-08-01,1,0.7652608,1
53,2018-08-01,2018-09-01,0,0.68619,0
53,2018-09-01,2018-10-01,0,0.6802434,0
53,2018-10-01,2018-11-01,0,0.55226326,0
53,2018-11-01,2018-12-01,0,0.61190474,0
53,2018-12-01,2019-01-01,0,0.3953502,0
53,2019-01-01,2019-02-01,0,0.55226326,0
53,2019-02-01,2019-03-01,0,0.32564467,0
53,2019-03-01,2019-04-01,0,0.24675697,0
53,2019-04-01,2019-05-01,1,0.34150776,0
53,2019-05-01,2019-06-01,0,0.62286484,0
53,2019-06-01,2019-07-01,0,0.6629202,0
53,2019-07-01,2019-08-01,0,0.6629202,0
53,2019-08-01,2019-09-01,0,0.723635,0
53,2019-09-01,2019-10-01,0,0.6629202,0
53,2019-10-01,2019-11-01,0,0.5614073,0
53,2019-11-01,2019-12-01,0,0.54177743,0
53,2019-12-01,2020-01-01,0,0.44845274,0
53,2020-01-01,2020-02-01,0,0.3144245,0
53,2020-02-01,2020-03-01,0,0.4102021,0
53,2020-03-01,2020-04-01,0,0.0496226,0
53,2020-04-01,2020-05-01,0,0.19046026,0
53,2020-05-01,2020-06-01,0,0.025322389,0
53,2020-06-01,2020-07-01,0,0.5445,0
53,2020-07-01,2020-08-01,0,0.4981334,0
53,2020-08-01,2020-09-01,0,0.46083727,0
53,2020-09-01,2020-10-01,0,0.5341885,0
53,2020-10-01,2020-11-01,0,0.3882908,0
53,2020-11-01,2020-12-01,0,0.4056708,0
53,2020-12-01,2021-01-01,0,0.0794954,0
53,2021-01-01,2021-02-01,0,0.19046026,0
53,2021-02-01,2021-03-01,0,0.13135524,0
53,2021-03-01,2021-04-01,0,0.012940539,0
53,2021-04-01,2021-05-01,0,0.17709689,0
53,2021-05-01,2021-06-01,0,0.05922828,0
53,2021-06-01,2021-07-01,0,0.3681489,0
53,2021-07-01,2021-08-01,0,0.4102021,0
53,2021-08-01,2021-09-01,0,0.20227605,0
53,2021-09-01,2021-10-01,0,0.2930978,0
53,2021-10-01,2021-11-01,0,0.36068088,0
53,2021-11-01,2021-12-01,0,0.24262147,0
53,2021-12-01,2022-01-01,0,0.16277125,0
53,2022-01-01,2022-02-01,0,0.032122858,0
53,2022-02-01,2022-03-01,0,0.025837572,0
53,2022-03-01,2022-04-01,0,0.015775992,0
53,2022-04-01,2022-05-01,0,0.23035723,0
53,2022-05-01,2022-06-01,0,0.2483832,0
53,2022-06-01,2022-07-01,0,0.36185125,0
53,2022-07-01,2022-08-01,0,0.20594627,0
53,2022-08-01,2022-09-01,0,0.22774822,0
53,2022-09-01,2022-10-01,0,0.5686285,0
53,2022-10-01,2022-11-01,0,0.64935976,0
53,2022-11-01,2022-12-01,0,0.64935976,0
54,2015-02-01,2015-03-01,0,0.06055754,0
54,2015-03-01,2015-04-01,0,0.006673064,0
54,2015-04-01,2015-05-01,0,0.035606246,0
54,2015-05-01,2015-06-01,0,0.040197458,0
54,2015-06-01,2015-07-01,0,0.08952357,0
54,2015-07-01,2015-08-01,0,0.03413801,0
54,2015-08-01,2015-09-01,0,0.080791704,0
54,2015-09-01,2015-10-01,0,0.09081158,0
54,2015-10-01,2015-11-01,0,0.04992487,0
54,2015-11-01,2015-12-01,0,0.02933859,0
54,2015-12-01,2016-01-01,0,0.009897391,0
54,2016-01-01,2016-02-01,0,0.012787022,0
54,2016-02-01,2016-03-01,0,0.012302258,0
54,2016-03-01,2016-04-01,0,0.008547216,0
54,2016-04-01,2016-05-01,0,0.031967547,0
54,2016-05-01,2016-06-01,0,0.030079916,0
54,2016-06-01,2016-07-01,0,0.085702986,0
54,2016-07-01,2016-08-01,0,0.06640325,0
54,2016-08-01,2016-09-01,0,0.101439685,0
54,2016-09-01,2016-10-01,0,0.09696673,0
54,2016-10-01,2016-11-01,0,0.058225315,0
54,2016-11-01,2016-12-01,0,0.06308784,0
54,2016-12-01,2017-01-01,0,0.057313215,0
54,2017-01-01,2017-02-01,0,0.03109824,0
54,2017-02-01,2017-03-01,0,0.031967547,0
54,2017-03-01,2017-04-01,0,0.005285727,0
54,2017-04-01,2017-05-01,0,0.030316884,0
54,2017-05-01,2017-06-01,0,0.06427265,0
54,2017-06-01,2017-07-01,0,0.077610165,0
54,2017-07-01,2017-08-01,0,0.09106462,0
54,2017-08-01,2017-09-01,0,0.10737617,0
54,2017-09-01,2017-10-01,0,0.084953144,0
54,2017-10-01,2017-11-01,0,0.06308784,0
54,2017-11-01,2017-12-01,0,0.031063087,0
54,2017-12-01,2018-01-01,0,0.013214711,0
54,2018-01-01,2018-02-01,0,0.026822658,0
54,2018-02-01,2018-03-01,0,0.011996511,0
54,2018-03-01,2018-04-01,0,0.007030851,0
54,2018-04-01,2018-05-01,0,0.036450528,0
54,2018-05-01,2018-06-01,0,0.06055754,0
54,2018-06-01,2018-07-01,0,0.10548637,0
54,2018-07-01,2018-08-01,0,0.101439685,0
54,2018-08-01,2018-09-01,0,0.116548926,0
54,2018-09-01,2018-10-01,0,0.11400135,0
54,2018-10-01,2018-11-01,0,0.042276222,0
54,2018-11-01,2018-12-01,0,0.068442166,0
54,2018-12-01,2019-01-01,0,0.014484678,0
54,2019-01-01,2019-02-01,0,0.037656765,0
54,2019-02-01,2019-03-01,0,0.012882307,0
54,2019-03-01,2019-04-01,0,0.0076927855,0
54,2019-04-01,2019-05-01,0,0.012985761,0
54,2019-05-01,2019-06-01,0,0.03286094,0
54,2019-06-01,2019-07-01,0,0.07128423,0
54,2019-07-01,2019-08-01,0,0.068765014,0
54,2019-08-01,2019-09-01,0,0.098725714,0
54,2019-09-01,2019-10-01,0,0.07128423,0
54,2019-10-01,2019-11-01,0,0.042276222,0
54,2019-11-01,2019-12-01,0,0.040197458,0
54,2019-12-01,2020-01-01,0,0.026372734,0
54,2020-01-01,2020-02-01,0,0.009027768,0
54,2020-02-01,2020-03-01,0,0.009530692,0
54,2020-03-01,2020-04-01,0,0.0022538323,0
54,2020-04-01,2020-05-01,0,0.0029004787,0
54,2020-05-01,2020-06-01,0,0.00082658563,0
54,2020-06-01,2020-07-01,0,0.009932066,0
54,2020-07-01,2020-08-01,0,0.009027768,0
54,2020-08-01,2020-09-01,0,0.008766089,0
54,2020-09-01,2020-10-01,0,0.018118905,0
54,2020-10-01,2020-11-01,0,0.0076295487,0
54,2020-11-01,2020-12-01,0,0.009498338,0
54,2020-12-01,2021-01-01,0,0.0040446934,0
54,2021-01-01,2021-02-01,0,0.002669525,0
54,2021-02-01,2021-03-01,0,0.0035762682,0
54,2021-03-01,2021-04-01,0,0.00072747166,0
54,2021-04-01,2021-05-01,0,0.0038887833,0
54,2021-05-01,2021-06-01,0,0.0028566222,0
54,2021-06-01,2021-07-01,0,0.0034623425,0
54,2021-07-01,2021-08-01,0,0.0041729663,0
54,2021-08-01,2021-09-01,0,0.009932066,0
54,2021-09-01,2021-10-01,0,0.008960411,0
54,2021-10-01,2021-11-01,0,0.005956479,0
54,2021-11-01,2021-12-01,0,0.002669525,0
54,2021-12-01,2022-01-01,0,0.0020589288,0
54,2022-01-01,2022-02-01,0,0.0028566222,0
54,2022-02-01,2022-03-01,0,0.0006976707,0
54,2022-03-01,2022-04-01,0,0.00082658563,0
54,2022-04-01,2022-05-01,0,0.002669525,0
54,2022-05-01,2022-06-01,0,0.002669525,0
54,2022-06-01,2022-07-01,0,0.004100015,0
54,2022-07-01,2022-08-01,0,0.003616194,0
54,2022-08-01,2022-09-01,0,0.011273358,0
54,2022-09-01,2022-10-01,0,0.0059095505,0
54,2022-10-01,2022-11-01,0,0.017756281,0
54,2022-11-01,2022-12-01,0,0.008340044,0
55,2015-02-01,2015-03-01,0,0.0015362551,0
55,2015-03-01,2015-04-01,0,0.0012910271,0
55,2015-04-01,2015-05-01,0,0.001327858,0
55,2015-05-01,2015-06-01,0,0.0012432478,0
55,2015-06-01,2015-07-01,0,0.0015362551,0
55,2015-07-01,2015-08-01,0,0.0015300704,0
55,2015-08-01,2015-09-01,0,0.001462332,0
55,2015-09-01,2015-10-01,0,0.001462332,0
55,2015-10-01,2015-11-01,0,0.0021108014,0
55,2015-11-01,2015-12-01,0,0.001289413,0
55,2015-12-01,2016-01-01,0,0.002079941,0
55,2016-01-01,2016-02-01,0,0.0023605723,0
55,2016-02-01,2016-03-01,0,0.001462332,0
55,2016-03-01,2016-04-01,0,0.001327858,0
55,2016-04-01,2016-05-01,0,0.0012003697,0
55,2016-05-01,2016-06-01,0,0.0012003697,0
55,2016-06-01,2016-07-01,0,0.0015362551,0
55,2016-07-01,2016-08-01,0,0.0015358325,0
55,2016-08-01,2016-09-01,0,0.0015362551,0
55,2016-09-01,2016-10-01,0,0.001289413,0
55,2016-10-01,2016-11-01,0,0.0015358325,0
55,2016-11-01,2016-12-01,0,0.0015855469,0
55,2016-12-01,2017-01-01,0,0.001253511,0
55,2017-01-01,2017-02-01,0,0.0012651038,0
55,2017-02-01,2017-03-01,0,0.0015362551,0
55,2017-03-01,2017-04-01,0,0.0017228862,0
55,2017-04-01,2017-05-01,0,0.0013058871,0
55,2017-05-01,2017-06-01,0,0.0012651038,0
55,2017-06-01,2017-07-01,0,0.001289413,0
55,2017-07-01,2017-08-01,0,0.0015300704,0
55,2017-08-01,2017-09-01,0,0.002079941,0
55,2017-09-01,2017-10-01,0,0.001289413,0
55,2017-10-01,2017-11-01,0,0.0012003697,0
55,2017-11-01,2017-12-01,0,0.0012003697,0
55,2017-12-01,2018-01-01,0,0.0012432478,0
55,2018-01-01,2018-02-01,0,0.0015362551,0
55,2018-02-01,2018-03-01,0,0.0016312227,0
55,2018-03-01,2018-04-01,0,0.0017497536,0
55,2018-04-01,2018-05-01,0,0.0021108014,0
55,2018-05-01,2018-06-01,0,0.0013058871,0
55,2018-06-01,2018-07-01,0,0.0013058871,0
55,2018-07-01,2018-08-01,0,0.0012432478,0
55,2018-08-01,2018-09-01,0,0.001327858,0
55,2018-09-01,2018-10-01,0,0.001546505,0
55,2018-10-01,2018-11-01,0,0.002079941,0
55,2018-11-01,2018-12-01,0,0.001462332,0
55,2018-12-01,2019-01-01,0,0.0022249795,0
55,2019-01-01,2019-02-01,0,0.0022671528,0
55,2019-02-01,2019-03-01,0,0.0015300704,0
55,2019-03-01,2019-04-01,0,0.001462332,0
55,2019-04-01,2019-05-01,0,0.001462332,0
55,2019-05-01,2019-06-01,0,0.0016312227,0
55,2019-06-01,2019-07-01,0,0.001462332,0
55,2019-07-01,2019-08-01,0,0.0012003697,0
55,2019-08-01,2019-09-01,0,0.0021783735,0
55,2019-09-01,2019-10-01,0,0.0016312227,0
55,2019-10-01,2019-11-01,0,0.0012432478,0
55,2019-11-01,2019-12-01,0,0.0012230753,0
55,2019-12-01,2020-01-01,0,0.0015362551,0
55,2020-01-01,2020-02-01,0,0.0012003697,0
55,2020-02-01,2020-03-01,0,0.0012663461,0
55,2020-03-01,2020-04-01,0,0.001462332,0
55,2020-04-01,2020-05-01,0,0.0012432478,0
55,2020-05-01,2020-06-01,0,0.0015362551,0
55,2020-06-01,2020-07-01,0,0.0015362551,0
55,2020-07-01,2020-08-01,0,0.001462332,0
55,2020-08-01,2020-09-01,0,0.001289413,0
55,2020-09-01,2020-10-01,0,0.0012432478,0
55,2020-10-01,2020-11-01,0,0.0012663461,0
55,2020-11-01,2020-12-01,0,0.0012663461,0
55,2020-12-01,2021-01-01,0,0.0012432478,0
55,2021-01-01,2021-02-01,0,0.001253511,0
55,2021-02-01,2021-03-01,0,0.001462332,0
55,2021-03-01,2021-04-01,0,0.001289413,0
55,2021-04-01,2021-05-01,0,0.0012003697,0
55,2021-05-01,2021-06-01,0,0.001289413,0
55,2021-06-01,2021-07-01,0,0.001462332,0
55,2021-07-01,2021-08-01,0,0.0012432478,0
55,2021-08-01,2021-09-01,0,0.0012003697,0
55,2021-09-01,2021-10-01,0,0.001327858,0
55,2021-10-01,2021-11-01,0,0.0016312227,0
55,2021-11-01,2021-12-01,0,0.0015362551,0
55,2021-12-01,2022-01-01,0,0.001546505,0
55,2022-01-01,2022-02-01,0,0.001327858,0
55,2022-02-01,2022-03-01,0,0.0015362551,0
55,2022-03-01,2022-04-01,0,0.0012432478,0
55,2022-04-01,2022-05-01,0,0.001546505,0
55,2022-05-01,2022-06-01,0,0.0013058871,0
55,2022-06-01,2022-07-01,0,0.0013410418,0
55,2022-07-01,2022-08-01,0,0.002079941,0
55,2022-08-01,2022-09-01,0,0.001462332,0
55,2022-09-01,2022-10-01,0,0.0015300704,0
55,2022-10-01,2022-11-01,0,0.0012432478,0
55,2022-11-01,2022-12-01,0,0.002120977,0
56,2015-02-01,2015-03-01,0,0.0007179774,0
56,2015-03-01,2015-04-01,0,0.0008102267,0
56,2015-04-01,2015-05-01,0,0.00086342223,0
56,2015-05-01,2015-06-01,0,0.0016919842,0
56,2015-06-01,2015-07-01,0,0.003957125,0
56,2015-07-01,2015-08-01,0,0.001605443,0
56,2015-08-01,2015-09-01,0,0.0016919842,0
56,2015-09-01,2015-10-01,0,0.003368757,0
56,2015-10-01,2015-11-01,0,0.0018017269,0
56,2015-11-01,2015-12-01,0,0.001605443,0
56,2015-12-01,2016-01-01,0,0.0016978395,0
56,2016-01-01,2016-02-01,0,0.001605443,0
56,2016-02-01,2016-03-01,0,0.001605443,0
56,2016-03-01,2016-04-01,0,0.0014346902,0
56,2016-04-01,2016-05-01,0,0.001605443,0
56,2016-05-01,2016-06-01,0,0.0011664019,0
56,2016-06-01,2016-07-01,0,0.001605443,0
56,2016-07-01,2016-08-01,0,0.004859824,0
56,2016-08-01,2016-09-01,0,0.0038494603,0
56,2016-09-01,2016-10-01,0,0.0038494603,0
56,2016-10-01,2016-11-01,0,0.0037770385,0
56,2016-11-01,2016-12-01,0,0.0016919842,0
56,2016-12-01,2017-01-01,0,0.001736068,0
56,2017-01-01,2017-02-01,0,0.0011104615,0
56,2017-02-01,2017-03-01,0,0.0016919842,0
56,2017-03-01,2017-04-01,0,0.0011961209,0
56,2017-04-01,2017-05-01,0,0.0011067131,0
56,2017-05-01,2017-06-01,0,0.0011961209,0
56,2017-06-01,2017-07-01,0,0.0010864545,0
56,2017-07-01,2017-08-01,0,0.003368757,0
56,2017-08-01,2017-09-01,0,0.001605443,0
56,2017-09-01,2017-10-01,0,0.0022226952,0
56,2017-10-01,2017-11-01,0,0.001605443,0
56,2017-11-01,2017-12-01,0,0.0015120412,0
56,2017-12-01,2018-01-01,0,0.0011664019,0
56,2018-01-01,2018-02-01,0,0.0013706478,0
56,2018-02-01,2018-03-01,0,0.0015325106,0
56,2018-03-01,2018-04-01,0,0.0011067131,0
56,2018-04-01,2018-05-01,0,0.0014831963,0
56,2018-05-01,2018-06-01,0,0.0011664019,0
56,2018-06-01,2018-07-01,0,0.001605443,0
56,2018-07-01,2018-08-01,0,0.001605443,0
56,2018-08-01,2018-09-01,0,0.003196727,0
56,2018-09-01,2018-10-01,0,0.0016919842,0
56,2018-10-01,2018-11-01,0,0.001605443,0
56,2018-11-01,2018-12-01,0,0.001605443,0
56,2018-12-01,2019-01-01,0,0.0011067131,0
56,2019-01-01,2019-02-01,0,0.0017470787,0
56,2019-02-01,2019-03-01,0,0.0011067131,0
56,2019-03-01,2019-04-01,0,0.0012869211,0
56,2019-04-01,2019-05-01,0,0.0011067131,0
56,2019-05-01,2019-06-01,0,0.0007179774,0
56,2019-06-01,2019-07-01,0,0.001605443,0
56,2019-07-01,2019-08-01,0,0.0018305558,0
56,2019-08-01,2019-09-01,0,0.0030840456,0
56,2019-09-01,2019-10-01,0,0.003196727,0
56,2019-10-01,2019-11-01,0,0.001605443,0
56,2019-11-01,2019-12-01,0,0.0011067131,0
56,2019-12-01,2020-01-01,0,0.0011664019,0
56,2020-01-01,2020-02-01,0,0.00033635856,0
56,2020-02-01,2020-03-01,0,0.00033635856,0
56,2020-03-01,2020-04-01,0,0.0003374987,0
56,2020-04-01,2020-05-01,0,0.00033635856,0
56,2020-05-01,2020-06-01,0,0.00046044655,0
56,2020-06-01,2020-07-01,0,0.00033635856,0
56,2020-07-01,2020-08-01,0,0.00033635856,0
56,2020-08-01,2020-09-01,0,0.00033387347,0
56,2020-09-01,2020-10-01,0,0.00033722646,0
56,2020-10-01,2020-11-01,0,0.00033635856,0
56,2020-11-01,2020-12-01,0,0.00033635856,0
56,2020-12-01,2021-01-01,0,0.0005672438,0
56,2021-01-01,2021-02-01,0,0.000594073,0
56,2021-02-01,2021-03-01,0,0.000331909,0
56,2021-03-01,2021-04-01,0,0.00033635856,0
56,2021-04-01,2021-05-01,0,0.00033635856,0
56,2021-05-01,2021-06-01,0,0.00035451422,0
56,2021-06-01,2021-07-01,0,0.00034388978,0
56,2021-07-01,2021-08-01,0,0.00033635856,0
56,2021-08-01,2021-09-01,0,0.00033635856,0
56,2021-09-01,2021-10-01,0,0.00033635856,0
56,2021-10-01,2021-11-01,0,0.0003557427,0
56,2021-11-01,2021-12-01,0,0.00033635856,0
56,2021-12-01,2022-01-01,0,0.000331909,0
56,2022-01-01,2022-02-01,0,0.00033635856,0
56,2022-02-01,2022-03-01,0,0.00035451422,0
56,2022-03-01,2022-04-01,0,0.00046044655,0
56,2022-04-01,2022-05-01,0,0.00039563174,0
56,2022-05-01,2022-06-01,0,0.00039563174,0
56,2022-06-01,2022-07-01,0,0.00039762608,0
56,2022-07-01,2022-08-01,0,0.00033635856,0
56,2022-08-01,2022-09-01,0,0.00033635856,0
56,2022-09-01,2022-10-01,0,0.00048810506,0
56,2022-10-01,2022-11-01,0,0.00061960274,0
56,2022-11-01,2022-12-01,0,0.00051444734,0
57,2015-02-01,2015-03-01,0,0.06009317,0
57,2015-03-01,2015-04-01,0,0.009410807,0
57,2015-04-01,2015-05-01,0,0.21996845,0
57,2015-05-01,2015-06-01,0,0.09461674,0
57,2015-06-01,2015-07-01,0,0.13414808,0
57,2015-07-01,2015-08-01,0,0.09660421,0
57,2015-08-01,2015-09-01,0,0.23244461,0
57,2015-09-01,2015-10-01,0,0.34243292,0
57,2015-10-01,2015-11-01,0,0.23244461,0
57,2015-11-01,2015-12-01,0,0.09296279,0
57,2015-12-01,2016-01-01,0,0.079138294,0
57,2016-01-01,2016-02-01,0,0.062561244,0
57,2016-02-01,2016-03-01,0,0.14758646,0
57,2016-03-01,2016-04-01,0,0.037698742,0
57,2016-04-01,2016-05-01,0,0.24761893,0
57,2016-05-01,2016-06-01,0,0.22866629,0
57,2016-06-01,2016-07-01,0,0.32656497,0
57,2016-07-01,2016-08-01,0,0.34243292,0
57,2016-08-01,2016-09-01,0,0.3118043,0
57,2016-09-01,2016-10-01,0,0.45611367,0
57,2016-10-01,2016-11-01,0,0.29109097,0
57,2016-11-01,2016-12-01,0,0.23244461,0
57,2016-12-01,2017-01-01,0,0.04372179,0
57,2017-01-01,2017-02-01,0,0.048125718,0
57,2017-02-01,2017-03-01,0,0.040372014,0
57,2017-03-01,2017-04-01,0,0.03266444,0
57,2017-04-01,2017-05-01,0,0.033899274,0
57,2017-05-01,2017-06-01,0,0.032525193,0
57,2017-06-01,2017-07-01,0,0.23244461,0
57,2017-07-01,2017-08-01,0,0.13473038,0
57,2017-08-01,2017-09-01,0,0.3136269,0
57,2017-09-01,2017-10-01,0,0.21996845,0
57,2017-10-01,2017-11-01,0,0.21996845,0
57,2017-11-01,2017-12-01,0,0.046307858,0
57,2017-12-01,2018-01-01,0,0.039340105,0
57,2018-01-01,2018-02-01,0,0.046307858,0
57,2018-02-01,2018-03-01,0,0.037698742,0
57,2018-03-01,2018-04-01,0,0.007953747,0
57,2018-04-01,2018-05-01,0,0.05194957,0
57,2018-05-01,2018-06-01,0,0.024826441,0
57,2018-06-01,2018-07-01,0,0.14559743,0
57,2018-07-01,2018-08-01,0,0.20355134,0
57,2018-08-01,2018-09-01,0,0.32656497,0
57,2018-09-01,2018-10-01,0,0.23244461,0
57,2018-10-01,2018-11-01,0,0.32505688,0
57,2018-11-01,2018-12-01,0,0.065749094,0
57,2018-12-01,2019-01-01,0,0.040372014,0
57,2019-01-01,2019-02-01,0,0.08588757,0
57,2019-02-01,2019-03-01,0,0.033899274,0
57,2019-03-01,2019-04-01,0,0.009100801,0
57,2019-04-01,2019-05-01,0,0.024826441,0
57,2019-05-01,2019-06-01,0,0.03428719,0
57,2019-06-01,2019-07-01,0,0.2001202,0
57,2019-07-01,2019-08-01,0,0.03428719,0
57,2019-08-01,2019-09-01,0,0.21996845,0
57,2019-09-01,2019-10-01,0,0.30530608,0
57,2019-10-01,2019-11-01,0,0.11559636,0
57,2019-11-01,2019-12-01,0,0.02655614,0
57,2019-12-01,2020-01-01,0,0.019112233,0
57,2020-01-01,2020-02-01,0,0.048855163,0
57,2020-02-01,2020-03-01,0,0.018326465,0
57,2020-03-01,2020-04-01,0,0.020626647,0
57,2020-04-01,2020-05-01,0,0.020626647,0
57,2020-05-01,2020-06-01,0,0.015064327,0
57,2020-06-01,2020-07-01,0,0.018470263,0
57,2020-07-01,2020-08-01,0,0.017650688,0
57,2020-08-01,2020-09-01,0,0.03774456,0
57,2020-09-01,2020-10-01,0,0.03640903,0
57,2020-10-01,2020-11-01,0,0.018326465,0
57,2020-11-01,2020-12-01,0,0.018326465,0
57,2020-12-01,2021-01-01,0,0.019020457,0
57,2021-01-01,2021-02-01,0,0.015064327,0
57,2021-02-01,2021-03-01,0,0.014303619,0
57,2021-03-01,2021-04-01,0,0.015171241,0
57,2021-04-01,2021-05-01,0,0.021101186,0
57,2021-05-01,2021-06-01,0,0.014671958,0
57,2021-06-01,2021-07-01,0,0.019128134,0
57,2021-07-01,2021-08-01,0,0.042996954,0
57,2021-08-01,2021-09-01,0,0.021716228,0
57,2021-09-01,2021-10-01,0,0.021716228,0
57,2021-10-01,2021-11-01,0,0.03640903,0
57,2021-11-01,2021-12-01,0,0.04190801,0
57,2021-12-01,2022-01-01,0,0.018417148,0
57,2022-01-01,2022-02-01,0,0.023068998,0
57,2022-02-01,2022-03-01,0,0.019020457,0
57,2022-03-01,2022-04-01,0,0.014303619,0
57,2022-04-01,2022-05-01,0,0.043547045,0
57,2022-05-01,2022-06-01,0,0.04190801,0
57,2022-06-01,2022-07-01,0,0.06250465,0
57,2022-07-01,2022-08-01,0,0.08731447,0
57,2022-08-01,2022-09-01,0,0.08731447,0
57,2022-09-01,2022-10-01,0,0.08447937,0
57,2022-10-01,2022-11-01,0,0.10629479,0
57,2022-11-01,2022-12-01,0,0.123418115,0
58,2015-02-01,2015-03-01,0,0.024433516,0
58,2015-03-01,2015-04-01,0,0.00419851,0
58,2015-04-01,2015-05-01,0,0.029038614,0
58,2015-05-01,2015-06-01,0,0.03191918,0
58,2015-06-01,2015-07-01,0,0.13189693,0
58,2015-07-01,2015-08-01,0,0.108175084,0
58,2015-08-01,2015-09-01,0,0.10064384,0
58,2015-09-01,2015-10-01,0,0.099647745,0
58,2015-10-01,2015-11-01,0,0.10301672,0
58,2015-11-01,2015-12-01,0,0.09556772,0
58,2015-12-01,2016-01-01,0,0.024433516,0
58,2016-01-01,2016-02-01,0,0.020031566,0
58,2016-02-01,2016-03-01,0,0.032095693,0
58,2016-03-01,2016-04-01,0,0.014049928,0
58,2016-04-01,2016-05-01,0,0.017639827,0
58,2016-05-01,2016-06-01,0,0.01149904,0
58,2016-06-01,2016-07-01,0,0.09689605,0
58,2016-07-01,2016-08-01,0,0.13981767,0
58,2016-08-01,2016-09-01,0,0.13387965,0
58,2016-09-01,2016-10-01,0,0.13981767,0
58,2016-10-01,2016-11-01,0,0.13189693,0
58,2016-11-01,2016-12-01,0,0.053233467,0
58,2016-12-01,2017-01-01,0,0.020864261,0
58,2017-01-01,2017-02-01,0,0.017082835,0
58,2017-02-01,2017-03-01,0,0.031419244,0
58,2017-03-01,2017-04-01,0,0.0107685905,0
58,2017-04-01,2017-05-01,0,0.01934046,0
58,2017-05-01,2017-06-01,0,0.021881886,0
58,2017-06-01,2017-07-01,0,0.12460713,0
58,2017-07-01,2017-08-01,0,0.09904443,0
58,2017-08-01,2017-09-01,0,0.09462295,0
58,2017-09-01,2017-10-01,0,0.10546798,0
58,2017-10-01,2017-11-01,0,0.035995208,0
58,2017-11-01,2017-12-01,0,0.025872502,0
58,2017-12-01,2018-01-01,0,0.016102096,0
58,2018-01-01,2018-02-01,0,0.012365282,0
58,2018-02-01,2018-03-01,0,0.011958624,0
58,2018-03-01,2018-04-01,0,0.0058548516,0
58,2018-04-01,2018-05-01,0,0.01857101,0
58,2018-05-01,2018-06-01,0,0.0062606903,0
58,2018-06-01,2018-07-01,0,0.039411046,0
58,2018-07-01,2018-08-01,0,0.06101273,0
58,2018-08-01,2018-09-01,0,0.09762467,0
58,2018-09-01,2018-10-01,0,0.034840263,0
58,2018-10-01,2018-11-01,0,0.021881886,0
58,2018-11-01,2018-12-01,0,0.019170277,0
58,2018-12-01,2019-01-01,0,0.01504082,0
58,2019-01-01,2019-02-01,0,0.023206808,0
58,2019-02-01,2019-03-01,0,0.0084376605,0
58,2019-03-01,2019-04-01,0,0.0062606903,0
58,2019-04-01,2019-05-01,0,0.008620575,0
58,2019-05-01,2019-06-01,0,0.014865625,0
58,2019-06-01,2019-07-01,0,0.03309794,0
58,2019-07-01,2019-08-01,0,0.021881886,0
58,2019-08-01,2019-09-01,0,0.035458017,0
58,2019-09-01,2019-10-01,0,0.10304516,0
58,2019-10-01,2019-11-01,0,0.036906425,0
58,2019-11-01,2019-12-01,0,0.024433516,0
58,2019-12-01,2020-01-01,0,0.0062606903,0
58,2020-01-01,2020-02-01,0,0.004840317,0
58,2020-02-01,2020-03-01,0,0.0025111504,0
58,2020-03-01,2020-04-01,0,0.0047383993,0
58,2020-04-01,2020-05-01,0,0.0025111504,0
58,2020-05-01,2020-06-01,0,0.001731551,0
58,2020-06-01,2020-07-01,0,0.002038985,0
58,2020-07-01,2020-08-01,0,0.0025111504,0
58,2020-08-01,2020-09-01,0,0.0047383993,0
58,2020-09-01,2020-10-01,0,0.0019267007,0
58,2020-10-01,2020-11-01,0,0.0026463845,0
58,2020-11-01,2020-12-01,0,0.0022442844,0
58,2020-12-01,2021-01-01,0,0.0013399228,0
58,2021-01-01,2021-02-01,0,0.0014570596,0
58,2021-02-01,2021-03-01,0,0.0014570596,0
58,2021-03-01,2021-04-01,0,0.0018248779,0
58,2021-04-01,2021-05-01,0,0.0016740838,0
58,2021-05-01,2021-06-01,0,0.0015267914,0
58,2021-06-01,2021-07-01,0,0.0026463845,0
58,2021-07-01,2021-08-01,0,0.0026463845,0
58,2021-08-01,2021-09-01,0,0.0025111504,0
58,2021-09-01,2021-10-01,0,0.002214406,0
58,2021-10-01,2021-11-01,0,0.006693526,0
58,2021-11-01,2021-12-01,0,0.006359902,0
58,2021-12-01,2022-01-01,0,0.0025340312,0
58,2022-01-01,2022-02-01,0,0.0025745376,0
58,2022-02-01,2022-03-01,0,0.0018248779,0
58,2022-03-01,2022-04-01,0,0.0018248779,0
58,2022-04-01,2022-05-01,0,0.0025111504,0
58,2022-05-01,2022-06-01,0,0.0047383993,0
58,2022-06-01,2022-07-01,0,0.006693526,0
58,2022-07-01,2022-08-01,0,0.012813908,0
58,2022-08-01,2022-09-01,0,0.0101099,0
58,2022-09-01,2022-10-01,0,0.013138052,0
58,2022-10-01,2022-11-01,0,0.0101099,0
58,2022-11-01,2022-12-01,0,0.0101099,0
59,2015-02-01,2015-03-01,0,0.15476838,0
59,2015-03-01,2015-04-01,0,0.008993207,0
59,2015-04-01,2015-05-01,0,0.25004154,0
59,2015-05-01,2015-06-01,0,0.23270202,0
59,2015-06-01,2015-07-01,0,0.3247286,0
59,2015-07-01,2015-08-01,0,0.36146358,0
59,2015-08-01,2015-09-01,0,0.321692,0
59,2015-09-01,2015-10-01,0,0.32637855,0
59,2015-10-01,2015-11-01,0,0.3247286,0
59,2015-11-01,2015-12-01,0,0.23270202,0
59,2015-12-01,2016-01-01,0,0.12616743,0
59,2016-01-01,2016-02-01,0,0.14049701,0
59,2016-02-01,2016-03-01,0,0.20817049,0
59,2016-03-01,2016-04-01,0,0.07011453,0
59,2016-04-01,2016-05-01,0,0.21629982,0
59,2016-05-01,2016-06-01,0,0.19027711,0
59,2016-06-01,2016-07-01,0,0.23183194,0
59,2016-07-01,2016-08-01,0,0.34693936,0
59,2016-08-01,2016-09-01,0,0.3294379,0
59,2016-09-01,2016-10-01,0,0.321692,0
59,2016-10-01,2016-11-01,0,0.3664165,0
59,2016-11-01,2016-12-01,0,0.23270202,0
59,2016-12-01,2017-01-01,0,0.14218177,0
59,2017-01-01,2017-02-01,0,0.07011453,0
59,2017-02-01,2017-03-01,0,0.14277789,0
59,2017-03-01,2017-04-01,0,0.065812536,0
59,2017-04-01,2017-05-01,0,0.10330685,0
59,2017-05-01,2017-06-01,0,0.13981552,0
59,2017-06-01,2017-07-01,0,0.18569924,0
59,2017-07-01,2017-08-01,0,0.23183194,0
59,2017-08-01,2017-09-01,0,0.15136078,0
59,2017-09-01,2017-10-01,0,0.22936895,0
59,2017-10-01,2017-11-01,0,0.22936895,0
59,2017-11-01,2017-12-01,0,0.15871592,0
59,2017-12-01,2018-01-01,0,0.07011453,0
59,2018-01-01,2018-02-01,0,0.076893285,0
59,2018-02-01,2018-03-01,0,0.06055808,0
59,2018-03-01,2018-04-01,0,0.010637606,0
59,2018-04-01,2018-05-01,0,0.08152356,0
59,2018-05-01,2018-06-01,0,0.04537135,0
59,2018-06-01,2018-07-01,0,0.21422681,0
59,2018-07-01,2018-08-01,0,0.2074758,0
59,2018-08-01,2018-09-01,0,0.23183194,0
59,2018-09-01,2018-10-01,0,0.25154567,0
59,2018-10-01,2018-11-01,0,0.19103003,0
59,2018-11-01,2018-12-01,0,0.16325879,0
59,2018-12-01,2019-01-01,0,0.06605301,0
59,2019-01-01,2019-02-01,0,0.15476838,0
59,2019-02-01,2019-03-01,0,0.052282054,0
59,2019-03-01,2019-04-01,0,0.011488448,0
59,2019-04-01,2019-05-01,0,0.08152356,0
59,2019-05-01,2019-06-01,0,0.06080487,0
59,2019-06-01,2019-07-01,0,0.2621376,0
59,2019-07-01,2019-08-01,0,0.14875,0
59,2019-08-01,2019-09-01,0,0.23183194,0
59,2019-09-01,2019-10-01,0,0.2679321,0
59,2019-10-01,2019-11-01,0,0.21629982,0
59,2019-11-01,2019-12-01,0,0.07011453,0
59,2019-12-01,2020-01-01,0,0.04924174,0
59,2020-01-01,2020-02-01,0,0.008632149,0
59,2020-02-01,2020-03-01,0,0.009223525,0
59,2020-03-01,2020-04-01,0,0.009327608,0
59,2020-04-01,2020-05-01,0,0.0021554714,0
59,2020-05-01,2020-06-01,0,0.0010887012,0
59,2020-06-01,2020-07-01,0,0.0029089788,0
59,2020-07-01,2020-08-01,0,0.004422483,0
59,2020-08-01,2020-09-01,0,0.007763536,0
59,2020-09-01,2020-10-01,0,0.007149275,0
59,2020-10-01,2020-11-01,0,0.0026782549,0
59,2020-11-01,2020-12-01,0,0.0037392464,0
59,2020-12-01,2021-01-01,0,0.0029295287,0
59,2021-01-01,2021-02-01,0,0.0029295287,0
59,2021-02-01,2021-03-01,0,0.0022304994,0
59,2021-03-01,2021-04-01,0,0.001019112,0
59,2021-04-01,2021-05-01,0,0.0014658684,0
59,2021-05-01,2021-06-01,0,0.0017658065,0
59,2021-06-01,2021-07-01,0,0.002018188,0
59,2021-07-01,2021-08-01,0,0.007246853,0
59,2021-08-01,2021-09-01,0,0.009385547,0
59,2021-09-01,2021-10-01,0,0.007238073,0
59,2021-10-01,2021-11-01,0,0.008068648,0
59,2021-11-01,2021-12-01,0,0.003570516,0
59,2021-12-01,2022-01-01,0,0.0016041923,0
59,2022-01-01,2022-02-01,0,0.0026962685,0
59,2022-02-01,2022-03-01,0,0.0036634963,0
59,2022-03-01,2022-04-01,0,0.0036634963,0
59,2022-04-01,2022-05-01,0,0.009818519,0
59,2022-05-01,2022-06-01,0,0.0114376675,0
59,2022-06-01,2022-07-01,0,0.008722679,0
59,2022-07-01,2022-08-01,0,0.012675048,0
59,2022-08-01,2022-09-01,0,0.013680641,0
59,2022-09-01,2022-10-01,0,0.013677707,0
59,2022-10-01,2022-11-01,0,0.010499113,0
59,2022-11-01,2022-12-01,0,0.018769069,0
60,2015-02-01,2015-03-01,0,0.0035780356,0
60,2015-03-01,2015-04-01,0,0.0024680358,0
60,2015-04-01,2015-05-01,0,0.0033248572,0
60,2015-05-01,2015-06-01,0,0.003503758,0
60,2015-06-01,2015-07-01,0,0.014761463,0
60,2015-07-01,2015-08-01,0,0.014797944,0
60,2015-08-01,2015-09-01,0,0.014761463,0
60,2015-09-01,2015-10-01,0,0.013862233,0
60,2015-10-01,2015-11-01,0,0.014761463,0
60,2015-11-01,2015-12-01,0,0.010967969,0
60,2015-12-01,2016-01-01,0,0.005691215,0
60,2016-01-01,2016-02-01,0,0.005691215,0
60,2016-02-01,2016-03-01,0,0.0033248572,0
60,2016-03-01,2016-04-01,0,0.002416745,0
60,2016-04-01,2016-05-01,0,0.0033248572,0
60,2016-05-01,2016-06-01,0,0.007821197,0
60,2016-06-01,2016-07-01,0,0.009500496,0
60,2016-07-01,2016-08-01,0,0.014761463,0
60,2016-08-01,2016-09-01,0,0.02125187,0
60,2016-09-01,2016-10-01,0,0.015560854,0
60,2016-10-01,2016-11-01,0,0.016441034,0
60,2016-11-01,2016-12-01,0,0.013241893,0
60,2016-12-01,2017-01-01,0,0.0033331695,0
60,2017-01-01,2017-02-01,0,0.0052418145,0
60,2017-02-01,2017-03-01,0,0.0033248572,0
60,2017-03-01,2017-04-01,0,0.0029717742,0
60,2017-04-01,2017-05-01,0,0.0033248572,0
60,2017-05-01,2017-06-01,0,0.0033322526,0
60,2017-06-01,2017-07-01,0,0.010967969,0
60,2017-07-01,2017-08-01,0,0.014797944,0
60,2017-08-01,2017-09-01,0,0.014761463,0
60,2017-09-01,2017-10-01,0,0.011330851,0
60,2017-10-01,2017-11-01,0,0.009924464,0
60,2017-11-01,2017-12-01,0,0.009964006,0
60,2017-12-01,2018-01-01,0,0.0034785678,0
60,2018-01-01,2018-02-01,0,0.0024680358,0
60,2018-02-01,2018-03-01,0,0.0025095101,0
60,2018-03-01,2018-04-01,0,0.002293219,0
60,2018-04-01,2018-05-01,0,0.0036380948,0
60,2018-05-01,2018-06-01,0,0.002293219,0
60,2018-06-01,2018-07-01,0,0.009218542,0
60,2018-07-01,2018-08-01,0,0.011553356,0
60,2018-08-01,2018-09-01,0,0.015306994,0
60,2018-09-01,2018-10-01,0,0.009687412,0
60,2018-10-01,2018-11-01,0,0.003503758,0
60,2018-11-01,2018-12-01,0,0.002793877,0
60,2018-12-01,2019-01-01,0,0.0032821873,0
60,2019-01-01,2019-02-01,0,0.0027137825,0
60,2019-02-01,2019-03-01,0,0.002293219,0
60,2019-03-01,2019-04-01,0,0.002416745,0
60,2019-04-01,2019-05-01,0,0.0032265275,0
60,2019-05-01,2019-06-01,0,0.002293219,0
60,2019-06-01,2019-07-01,0,0.0074234908,0
60,2019-07-01,2019-08-01,0,0.003503758,0
60,2019-08-01,2019-09-01,0,0.010056441,0
60,2019-09-01,2019-10-01,0,0.0074234908,0
60,2019-10-01,2019-11-01,0,0.010056441,0
60,2019-11-01,2019-12-01,0,0.003503758,0
60,2019-12-01,2020-01-01,0,0.0022989584,0
60,2020-01-01,2020-02-01,0,0.0027962176,0
60,2020-02-01,2020-03-01,0,0.004776213,0
60,2020-03-01,2020-04-01,0,0.0031207013,0
60,2020-04-01,2020-05-01,0,0.002152272,0
60,2020-05-01,2020-06-01,0,0.002268223,0
60,2020-06-01,2020-07-01,0,0.002152272,0
60,2020-07-01,2020-08-01,0,0.002152272,0
60,2020-08-01,2020-09-01,0,0.002152272,0
60,2020-09-01,2020-10-01,0,0.002268223,0
60,2020-10-01,2020-11-01,0,0.002268223,0
60,2020-11-01,2020-12-01,0,0.002268223,0
60,2020-12-01,2021-01-01,0,0.0021576611,0
60,2021-01-01,2021-02-01,0,0.002152272,0
60,2021-02-01,2021-03-01,0,0.0023163687,0
60,2021-03-01,2021-04-01,0,0.002268223,0
60,2021-04-01,2021-05-01,0,0.002268223,0
60,2021-05-01,2021-06-01,0,0.0023553004,0
60,2021-06-01,2021-07-01,0,0.0023163687,0
60,2021-07-01,2021-08-01,0,0.0020979792,0
60,2021-08-01,2021-09-01,0,0.002268223,0
60,2021-09-01,2021-10-01,0,0.0029394035,0
60,2021-10-01,2021-11-01,0,0.0031207013,0
60,2021-11-01,2021-12-01,0,0.0046359696,0
60,2021-12-01,2022-01-01,0,0.0023553004,0
60,2022-01-01,2022-02-01,0,0.002268223,0
60,2022-02-01,2022-03-01,0,0.003080643,0
60,2022-03-01,2022-04-01,0,0.0021576611,0
60,2022-04-01,2022-05-01,0,0.002152272,0
60,2022-05-01,2022-06-01,0,0.002152272,0
60,2022-06-01,2022-07-01,0,0.0033583862,0
60,2022-07-01,2022-08-01,0,0.009096149,0
60,2022-08-01,2022-09-01,0,0.0031207013,0
60,2022-09-01,2022-10-01,0,0.0069694333,0
60,2022-10-01,2022-11-01,0,0.003480456,0
60,2022-11-01,2022-12-01,0,0.003480456,0
61,2015-02-01,2015-03-01,1,0.82519823,1
61,2015-03-01,2015-04-01,1,0.22886157,0
61,2015-04-01,2015-05-01,1,0.8929921,1
61,2015-05-01,2015-06-01,1,0.9282045,1
61,2015-06-01,2015-07-01,1,0.95737326,1
61,2015-07-01,2015-08-01,1,0.93294454,1
61,2015-08-01,2015-09-01,1,0.93294454,1
61,2015-09-01,2015-10-01,1,0.94716096,1
61,2015-10-01,2015-11-01,0,0.7901019,1
61,2015-11-01,2015-12-01,0,0.8897881,1
61,2015-12-01,2016-01-01,1,0.8365747,1
61,2016-01-01,2016-02-01,0,0.71042377,0
61,2016-02-01,2016-03-01,1,0.821745,1
61,2016-03-01,2016-04-01,1,0.6431127,0
61,2016-04-01,2016-05-01,1,0.8762625,1
61,2016-05-01,2016-06-01,1,0.8825461,1
61,2016-06-01,2016-07-01,1,0.89964825,1
61,2016-07-01,2016-08-01,1,0.90677196,1
61,2016-08-01,2016-09-01,1,0.8897881,1
61,2016-09-01,2016-10-01,1,0.93283504,1
61,2016-10-01,2016-11-01,1,0.8897881,1
61,2016-11-01,2016-12-01,0,0.825622,1
61,2016-12-01,2017-01-01,1,0.7167546,0
61,2017-01-01,2017-02-01,0,0.61671346,0
61,2017-02-01,2017-03-01,1,0.7850081,1
61,2017-03-01,2017-04-01,0,0.3070319,0
61,2017-04-01,2017-05-01,1,0.67130333,0
61,2017-05-01,2017-06-01,1,0.84515595,1
61,2017-06-01,2017-07-01,1,0.8759364,1
61,2017-07-01,2017-08-01,1,0.88810486,1
61,2017-08-01,2017-09-01,1,0.8897881,1
61,2017-09-01,2017-10-01,1,0.8897881,1
61,2017-10-01,2017-11-01,0,0.8265416,1
61,2017-11-01,2017-12-01,0,0.821745,1
61,2017-12-01,2018-01-01,0,0.61671346,0
61,2018-01-01,2018-02-01,0,0.67130333,0
61,2018-02-01,2018-03-01,0,0.62490946,0
61,2018-03-01,2018-04-01,0,0.22296022,0
61,2018-04-01,2018-05-01,1,0.734902,0
61,2018-05-01,2018-06-01,1,0.7324241,0
61,2018-06-01,2018-07-01,1,0.90677196,1
61,2018-07-01,2018-08-01,1,0.86303526,1
61,2018-08-01,2018-09-01,0,0.9282045,1
61,2018-09-01,2018-10-01,0,0.8897881,1
61,2018-10-01,2018-11-01,0,0.821745,1
61,2018-11-01,2018-12-01,0,0.7940301,1
61,2018-12-01,2019-01-01,0,0.70801824,0
61,2019-01-01,2019-02-01,0,0.72171456,0
61,2019-02-01,2019-03-01,0,0.29585004,0
61,2019-03-01,2019-04-01,0,0.28936157,0
61,2019-04-01,2019-05-01,1,0.63217205,0
61,2019-05-01,2019-06-01,0,0.70786726,0
61,2019-06-01,2019-07-01,1,0.88810486,1
61,2019-07-01,2019-08-01,1,0.876914,1
61,2019-08-01,2019-09-01,1,0.8867164,1
61,2019-09-01,2019-10-01,0,0.88810486,1
61,2019-10-01,2019-11-01,0,0.821745,1
61,2019-11-01,2019-12-01,0,0.72171456,0
61,2019-12-01,2020-01-01,0,0.61671346,0
61,2020-01-01,2020-02-01,0,0.69308335,0
61,2020-02-01,2020-03-01,0,0.59171,0
61,2020-03-01,2020-04-01,0,0.17400335,0
61,2020-04-01,2020-05-01,0,0.18325026,0
61,2020-05-01,2020-06-01,0,0.03901355,0
61,2020-06-01,2020-07-01,0,0.513143,0
61,2020-07-01,2020-08-01,0,0.59171,0
61,2020-08-01,2020-09-01,0,0.66974384,0
61,2020-09-01,2020-10-01,0,0.64189965,0
61,2020-10-01,2020-11-01,0,0.27740458,0
61,2020-11-01,2020-12-01,0,0.20963039,0
61,2020-12-01,2021-01-01,0,0.12777835,0
61,2021-01-01,2021-02-01,0,0.17400335,0
61,2021-02-01,2021-03-01,0,0.12777835,0
61,2021-03-01,2021-04-01,0,0.023096655,0
61,2021-04-01,2021-05-01,0,0.09051435,0
61,2021-05-01,2021-06-01,0,0.14793393,0
61,2021-06-01,2021-07-01,0,0.2464982,0
61,2021-07-01,2021-08-01,0,0.5828458,0
61,2021-08-01,2021-09-01,0,0.27602434,0
61,2021-09-01,2021-10-01,0,0.22374949,0
61,2021-10-01,2021-11-01,0,0.14051235,0
61,2021-11-01,2021-12-01,0,0.20963039,0
61,2021-12-01,2022-01-01,0,0.08602791,0
61,2022-01-01,2022-02-01,0,0.15443245,0
61,2022-02-01,2022-03-01,0,0.03901355,0
61,2022-03-01,2022-04-01,0,0.04270038,0
61,2022-04-01,2022-05-01,0,0.0967236,0
61,2022-05-01,2022-06-01,1,0.2524083,0
61,2022-06-01,2022-07-01,0,0.34753558,0
61,2022-07-01,2022-08-01,0,0.23646843,0
61,2022-08-01,2022-09-01,0,0.31745186,0
61,2022-09-01,2022-10-01,0,0.44115156,0
61,2022-10-01,2022-11-01,0,0.5624865,0
61,2022-11-01,2022-12-01,0,0.59871286,0
62,2015-02-01,2015-03-01,0,0.010681521,0
62,2015-03-01,2015-04-01,0,0.0053672455,0
62,2015-04-01,2015-05-01,0,0.0072789406,0
62,2015-05-01,2015-06-01,0,0.005110865,0
62,2015-06-01,2015-07-01,0,0.0077710077,0
62,2015-07-01,2015-08-01,0,0.0073758354,0
62,2015-08-01,2015-09-01,0,0.0074006594,0
62,2015-09-01,2015-10-01,0,0.0073758354,0
62,2015-10-01,2015-11-01,0,0.0053672455,0
62,2015-11-01,2015-12-01,0,0.007855629,0
62,2015-12-01,2016-01-01,0,0.005612692,0
62,2016-01-01,2016-02-01,0,0.009841967,0
62,2016-02-01,2016-03-01,0,0.0066123162,0
62,2016-03-01,2016-04-01,0,0.004639877,0
62,2016-04-01,2016-05-01,0,0.0077710077,0
62,2016-05-01,2016-06-01,0,0.0053672455,0
62,2016-06-01,2016-07-01,0,0.0073758354,0
62,2016-07-01,2016-08-01,0,0.0073758354,0
62,2016-08-01,2016-09-01,0,0.008527201,0
62,2016-09-01,2016-10-01,0,0.022055352,0
62,2016-10-01,2016-11-01,0,0.008125481,0
62,2016-11-01,2016-12-01,0,0.006508696,0
62,2016-12-01,2017-01-01,0,0.0050936816,0
62,2017-01-01,2017-02-01,0,0.0050936816,0
62,2017-02-01,2017-03-01,0,0.0065954057,0
62,2017-03-01,2017-04-01,0,0.0050936816,0
62,2017-04-01,2017-05-01,0,0.0058615333,0
62,2017-05-01,2017-06-01,0,0.0053672455,0
62,2017-06-01,2017-07-01,0,0.0050936816,0
62,2017-07-01,2017-08-01,0,0.0050936816,0
62,2017-08-01,2017-09-01,0,0.007856164,0
62,2017-09-01,2017-10-01,0,0.0065954057,0
62,2017-10-01,2017-11-01,0,0.0050936816,0
62,2017-11-01,2017-12-01,0,0.0050936816,0
62,2017-12-01,2018-01-01,0,0.0053672455,0
62,2018-01-01,2018-02-01,0,0.006246674,0
62,2018-02-01,2018-03-01,0,0.0040057763,0
62,2018-03-01,2018-04-01,0,0.005612692,0
62,2018-04-01,2018-05-01,0,0.0058909175,0
62,2018-05-01,2018-06-01,0,0.005612692,0
62,2018-06-01,2018-07-01,0,0.007266313,0
62,2018-07-01,2018-08-01,0,0.005612692,0
62,2018-08-01,2018-09-01,0,0.009345568,0
62,2018-09-01,2018-10-01,0,0.006679718,0
62,2018-10-01,2018-11-01,0,0.0050936816,0
62,2018-11-01,2018-12-01,0,0.0050936816,0
62,2018-12-01,2019-01-01,0,0.005612692,0
62,2019-01-01,2019-02-01,0,0.0052373605,0
62,2019-02-01,2019-03-01,0,0.0050936816,0
62,2019-03-01,2019-04-01,0,0.0058909175,0
62,2019-04-01,2019-05-01,0,0.0050936816,0
62,2019-05-01,2019-06-01,0,0.0050936816,0
62,2019-06-01,2019-07-01,0,0.005612692,0
62,2019-07-01,2019-08-01,0,0.0050936816,0
62,2019-08-01,2019-09-01,0,0.0053672455,0
62,2019-09-01,2019-10-01,0,0.0074006594,0
62,2019-10-01,2019-11-01,0,0.004639877,0
62,2019-11-01,2019-12-01,0,0.0050936816,0
62,2019-12-01,2020-01-01,0,0.0050936816,0
62,2020-01-01,2020-02-01,0,0.0024033573,0
62,2020-02-01,2020-03-01,0,0.0017941028,0
62,2020-03-01,2020-04-01,0,0.0014797138,0
62,2020-04-01,2020-05-01,0,0.0017941028,0
62,2020-05-01,2020-06-01,0,0.0015594884,0
62,2020-06-01,2020-07-01,0,0.0014797138,0
62,2020-07-01,2020-08-01,0,0.0021486098,0
62,2020-08-01,2020-09-01,0,0.0014601613,0
62,2020-09-01,2020-10-01,0,0.0018778525,0
62,2020-10-01,2020-11-01,0,0.0014797138,0
62,2020-11-01,2020-12-01,0,0.0014601613,0
62,2020-12-01,2021-01-01,0,0.0014797138,0
62,2021-01-01,2021-02-01,0,0.0014797138,0
62,2021-02-01,2021-03-01,0,0.0014847238,0
62,2021-03-01,2021-04-01,0,0.0018161503,0
62,2021-04-01,2021-05-01,0,0.0017122851,0
62,2021-05-01,2021-06-01,0,0.0015594884,0
62,2021-06-01,2021-07-01,0,0.0015594884,0
62,2021-07-01,2021-08-01,0,0.0015594884,0
62,2021-08-01,2021-09-01,0,0.0014797138,0
62,2021-09-01,2021-10-01,0,0.0011627765,0
62,2021-10-01,2021-11-01,0,0.0021486098,0
62,2021-11-01,2021-12-01,0,0.0018161503,0
62,2021-12-01,2022-01-01,0,0.0011627765,0
62,2022-01-01,2022-02-01,0,0.0014797138,0
62,2022-02-01,2022-03-01,0,0.0015594884,0
62,2022-03-01,2022-04-01,0,0.0011627765,0
62,2022-04-01,2022-05-01,0,0.0015594884,0
62,2022-05-01,2022-06-01,0,0.0021486098,0
62,2022-06-01,2022-07-01,0,0.0011627765,0
62,2022-07-01,2022-08-01,0,0.0015594884,0
62,2022-08-01,2022-09-01,0,0.0014797138,0
62,2022-09-01,2022-10-01,0,0.0014797138,0
62,2022-10-01,2022-11-01,0,0.0014601613,0
62,2022-11-01,2022-12-01,0,0.002261795,0
63,2015-02-01,2015-03-01,0,0.09150705,0
63,2015-03-01,2015-04-01,0,0.03908825,0
63,2015-04-01,2015-05-01,0,0.2949041,0
63,2015-05-01,2015-06-01,0,0.3186958,0
63,2015-06-01,2015-07-01,0,0.43279976,0
63,2015-07-01,2015-08-01,0,0.30652696,0
63,2015-08-01,2015-09-01,0,0.27431497,0
63,2015-09-01,2015-10-01,0,0.4299309,0
63,2015-10-01,2015-11-01,0,0.23928908,0
63,2015-11-01,2015-12-01,0,0.2991514,0
63,2015-12-01,2016-01-01,0,0.09953126,0
63,2016-01-01,2016-02-01,0,0.13027142,0
63,2016-02-01,2016-03-01,0,0.07245283,0
63,2016-03-01,2016-04-01,0,0.08492518,0
63,2016-04-01,2016-05-01,0,0.12351162,0
63,2016-05-01,2016-06-01,0,0.2560531,0
63,2016-06-01,2016-07-01,0,0.40799654,0
63,2016-07-01,2016-08-01,0,0.23928908,0
63,2016-08-01,2016-09-01,0,0.45600417,0
63,2016-09-01,2016-10-01,0,0.25048935,0
63,2016-10-01,2016-11-01,0,0.41633338,0
63,2016-11-01,2016-12-01,0,0.3700313,0
63,2016-12-01,2017-01-01,0,0.15435684,0
63,2017-01-01,2017-02-01,0,0.10338813,0
63,2017-02-01,2017-03-01,0,0.14122523,0
63,2017-03-01,2017-04-01,0,0.0873785,0
63,2017-04-01,2017-05-01,0,0.1422861,0
63,2017-05-01,2017-06-01,0,0.07295047,0
63,2017-06-01,2017-07-01,0,0.19649583,0
63,2017-07-01,2017-08-01,0,0.17330396,0
63,2017-08-01,2017-09-01,0,0.29380327,0
63,2017-09-01,2017-10-01,0,0.40378898,0
63,2017-10-01,2017-11-01,0,0.26711234,0
63,2017-11-01,2017-12-01,0,0.23827052,0
63,2017-12-01,2018-01-01,0,0.10751379,0
63,2018-01-01,2018-02-01,0,0.06650253,0
63,2018-02-01,2018-03-01,0,0.040650524,0
63,2018-03-01,2018-04-01,0,0.016203769,0
63,2018-04-01,2018-05-01,0,0.14770831,0
63,2018-05-01,2018-06-01,0,0.08410855,0
63,2018-06-01,2018-07-01,0,0.3694462,0
63,2018-07-01,2018-08-01,0,0.2463001,0
63,2018-08-01,2018-09-01,0,0.24398771,0
63,2018-09-01,2018-10-01,0,0.48150307,0
63,2018-10-01,2018-11-01,0,0.1597257,0
63,2018-11-01,2018-12-01,0,0.09150705,0
63,2018-12-01,2019-01-01,0,0.12882732,0
63,2019-01-01,2019-02-01,0,0.10338813,0
63,2019-02-01,2019-03-01,0,0.05105422,0
63,2019-03-01,2019-04-01,0,0.07483068,0
63,2019-04-01,2019-05-01,0,0.040634472,0
63,2019-05-01,2019-06-01,0,0.06650253,0
63,2019-06-01,2019-07-01,0,0.12351162,0
63,2019-07-01,2019-08-01,0,0.09150705,0
63,2019-08-01,2019-09-01,0,0.17330396,0
63,2019-09-01,2019-10-01,0,0.1870243,0
63,2019-10-01,2019-11-01,0,0.1203811,0
63,2019-11-01,2019-12-01,0,0.1422861,0
63,2019-12-01,2020-01-01,0,0.055848885,0
63,2020-01-01,2020-02-01,0,0.16185783,0
63,2020-02-01,2020-03-01,0,0.16185783,0
63,2020-03-01,2020-04-01,0,0.07869229,0
63,2020-04-01,2020-05-01,0,0.11505392,0
63,2020-05-01,2020-06-01,0,0.009962295,0
63,2020-06-01,2020-07-01,0,0.20747784,0
63,2020-07-01,2020-08-01,0,0.19138293,0
63,2020-08-01,2020-09-01,0,0.29108465,0
63,2020-09-01,2020-10-01,0,0.18316446,0
63,2020-10-01,2020-11-01,0,0.084492385,0
63,2020-11-01,2020-12-01,0,0.085920855,0
63,2020-12-01,2021-01-01,0,0.02348472,0
63,2021-01-01,2021-02-01,0,0.054397635,0
63,2021-02-01,2021-03-01,0,0.042494074,0
63,2021-03-01,2021-04-01,0,0.0054373667,0
63,2021-04-01,2021-05-01,0,0.054936785,0
63,2021-05-01,2021-06-01,0,0.06252109,0
63,2021-06-01,2021-07-01,0,0.082688294,0
63,2021-07-01,2021-08-01,0,0.058885045,0
63,2021-08-01,2021-09-01,0,0.12582265,0
63,2021-09-01,2021-10-01,0,0.13747983,0
63,2021-10-01,2021-11-01,0,0.13360205,0
63,2021-11-01,2021-12-01,0,0.1397197,0
63,2021-12-01,2022-01-01,0,0.032266773,0
63,2022-01-01,2022-02-01,0,0.012174012,0
63,2022-02-01,2022-03-01,0,0.018571893,0
63,2022-03-01,2022-04-01,0,0.01645972,0
63,2022-04-01,2022-05-01,0,0.075090915,0
63,2022-05-01,2022-06-01,0,0.10745884,0
63,2022-06-01,2022-07-01,0,0.18316446,0
63,2022-07-01,2022-08-01,0,0.12582265,0
63,2022-08-01,2022-09-01,0,0.19176385,0
63,2022-09-01,2022-10-01,0,0.21263504,0
63,2022-10-01,2022-11-01,0,0.1615423,0
63,2022-11-01,2022-12-01,0,0.09875678,0
64,2015-02-01,2015-03-01,0,0.00059224607,0
64,2015-03-01,2015-04-01,0,0.0007292069,0
64,2015-04-01,2015-05-01,0,0.00081627554,0
64,2015-05-01,2015-06-01,0,0.0005619223,0
64,2015-06-01,2015-07-01,0,0.000540802,0
64,2015-07-01,2015-08-01,0,0.0006947635,0
64,2015-08-01,2015-09-01,0,0.0008943719,0
64,2015-09-01,2015-10-01,0,0.0005619223,0
64,2015-10-01,2015-11-01,0,0.0005619223,0
64,2015-11-01,2015-12-01,0,0.0005619223,0
64,2015-12-01,2016-01-01,0,0.00081627554,0
64,2016-01-01,2016-02-01,0,0.0005544905,0
64,2016-02-01,2016-03-01,0,0.00059224607,0
64,2016-03-01,2016-04-01,0,0.0006898288,0
64,2016-04-01,2016-05-01,0,0.0008097949,0
64,2016-05-01,2016-06-01,0,0.0005619223,0
64,2016-06-01,2016-07-01,0,0.0008534835,0
64,2016-07-01,2016-08-01,0,0.00079301395,0
64,2016-08-01,2016-09-01,0,0.0010929051,0
64,2016-09-01,2016-10-01,0,0.0013549597,0
64,2016-10-01,2016-11-01,0,0.00059224607,0
64,2016-11-01,2016-12-01,0,0.00081627554,0
64,2016-12-01,2017-01-01,0,0.00056337187,0
64,2017-01-01,2017-02-01,0,0.00059224607,0
64,2017-02-01,2017-03-01,0,0.00076787686,0
64,2017-03-01,2017-04-01,0,0.00059224607,0
64,2017-04-01,2017-05-01,0,0.00059224607,0
64,2017-05-01,2017-06-01,0,0.0007640863,0
64,2017-06-01,2017-07-01,0,0.00081627554,0
64,2017-07-01,2017-08-01,0,0.00059224607,0
64,2017-08-01,2017-09-01,0,0.0007173851,0
64,2017-09-01,2017-10-01,0,0.00072856713,0
64,2017-10-01,2017-11-01,0,0.0005619223,0
64,2017-11-01,2017-12-01,0,0.0005638266,0
64,2017-12-01,2018-01-01,0,0.00059224607,0
64,2018-01-01,2018-02-01,0,0.00059429783,0
64,2018-02-01,2018-03-01,0,0.00059224607,0
64,2018-03-01,2018-04-01,0,0.00059224607,0
64,2018-04-01,2018-05-01,0,0.00059224607,0
64,2018-05-01,2018-06-01,0,0.0005619223,0
64,2018-06-01,2018-07-01,0,0.00059224607,0
64,2018-07-01,2018-08-01,0,0.0007292069,0
64,2018-08-01,2018-09-01,0,0.0008534835,0
64,2018-09-01,2018-10-01,0,0.00085643947,0
64,2018-10-01,2018-11-01,0,0.0005638266,0
64,2018-11-01,2018-12-01,0,0.00059224607,0
64,2018-12-01,2019-01-01,0,0.0005619223,0
64,2019-01-01,2019-02-01,0,0.00046663164,0
64,2019-02-01,2019-03-01,0,0.0005619223,0
64,2019-03-01,2019-04-01,0,0.0005619223,0
64,2019-04-01,2019-05-01,0,0.00059224607,0
64,2019-05-01,2019-06-01,0,0.00059224607,0
64,2019-06-01,2019-07-01,0,0.0005619223,0
64,2019-07-01,2019-08-01,0,0.0005619223,0
64,2019-08-01,2019-09-01,0,0.0005638266,0
64,2019-09-01,2019-10-01,0,0.00075067405,0
64,2019-10-01,2019-11-01,0,0.00081627554,0
64,2019-11-01,2019-12-01,0,0.00059224607,0
64,2019-12-01,2020-01-01,0,0.0005544905,0
64,2020-01-01,2020-02-01,0,0.0005544905,0
64,2020-02-01,2020-03-01,0,0.00059224607,0
64,2020-03-01,2020-04-01,0,0.0005638266,0
64,2020-04-01,2020-05-01,0,0.0005638266,0
64,2020-05-01,2020-06-01,0,0.0007640863,0
64,2020-06-01,2020-07-01,0,0.0006898288,0
64,2020-07-01,2020-08-01,0,0.00059224607,0
64,2020-08-01,2020-09-01,0,0.0007292069,0
64,2020-09-01,2020-10-01,0,0.00046663164,0
64,2020-10-01,2020-11-01,0,0.0005619223,0
64,2020-11-01,2020-12-01,0,0.0007640863,0
64,2020-12-01,2021-01-01,0,0.0010535693,0
64,2021-01-01,2021-02-01,0,0.0012340841,0
64,2021-02-01,2021-03-01,0,0.0007173851,0
64,2021-03-01,2021-04-01,0,0.0005619223,0
64,2021-04-01,2021-05-01,0,0.0005619223,0
64,2021-05-01,2021-06-01,0,0.0005544905,0
64,2021-06-01,2021-07-01,0,0.0005619223,0
64,2021-07-01,2021-08-01,0,0.0005638266,0
64,2021-08-01,2021-09-01,0,0.00059224607,0
64,2021-09-01,2021-10-01,0,0.00059224607,0
64,2021-10-01,2021-11-01,0,0.00081627554,0
64,2021-11-01,2021-12-01,0,0.00059224607,0
64,2021-12-01,2022-01-01,0,0.00059224607,0
64,2022-01-01,2022-02-01,0,0.00081627554,0
64,2022-02-01,2022-03-01,0,0.0005619223,0
64,2022-03-01,2022-04-01,0,0.0007173851,0
64,2022-04-01,2022-05-01,0,0.00059224607,0
64,2022-05-01,2022-06-01,0,0.0005619223,0
64,2022-06-01,2022-07-01,0,0.0005638266,0
64,2022-07-01,2022-08-01,0,0.00081627554,0
64,2022-08-01,2022-09-01,0,0.0007255507,0
64,2022-09-01,2022-10-01,0,0.00059224607,0
64,2022-10-01,2022-11-01,0,0.00056337187,0
64,2022-11-01,2022-12-01,0,0.0008534835,0
65,2015-02-01,2015-03-01,0,0.048740458,0
65,2015-03-01,2015-04-01,0,0.008125481,0
65,2015-04-01,2015-05-01,0,0.035220426,0
65,2015-05-01,2015-06-01,0,0.03178507,0
65,2015-06-01,2015-07-01,0,0.1148102,0
65,2015-07-01,2015-08-01,0,0.13509244,0
65,2015-08-01,2015-09-01,0,0.04909704,0
65,2015-09-01,2015-10-01,0,0.082063995,0
65,2015-10-01,2015-11-01,0,0.038302235,0
65,2015-11-01,2015-12-01,0,0.10333616,0
65,2015-12-01,2016-01-01,0,0.048740458,0
65,2016-01-01,2016-02-01,0,0.031346567,0
65,2016-02-01,2016-03-01,0,0.03178507,0
65,2016-03-01,2016-04-01,0,0.0073758354,0
65,2016-04-01,2016-05-01,0,0.02891625,0
65,2016-05-01,2016-06-01,0,0.02891625,0
65,2016-06-01,2016-07-01,0,0.12158756,0
65,2016-07-01,2016-08-01,0,0.14087972,0
65,2016-08-01,2016-09-01,0,0.12992454,0
65,2016-09-01,2016-10-01,0,0.17314136,0
65,2016-10-01,2016-11-01,0,0.0467206,0
65,2016-11-01,2016-12-01,0,0.100766666,0
65,2016-12-01,2017-01-01,0,0.02891625,0
65,2017-01-01,2017-02-01,0,0.02891625,0
65,2017-02-01,2017-03-01,0,0.058037817,0
65,2017-03-01,2017-04-01,0,0.02891625,0
65,2017-04-01,2017-05-01,0,0.03178507,0
65,2017-05-01,2017-06-01,0,0.02891625,0
65,2017-06-01,2017-07-01,0,0.0467206,0
65,2017-07-01,2017-08-01,0,0.044411495,0
65,2017-08-01,2017-09-01,0,0.044411495,0
65,2017-09-01,2017-10-01,0,0.100766666,0
65,2017-10-01,2017-11-01,0,0.034866378,0
65,2017-11-01,2017-12-01,0,0.04807966,0
65,2017-12-01,2018-01-01,0,0.025951818,0
65,2018-01-01,2018-02-01,0,0.022055352,0
65,2018-02-01,2018-03-01,0,0.029492175,0
65,2018-03-01,2018-04-01,0,0.0073758354,0
65,2018-04-01,2018-05-01,0,0.03178507,0
65,2018-05-01,2018-06-01,0,0.024260499,0
65,2018-06-01,2018-07-01,0,0.100766666,0
65,2018-07-01,2018-08-01,0,0.10342225,0
65,2018-08-01,2018-09-01,0,0.12409448,0
65,2018-09-01,2018-10-01,0,0.09464061,0
65,2018-10-01,2018-11-01,0,0.02891625,0
65,2018-11-01,2018-12-01,0,0.03178507,0
65,2018-12-01,2019-01-01,0,0.02891625,0
65,2019-01-01,2019-02-01,0,0.031346567,0
65,2019-02-01,2019-03-01,0,0.018085837,0
65,2019-03-01,2019-04-01,0,0.0073758354,0
65,2019-04-01,2019-05-01,0,0.014829266,0
65,2019-05-01,2019-06-01,0,0.024260499,0
65,2019-06-01,2019-07-01,0,0.02891625,0
65,2019-07-01,2019-08-01,0,0.02891625,0
65,2019-08-01,2019-09-01,0,0.051262572,0
65,2019-09-01,2019-10-01,0,0.10856075,0
65,2019-10-01,2019-11-01,0,0.038302235,0
65,2019-11-01,2019-12-01,0,0.03331721,0
65,2019-12-01,2020-01-01,0,0.025951818,0
65,2020-01-01,2020-02-01,0,0.04794797,0
65,2020-02-01,2020-03-01,0,0.04794797,0
65,2020-03-01,2020-04-01,0,0.018587941,0
65,2020-04-01,2020-05-01,0,0.018587941,0
65,2020-05-01,2020-06-01,0,0.014686801,0
65,2020-06-01,2020-07-01,0,0.018496428,0
65,2020-07-01,2020-08-01,0,0.018649787,0
65,2020-08-01,2020-09-01,0,0.04817803,0
65,2020-09-01,2020-10-01,0,0.019305378,0
65,2020-10-01,2020-11-01,0,0.020044576,0
65,2020-11-01,2020-12-01,0,0.018587941,0
65,2020-12-01,2021-01-01,0,0.02074816,0
65,2021-01-01,2021-02-01,0,0.019978192,0
65,2021-02-01,2021-03-01,0,0.01983347,0
65,2021-03-01,2021-04-01,0,0.013944888,0
65,2021-04-01,2021-05-01,0,0.019153034,0
65,2021-05-01,2021-06-01,0,0.010730925,0
65,2021-06-01,2021-07-01,0,0.01957197,0
65,2021-07-01,2021-08-01,0,0.018587941,0
65,2021-08-01,2021-09-01,0,0.018587941,0
65,2021-09-01,2021-10-01,0,0.01957197,0
65,2021-10-01,2021-11-01,0,0.0389888,0
65,2021-11-01,2021-12-01,0,0.018587941,0
65,2021-12-01,2022-01-01,0,0.019978192,0
65,2022-01-01,2022-02-01,0,0.02074816,0
65,2022-02-01,2022-03-01,0,0.014485769,0
65,2022-03-01,2022-04-01,0,0.013944888,0
65,2022-04-01,2022-05-01,0,0.019978192,0
65,2022-05-01,2022-06-01,0,0.01957197,0
65,2022-06-01,2022-07-01,0,0.04817803,0
65,2022-07-01,2022-08-01,0,0.04817803,0
65,2022-08-01,2022-09-01,0,0.04997943,0
65,2022-09-01,2022-10-01,0,0.062644534,0
65,2022-10-01,2022-11-01,0,0.063114524,0
65,2022-11-01,2022-12-01,0,0.07772135,0
66,2015-02-01,2015-03-01,1,0.9457284,1
66,2015-03-01,2015-04-01,1,0.8170348,1
66,2015-04-01,2015-05-01,1,0.97425294,1
66,2015-05-01,2015-06-01,1,0.971017,1
66,2015-06-01,2015-07-01,1,0.97020626,1
66,2015-07-01,2015-08-01,1,0.98061746,1
66,2015-08-01,2015-09-01,1,0.98061746,1
66,2015-09-01,2015-10-01,1,0.97020626,1
66,2015-10-01,2015-11-01,1,0.9402735,1
66,2015-11-01,2015-12-01,1,0.97020626,1
66,2015-12-01,2016-01-01,1,0.9616678,1
66,2016-01-01,2016-02-01,1,0.9654787,1
66,2016-02-01,2016-03-01,1,0.9643791,1
66,2016-03-01,2016-04-01,1,0.89103115,1
66,2016-04-01,2016-05-01,1,0.9757295,1
66,2016-05-01,2016-06-01,1,0.9750556,1
66,2016-06-01,2016-07-01,1,0.98002887,1
66,2016-07-01,2016-08-01,1,0.98061746,1
66,2016-08-01,2016-09-01,1,0.9755328,1
66,2016-09-01,2016-10-01,1,0.98122555,1
66,2016-10-01,2016-11-01,1,0.96563953,1
66,2016-11-01,2016-12-01,1,0.96404195,1
66,2016-12-01,2017-01-01,1,0.9722715,1
66,2017-01-01,2017-02-01,1,0.8712285,1
66,2017-02-01,2017-03-01,1,0.96364206,1
66,2017-03-01,2017-04-01,1,0.89968556,1
66,2017-04-01,2017-05-01,1,0.9643791,1
66,2017-05-01,2017-06-01,1,0.9756717,1
66,2017-06-01,2017-07-01,1,0.97629094,1
66,2017-07-01,2017-08-01,1,0.97425294,1
66,2017-08-01,2017-09-01,1,0.97911537,1
66,2017-09-01,2017-10-01,1,0.97911537,1
66,2017-10-01,2017-11-01,1,0.95407367,1
66,2017-11-01,2017-12-01,1,0.9667055,1
66,2017-12-01,2018-01-01,1,0.86269045,1
66,2018-01-01,2018-02-01,1,0.92969364,1
66,2018-02-01,2018-03-01,1,0.9390928,1
66,2018-03-01,2018-04-01,1,0.8142135,1
66,2018-04-01,2018-05-01,1,0.96253985,1
66,2018-05-01,2018-06-01,1,0.9390928,1
66,2018-06-01,2018-07-01,1,0.98061746,1
66,2018-07-01,2018-08-01,1,0.9757295,1
66,2018-08-01,2018-09-01,1,0.98122555,1
66,2018-09-01,2018-10-01,1,0.97911537,1
66,2018-10-01,2018-11-01,1,0.9750556,1
66,2018-11-01,2018-12-01,1,0.9722715,1
66,2018-12-01,2019-01-01,1,0.93318003,1
66,2019-01-01,2019-02-01,1,0.9643791,1
66,2019-02-01,2019-03-01,1,0.8923717,1
66,2019-03-01,2019-04-01,1,0.843212,1
66,2019-04-01,2019-05-01,1,0.8956682,1
66,2019-05-01,2019-06-01,1,0.92763305,1
66,2019-06-01,2019-07-01,1,0.98091656,1
66,2019-07-01,2019-08-01,1,0.97425294,1
66,2019-08-01,2019-09-01,1,0.97563803,1
66,2019-09-01,2019-10-01,1,0.97760963,1
66,2019-10-01,2019-11-01,1,0.96152055,1
66,2019-11-01,2019-12-01,1,0.97425294,1
66,2019-12-01,2020-01-01,1,0.86269045,1
66,2020-01-01,2020-02-01,0,0.9564213,1
66,2020-02-01,2020-03-01,1,0.949951,1
66,2020-03-01,2020-04-01,0,0.8972931,1
66,2020-04-01,2020-05-01,1,0.9065523,1
66,2020-05-01,2020-06-01,1,0.29163808,0
66,2020-06-01,2020-07-01,1,0.94913006,1
66,2020-07-01,2020-08-01,1,0.9450351,1
66,2020-08-01,2020-09-01,0,0.96354675,1
66,2020-09-01,2020-10-01,1,0.94764537,1
66,2020-10-01,2020-11-01,0,0.91458046,1
66,2020-11-01,2020-12-01,0,0.9140896,1
66,2020-12-01,2021-01-01,1,0.8880211,1
66,2021-01-01,2021-02-01,0,0.8696448,1
66,2021-02-01,2021-03-01,1,0.8573042,1
66,2021-03-01,2021-04-01,0,0.28029013,0
66,2021-04-01,2021-05-01,1,0.8944268,1
66,2021-05-01,2021-06-01,1,0.8613055,1
66,2021-06-01,2021-07-01,1,0.92115796,1
66,2021-07-01,2021-08-01,1,0.94415367,1
66,2021-08-01,2021-09-01,1,0.9450351,1
66,2021-09-01,2021-10-01,1,0.9132074,1
66,2021-10-01,2021-11-01,1,0.8880211,1
66,2021-11-01,2021-12-01,0,0.8983191,1
66,2021-12-01,2022-01-01,0,0.79694176,1
66,2022-01-01,2022-02-01,0,0.8573042,1
66,2022-02-01,2022-03-01,1,0.7159852,0
66,2022-03-01,2022-04-01,1,0.63316244,0
66,2022-04-01,2022-05-01,1,0.8972931,1
66,2022-05-01,2022-06-01,1,0.86649936,1
66,2022-06-01,2022-07-01,1,0.94227195,1
66,2022-07-01,2022-08-01,1,0.9164901,1
66,2022-08-01,2022-09-01,1,0.94397455,1
66,2022-09-01,2022-10-01,1,0.94056463,1
66,2022-10-01,2022-11-01,1,0.9455255,1
66,2022-11-01,2022-12-01,1,0.9609448,1
67,2015-02-01,2015-03-01,1,0.9722906,1
67,2015-03-01,2015-04-01,1,0.9551369,1
67,2015-04-01,2015-05-01,1,0.9780424,1
67,2015-05-01,2015-06-01,1,0.9771064,1
67,2015-06-01,2015-07-01,1,0.97748625,1
67,2015-07-01,2015-08-01,1,0.97672653,1
67,2015-08-01,2015-09-01,1,0.9638274,1
67,2015-09-01,2015-10-01,1,0.97748625,1
67,2015-10-01,2015-11-01,1,0.95044494,1
67,2015-11-01,2015-12-01,1,0.9445132,1
67,2015-12-01,2016-01-01,1,0.9763287,1
67,2016-01-01,2016-02-01,1,0.9711265,1
67,2016-02-01,2016-03-01,1,0.9737654,1
67,2016-03-01,2016-04-01,1,0.95993304,1
67,2016-04-01,2016-05-01,1,0.9763629,1
67,2016-05-01,2016-06-01,1,0.9722906,1
67,2016-06-01,2016-07-01,1,0.9794002,1
67,2016-07-01,2016-08-01,1,0.9804568,1
67,2016-08-01,2016-09-01,1,0.9787344,1
67,2016-09-01,2016-10-01,1,0.9787344,1
67,2016-10-01,2016-11-01,1,0.980721,1
67,2016-11-01,2016-12-01,1,0.9771064,1
67,2016-12-01,2017-01-01,1,0.9665581,1
67,2017-01-01,2017-02-01,1,0.88077676,1
67,2017-02-01,2017-03-01,1,0.9701628,1
67,2017-03-01,2017-04-01,1,0.9684332,1
67,2017-04-01,2017-05-01,1,0.97380483,1
67,2017-05-01,2017-06-01,1,0.9763287,1
67,2017-06-01,2017-07-01,1,0.9804568,1
67,2017-07-01,2017-08-01,1,0.9809209,1
67,2017-08-01,2017-09-01,1,0.9771064,1
67,2017-09-01,2017-10-01,1,0.9809209,1
67,2017-10-01,2017-11-01,1,0.9742519,1
67,2017-11-01,2017-12-01,1,0.97505456,1
67,2017-12-01,2018-01-01,1,0.93639684,1
67,2018-01-01,2018-02-01,1,0.96800286,1
67,2018-02-01,2018-03-01,1,0.9706594,1
67,2018-03-01,2018-04-01,1,0.9180183,1
67,2018-04-01,2018-05-01,1,0.97380483,1
67,2018-05-01,2018-06-01,1,0.97380483,1
67,2018-06-01,2018-07-01,1,0.9804568,1
67,2018-07-01,2018-08-01,1,0.9804568,1
67,2018-08-01,2018-09-01,1,0.9787344,1
67,2018-09-01,2018-10-01,1,0.9787344,1
67,2018-10-01,2018-11-01,1,0.96893466,1
67,2018-11-01,2018-12-01,1,0.9693039,1
67,2018-12-01,2019-01-01,1,0.93639684,1
67,2019-01-01,2019-02-01,1,0.9734484,1
67,2019-02-01,2019-03-01,1,0.95842,1
67,2019-03-01,2019-04-01,1,0.9702583,1
67,2019-04-01,2019-05-01,1,0.97380483,1
67,2019-05-01,2019-06-01,1,0.97380483,1
67,2019-06-01,2019-07-01,1,0.9809209,1
67,2019-07-01,2019-08-01,1,0.97872955,1
67,2019-08-01,2019-09-01,1,0.980721,1
67,2019-09-01,2019-10-01,1,0.980721,1
67,2019-10-01,2019-11-01,1,0.9742519,1
67,2019-11-01,2019-12-01,1,0.97505456,1
67,2019-12-01,2020-01-01,1,0.97157073,1
67,2020-01-01,2020-02-01,1,0.8476464,1
67,2020-02-01,2020-03-01,1,0.92763615,1
67,2020-03-01,2020-04-01,0,0.9260059,1
67,2020-04-01,2020-05-01,1,0.92853355,1
67,2020-05-01,2020-06-01,1,0.6862478,0
67,2020-06-01,2020-07-01,1,0.9374683,1
67,2020-07-01,2020-08-01,1,0.9299122,1
67,2020-08-01,2020-09-01,1,0.94556826,1
67,2020-09-01,2020-10-01,1,0.94556826,1
67,2020-10-01,2020-11-01,1,0.9084522,1
67,2020-11-01,2020-12-01,1,0.9276068,1
67,2020-12-01,2021-01-01,1,0.5188513,0
67,2021-01-01,2021-02-01,0,0.8266893,1
67,2021-02-01,2021-03-01,1,0.8244438,1
67,2021-03-01,2021-04-01,1,0.58632505,0
67,2021-04-01,2021-05-01,1,0.9022537,1
67,2021-05-01,2021-06-01,1,0.8508106,1
67,2021-06-01,2021-07-01,1,0.92339754,1
67,2021-07-01,2021-08-01,1,0.9374683,1
67,2021-08-01,2021-09-01,1,0.94323725,1
67,2021-09-01,2021-10-01,1,0.92640334,1
67,2021-10-01,2021-11-01,0,0.8981218,1
67,2021-11-01,2021-12-01,0,0.8966859,1
67,2021-12-01,2022-01-01,0,0.8453721,1
67,2022-01-01,2022-02-01,0,0.7825153,1
67,2022-02-01,2022-03-01,1,0.71668905,0
67,2022-03-01,2022-04-01,0,0.7359838,1
67,2022-04-01,2022-05-01,1,0.88131833,1
67,2022-05-01,2022-06-01,1,0.9260059,1
67,2022-06-01,2022-07-01,1,0.9217949,1
67,2022-07-01,2022-08-01,1,0.82464904,1
67,2022-08-01,2022-09-01,1,0.84623814,1
67,2022-09-01,2022-10-01,1,0.91612417,1
67,2022-10-01,2022-11-01,0,0.73140043,0
67,2022-11-01,2022-12-01,0,0.8803612,1
68,2015-02-01,2015-03-01,1,0.9727226,1
68,2015-03-01,2015-04-01,1,0.8873337,1
68,2015-04-01,2015-05-01,1,0.97933036,1
68,2015-05-01,2015-06-01,1,0.97991484,1
68,2015-06-01,2015-07-01,1,0.9851018,1
68,2015-07-01,2015-08-01,1,0.97991484,1
68,2015-08-01,2015-09-01,1,0.98502296,1
68,2015-09-01,2015-10-01,1,0.9851018,1
68,2015-10-01,2015-11-01,1,0.9862432,1
68,2015-11-01,2015-12-01,1,0.98270535,1
68,2015-12-01,2016-01-01,1,0.9836337,1
68,2016-01-01,2016-02-01,1,0.9836337,1
68,2016-02-01,2016-03-01,1,0.9833636,1
68,2016-03-01,2016-04-01,1,0.96206486,1
68,2016-04-01,2016-05-01,1,0.98274577,1
68,2016-05-01,2016-06-01,1,0.9836337,1
68,2016-06-01,2016-07-01,1,0.9842892,1
68,2016-07-01,2016-08-01,1,0.9860591,1
68,2016-08-01,2016-09-01,1,0.9863158,1
68,2016-09-01,2016-10-01,1,0.9850985,1
68,2016-10-01,2016-11-01,1,0.97991484,1
68,2016-11-01,2016-12-01,1,0.98385566,1
68,2016-12-01,2017-01-01,1,0.9836337,1
68,2017-01-01,2017-02-01,1,0.97451663,1
68,2017-02-01,2017-03-01,1,0.98385566,1
68,2017-03-01,2017-04-01,1,0.971001,1
68,2017-04-01,2017-05-01,1,0.9782019,1
68,2017-05-01,2017-06-01,1,0.98385566,1
68,2017-06-01,2017-07-01,1,0.9840984,1
68,2017-07-01,2017-08-01,1,0.9840984,1
68,2017-08-01,2017-09-01,1,0.9865019,1
68,2017-09-01,2017-10-01,1,0.9862045,1
68,2017-10-01,2017-11-01,1,0.9808172,1
68,2017-11-01,2017-12-01,1,0.98385566,1
68,2017-12-01,2018-01-01,1,0.9794166,1
68,2018-01-01,2018-02-01,0,0.97653425,1
68,2018-02-01,2018-03-01,1,0.930392,1
68,2018-03-01,2018-04-01,1,0.9076576,1
68,2018-04-01,2018-05-01,1,0.983591,1
68,2018-05-01,2018-06-01,1,0.9783689,1
68,2018-06-01,2018-07-01,1,0.9862432,1
68,2018-07-01,2018-08-01,1,0.9843142,1
68,2018-08-01,2018-09-01,1,0.9863158,1
68,2018-09-01,2018-10-01,1,0.9843142,1
68,2018-10-01,2018-11-01,1,0.98385566,1
68,2018-11-01,2018-12-01,1,0.9808172,1
68,2018-12-01,2019-01-01,1,0.98134077,1
68,2019-01-01,2019-02-01,1,0.9788842,1
68,2019-02-01,2019-03-01,1,0.9738666,1
68,2019-03-01,2019-04-01,1,0.96155494,1
68,2019-04-01,2019-05-01,1,0.9777294,1
68,2019-05-01,2019-06-01,1,0.983591,1
68,2019-06-01,2019-07-01,1,0.98423856,1
68,2019-07-01,2019-08-01,1,0.98385566,1
68,2019-08-01,2019-09-01,1,0.9863158,1
68,2019-09-01,2019-10-01,1,0.9840984,1
68,2019-10-01,2019-11-01,1,0.9836337,1
68,2019-11-01,2019-12-01,1,0.97933036,1
68,2019-12-01,2020-01-01,1,0.97823757,1
68,2020-01-01,2020-02-01,1,0.951159,1
68,2020-02-01,2020-03-01,1,0.9643693,1
68,2020-03-01,2020-04-01,0,0.9074736,1
68,2020-04-01,2020-05-01,1,0.90305674,1
68,2020-05-01,2020-06-01,1,0.6741603,0
68,2020-06-01,2020-07-01,1,0.9643693,1
68,2020-07-01,2020-08-01,1,0.96084213,1
68,2020-08-01,2020-09-01,1,0.9700501,1
68,2020-09-01,2020-10-01,1,0.9552903,1
68,2020-10-01,2020-11-01,0,0.8901954,1
68,2020-11-01,2020-12-01,1,0.9510512,1
68,2020-12-01,2021-01-01,1,0.830014,1
68,2021-01-01,2021-02-01,0,0.82875776,1
68,2021-02-01,2021-03-01,0,0.8312009,1
68,2021-03-01,2021-04-01,1,0.6603265,0
68,2021-04-01,2021-05-01,1,0.8901954,1
68,2021-05-01,2021-06-01,1,0.84851426,1
68,2021-06-01,2021-07-01,1,0.9494969,1
68,2021-07-01,2021-08-01,1,0.9552903,1
68,2021-08-01,2021-09-01,1,0.9588317,1
68,2021-09-01,2021-10-01,1,0.9510512,1
68,2021-10-01,2021-11-01,0,0.91328824,1
68,2021-11-01,2021-12-01,0,0.8901954,1
68,2021-12-01,2022-01-01,0,0.8387457,1
68,2022-01-01,2022-02-01,0,0.80527997,1
68,2022-02-01,2022-03-01,0,0.749283,1
68,2022-03-01,2022-04-01,1,0.69015664,0
68,2022-04-01,2022-05-01,1,0.9012413,1
68,2022-05-01,2022-06-01,1,0.8508576,1
68,2022-06-01,2022-07-01,0,0.9465623,1
68,2022-07-01,2022-08-01,1,0.9342303,1
68,2022-08-01,2022-09-01,1,0.9588317,1
68,2022-09-01,2022-10-01,1,0.9563728,1
68,2022-10-01,2022-11-01,1,0.94995403,1
68,2022-11-01,2022-12-01,1,0.89081204,1
69,2015-02-01,2015-03-01,1,0.96981883,1
69,2015-03-01,2015-04-01,1,0.91628456,1
69,2015-04-01,2015-05-01,1,0.97648376,1
69,2015-05-01,2015-06-01,1,0.97760665,1
69,2015-06-01,2015-07-01,1,0.97706383,1
69,2015-07-01,2015-08-01,1,0.9749638,1
69,2015-08-01,2015-09-01,1,0.9730357,1
69,2015-09-01,2015-10-01,1,0.97737294,1
69,2015-10-01,2015-11-01,1,0.9616013,1
69,2015-11-01,2015-12-01,1,0.9739827,1
69,2015-12-01,2016-01-01,1,0.96505696,1
69,2016-01-01,2016-02-01,1,0.9619006,1
69,2016-02-01,2016-03-01,1,0.96552217,1
69,2016-03-01,2016-04-01,1,0.93931055,1
69,2016-04-01,2016-05-01,1,0.96967536,1
69,2016-05-01,2016-06-01,1,0.9619006,1
69,2016-06-01,2016-07-01,1,0.97737294,1
69,2016-07-01,2016-08-01,1,0.9761629,1
69,2016-08-01,2016-09-01,1,0.97706383,1
69,2016-09-01,2016-10-01,1,0.97706383,1
69,2016-10-01,2016-11-01,1,0.96552217,1
69,2016-11-01,2016-12-01,1,0.9732804,1
69,2016-12-01,2017-01-01,1,0.96505696,1
69,2017-01-01,2017-02-01,1,0.9296757,1
69,2017-02-01,2017-03-01,1,0.96505696,1
69,2017-03-01,2017-04-01,1,0.945565,1
69,2017-04-01,2017-05-01,1,0.96505696,1
69,2017-05-01,2017-06-01,1,0.96967536,1
69,2017-06-01,2017-07-01,1,0.9749638,1
69,2017-07-01,2017-08-01,1,0.97737294,1
69,2017-08-01,2017-09-01,1,0.9749638,1
69,2017-09-01,2017-10-01,1,0.97672653,1
69,2017-10-01,2017-11-01,1,0.9664531,1
69,2017-11-01,2017-12-01,1,0.9619006,1
69,2017-12-01,2018-01-01,1,0.96505696,1
69,2018-01-01,2018-02-01,1,0.96552217,1
69,2018-02-01,2018-03-01,1,0.9619006,1
69,2018-03-01,2018-04-01,1,0.90089005,1
69,2018-04-01,2018-05-01,1,0.96505696,1
69,2018-05-01,2018-06-01,1,0.96552217,1
69,2018-06-01,2018-07-01,1,0.97706383,1
69,2018-07-01,2018-08-01,1,0.9749638,1
69,2018-08-01,2018-09-01,1,0.97737294,1
69,2018-09-01,2018-10-01,1,0.9749638,1
69,2018-10-01,2018-11-01,1,0.96967536,1
69,2018-11-01,2018-12-01,1,0.96505696,1
69,2018-12-01,2019-01-01,1,0.96505696,1
69,2019-01-01,2019-02-01,1,0.96505696,1
69,2019-02-01,2019-03-01,1,0.96401316,1
69,2019-03-01,2019-04-01,1,0.95376843,1
69,2019-04-01,2019-05-01,1,0.96552217,1
69,2019-05-01,2019-06-01,1,0.96552217,1
69,2019-06-01,2019-07-01,1,0.9730357,1
69,2019-07-01,2019-08-01,1,0.97737294,1
69,2019-08-01,2019-09-01,1,0.97737294,1
69,2019-09-01,2019-10-01,1,0.97760665,1
69,2019-10-01,2019-11-01,1,0.9694099,1
69,2019-11-01,2019-12-01,1,0.96981883,1
69,2019-12-01,2020-01-01,1,0.9619006,1
69,2020-01-01,2020-02-01,1,0.9847782,1
69,2020-02-01,2020-03-01,1,0.9847782,1
69,2020-03-01,2020-04-01,1,0.98087585,1
69,2020-04-01,2020-05-01,1,0.9788482,1
69,2020-05-01,2020-06-01,1,0.9238045,1
69,2020-06-01,2020-07-01,1,0.9845285,1
69,2020-07-01,2020-08-01,1,0.9847782,1
69,2020-08-01,2020-09-01,1,0.9847782,1
69,2020-09-01,2020-10-01,1,0.9847782,1
69,2020-10-01,2020-11-01,1,0.98087585,1
69,2020-11-01,2020-12-01,1,0.9819796,1
69,2020-12-01,2021-01-01,1,0.9628871,1
69,2021-01-01,2021-02-01,1,0.97346884,1
69,2021-02-01,2021-03-01,1,0.9791337,1
69,2021-03-01,2021-04-01,1,0.9020331,1
69,2021-04-01,2021-05-01,1,0.98087585,1
69,2021-05-01,2021-06-01,1,0.97592556,1
69,2021-06-01,2021-07-01,1,0.98239905,1
69,2021-07-01,2021-08-01,1,0.9849849,1
69,2021-08-01,2021-09-01,1,0.9845269,1
69,2021-09-01,2021-10-01,1,0.98239905,1
69,2021-10-01,2021-11-01,1,0.98239905,1
69,2021-11-01,2021-12-01,1,0.9833838,1
69,2021-12-01,2022-01-01,1,0.9648246,1
69,2022-01-01,2022-02-01,0,0.97545546,1
69,2022-02-01,2022-03-01,1,0.9537073,1
69,2022-03-01,2022-04-01,1,0.9507358,1
69,2022-04-01,2022-05-01,1,0.98087585,1
69,2022-05-01,2022-06-01,1,0.98087585,1
69,2022-06-01,2022-07-01,1,0.9847782,1
69,2022-07-01,2022-08-01,1,0.9847782,1
69,2022-08-01,2022-09-01,1,0.9810539,1
69,2022-09-01,2022-10-01,1,0.98255897,1
69,2022-10-01,2022-11-01,1,0.98314846,1
69,2022-11-01,2022-12-01,1,0.97453666,1
70,2015-02-01,2015-03-01,0,0.021290954,0
70,2015-03-01,2015-04-01,0,0.009347833,0
70,2015-04-01,2015-05-01,0,0.062007856,0
70,2015-05-01,2015-06-01,0,0.062007856,0
70,2015-06-01,2015-07-01,0,0.068550326,0
70,2015-07-01,2015-08-01,0,0.060188204,0
70,2015-08-01,2015-09-01,0,0.060910996,0
70,2015-09-01,2015-10-01,0,0.054524537,0
70,2015-10-01,2015-11-01,0,0.06444799,0
70,2015-11-01,2015-12-01,0,0.047705255,0
70,2015-12-01,2016-01-01,0,0.04308256,0
70,2016-01-01,2016-02-01,0,0.02471461,0
70,2016-02-01,2016-03-01,0,0.03380694,0
70,2016-03-01,2016-04-01,0,0.019059114,0
70,2016-04-01,2016-05-01,0,0.030570429,0
70,2016-05-01,2016-06-01,0,0.03380694,0
70,2016-06-01,2016-07-01,0,0.062007856,0
70,2016-07-01,2016-08-01,0,0.062151853,0
70,2016-08-01,2016-09-01,0,0.068550326,0
70,2016-09-01,2016-10-01,0,0.068550326,0
70,2016-10-01,2016-11-01,0,0.049391206,0
70,2016-11-01,2016-12-01,0,0.06144126,0
70,2016-12-01,2017-01-01,0,0.034263324,0
70,2017-01-01,2017-02-01,0,0.0106047345,0
70,2017-02-01,2017-03-01,0,0.02261258,0
70,2017-03-01,2017-04-01,0,0.027024023,0
70,2017-04-01,2017-05-01,0,0.027592342,0
70,2017-05-01,2017-06-01,0,0.04308256,0
70,2017-06-01,2017-07-01,0,0.054397184,0
70,2017-07-01,2017-08-01,0,0.062007856,0
70,2017-08-01,2017-09-01,0,0.054524537,0
70,2017-09-01,2017-10-01,0,0.062151853,0
70,2017-10-01,2017-11-01,0,0.03380694,0
70,2017-11-01,2017-12-01,0,0.04308256,0
70,2017-12-01,2018-01-01,0,0.023505233,0
70,2018-01-01,2018-02-01,0,0.027024023,0
70,2018-02-01,2018-03-01,0,0.015319908,0
70,2018-03-01,2018-04-01,0,0.009005135,0
70,2018-04-01,2018-05-01,0,0.03380694,0
70,2018-05-01,2018-06-01,0,0.030765034,0
70,2018-06-01,2018-07-01,0,0.062151853,0
70,2018-07-01,2018-08-01,0,0.05634321,0
70,2018-08-01,2018-09-01,0,0.054524537,0
70,2018-09-01,2018-10-01,0,0.054397184,0
70,2018-10-01,2018-11-01,0,0.039042767,0
70,2018-11-01,2018-12-01,0,0.04308256,0
70,2018-12-01,2019-01-01,0,0.02943167,0
70,2019-01-01,2019-02-01,0,0.024983112,0
70,2019-02-01,2019-03-01,0,0.014180883,0
70,2019-03-01,2019-04-01,0,0.01901173,0
70,2019-04-01,2019-05-01,0,0.023505233,0
70,2019-05-01,2019-06-01,0,0.027592342,0
70,2019-06-01,2019-07-01,0,0.062007856,0
70,2019-07-01,2019-08-01,0,0.031825524,0
70,2019-08-01,2019-09-01,0,0.062151853,0
70,2019-09-01,2019-10-01,0,0.0662244,0
70,2019-10-01,2019-11-01,0,0.03770138,0
70,2019-11-01,2019-12-01,0,0.054397184,0
70,2019-12-01,2020-01-01,0,0.027024023,0
70,2020-01-01,2020-02-01,0,0.01667635,0
70,2020-02-01,2020-03-01,0,0.020918408,0
70,2020-03-01,2020-04-01,0,0.0060711345,0
70,2020-04-01,2020-05-01,0,0.013763943,0
70,2020-05-01,2020-06-01,0,0.0024374016,0
70,2020-06-01,2020-07-01,0,0.010418549,0
70,2020-07-01,2020-08-01,0,0.015755275,0
70,2020-08-01,2020-09-01,0,0.020918408,0
70,2020-09-01,2020-10-01,0,0.01402096,0
70,2020-10-01,2020-11-01,0,0.006523046,0
70,2020-11-01,2020-12-01,0,0.018135425,0
70,2020-12-01,2021-01-01,0,0.016527386,0
70,2021-01-01,2021-02-01,0,0.022073708,0
70,2021-02-01,2021-03-01,0,0.01402096,0
70,2021-03-01,2021-04-01,0,0.0069214683,0
70,2021-04-01,2021-05-01,0,0.0055786446,0
70,2021-05-01,2021-06-01,0,0.010699117,0
70,2021-06-01,2021-07-01,0,0.013339205,0
70,2021-07-01,2021-08-01,0,0.0053051873,0
70,2021-08-01,2021-09-01,0,0.015755275,0
70,2021-09-01,2021-10-01,0,0.0055786446,0
70,2021-10-01,2021-11-01,0,0.013094525,0
70,2021-11-01,2021-12-01,0,0.01402096,0
70,2021-12-01,2022-01-01,0,0.012931728,0
70,2022-01-01,2022-02-01,0,0.012931728,0
70,2022-02-01,2022-03-01,0,0.007133698,0
70,2022-03-01,2022-04-01,0,0.0062865084,0
70,2022-04-01,2022-05-01,0,0.01402096,0
70,2022-05-01,2022-06-01,0,0.013094525,0
70,2022-06-01,2022-07-01,0,0.015755275,0
70,2022-07-01,2022-08-01,0,0.018135425,0
70,2022-08-01,2022-09-01,0,0.018135425,0
70,2022-09-01,2022-10-01,0,0.015755275,0
70,2022-10-01,2022-11-01,0,0.017441332,0
70,2022-11-01,2022-12-01,0,0.020918408,0
71,2015-02-01,2015-03-01,1,0.977773,1
71,2015-03-01,2015-04-01,1,0.94812703,1
71,2015-04-01,2015-05-01,1,0.9783806,1
71,2015-05-01,2015-06-01,1,0.9847941,1
71,2015-06-01,2015-07-01,1,0.9856227,1
71,2015-07-01,2015-08-01,1,0.9856227,1
71,2015-08-01,2015-09-01,1,0.9856227,1
71,2015-09-01,2015-10-01,1,0.98301756,1
71,2015-10-01,2015-11-01,1,0.9750793,1
71,2015-11-01,2015-12-01,1,0.9752641,1
71,2015-12-01,2016-01-01,1,0.977773,1
71,2016-01-01,2016-02-01,1,0.97510636,1
71,2016-02-01,2016-03-01,1,0.97362715,1
71,2016-03-01,2016-04-01,1,0.9680293,1
71,2016-04-01,2016-05-01,1,0.977773,1
71,2016-05-01,2016-06-01,1,0.977773,1
71,2016-06-01,2016-07-01,1,0.9856227,1
71,2016-07-01,2016-08-01,1,0.9843789,1
71,2016-08-01,2016-09-01,1,0.9856227,1
71,2016-09-01,2016-10-01,1,0.9856227,1
71,2016-10-01,2016-11-01,1,0.9783806,1
71,2016-11-01,2016-12-01,1,0.9805737,1
71,2016-12-01,2017-01-01,1,0.977773,1
71,2017-01-01,2017-02-01,1,0.9754512,1
71,2017-02-01,2017-03-01,1,0.97510636,1
71,2017-03-01,2017-04-01,1,0.9734239,1
71,2017-04-01,2017-05-01,1,0.9769473,1
71,2017-05-01,2017-06-01,1,0.9730401,1
71,2017-06-01,2017-07-01,1,0.9805737,1
71,2017-07-01,2017-08-01,1,0.9847941,1
71,2017-08-01,2017-09-01,1,0.9856227,1
71,2017-09-01,2017-10-01,1,0.9843789,1
71,2017-10-01,2017-11-01,1,0.97283924,1
71,2017-11-01,2017-12-01,1,0.9745661,1
71,2017-12-01,2018-01-01,1,0.9769497,1
71,2018-01-01,2018-02-01,1,0.9754512,1
71,2018-02-01,2018-03-01,1,0.9754512,1
71,2018-03-01,2018-04-01,1,0.9605291,1
71,2018-04-01,2018-05-01,1,0.9687035,1
71,2018-05-01,2018-06-01,1,0.977773,1
71,2018-06-01,2018-07-01,1,0.9856227,1
71,2018-07-01,2018-08-01,1,0.9856227,1
71,2018-08-01,2018-09-01,1,0.9856227,1
71,2018-09-01,2018-10-01,1,0.9856227,1
71,2018-10-01,2018-11-01,1,0.97378355,1
71,2018-11-01,2018-12-01,1,0.977773,1
71,2018-12-01,2019-01-01,1,0.977773,1
71,2019-01-01,2019-02-01,1,0.977773,1
71,2019-02-01,2019-03-01,1,0.97407925,1
71,2019-03-01,2019-04-01,1,0.97378075,1
71,2019-04-01,2019-05-01,1,0.9754512,1
71,2019-05-01,2019-06-01,1,0.977773,1
71,2019-06-01,2019-07-01,1,0.9850005,1
71,2019-07-01,2019-08-01,1,0.9843789,1
71,2019-08-01,2019-09-01,1,0.9856227,1
71,2019-09-01,2019-10-01,1,0.9856227,1
71,2019-10-01,2019-11-01,1,0.977773,1
71,2019-11-01,2019-12-01,1,0.977773,1
71,2019-12-01,2020-01-01,1,0.9766326,1
71,2020-01-01,2020-02-01,1,0.9839499,1
71,2020-02-01,2020-03-01,1,0.9834608,1
71,2020-03-01,2020-04-01,0,0.9713562,1
71,2020-04-01,2020-05-01,1,0.9729244,1
71,2020-05-01,2020-06-01,1,0.91162795,1
71,2020-06-01,2020-07-01,1,0.9839499,1
71,2020-07-01,2020-08-01,1,0.9816949,1
71,2020-08-01,2020-09-01,1,0.9839499,1
71,2020-09-01,2020-10-01,1,0.9784379,1
71,2020-10-01,2020-11-01,1,0.9798394,1
71,2020-11-01,2020-12-01,1,0.9803398,1
71,2020-12-01,2021-01-01,1,0.96655196,1
71,2021-01-01,2021-02-01,1,0.961241,1
71,2021-02-01,2021-03-01,1,0.961241,1
71,2021-03-01,2021-04-01,1,0.85718143,1
71,2021-04-01,2021-05-01,1,0.961241,1
71,2021-05-01,2021-06-01,1,0.961241,1
71,2021-06-01,2021-07-01,1,0.9798394,1
71,2021-07-01,2021-08-01,1,0.98144364,1
71,2021-08-01,2021-09-01,1,0.9803398,1
71,2021-09-01,2021-10-01,1,0.974488,1
71,2021-10-01,2021-11-01,1,0.9798394,1
71,2021-11-01,2021-12-01,1,0.9765421,1
71,2021-12-01,2022-01-01,1,0.961241,1
71,2022-01-01,2022-02-01,1,0.9367584,1
71,2022-02-01,2022-03-01,1,0.91162795,1
71,2022-03-01,2022-04-01,1,0.8819164,1
71,2022-04-01,2022-05-01,1,0.961241,1
71,2022-05-01,2022-06-01,1,0.9707391,1
71,2022-06-01,2022-07-01,1,0.98144364,1
71,2022-07-01,2022-08-01,1,0.9798394,1
71,2022-08-01,2022-09-01,1,0.971342,1
71,2022-09-01,2022-10-01,1,0.9839499,1
71,2022-10-01,2022-11-01,1,0.9813121,1
71,2022-11-01,2022-12-01,1,0.9784379,1
72,2015-02-01,2015-03-01,0,0.016765356,0
72,2015-03-01,2015-04-01,0,0.0066440166,0
72,2015-04-01,2015-05-01,0,0.028784828,0
72,2015-05-01,2015-06-01,0,0.030879892,0
72,2015-06-01,2015-07-01,0,0.032828733,0
72,2015-07-01,2015-08-01,0,0.032828733,0
72,2015-08-01,2015-09-01,0,0.02820573,0
72,2015-09-01,2015-10-01,0,0.050412305,0
72,2015-10-01,2015-11-01,0,0.020981032,0
72,2015-11-01,2015-12-01,0,0.047247898,0
72,2015-12-01,2016-01-01,0,0.01707744,0
72,2016-01-01,2016-02-01,0,0.011774186,0
72,2016-02-01,2016-03-01,0,0.014234899,0
72,2016-03-01,2016-04-01,0,0.010396106,0
72,2016-04-01,2016-05-01,0,0.018227264,0
72,2016-05-01,2016-06-01,0,0.01707744,0
72,2016-06-01,2016-07-01,0,0.03054355,0
72,2016-07-01,2016-08-01,0,0.026951982,0
72,2016-08-01,2016-09-01,0,0.04939784,0
72,2016-09-01,2016-10-01,0,0.04939784,0
72,2016-10-01,2016-11-01,0,0.021094577,0
72,2016-11-01,2016-12-01,0,0.03378155,0
72,2016-12-01,2017-01-01,0,0.017323263,0
72,2017-01-01,2017-02-01,0,0.011065902,0
72,2017-02-01,2017-03-01,0,0.019153975,0
72,2017-03-01,2017-04-01,0,0.011065902,0
72,2017-04-01,2017-05-01,0,0.015159413,0
72,2017-05-01,2017-06-01,0,0.018248865,0
72,2017-06-01,2017-07-01,0,0.026526326,0
72,2017-07-01,2017-08-01,0,0.018227264,0
72,2017-08-01,2017-09-01,0,0.032828733,0
72,2017-09-01,2017-10-01,0,0.02820573,0
72,2017-10-01,2017-11-01,0,0.026405523,0
72,2017-11-01,2017-12-01,0,0.025342869,0
72,2017-12-01,2018-01-01,0,0.024716746,0
72,2018-01-01,2018-02-01,0,0.0105049405,0
72,2018-02-01,2018-03-01,0,0.010478496,0
72,2018-03-01,2018-04-01,0,0.0033033234,0
72,2018-04-01,2018-05-01,0,0.016433356,0
72,2018-05-01,2018-06-01,0,0.0136492,0
72,2018-06-01,2018-07-01,0,0.047247898,0
72,2018-07-01,2018-08-01,0,0.035907898,0
72,2018-08-01,2018-09-01,0,0.057289544,0
72,2018-09-01,2018-10-01,0,0.032828733,0
72,2018-10-01,2018-11-01,0,0.019153975,0
72,2018-11-01,2018-12-01,0,0.025218923,0
72,2018-12-01,2019-01-01,0,0.016765356,0
72,2019-01-01,2019-02-01,0,0.01833649,0
72,2019-02-01,2019-03-01,0,0.010986409,0
72,2019-03-01,2019-04-01,0,0.009625031,0
72,2019-04-01,2019-05-01,0,0.011065902,0
72,2019-05-01,2019-06-01,0,0.020629317,0
72,2019-06-01,2019-07-01,0,0.04939784,0
72,2019-07-01,2019-08-01,0,0.026853066,0
72,2019-08-01,2019-09-01,0,0.031643406,0
72,2019-09-01,2019-10-01,0,0.019509645,0
72,2019-10-01,2019-11-01,0,0.026853066,0
72,2019-11-01,2019-12-01,0,0.019509645,0
72,2019-12-01,2020-01-01,0,0.015323218,0
72,2020-01-01,2020-02-01,0,0.015159413,0
72,2020-02-01,2020-03-01,0,0.0105049405,0
72,2020-03-01,2020-04-01,0,0.0051721255,0
72,2020-04-01,2020-05-01,0,0.0029765873,0
72,2020-05-01,2020-06-01,0,0.00090432394,0
72,2020-06-01,2020-07-01,0,0.0049989223,0
72,2020-07-01,2020-08-01,0,0.010951321,0
72,2020-08-01,2020-09-01,0,0.011030646,0
72,2020-09-01,2020-10-01,0,0.009430533,0
72,2020-10-01,2020-11-01,0,0.008719653,0
72,2020-11-01,2020-12-01,0,0.017689772,0
72,2020-12-01,2021-01-01,0,0.014854812,0
72,2021-01-01,2021-02-01,0,0.007648686,0
72,2021-02-01,2021-03-01,0,0.011585321,0
72,2021-03-01,2021-04-01,0,0.0019053573,0
72,2021-04-01,2021-05-01,0,0.0039011308,0
72,2021-05-01,2021-06-01,0,0.0036955697,0
72,2021-06-01,2021-07-01,0,0.008863389,0
72,2021-07-01,2021-08-01,0,0.0051125335,0
72,2021-08-01,2021-09-01,0,0.0049989223,0
72,2021-09-01,2021-10-01,0,0.0047016335,0
72,2021-10-01,2021-11-01,0,0.008754826,0
72,2021-11-01,2021-12-01,0,0.008719653,0
72,2021-12-01,2022-01-01,0,0.0046595642,0
72,2022-01-01,2022-02-01,0,0.004842812,0
72,2022-02-01,2022-03-01,0,0.004277855,0
72,2022-03-01,2022-04-01,0,0.0016649092,0
72,2022-04-01,2022-05-01,0,0.009469061,0
72,2022-05-01,2022-06-01,0,0.0058994154,0
72,2022-06-01,2022-07-01,0,0.015766526,0
72,2022-07-01,2022-08-01,0,0.008719653,0
72,2022-08-01,2022-09-01,0,0.005641272,0
72,2022-09-01,2022-10-01,0,0.0105049405,0
72,2022-10-01,2022-11-01,0,0.01707744,0
72,2022-11-01,2022-12-01,0,0.01745361,0
73,2015-02-01,2015-03-01,0,0.09748888,0
73,2015-03-01,2015-04-01,0,0.03078897,0
73,2015-04-01,2015-05-01,0,0.095973805,0
73,2015-05-01,2015-06-01,0,0.09960862,0
73,2015-06-01,2015-07-01,0,0.119576454,0
73,2015-07-01,2015-08-01,0,0.119576454,0
73,2015-08-01,2015-09-01,0,0.06317271,0
73,2015-09-01,2015-10-01,0,0.10569622,0
73,2015-10-01,2015-11-01,0,0.051885154,0
73,2015-11-01,2015-12-01,0,0.07968265,0
73,2015-12-01,2016-01-01,0,0.06742705,0
73,2016-01-01,2016-02-01,0,0.06065559,0
73,2016-02-01,2016-03-01,0,0.06065559,0
73,2016-03-01,2016-04-01,0,0.034615,0
73,2016-04-01,2016-05-01,0,0.048534125,0
73,2016-05-01,2016-06-01,0,0.033573937,0
73,2016-06-01,2016-07-01,0,0.102248296,0
73,2016-07-01,2016-08-01,0,0.10897241,0
73,2016-08-01,2016-09-01,0,0.119576454,0
73,2016-09-01,2016-10-01,0,0.11370015,0
73,2016-10-01,2016-11-01,0,0.08480006,0
73,2016-11-01,2016-12-01,0,0.10569622,0
73,2016-12-01,2017-01-01,0,0.10897241,0
73,2017-01-01,2017-02-01,0,0.052996166,0
73,2017-02-01,2017-03-01,0,0.10873248,0
73,2017-03-01,2017-04-01,0,0.06065559,0
73,2017-04-01,2017-05-01,0,0.05555319,0
73,2017-05-01,2017-06-01,0,0.11279028,0
73,2017-06-01,2017-07-01,0,0.109182365,0
73,2017-07-01,2017-08-01,0,0.119576454,0
73,2017-08-01,2017-09-01,0,0.119576454,0
73,2017-09-01,2017-10-01,0,0.053736422,0
73,2017-10-01,2017-11-01,0,0.10873248,0
73,2017-11-01,2017-12-01,0,0.10873248,0
73,2017-12-01,2018-01-01,0,0.06065559,0
73,2018-01-01,2018-02-01,0,0.06742705,0
73,2018-02-01,2018-03-01,0,0.052996166,0
73,2018-03-01,2018-04-01,0,0.033993497,0
73,2018-04-01,2018-05-01,0,0.095973805,0
73,2018-05-01,2018-06-01,0,0.07671279,0
73,2018-06-01,2018-07-01,0,0.121811636,0
73,2018-07-01,2018-08-01,0,0.10569622,0
73,2018-08-01,2018-09-01,0,0.10569622,0
73,2018-09-01,2018-10-01,0,0.11370015,0
73,2018-10-01,2018-11-01,0,0.09960862,0
73,2018-11-01,2018-12-01,0,0.10897241,0
73,2018-12-01,2019-01-01,0,0.06065559,0
73,2019-01-01,2019-02-01,0,0.095973805,0
73,2019-02-01,2019-03-01,0,0.04975967,0
73,2019-03-01,2019-04-01,0,0.04875766,0
73,2019-04-01,2019-05-01,0,0.04975967,0
73,2019-05-01,2019-06-01,0,0.09917484,0
73,2019-06-01,2019-07-01,0,0.119576454,0
73,2019-07-01,2019-08-01,0,0.102248296,0
73,2019-08-01,2019-09-01,0,0.11370015,0
73,2019-09-01,2019-10-01,0,0.119576454,0
73,2019-10-01,2019-11-01,0,0.10873248,0
73,2019-11-01,2019-12-01,0,0.09960862,0
73,2019-12-01,2020-01-01,0,0.06065559,0
73,2020-01-01,2020-02-01,0,0.04236372,0
73,2020-02-01,2020-03-01,0,0.059562437,0
73,2020-03-01,2020-04-01,0,0.01887548,0
73,2020-04-01,2020-05-01,0,0.03545192,0
73,2020-05-01,2020-06-01,0,0.007760103,0
73,2020-06-01,2020-07-01,0,0.044892594,0
73,2020-07-01,2020-08-01,0,0.04647749,0
73,2020-08-01,2020-09-01,0,0.059562437,0
73,2020-09-01,2020-10-01,0,0.052235227,0
73,2020-10-01,2020-11-01,0,0.034421135,0
73,2020-11-01,2020-12-01,0,0.019150034,0
73,2020-12-01,2021-01-01,0,0.03275274,0
73,2021-01-01,2021-02-01,0,0.020973865,0
73,2021-02-01,2021-03-01,0,0.0383846,0
73,2021-03-01,2021-04-01,0,0.013246298,0
73,2021-04-01,2021-05-01,0,0.013870385,0
73,2021-05-01,2021-06-01,0,0.022503793,0
73,2021-06-01,2021-07-01,0,0.0383846,0
73,2021-07-01,2021-08-01,0,0.0383846,0
73,2021-08-01,2021-09-01,0,0.046912666,0
73,2021-09-01,2021-10-01,0,0.0383846,0
73,2021-10-01,2021-11-01,0,0.01723701,0
73,2021-11-01,2021-12-01,0,0.014166111,0
73,2021-12-01,2022-01-01,0,0.023642708,0
73,2022-01-01,2022-02-01,0,0.009958321,0
73,2022-02-01,2022-03-01,0,0.02330933,0
73,2022-03-01,2022-04-01,0,0.007102263,0
73,2022-04-01,2022-05-01,0,0.037602585,0
73,2022-05-01,2022-06-01,0,0.037602585,0
73,2022-06-01,2022-07-01,0,0.0383846,0
73,2022-07-01,2022-08-01,0,0.013870385,0
73,2022-08-01,2022-09-01,0,0.034421135,0
73,2022-09-01,2022-10-01,0,0.07748483,0
73,2022-10-01,2022-11-01,0,0.08508334,0
73,2022-11-01,2022-12-01,0,0.08834602,0
74,2015-02-01,2015-03-01,0,0.001070493,0
74,2015-03-01,2015-04-01,0,0.00060389325,0
74,2015-04-01,2015-05-01,0,0.00063433097,0
74,2015-05-01,2015-06-01,0,0.001070493,0
74,2015-06-01,2015-07-01,0,0.00087900384,0
74,2015-07-01,2015-08-01,0,0.0013605612,0
74,2015-08-01,2015-09-01,0,0.0006018537,0
74,2015-09-01,2015-10-01,0,0.0011367183,0
74,2015-10-01,2015-11-01,0,0.00063228933,0
74,2015-11-01,2015-12-01,0,0.0005430601,0
74,2015-12-01,2016-01-01,0,0.001070493,0
74,2016-01-01,2016-02-01,0,0.001070493,0
74,2016-02-01,2016-03-01,0,0.001070493,0
74,2016-03-01,2016-04-01,0,0.00096432155,0
74,2016-04-01,2016-05-01,0,0.0006018537,0
74,2016-05-01,2016-06-01,0,0.001070493,0
74,2016-06-01,2016-07-01,0,0.0006018537,0
74,2016-07-01,2016-08-01,0,0.0006513554,0
74,2016-08-01,2016-09-01,0,0.0006018537,0
74,2016-09-01,2016-10-01,0,0.00063228933,0
74,2016-10-01,2016-11-01,0,0.0009317177,0
74,2016-11-01,2016-12-01,0,0.001515062,0
74,2016-12-01,2017-01-01,0,0.001070493,0
74,2017-01-01,2017-02-01,0,0.0005430601,0
74,2017-02-01,2017-03-01,0,0.0016944588,0
74,2017-03-01,2017-04-01,0,0.001070493,0
74,2017-04-01,2017-05-01,0,0.0014466998,0
74,2017-05-01,2017-06-01,0,0.001070493,0
74,2017-06-01,2017-07-01,0,0.0006513554,0
74,2017-07-01,2017-08-01,0,0.0013033176,0
74,2017-08-01,2017-09-01,0,0.0006329335,0
74,2017-09-01,2017-10-01,0,0.001070493,0
74,2017-10-01,2017-11-01,0,0.00060389325,0
74,2017-11-01,2017-12-01,0,0.00063433097,0
74,2017-12-01,2018-01-01,0,0.0006513554,0
74,2018-01-01,2018-02-01,0,0.0006018537,0
74,2018-02-01,2018-03-01,0,0.00063433097,0
74,2018-03-01,2018-04-01,0,0.0006018537,0
74,2018-04-01,2018-05-01,0,0.0014466998,0
74,2018-05-01,2018-06-01,0,0.001084899,0
74,2018-06-01,2018-07-01,0,0.0009234419,0
74,2018-07-01,2018-08-01,0,0.0015631113,0
74,2018-08-01,2018-09-01,0,0.0015247863,0
74,2018-09-01,2018-10-01,0,0.00093499414,0
74,2018-10-01,2018-11-01,0,0.00077837415,0
74,2018-11-01,2018-12-01,0,0.001070493,0
74,2018-12-01,2019-01-01,0,0.00057095016,0
74,2019-01-01,2019-02-01,0,0.00089250074,0
74,2019-02-01,2019-03-01,0,0.001070493,0
74,2019-03-01,2019-04-01,0,0.0006018537,0
74,2019-04-01,2019-05-01,0,0.0006018537,0
74,2019-05-01,2019-06-01,0,0.00089250074,0
74,2019-06-01,2019-07-01,0,0.0006018537,0
74,2019-07-01,2019-08-01,0,0.00063433097,0
74,2019-08-01,2019-09-01,0,0.0006018537,0
74,2019-09-01,2019-10-01,0,0.0006513554,0
74,2019-10-01,2019-11-01,0,0.0009317177,0
74,2019-11-01,2019-12-01,0,0.001070493,0
74,2019-12-01,2020-01-01,0,0.0006018537,0
74,2020-01-01,2020-02-01,0,0.0017041456,0
74,2020-02-01,2020-03-01,0,0.0023951922,0
74,2020-03-01,2020-04-01,0,0.001494093,0
74,2020-04-01,2020-05-01,0,0.0015693285,0
74,2020-05-01,2020-06-01,0,0.0014890515,0
74,2020-06-01,2020-07-01,0,0.0015693285,0
74,2020-07-01,2020-08-01,0,0.0021621594,0
74,2020-08-01,2020-09-01,0,0.0014890515,0
74,2020-09-01,2020-10-01,0,0.0015642822,0
74,2020-10-01,2020-11-01,0,0.0036396768,0
74,2020-11-01,2020-12-01,0,0.0036396768,0
74,2020-12-01,2021-01-01,0,0.0036396768,0
74,2021-01-01,2021-02-01,0,0.0036396768,0
74,2021-02-01,2021-03-01,0,0.0036396768,0
74,2021-03-01,2021-04-01,0,0.0036396768,0
74,2021-04-01,2021-05-01,0,0.001494093,0
74,2021-05-01,2021-06-01,0,0.0023951922,0
74,2021-06-01,2021-07-01,0,0.0014890515,0
74,2021-07-01,2021-08-01,0,0.0014890515,0
74,2021-08-01,2021-09-01,0,0.0014890515,0
74,2021-09-01,2021-10-01,0,0.0014890515,0
74,2021-10-01,2021-11-01,0,0.0036396768,0
74,2021-11-01,2021-12-01,0,0.0015693285,0
74,2021-12-01,2022-01-01,0,0.0023951922,0
74,2022-01-01,2022-02-01,0,0.0013603158,0
74,2022-02-01,2022-03-01,0,0.0014890515,0
74,2022-03-01,2022-04-01,0,0.0023951922,0
74,2022-04-01,2022-05-01,0,0.0014890515,0
74,2022-05-01,2022-06-01,0,0.0023951922,0
74,2022-06-01,2022-07-01,0,0.0014890515,0
74,2022-07-01,2022-08-01,0,0.0018896979,0
74,2022-08-01,2022-09-01,0,0.001494093,0
74,2022-09-01,2022-10-01,0,0.0018896979,0
74,2022-10-01,2022-11-01,0,0.001494093,0
74,2022-11-01,2022-12-01,0,0.0014890515,0
75,2015-02-01,2015-03-01,0,0.039873738,0
75,2015-03-01,2015-04-01,0,0.008205703,0
75,2015-04-01,2015-05-01,0,0.047128335,0
75,2015-05-01,2015-06-01,0,0.064027585,0
75,2015-06-01,2015-07-01,0,0.075317435,0
75,2015-07-01,2015-08-01,0,0.047700837,0
75,2015-08-01,2015-09-01,0,0.08268654,0
75,2015-09-01,2015-10-01,0,0.06463089,0
75,2015-10-01,2015-11-01,0,0.044568308,0
75,2015-11-01,2015-12-01,0,0.048560347,0
75,2015-12-01,2016-01-01,0,0.026452245,0
75,2016-01-01,2016-02-01,0,0.025143294,0
75,2016-02-01,2016-03-01,0,0.025143294,0
75,2016-03-01,2016-04-01,0,0.011372812,0
75,2016-04-01,2016-05-01,0,0.047128335,0
75,2016-05-01,2016-06-01,0,0.03749936,0
75,2016-06-01,2016-07-01,0,0.050049663,0
75,2016-07-01,2016-08-01,0,0.048560347,0
75,2016-08-01,2016-09-01,0,0.065936506,0
75,2016-09-01,2016-10-01,0,0.07384073,0
75,2016-10-01,2016-11-01,0,0.05314367,0
75,2016-11-01,2016-12-01,0,0.050049663,0
75,2016-12-01,2017-01-01,0,0.047978047,0
75,2017-01-01,2017-02-01,0,0.027653059,0
75,2017-02-01,2017-03-01,0,0.04398091,0
75,2017-03-01,2017-04-01,0,0.025143294,0
75,2017-04-01,2017-05-01,0,0.027562179,0
75,2017-05-01,2017-06-01,0,0.047978047,0
75,2017-06-01,2017-07-01,0,0.050049663,0
75,2017-07-01,2017-08-01,0,0.07384073,0
75,2017-08-01,2017-09-01,0,0.120031334,0
75,2017-09-01,2017-10-01,0,0.08268654,0
75,2017-10-01,2017-11-01,0,0.047700837,0
75,2017-11-01,2017-12-01,0,0.03749936,0
75,2017-12-01,2018-01-01,0,0.02930517,0
75,2018-01-01,2018-02-01,0,0.02694539,0
75,2018-02-01,2018-03-01,0,0.027562179,0
75,2018-03-01,2018-04-01,0,0.0075969524,0
75,2018-04-01,2018-05-01,0,0.04398091,0
75,2018-05-01,2018-06-01,0,0.0483354,0
75,2018-06-01,2018-07-01,0,0.075317435,0
75,2018-07-01,2018-08-01,0,0.07384073,0
75,2018-08-01,2018-09-01,0,0.120031334,0
75,2018-09-01,2018-10-01,0,0.080456346,0
75,2018-10-01,2018-11-01,0,0.048560347,0
75,2018-11-01,2018-12-01,0,0.04806012,0
75,2018-12-01,2019-01-01,0,0.023182407,0
75,2019-01-01,2019-02-01,0,0.03472222,0
75,2019-02-01,2019-03-01,0,0.02681292,0
75,2019-03-01,2019-04-01,0,0.0123474,0
75,2019-04-01,2019-05-01,0,0.02593051,0
75,2019-05-01,2019-06-01,0,0.027845662,0
75,2019-06-01,2019-07-01,0,0.050049663,0
75,2019-07-01,2019-08-01,0,0.05465956,0
75,2019-08-01,2019-09-01,0,0.1268592,0
75,2019-09-01,2019-10-01,0,0.050949235,0
75,2019-10-01,2019-11-01,0,0.044568308,0
75,2019-11-01,2019-12-01,0,0.039873738,0
75,2019-12-01,2020-01-01,0,0.027845662,0
75,2020-01-01,2020-02-01,0,0.014245201,0
75,2020-02-01,2020-03-01,0,0.017374655,0
75,2020-03-01,2020-04-01,0,0.006607441,0
75,2020-04-01,2020-05-01,0,0.0060831215,0
75,2020-05-01,2020-06-01,0,0.0039680367,0
75,2020-06-01,2020-07-01,0,0.022236964,0
75,2020-07-01,2020-08-01,0,0.0067865495,0
75,2020-08-01,2020-09-01,0,0.017697886,0
75,2020-09-01,2020-10-01,0,0.02310318,0
75,2020-10-01,2020-11-01,0,0.01318259,0
75,2020-11-01,2020-12-01,0,0.021266196,0
75,2020-12-01,2021-01-01,0,0.025054263,0
75,2021-01-01,2021-02-01,0,0.016105285,0
75,2021-02-01,2021-03-01,0,0.012236082,0
75,2021-03-01,2021-04-01,0,0.0012345267,0
75,2021-04-01,2021-05-01,0,0.006267844,0
75,2021-05-01,2021-06-01,0,0.0060063764,0
75,2021-06-01,2021-07-01,0,0.011831855,0
75,2021-07-01,2021-08-01,0,0.013522897,0
75,2021-08-01,2021-09-01,0,0.014245201,0
75,2021-09-01,2021-10-01,0,0.0115051335,0
75,2021-10-01,2021-11-01,0,0.009528924,0
75,2021-11-01,2021-12-01,0,0.0137425335,0
75,2021-12-01,2022-01-01,0,0.006267844,0
75,2022-01-01,2022-02-01,0,0.006267844,0
75,2022-02-01,2022-03-01,0,0.0046788724,0
75,2022-03-01,2022-04-01,0,0.0012676391,0
75,2022-04-01,2022-05-01,0,0.0062422594,0
75,2022-05-01,2022-06-01,0,0.0062921946,0
75,2022-06-01,2022-07-01,0,0.011831855,0
75,2022-07-01,2022-08-01,0,0.009685869,0
75,2022-08-01,2022-09-01,0,0.008741801,0
75,2022-09-01,2022-10-01,0,0.026215611,0
75,2022-10-01,2022-11-01,0,0.018221525,0
75,2022-11-01,2022-12-01,0,0.023433674,0
76,2015-02-01,2015-03-01,0,0.0007178717,0
76,2015-03-01,2015-04-01,0,0.0007178717,0
76,2015-04-01,2015-05-01,0,0.0007178717,0
76,2015-05-01,2015-06-01,0,0.0015584537,0
76,2015-06-01,2015-07-01,0,0.0008986703,0
76,2015-07-01,2015-08-01,0,0.0023685507,0
76,2015-08-01,2015-09-01,0,0.0015584537,0
76,2015-09-01,2015-10-01,0,0.0015584537,0
76,2015-10-01,2015-11-01,0,0.00084972766,0
76,2015-11-01,2015-12-01,0,0.0012204563,0
76,2015-12-01,2016-01-01,0,0.0022193664,0
76,2016-01-01,2016-02-01,0,0.0007566048,0
76,2016-02-01,2016-03-01,0,0.0008986703,0
76,2016-03-01,2016-04-01,0,0.0007178717,0
76,2016-04-01,2016-05-01,0,0.0007178717,0
76,2016-05-01,2016-06-01,0,0.0012785443,0
76,2016-06-01,2016-07-01,0,0.0015584537,0
76,2016-07-01,2016-08-01,0,0.0015584537,0
76,2016-08-01,2016-09-01,0,0.0023685507,0
76,2016-09-01,2016-10-01,0,0.0015584537,0
76,2016-10-01,2016-11-01,0,0.0015584537,0
76,2016-11-01,2016-12-01,0,0.0012785443,0
76,2016-12-01,2017-01-01,0,0.0021057844,0
76,2017-01-01,2017-02-01,0,0.0007178717,0
76,2017-02-01,2017-03-01,0,0.0015584537,0
76,2017-03-01,2017-04-01,0,0.00084972766,0
76,2017-04-01,2017-05-01,0,0.0007178717,0
76,2017-05-01,2017-06-01,0,0.0007566048,0
76,2017-06-01,2017-07-01,0,0.0015584537,0
76,2017-07-01,2017-08-01,0,0.0007178717,0
76,2017-08-01,2017-09-01,0,0.0015584537,0
76,2017-09-01,2017-10-01,0,0.0015584537,0
76,2017-10-01,2017-11-01,0,0.0022193664,0
76,2017-11-01,2017-12-01,0,0.0015794158,0
76,2017-12-01,2018-01-01,0,0.0024661382,0
76,2018-01-01,2018-02-01,0,0.0021057844,0
76,2018-02-01,2018-03-01,0,0.0022052221,0
76,2018-03-01,2018-04-01,0,0.0012204563,0
76,2018-04-01,2018-05-01,0,0.0021057844,0
76,2018-05-01,2018-06-01,0,0.0023244957,0
76,2018-06-01,2018-07-01,0,0.0022052221,0
76,2018-07-01,2018-08-01,0,0.0015584537,0
76,2018-08-01,2018-09-01,0,0.0023685507,0
76,2018-09-01,2018-10-01,0,0.0015584537,0
76,2018-10-01,2018-11-01,0,0.0015584537,0
76,2018-11-01,2018-12-01,0,0.0024661382,0
76,2018-12-01,2019-01-01,0,0.0015584537,0
76,2019-01-01,2019-02-01,0,0.00084972766,0
76,2019-02-01,2019-03-01,0,0.0012204563,0
76,2019-03-01,2019-04-01,0,0.0015584537,0
76,2019-04-01,2019-05-01,0,0.0015584537,0
76,2019-05-01,2019-06-01,0,0.0015584537,0
76,2019-06-01,2019-07-01,0,0.0015584537,0
76,2019-07-01,2019-08-01,0,0.0021057844,0
76,2019-08-01,2019-09-01,0,0.0024661382,0
76,2019-09-01,2019-10-01,0,0.0015584537,0
76,2019-10-01,2019-11-01,0,0.0007541699,0
76,2019-11-01,2019-12-01,0,0.0012204563,0
76,2019-12-01,2020-01-01,0,0.0015584537,0
76,2020-01-01,2020-02-01,0,0.0019185443,0
76,2020-02-01,2020-03-01,0,0.0019548072,0
76,2020-03-01,2020-04-01,0,0.0020761173,0
76,2020-04-01,2020-05-01,0,0.0028432382,0
76,2020-05-01,2020-06-01,0,0.002021929,0
76,2020-06-01,2020-07-01,0,0.0015731482,0
76,2020-07-01,2020-08-01,0,0.0026970315,0
76,2020-08-01,2020-09-01,0,0.0034089407,0
76,2020-09-01,2020-10-01,0,0.0034089407,0
76,2020-10-01,2020-11-01,0,0.0028432382,0
76,2020-11-01,2020-12-01,0,0.0019185443,0
76,2020-12-01,2021-01-01,0,0.004503375,0
76,2021-01-01,2021-02-01,0,0.0025199363,0
76,2021-02-01,2021-03-01,0,0.0019250372,0
76,2021-03-01,2021-04-01,0,0.002021929,0
76,2021-04-01,2021-05-01,0,0.002021929,0
76,2021-05-01,2021-06-01,0,0.0020154305,0
76,2021-06-01,2021-07-01,0,0.0018331829,0
76,2021-07-01,2021-08-01,0,0.0024802857,0
76,2021-08-01,2021-09-01,0,0.0034089407,0
76,2021-09-01,2021-10-01,0,0.0034089407,0
76,2021-10-01,2021-11-01,0,0.0034089407,0
76,2021-11-01,2021-12-01,0,0.0048053493,0
76,2021-12-01,2022-01-01,0,0.0048053493,0
76,2022-01-01,2022-02-01,0,0.0028432382,0
76,2022-02-01,2022-03-01,0,0.0030715563,0
76,2022-03-01,2022-04-01,0,0.0021955424,0
76,2022-04-01,2022-05-01,0,0.0019185443,0
76,2022-05-01,2022-06-01,0,0.0034089407,0
76,2022-06-01,2022-07-01,0,0.0044747395,0
76,2022-07-01,2022-08-01,0,0.0050028306,0
76,2022-08-01,2022-09-01,0,0.0028432382,0
76,2022-09-01,2022-10-01,0,0.0015731482,0
76,2022-10-01,2022-11-01,0,0.0034089407,0
76,2022-11-01,2022-12-01,0,0.0049723065,0
77,2015-02-01,2015-03-01,0,0.037879635,0
77,2015-03-01,2015-04-01,0,0.009850623,0
77,2015-04-01,2015-05-01,0,0.05219909,0
77,2015-05-01,2015-06-01,0,0.059021436,0
77,2015-06-01,2015-07-01,0,0.074000895,0
77,2015-07-01,2015-08-01,0,0.114189506,0
77,2015-08-01,2015-09-01,0,0.10572527,0
77,2015-09-01,2015-10-01,0,0.10572527,0
77,2015-10-01,2015-11-01,0,0.09315107,0
77,2015-11-01,2015-12-01,0,0.06833362,0
77,2015-12-01,2016-01-01,0,0.04595913,0
77,2016-01-01,2016-02-01,0,0.06837723,0
77,2016-02-01,2016-03-01,0,0.07999861,0
77,2016-03-01,2016-04-01,0,0.022810765,0
77,2016-04-01,2016-05-01,0,0.09989593,0
77,2016-05-01,2016-06-01,0,0.05219909,0
77,2016-06-01,2016-07-01,0,0.09989593,0
77,2016-07-01,2016-08-01,0,0.1245666,0
77,2016-08-01,2016-09-01,0,0.11547797,0
77,2016-09-01,2016-10-01,0,0.07162199,0
77,2016-10-01,2016-11-01,0,0.101041466,0
77,2016-11-01,2016-12-01,0,0.10365989,0
77,2016-12-01,2017-01-01,0,0.09357051,0
77,2017-01-01,2017-02-01,0,0.05168086,0
77,2017-02-01,2017-03-01,0,0.09357051,0
77,2017-03-01,2017-04-01,0,0.04269216,0
77,2017-04-01,2017-05-01,0,0.05960865,0
77,2017-05-01,2017-06-01,0,0.09357051,0
77,2017-06-01,2017-07-01,0,0.10572527,0
77,2017-07-01,2017-08-01,0,0.12074106,0
77,2017-08-01,2017-09-01,0,0.1838846,0
77,2017-09-01,2017-10-01,0,0.21051845,0
77,2017-10-01,2017-11-01,0,0.17469105,0
77,2017-11-01,2017-12-01,0,0.20075135,0
77,2017-12-01,2018-01-01,0,0.11305163,0
77,2018-01-01,2018-02-01,0,0.06525711,0
77,2018-02-01,2018-03-01,0,0.077565186,0
77,2018-03-01,2018-04-01,0,0.04562539,0
77,2018-04-01,2018-05-01,0,0.10706665,0
77,2018-05-01,2018-06-01,0,0.057467524,0
77,2018-06-01,2018-07-01,0,0.101041466,0
77,2018-07-01,2018-08-01,0,0.10572527,0
77,2018-08-01,2018-09-01,0,0.2002204,0
77,2018-09-01,2018-10-01,0,0.21051845,0
77,2018-10-01,2018-11-01,0,0.09315107,0
77,2018-11-01,2018-12-01,0,0.17469105,0
77,2018-12-01,2019-01-01,0,0.060254686,0
77,2019-01-01,2019-02-01,0,0.10110568,0
77,2019-02-01,2019-03-01,0,0.068576925,0
77,2019-03-01,2019-04-01,0,0.058396306,0
77,2019-04-01,2019-05-01,0,0.059021436,0
77,2019-05-01,2019-06-01,0,0.05960865,0
77,2019-06-01,2019-07-01,0,0.17469105,0
77,2019-07-01,2019-08-01,0,0.17469105,0
77,2019-08-01,2019-09-01,0,0.20075135,0
77,2019-09-01,2019-10-01,0,0.17779739,0
77,2019-10-01,2019-11-01,0,0.101041466,0
77,2019-11-01,2019-12-01,0,0.08230887,0
77,2019-12-01,2020-01-01,0,0.09062632,0
77,2020-01-01,2020-02-01,0,0.101041466,0
77,2020-02-01,2020-03-01,0,0.08230887,0
77,2020-03-01,2020-04-01,0,0.06644979,0
77,2020-04-01,2020-05-01,0,0.021133462,0
77,2020-05-01,2020-06-01,0,0.005243687,0
77,2020-06-01,2020-07-01,0,0.008749722,0
77,2020-07-01,2020-08-01,0,0.068576925,0
77,2020-08-01,2020-09-01,0,0.11547797,0
77,2020-09-01,2020-10-01,0,0.10572527,0
77,2020-10-01,2020-11-01,0,0.060254686,0
77,2020-11-01,2020-12-01,0,0.064415425,0
77,2020-12-01,2021-01-01,0,0.021133462,0
77,2021-01-01,2021-02-01,0,0.0436405,0
77,2021-02-01,2021-03-01,0,0.050309874,0
77,2021-03-01,2021-04-01,0,0.0044864123,0
77,2021-04-01,2021-05-01,0,0.02446362,0
77,2021-05-01,2021-06-01,0,0.049899146,0
77,2021-06-01,2021-07-01,0,0.04269216,0
77,2021-07-01,2021-08-01,0,0.09456122,0
77,2021-08-01,2021-09-01,0,0.05561223,0
77,2021-09-01,2021-10-01,0,0.09357051,0
77,2021-10-01,2021-11-01,0,0.07025065,0
77,2021-11-01,2021-12-01,0,0.101041466,0
77,2021-12-01,2022-01-01,0,0.088353045,0
77,2022-01-01,2022-02-01,0,0.06837723,0
77,2022-02-01,2022-03-01,0,0.08230887,0
77,2022-03-01,2022-04-01,0,0.00978773,0
77,2022-04-01,2022-05-01,0,0.046788804,0
77,2022-05-01,2022-06-01,0,0.08589453,0
77,2022-06-01,2022-07-01,0,0.17469105,0
77,2022-07-01,2022-08-01,0,0.1838846,0
77,2022-08-01,2022-09-01,0,0.20742618,0
77,2022-09-01,2022-10-01,0,0.29337573,0
77,2022-10-01,2022-11-01,0,0.39174652,0
77,2022-11-01,2022-12-01,0,0.23696949,0
