community_area,month,count_total,count_arrest,arrest_rate
1,2015-01-01,297,297,1.0
1,2015-02-01,246,246,1.0
1,2015-03-01,293,293,1.0
1,2015-04-01,238,238,1.0
1,2015-05-01,332,332,1.0
1,2015-06-01,298,298,1.0
1,2015-07-01,361,361,1.0
1,2015-08-01,314,314,1.0
1,2015-09-01,346,346,1.0
1,2015-10-01,337,337,1.0
1,2015-11-01,261,261,1.0
1,2015-12-01,278,278,1.0
1,2016-01-01,312,312,1.0
1,2016-02-01,270,270,1.0
1,2016-03-01,307,307,1.0
1,2016-04-01,318,318,1.0
1,2016-05-01,318,318,1.0
1,2016-06-01,321,321,1.0
1,2016-07-01,314,314,1.0
1,2016-08-01,330,330,1.0
1,2016-09-01,315,315,1.0
1,2016-10-01,319,319,1.0
1,2016-11-01,298,298,1.0
1,2016-12-01,258,258,1.0
1,2017-01-01,294,294,1.0
1,2017-02-01,296,296,1.0
1,2017-03-01,293,293,1.0
1,2017-04-01,337,337,1.0
1,2017-05-01,371,371,1.0
1,2017-06-01,351,351,1.0
1,2017-07-01,415,415,1.0
1,2017-08-01,387,387,1.0
1,2017-09-01,358,358,1.0
1,2017-10-01,408,408,1.0
1,2017-11-01,366,366,1.0
1,2017-12-01,292,292,1.0
1,2018-01-01,284,284,1.0
1,2018-02-01,251,251,1.0
1,2018-03-01,314,314,1.0
1,2018-04-01,263,263,1.0
1,2018-05-01,311,311,1.0
1,2018-06-01,344,344,1.0
1,2018-07-01,400,400,1.0
1,2018-08-01,404,404,1.0
1,2018-09-01,351,351,1.0
1,2018-10-01,355,355,1.0
1,2018-11-01,279,279,1.0
1,2018-12-01,295,295,1.0
1,2019-01-01,294,294,1.0
1,2019-02-01,287,287,1.0
1,2019-03-01,312,312,1.0
1,2019-04-01,262,262,1.0
1,2019-05-01,399,399,1.0
1,2019-06-01,334,334,1.0
1,2019-07-01,388,388,1.0
1,2019-08-01,403,403,1.0
1,2019-09-01,380,380,1.0
1,2019-10-01,349,349,1.0
1,2019-11-01,301,301,1.0
1,2019-12-01,358,358,1.0
1,2020-01-01,325,325,1.0
1,2020-02-01,294,294,1.0
1,2020-03-01,255,255,1.0
1,2020-04-01,194,194,1.0
1,2020-05-01,249,249,1.0
1,2020-06-01,288,288,1.0
1,2020-07-01,294,294,1.0
1,2020-08-01,318,318,1.0
1,2020-09-01,284,284,1.0
1,2020-10-01,306,306,1.0
1,2020-11-01,246,246,1.0
1,2020-12-01,254,254,1.0
1,2021-01-01,256,256,1.0
1,2021-02-01,191,191,1.0
1,2021-03-01,258,258,1.0
1,2021-04-01,257,257,1.0
1,2021-05-01,312,312,1.0
1,2021-06-01,312,312,1.0
1,2021-07-01,253,253,1.0
1,2021-08-01,315,315,1.0
1,2021-09-01,304,304,1.0
1,2021-10-01,303,303,1.0
1,2021-11-01,321,321,1.0
1,2021-12-01,309,309,1.0
1,2022-01-01,288,288,1.0
1,2022-02-01,275,275,1.0
1,2022-03-01,256,256,1.0
1,2022-04-01,297,297,1.0
1,2022-05-01,362,362,1.0
1,2022-06-01,378,378,1.0
1,2022-07-01,401,401,1.0
1,2022-08-01,388,388,1.0
1,2022-09-01,416,416,1.0
1,2022-10-01,373,373,1.0
1,2022-11-01,301,301,1.0
1,2022-12-01,325,325,1.0
1,2023-01-01,330,330,1.0
1,2023-02-01,321,321,1.0
1,2023-03-01,365,365,1.0
1,2023-04-01,365,365,1.0
1,2023-05-01,394,394,1.0
1,2023-06-01,415,415,1.0
1,2023-07-01,373,373,1.0
1,2023-08-01,426,426,1.0
1,2023-09-01,392,392,1.0
1,2023-10-01,399,399,1.0
1,2023-11-01,431,431,1.0
1,2023-12-01,436,436,1.0
1,2024-01-01,425,425,1.0
1,2024-02-01,391,391,1.0
1,2024-03-01,390,390,1.0
1,2024-04-01,389,389,1.0
1,2024-05-01,406,406,1.0
1,2024-06-01,346,346,1.0
1,2024-07-01,369,369,1.0
1,2024-08-01,333,333,1.0
1,2024-09-01,359,359,1.0
1,2024-10-01,333,333,1.0
1,2024-11-01,327,327,1.0
1,2024-12-01,280,280,1.0
1,2025-01-01,325,325,1.0
1,2025-02-01,301,301,1.0
1,2025-03-01,319,319,1.0
1,2025-04-01,294,294,1.0
1,2025-05-01,321,321,1.0
1,2025-06-01,324,324,1.0
1,2025-07-01,314,314,1.0
1,2025-08-01,354,354,1.0
1,2025-09-01,346,346,1.0
1,2025-10-01,300,300,1.0
1,2025-11-01,269,269,1.0
1,2025-12-01,267,267,1.0
2,2015-01-01,252,252,1.0
2,2015-02-01,223,223,1.0
2,2015-03-01,240,240,1.0
2,2015-04-01,240,240,1.0
2,2015-05-01,283,283,1.0
2,2015-06-01,262,262,1.0
2,2015-07-01,261,261,1.0
2,2015-08-01,294,294,1.0
2,2015-09-01,246,246,1.0
2,2015-10-01,268,268,1.0
2,2015-11-01,277,277,1.0
2,2015-12-01,280,280,1.0
2,2016-01-01,256,256,1.0
2,2016-02-01,209,209,1.0
2,2016-03-01,286,286,1.0
2,2016-04-01,226,226,1.0
2,2016-05-01,272,272,1.0
2,2016-06-01,309,309,1.0
2,2016-07-01,287,287,1.0
2,2016-08-01,305,305,1.0
2,2016-09-01,279,279,1.0
2,2016-10-01,317,317,1.0
2,2016-11-01,303,303,1.0
2,2016-12-01,250,250,1.0
2,2017-01-01,308,308,1.0
2,2017-02-01,236,236,1.0
2,2017-03-01,290,290,1.0
2,2017-04-01,267,267,1.0
2,2017-05-01,298,298,1.0
2,2017-06-01,299,299,1.0
2,2017-07-01,327,327,1.0
2,2017-08-01,335,335,1.0
2,2017-09-01,318,318,1.0
2,2017-10-01,311,311,1.0
2,2017-11-01,296,296,1.0
2,2017-12-01,324,324,1.0
2,2018-01-01,292,292,1.0
2,2018-02-01,241,241,1.0
2,2018-03-01,309,309,1.0
2,2018-04-01,232,232,1.0
2,2018-05-01,305,305,1.0
2,2018-06-01,283,283,1.0
2,2018-07-01,358,358,1.0
2,2018-08-01,337,337,1.0
2,2018-09-01,272,272,1.0
2,2018-10-01,322,322,1.0
2,2018-11-01,299,299,1.0
2,2018-12-01,309,309,1.0
2,2019-01-01,253,253,1.0
2,2019-02-01,213,213,1.0
2,2019-03-01,268,268,1.0
2,2019-04-01,270,270,1.0
2,2019-05-01,350,350,1.0
2,2019-06-01,342,342,1.0
2,2019-07-01,347,347,1.0
2,2019-08-01,332,332,1.0
2,2019-09-01,281,281,1.0
2,2019-10-01,270,270,1.0
2,2019-11-01,271,271,1.0
2,2019-12-01,293,293,1.0
2,2020-01-01,273,273,1.0
2,2020-02-01,226,226,1.0
2,2020-03-01,266,266,1.0
2,2020-04-01,177,177,1.0
2,2020-05-01,204,204,1.0
2,2020-06-01,240,240,1.0
2,2020-07-01,307,307,1.0
2,2020-08-01,314,314,1.0
2,2020-09-01,294,294,1.0
2,2020-10-01,296,296,1.0
2,2020-11-01,255,255,1.0
2,2020-12-01,258,258,1.0
2,2021-01-01,244,244,1.0
2,2021-02-01,203,203,1.0
2,2021-03-01,228,228,1.0
2,2021-04-01,230,230,1.0
2,2021-05-01,216,216,1.0
2,2021-06-01,268,268,1.0
2,2021-07-01,239,239,1.0
2,2021-08-01,276,276,1.0
2,2021-09-01,301,301,1.0
2,2021-10-01,268,268,1.0
2,2021-11-01,243,243,1.0
2,2021-12-01,303,303,1.0
2,2022-01-01,320,320,1.0
2,2022-02-01,210,210,1.0
2,2022-03-01,282,282,1.0
2,2022-04-01,292,292,1.0
2,2022-05-01,362,362,1.0
2,2022-06-01,325,325,1.0
2,2022-07-01,326,326,1.0
2,2022-08-01,376,376,1.0
2,2022-09-01,377,377,1.0
2,2022-10-01,404,404,1.0
2,2022-11-01,355,355,1.0
2,2022-12-01,345,345,1.0
2,2023-01-01,314,314,1.0
2,2023-02-01,297,297,1.0
2,2023-03-01,284,284,1.0
2,2023-04-01,259,259,1.0
2,2023-05-01,336,336,1.0
2,2023-06-01,330,330,1.0
2,2023-07-01,396,396,1.0
2,2023-08-01,391,391,1.0
2,2023-09-01,384,384,1.0
2,2023-10-01,326,326,1.0
2,2023-11-01,315,315,1.0
2,2023-12-01,393,393,1.0
2,2024-01-01,314,314,1.0
2,2024-02-01,326,326,1.0
2,2024-03-01,339,339,1.0
2,2024-04-01,323,323,1.0
2,2024-05-01,309,309,1.0
2,2024-06-01,300,300,1.0
2,2024-07-01,331,331,1.0
2,2024-08-01,310,310,1.0
2,2024-09-01,353,353,1.0
2,2024-10-01,307,307,1.0
2,2024-11-01,278,278,1.0
2,2024-12-01,284,284,1.0
2,2025-01-01,289,289,1.0
2,2025-02-01,205,205,1.0
2,2025-03-01,244,244,1.0
2,2025-04-01,238,238,1.0
2,2025-05-01,243,243,1.0
2,2025-06-01,264,264,1.0
2,2025-07-01,318,318,1.0
2,2025-08-01,304,304,1.0
2,2025-09-01,340,340,1.0
2,2025-10-01,301,301,1.0
2,2025-11-01,275,275,1.0
2,2025-12-01,225,225,1.0
3,2015-01-01,247,247,1.0
3,2015-02-01,208,208,1.0
3,2015-03-01,278,278,1.0
3,2015-04-01,312,312,1.0
3,2015-05-01,316,316,1.0
3,2015-06-01,316,316,1.0
3,2015-07-01,339,339,1.0
3,2015-08-01,381,381,1.0
3,2015-09-01,370,370,1.0
3,2015-10-01,322,322,1.0
3,2015-11-01,298,298,1.0
3,2015-12-01,284,284,1.0
3,2016-01-01,281,281,1.0
3,2016-02-01,240,240,1.0
3,2016-03-01,304,304,1.0
3,2016-04-01,268,268,1.0
3,2016-05-01,308,308,1.0
3,2016-06-01,371,371,1.0
3,2016-07-01,315,315,1.0
3,2016-08-01,310,310,1.0
3,2016-09-01,327,327,1.0
3,2016-10-01,338,338,1.0
3,2016-11-01,276,276,1.0
3,2016-12-01,237,237,1.0
3,2017-01-01,265,265,1.0
3,2017-02-01,258,258,1.0
3,2017-03-01,246,246,1.0
3,2017-04-01,292,292,1.0
3,2017-05-01,306,306,1.0
3,2017-06-01,299,299,1.0
3,2017-07-01,348,348,1.0
3,2017-08-01,336,336,1.0
3,2017-09-01,341,341,1.0
3,2017-10-01,330,330,1.0
3,2017-11-01,266,266,1.0
3,2017-12-01,287,287,1.0
3,2018-01-01,309,309,1.0
3,2018-02-01,247,247,1.0
3,2018-03-01,248,248,1.0
3,2018-04-01,259,259,1.0
3,2018-05-01,291,291,1.0
3,2018-06-01,330,330,1.0
3,2018-07-01,361,361,1.0
3,2018-08-01,349,349,1.0
3,2018-09-01,328,328,1.0
3,2018-10-01,321,321,1.0
3,2018-11-01,310,310,1.0
3,2018-12-01,324,324,1.0
3,2019-01-01,268,268,1.0
3,2019-02-01,249,249,1.0
3,2019-03-01,249,249,1.0
3,2019-04-01,266,266,1.0
3,2019-05-01,309,309,1.0
3,2019-06-01,314,314,1.0
3,2019-07-01,346,346,1.0
3,2019-08-01,293,293,1.0
3,2019-09-01,297,297,1.0
3,2019-10-01,239,239,1.0
3,2019-11-01,257,257,1.0
3,2019-12-01,290,290,1.0
3,2020-01-01,252,252,1.0
3,2020-02-01,262,262,1.0
3,2020-03-01,190,190,1.0
3,2020-04-01,203,203,1.0
3,2020-05-01,210,210,1.0
3,2020-06-01,273,273,1.0
3,2020-07-01,292,292,1.0
3,2020-08-01,281,281,1.0
3,2020-09-01,265,265,1.0
3,2020-10-01,296,296,1.0
3,2020-11-01,209,209,1.0
3,2020-12-01,230,230,1.0
3,2021-01-01,256,256,1.0
3,2021-02-01,186,186,1.0
3,2021-03-01,223,223,1.0
3,2021-04-01,250,250,1.0
3,2021-05-01,266,266,1.0
3,2021-06-01,261,261,1.0
3,2021-07-01,303,303,1.0
3,2021-08-01,312,312,1.0
3,2021-09-01,300,300,1.0
3,2021-10-01,308,308,1.0
3,2021-11-01,307,307,1.0
3,2021-12-01,253,253,1.0
3,2022-01-01,257,257,1.0
3,2022-02-01,229,229,1.0
3,2022-03-01,291,291,1.0
3,2022-04-01,277,277,1.0
3,2022-05-01,281,281,1.0
3,2022-06-01,396,396,1.0
3,2022-07-01,364,364,1.0
3,2022-08-01,394,394,1.0
3,2022-09-01,407,407,1.0
3,2022-10-01,384,384,1.0
3,2022-11-01,315,315,1.0
3,2022-12-01,290,290,1.0
3,2023-01-01,367,367,1.0
3,2023-02-01,311,311,1.0
3,2023-03-01,339,339,1.0
3,2023-04-01,357,357,1.0
3,2023-05-01,386,386,1.0
3,2023-06-01,421,421,1.0
3,2023-07-01,456,456,1.0
3,2023-08-01,437,437,1.0
3,2023-09-01,455,455,1.0
3,2023-10-01,429,429,1.0
3,2023-11-01,321,321,1.0
3,2023-12-01,333,333,1.0
3,2024-01-01,320,320,1.0
3,2024-02-01,317,317,1.0
3,2024-03-01,357,357,1.0
3,2024-04-01,377,377,1.0
3,2024-05-01,419,419,1.0
3,2024-06-01,421,421,1.0
3,2024-07-01,417,417,1.0
3,2024-08-01,411,411,1.0
3,2024-09-01,419,419,1.0
3,2024-10-01,374,374,1.0
3,2024-11-01,337,337,1.0
3,2024-12-01,327,327,1.0
3,2025-01-01,298,298,1.0
3,2025-02-01,301,301,1.0
3,2025-03-01,309,309,1.0
3,2025-04-01,360,360,1.0
3,2025-05-01,328,328,1.0
3,2025-06-01,412,412,1.0
3,2025-07-01,418,418,1.0
3,2025-08-01,391,391,1.0
3,2025-09-01,383,383,1.0
3,2025-10-01,369,369,1.0
3,2025-11-01,305,305,1.0
3,2025-12-01,267,267,1.0
4,2015-01-01,157,157,1.0
4,2015-02-01,110,110,1.0
4,2015-03-01,135,135,1.0
4,2015-04-01,134,134,1.0
4,2015-05-01,158,158,1.0
4,2015-06-01,180,180,1.0
4,2015-07-01,150,150,1.0
4,2015-08-01,136,136,1.0
4,2015-09-01,171,171,1.0
4,2015-10-01,145,145,1.0
4,2015-11-01,142,142,1.0
4,2015-12-01,155,155,1.0
4,2016-01-01,140,140,1.0
4,2016-02-01,145,145,1.0
4,2016-03-01,156,156,1.0
4,2016-04-01,151,151,1.0
4,2016-05-01,150,150,1.0
4,2016-06-01,205,205,1.0
4,2016-07-01,177,177,1.0
4,2016-08-01,195,195,1.0
4,2016-09-01,145,145,1.0
4,2016-10-01,187,187,1.0
4,2016-11-01,163,163,1.0
4,2016-12-01,176,176,1.0
4,2017-01-01,164,164,1.0
4,2017-02-01,139,139,1.0
4,2017-03-01,133,133,1.0
4,2017-04-01,118,118,1.0
4,2017-05-01,178,178,1.0
4,2017-06-01,161,161,1.0
4,2017-07-01,173,173,1.0
4,2017-08-01,215,215,1.0
4,2017-09-01,198,198,1.0
4,2017-10-01,188,188,1.0
4,2017-11-01,176,176,1.0
4,2017-12-01,169,169,1.0
4,2018-01-01,173,173,1.0
4,2018-02-01,148,148,1.0
4,2018-03-01,140,140,1.0
4,2018-04-01,153,153,1.0
4,2018-05-01,177,177,1.0
4,2018-06-01,167,167,1.0
4,2018-07-01,164,164,1.0
4,2018-08-01,187,187,1.0
4,2018-09-01,187,187,1.0
4,2018-10-01,167,167,1.0
4,2018-11-01,150,150,1.0
4,2018-12-01,136,136,1.0
4,2019-01-01,131,131,1.0
4,2019-02-01,123,123,1.0
4,2019-03-01,110,110,1.0
4,2019-04-01,145,145,1.0
4,2019-05-01,156,156,1.0
4,2019-06-01,179,179,1.0
4,2019-07-01,168,168,1.0
4,2019-08-01,192,192,1.0
4,2019-09-01,133,133,1.0
4,2019-10-01,170,170,1.0
4,2019-11-01,154,154,1.0
4,2019-12-01,151,151,1.0
4,2020-01-01,170,170,1.0
4,2020-02-01,135,135,1.0
4,2020-03-01,138,138,1.0
4,2020-04-01,138,138,1.0
4,2020-05-01,134,134,1.0
4,2020-06-01,155,155,1.0
4,2020-07-01,194,194,1.0
4,2020-08-01,187,187,1.0
4,2020-09-01,181,181,1.0
4,2020-10-01,179,179,1.0
4,2020-11-01,125,125,1.0
4,2020-12-01,158,158,1.0
4,2021-01-01,150,150,1.0
4,2021-02-01,114,114,1.0
4,2021-03-01,131,131,1.0
4,2021-04-01,141,141,1.0
4,2021-05-01,137,137,1.0
4,2021-06-01,149,149,1.0
4,2021-07-01,126,126,1.0
4,2021-08-01,127,127,1.0
4,2021-09-01,161,161,1.0
4,2021-10-01,197,197,1.0
4,2021-11-01,129,129,1.0
4,2021-12-01,142,142,1.0
4,2022-01-01,134,134,1.0
4,2022-02-01,96,96,1.0
4,2022-03-01,148,148,1.0
4,2022-04-01,142,142,1.0
4,2022-05-01,174,174,1.0
4,2022-06-01,161,161,1.0
4,2022-07-01,175,175,1.0
4,2022-08-01,208,208,1.0
4,2022-09-01,209,209,1.0
4,2022-10-01,205,205,1.0
4,2022-11-01,167,167,1.0
4,2022-12-01,205,205,1.0
4,2023-01-01,195,195,1.0
4,2023-02-01,155,155,1.0
4,2023-03-01,162,162,1.0
4,2023-04-01,153,153,1.0
4,2023-05-01,184,184,1.0
4,2023-06-01,190,190,1.0
4,2023-07-01,180,180,1.0
4,2023-08-01,179,179,1.0
4,2023-09-01,189,189,1.0
4,2023-10-01,213,213,1.0
4,2023-11-01,212,212,1.0
4,2023-12-01,205,205,1.0
4,2024-01-01,163,163,1.0
4,2024-02-01,166,166,1.0
4,2024-03-01,177,177,1.0
4,2024-04-01,182,182,1.0
4,2024-05-01,180,180,1.0
4,2024-06-01,148,148,1.0
4,2024-07-01,175,175,1.0
4,2024-08-01,168,168,1.0
4,2024-09-01,178,178,1.0
4,2024-10-01,194,194,1.0
4,2024-11-01,159,159,1.0
4,2024-12-01,138,138,1.0
4,2025-01-01,158,158,1.0
4,2025-02-01,130,130,1.0
4,2025-03-01,135,135,1.0
4,2025-04-01,208,208,1.0
4,2025-05-01,136,136,1.0
4,2025-06-01,163,163,1.0
4,2025-07-01,162,162,1.0
4,2025-08-01,174,174,1.0
4,2025-09-01,177,177,1.0
4,2025-10-01,179,179,1.0
4,2025-11-01,136,136,1.0
4,2025-12-01,132,132,1.0
5,2015-01-01,112,112,1.0
5,2015-02-01,93,93,1.0
5,2015-03-01,105,105,1.0
5,2015-04-01,120,120,1.0
5,2015-05-01,107,107,1.0
5,2015-06-01,139,139,1.0
5,2015-07-01,126,126,1.0
5,2015-08-01,123,123,1.0
5,2015-09-01,116,116,1.0
5,2015-10-01,124,124,1.0
5,2015-11-01,113,113,1.0
5,2015-12-01,118,118,1.0
5,2016-01-01,108,108,1.0
5,2016-02-01,88,88,1.0
5,2016-03-01,122,122,1.0
5,2016-04-01,125,125,1.0
5,2016-05-01,99,99,1.0
5,2016-06-01,130,130,1.0
5,2016-07-01,120,120,1.0
5,2016-08-01,117,117,1.0
5,2016-09-01,119,119,1.0
5,2016-10-01,144,144,1.0
5,2016-11-01,116,116,1.0
5,2016-12-01,121,121,1.0
5,2017-01-01,96,96,1.0
5,2017-02-01,101,101,1.0
5,2017-03-01,102,102,1.0
5,2017-04-01,95,95,1.0
5,2017-05-01,149,149,1.0
5,2017-06-01,139,139,1.0
5,2017-07-01,138,138,1.0
5,2017-08-01,158,158,1.0
5,2017-09-01,116,116,1.0
5,2017-10-01,118,118,1.0
5,2017-11-01,102,102,1.0
5,2017-12-01,115,115,1.0
5,2018-01-01,110,110,1.0
5,2018-02-01,88,88,1.0
5,2018-03-01,107,107,1.0
5,2018-04-01,113,113,1.0
5,2018-05-01,106,106,1.0
5,2018-06-01,101,101,1.0
5,2018-07-01,128,128,1.0
5,2018-08-01,100,100,1.0
5,2018-09-01,126,126,1.0
5,2018-10-01,136,136,1.0
5,2018-11-01,108,108,1.0
5,2018-12-01,119,119,1.0
5,2019-01-01,100,100,1.0
5,2019-02-01,87,87,1.0
5,2019-03-01,124,124,1.0
5,2019-04-01,105,105,1.0
5,2019-05-01,86,86,1.0
5,2019-06-01,120,120,1.0
5,2019-07-01,94,94,1.0
5,2019-08-01,100,100,1.0
5,2019-09-01,108,108,1.0
5,2019-10-01,123,123,1.0
5,2019-11-01,113,113,1.0
5,2019-12-01,117,117,1.0
5,2020-01-01,113,113,1.0
5,2020-02-01,104,104,1.0
5,2020-03-01,94,94,1.0
5,2020-04-01,94,94,1.0
5,2020-05-01,71,71,1.0
5,2020-06-01,79,79,1.0
5,2020-07-01,96,96,1.0
5,2020-08-01,96,96,1.0
5,2020-09-01,108,108,1.0
5,2020-10-01,87,87,1.0
5,2020-11-01,115,115,1.0
5,2020-12-01,104,104,1.0
5,2021-01-01,100,100,1.0
5,2021-02-01,56,56,1.0
5,2021-03-01,75,75,1.0
5,2021-04-01,66,66,1.0
5,2021-05-01,83,83,1.0
5,2021-06-01,80,80,1.0
5,2021-07-01,81,81,1.0
5,2021-08-01,90,90,1.0
5,2021-09-01,100,100,1.0
5,2021-10-01,112,112,1.0
5,2021-11-01,92,92,1.0
5,2021-12-01,93,93,1.0
5,2022-01-01,87,87,1.0
5,2022-02-01,82,82,1.0
5,2022-03-01,102,102,1.0
5,2022-04-01,97,97,1.0
5,2022-05-01,102,102,1.0
5,2022-06-01,124,124,1.0
5,2022-07-01,124,124,1.0
5,2022-08-01,120,120,1.0
5,2022-09-01,128,128,1.0
5,2022-10-01,122,122,1.0
5,2022-11-01,130,130,1.0
5,2022-12-01,163,163,1.0
5,2023-01-01,112,112,1.0
5,2023-02-01,106,106,1.0
5,2023-03-01,144,144,1.0
5,2023-04-01,135,135,1.0
5,2023-05-01,99,99,1.0
5,2023-06-01,150,150,1.0
5,2023-07-01,132,132,1.0
5,2023-08-01,129,129,1.0
5,2023-09-01,130,130,1.0
5,2023-10-01,133,133,1.0
5,2023-11-01,117,117,1.0
5,2023-12-01,110,110,1.0
5,2024-01-01,85,85,1.0
5,2024-02-01,96,96,1.0
5,2024-03-01,110,110,1.0
5,2024-04-01,99,99,1.0
5,2024-05-01,132,132,1.0
5,2024-06-01,143,143,1.0
5,2024-07-01,118,118,1.0
5,2024-08-01,123,123,1.0
5,2024-09-01,127,127,1.0
5,2024-10-01,121,121,1.0
5,2024-11-01,116,116,1.0
5,2024-12-01,113,113,1.0
5,2025-01-01,89,89,1.0
5,2025-02-01,76,76,1.0
5,2025-03-01,98,98,1.0
5,2025-04-01,96,96,1.0
5,2025-05-01,89,89,1.0
5,2025-06-01,109,109,1.0
5,2025-07-01,121,121,1.0
5,2025-08-01,80,80,1.0
5,2025-09-01,109,109,1.0
5,2025-10-01,138,138,1.0
5,2025-11-01,113,113,1.0
5,2025-12-01,115,115,1.0
6,2015-01-01,381,381,1.0
6,2015-02-01,279,279,1.0
6,2015-03-01,400,400,1.0
6,2015-04-01,398,398,1.0
6,2015-05-01,457,457,1.0
6,2015-06-01,577,577,1.0
6,2015-07-01,505,505,1.0
6,2015-08-01,586,586,1.0
6,2015-09-01,578,578,1.0
6,2015-10-01,536,536,1.0
6,2015-11-01,429,429,1.0
6,2015-12-01,469,469,1.0
6,2016-01-01,476,476,1.0
6,2016-02-01,368,368,1.0
6,2016-03-01,448,448,1.0
6,2016-04-01,491,491,1.0
6,2016-05-01,499,499,1.0
6,2016-06-01,558,558,1.0
6,2016-07-01,525,525,1.0
6,2016-08-01,592,592,1.0
6,2016-09-01,618,618,1.0
6,2016-10-01,619,619,1.0
6,2016-11-01,502,502,1.0
6,2016-12-01,393,393,1.0
6,2017-01-01,453,453,1.0
6,2017-02-01,386,386,1.0
6,2017-03-01,388,388,1.0
6,2017-04-01,472,472,1.0
6,2017-05-01,490,490,1.0
6,2017-06-01,552,552,1.0
6,2017-07-01,558,558,1.0
6,2017-08-01,548,548,1.0
6,2017-09-01,515,515,1.0
6,2017-10-01,579,579,1.0
6,2017-11-01,377,377,1.0
6,2017-12-01,447,447,1.0
6,2018-01-01,417,417,1.0
6,2018-02-01,358,358,1.0
6,2018-03-01,423,423,1.0
6,2018-04-01,486,486,1.0
6,2018-05-01,484,484,1.0
6,2018-06-01,575,575,1.0
6,2018-07-01,569,569,1.0
6,2018-08-01,617,617,1.0
6,2018-09-01,564,564,1.0
6,2018-10-01,536,536,1.0
6,2018-11-01,417,417,1.0
6,2018-12-01,533,533,1.0
6,2019-01-01,402,402,1.0
6,2019-02-01,355,355,1.0
6,2019-03-01,454,454,1.0
6,2019-04-01,495,495,1.0
6,2019-05-01,525,525,1.0
6,2019-06-01,696,696,1.0
6,2019-07-01,551,551,1.0
6,2019-08-01,581,581,1.0
6,2019-09-01,535,535,1.0
6,2019-10-01,488,488,1.0
6,2019-11-01,410,410,1.0
6,2019-12-01,507,507,1.0
6,2020-01-01,428,428,1.0
6,2020-02-01,390,390,1.0
6,2020-03-01,338,338,1.0
6,2020-04-01,236,236,1.0
6,2020-05-01,345,345,1.0
6,2020-06-01,339,339,1.0
6,2020-07-01,423,423,1.0
6,2020-08-01,403,403,1.0
6,2020-09-01,372,372,1.0
6,2020-10-01,405,405,1.0
6,2020-11-01,325,325,1.0
6,2020-12-01,309,309,1.0
6,2021-01-01,298,298,1.0
6,2021-02-01,221,221,1.0
6,2021-03-01,293,293,1.0
6,2021-04-01,326,326,1.0
6,2021-05-01,355,355,1.0
6,2021-06-01,428,428,1.0
6,2021-07-01,494,494,1.0
6,2021-08-01,505,505,1.0
6,2021-09-01,480,480,1.0
6,2021-10-01,504,504,1.0
6,2021-11-01,455,455,1.0
6,2021-12-01,412,412,1.0
6,2022-01-01,326,326,1.0
6,2022-02-01,327,327,1.0
6,2022-03-01,418,418,1.0
6,2022-04-01,425,425,1.0
6,2022-05-01,488,488,1.0
6,2022-06-01,654,654,1.0
6,2022-07-01,654,654,1.0
6,2022-08-01,550,550,1.0
6,2022-09-01,559,559,1.0
6,2022-10-01,552,552,1.0
6,2022-11-01,461,461,1.0
6,2022-12-01,459,459,1.0
6,2023-01-01,456,456,1.0
6,2023-02-01,388,388,1.0
6,2023-03-01,459,459,1.0
6,2023-04-01,470,470,1.0
6,2023-05-01,547,547,1.0
6,2023-06-01,684,684,1.0
6,2023-07-01,595,595,1.0
6,2023-08-01,696,696,1.0
6,2023-09-01,619,619,1.0
6,2023-10-01,603,603,1.0
6,2023-11-01,524,524,1.0
6,2023-12-01,527,527,1.0
6,2024-01-01,433,433,1.0
6,2024-02-01,469,469,1.0
6,2024-03-01,525,525,1.0
6,2024-04-01,534,534,1.0
6,2024-05-01,582,582,1.0
6,2024-06-01,743,743,1.0
6,2024-07-01,687,687,1.0
6,2024-08-01,655,655,1.0
6,2024-09-01,587,587,1.0
6,2024-10-01,567,567,1.0
6,2024-11-01,522,522,1.0
6,2024-12-01,518,518,1.0
6,2025-01-01,444,444,1.0
6,2025-02-01,390,390,1.0
6,2025-03-01,474,474,1.0
6,2025-04-01,454,454,1.0
6,2025-05-01,520,520,1.0
6,2025-06-01,674,674,1.0
6,2025-07-01,618,618,1.0
6,2025-08-01,488,488,1.0
6,2025-09-01,511,511,1.0
6,2025-10-01,485,485,1.0
6,2025-11-01,471,471,1.0
6,2025-12-01,448,448,1.0
7,2015-01-01,257,257,1.0
7,2015-02-01,226,226,1.0
7,2015-03-01,305,305,1.0
7,2015-04-01,297,297,1.0
7,2015-05-01,348,348,1.0
7,2015-06-01,312,312,1.0
7,2015-07-01,361,361,1.0
7,2015-08-01,311,311,1.0
7,2015-09-01,318,318,1.0
7,2015-10-01,360,360,1.0
7,2015-11-01,337,337,1.0
7,2015-12-01,335,335,1.0
7,2016-01-01,307,307,1.0
7,2016-02-01,262,262,1.0
7,2016-03-01,302,302,1.0
7,2016-04-01,323,323,1.0
7,2016-05-01,385,385,1.0
7,2016-06-01,427,427,1.0
7,2016-07-01,369,369,1.0
7,2016-08-01,372,372,1.0
7,2016-09-01,426,426,1.0
7,2016-10-01,374,374,1.0
7,2016-11-01,365,365,1.0
7,2016-12-01,338,338,1.0
7,2017-01-01,370,370,1.0
7,2017-02-01,306,306,1.0
7,2017-03-01,352,352,1.0
7,2017-04-01,308,308,1.0
7,2017-05-01,372,372,1.0
7,2017-06-01,389,389,1.0
7,2017-07-01,402,402,1.0
7,2017-08-01,383,383,1.0
7,2017-09-01,400,400,1.0
7,2017-10-01,392,392,1.0
7,2017-11-01,408,408,1.0
7,2017-12-01,398,398,1.0
7,2018-01-01,394,394,1.0
7,2018-02-01,299,299,1.0
7,2018-03-01,359,359,1.0
7,2018-04-01,341,341,1.0
7,2018-05-01,398,398,1.0
7,2018-06-01,446,446,1.0
7,2018-07-01,454,454,1.0
7,2018-08-01,474,474,1.0
7,2018-09-01,482,482,1.0
7,2018-10-01,453,453,1.0
7,2018-11-01,430,430,1.0
7,2018-12-01,496,496,1.0
7,2019-01-01,344,344,1.0
7,2019-02-01,321,321,1.0
7,2019-03-01,338,338,1.0
7,2019-04-01,357,357,1.0
7,2019-05-01,392,392,1.0
7,2019-06-01,401,401,1.0
7,2019-07-01,406,406,1.0
7,2019-08-01,371,371,1.0
7,2019-09-01,381,381,1.0
7,2019-10-01,371,371,1.0
7,2019-11-01,323,323,1.0
7,2019-12-01,318,318,1.0
7,2020-01-01,347,347,1.0
7,2020-02-01,289,289,1.0
7,2020-03-01,241,241,1.0
7,2020-04-01,138,138,1.0
7,2020-05-01,182,182,1.0
7,2020-06-01,215,215,1.0
7,2020-07-01,254,254,1.0
7,2020-08-01,268,268,1.0
7,2020-09-01,192,192,1.0
7,2020-10-01,255,255,1.0
7,2020-11-01,248,248,1.0
7,2020-12-01,245,245,1.0
7,2021-01-01,239,239,1.0
7,2021-02-01,154,154,1.0
7,2021-03-01,178,178,1.0
7,2021-04-01,163,163,1.0
7,2021-05-01,220,220,1.0
7,2021-06-01,254,254,1.0
7,2021-07-01,300,300,1.0
7,2021-08-01,296,296,1.0
7,2021-09-01,326,326,1.0
7,2021-10-01,302,302,1.0
7,2021-11-01,281,281,1.0
7,2021-12-01,304,304,1.0
7,2022-01-01,211,211,1.0
7,2022-02-01,198,198,1.0
7,2022-03-01,257,257,1.0
7,2022-04-01,262,262,1.0
7,2022-05-01,329,329,1.0
7,2022-06-01,347,347,1.0
7,2022-07-01,353,353,1.0
7,2022-08-01,352,352,1.0
7,2022-09-01,326,326,1.0
7,2022-10-01,362,362,1.0
7,2022-11-01,304,304,1.0
7,2022-12-01,252,252,1.0
7,2023-01-01,314,314,1.0
7,2023-02-01,235,235,1.0
7,2023-03-01,284,284,1.0
7,2023-04-01,294,294,1.0
7,2023-05-01,334,334,1.0
7,2023-06-01,343,343,1.0
7,2023-07-01,398,398,1.0
7,2023-08-01,407,407,1.0
7,2023-09-01,365,365,1.0
7,2023-10-01,353,353,1.0
7,2023-11-01,307,307,1.0
7,2023-12-01,303,303,1.0
7,2024-01-01,298,298,1.0
7,2024-02-01,296,296,1.0
7,2024-03-01,336,336,1.0
7,2024-04-01,307,307,1.0
7,2024-05-01,402,402,1.0
7,2024-06-01,382,382,1.0
7,2024-07-01,395,395,1.0
7,2024-08-01,400,400,1.0
7,2024-09-01,401,401,1.0
7,2024-10-01,380,380,1.0
7,2024-11-01,338,338,1.0
7,2024-12-01,379,379,1.0
7,2025-01-01,301,301,1.0
7,2025-02-01,282,282,1.0
7,2025-03-01,326,326,1.0
7,2025-04-01,338,338,1.0
7,2025-05-01,316,316,1.0
7,2025-06-01,357,357,1.0
7,2025-07-01,382,382,1.0
7,2025-08-01,308,308,1.0
7,2025-09-01,325,325,1.0
7,2025-10-01,322,322,1.0
7,2025-11-01,332,332,1.0
7,2025-12-01,291,291,1.0
8,2015-01-01,691,691,1.0
8,2015-02-01,538,538,1.0
8,2015-03-01,671,671,1.0
8,2015-04-01,700,700,1.0
8,2015-05-01,795,795,1.0
8,2015-06-01,770,770,1.0
8,2015-07-01,898,898,1.0
8,2015-08-01,919,919,1.0
8,2015-09-01,741,741,1.0
8,2015-10-01,761,761,1.0
8,2015-11-01,764,764,1.0
8,2015-12-01,848,848,1.0
8,2016-01-01,803,803,1.0
8,2016-02-01,756,756,1.0
8,2016-03-01,833,833,1.0
8,2016-04-01,755,755,1.0
8,2016-05-01,865,865,1.0
8,2016-06-01,931,931,1.0
8,2016-07-01,985,985,1.0
8,2016-08-01,1005,1005,1.0
8,2016-09-01,935,935,1.0
8,2016-10-01,925,925,1.0
8,2016-11-01,840,840,1.0
8,2016-12-01,947,947,1.0
8,2017-01-01,893,893,1.0
8,2017-02-01,799,799,1.0
8,2017-03-01,817,817,1.0
8,2017-04-01,913,913,1.0
8,2017-05-01,940,940,1.0
8,2017-06-01,1089,1089,1.0
8,2017-07-01,1155,1155,1.0
8,2017-08-01,1247,1247,1.0
8,2017-09-01,1131,1131,1.0
8,2017-10-01,1174,1174,1.0
8,2017-11-01,1075,1075,1.0
8,2017-12-01,1116,1116,1.0
8,2018-01-01,1050,1050,1.0
8,2018-02-01,809,809,1.0
8,2018-03-01,946,946,1.0
8,2018-04-01,1084,1084,1.0
8,2018-05-01,1238,1238,1.0
8,2018-06-01,1163,1163,1.0
8,2018-07-01,1252,1252,1.0
8,2018-08-01,1302,1302,1.0
8,2018-09-01,1145,1145,1.0
8,2018-10-01,1081,1081,1.0
8,2018-11-01,977,977,1.0
8,2018-12-01,1069,1069,1.0
8,2019-01-01,972,972,1.0
8,2019-02-01,933,933,1.0
8,2019-03-01,999,999,1.0
8,2019-04-01,1030,1030,1.0
8,2019-05-01,1095,1095,1.0
8,2019-06-01,1191,1191,1.0
8,2019-07-01,1174,1174,1.0
8,2019-08-01,1115,1115,1.0
8,2019-09-01,985,985,1.0
8,2019-10-01,1059,1059,1.0
8,2019-11-01,1003,1003,1.0
8,2019-12-01,1047,1047,1.0
8,2020-01-01,896,896,1.0
8,2020-02-01,856,856,1.0
8,2020-03-01,607,607,1.0
8,2020-04-01,294,294,1.0
8,2020-05-01,546,546,1.0
8,2020-06-01,458,458,1.0
8,2020-07-01,660,660,1.0
8,2020-08-01,826,826,1.0
8,2020-09-01,606,606,1.0
8,2020-10-01,598,598,1.0
8,2020-11-01,502,502,1.0
8,2020-12-01,472,472,1.0
8,2021-01-01,509,509,1.0
8,2021-02-01,416,416,1.0
8,2021-03-01,468,468,1.0
8,2021-04-01,468,468,1.0
8,2021-05-01,637,637,1.0
8,2021-06-01,741,741,1.0
8,2021-07-01,820,820,1.0
8,2021-08-01,910,910,1.0
8,2021-09-01,916,916,1.0
8,2021-10-01,945,945,1.0
8,2021-11-01,805,805,1.0
8,2021-12-01,769,769,1.0
8,2022-01-01,732,732,1.0
8,2022-02-01,675,675,1.0
8,2022-03-01,829,829,1.0
8,2022-04-01,735,735,1.0
8,2022-05-01,948,948,1.0
8,2022-06-01,941,941,1.0
8,2022-07-01,1144,1144,1.0
8,2022-08-01,1016,1016,1.0
8,2022-09-01,1002,1002,1.0
8,2022-10-01,909,909,1.0
8,2022-11-01,901,901,1.0
8,2022-12-01,812,812,1.0
8,2023-01-01,913,913,1.0
8,2023-02-01,819,819,1.0
8,2023-03-01,943,943,1.0
8,2023-04-01,850,850,1.0
8,2023-05-01,893,893,1.0
8,2023-06-01,868,868,1.0
8,2023-07-01,1075,1075,1.0
8,2023-08-01,1032,1032,1.0
8,2023-09-01,966,966,1.0
8,2023-10-01,997,997,1.0
8,2023-11-01,880,880,1.0
8,2023-12-01,953,953,1.0
8,2024-01-01,905,905,1.0
8,2024-02-01,838,838,1.0
8,2024-03-01,873,873,1.0
8,2024-04-01,902,902,1.0
8,2024-05-01,1080,1080,1.0
8,2024-06-01,1000,1000,1.0
8,2024-07-01,1082,1082,1.0
8,2024-08-01,1043,1043,1.0
8,2024-09-01,961,961,1.0
8,2024-10-01,991,991,1.0
8,2024-11-01,926,926,1.0
8,2024-12-01,822,822,1.0
8,2025-01-01,779,779,1.0
8,2025-02-01,688,688,1.0
8,2025-03-01,940,940,1.0
8,2025-04-01,872,872,1.0
8,2025-05-01,976,976,1.0
8,2025-06-01,986,986,1.0
8,2025-07-01,1088,1088,1.0
8,2025-08-01,1069,1069,1.0
8,2025-09-01,951,951,1.0
8,2025-10-01,1027,1027,1.0
8,2025-11-01,873,873,1.0
8,2025-12-01,836,836,1.0
9,2015-01-01,19,19,1.0
9,2015-02-01,14,14,1.0
9,2015-03-01,33,33,1.0
9,2015-04-01,16,16,1.0
9,2015-05-01,19,19,1.0
9,2015-06-01,26,26,1.0
9,2015-07-01,18,18,1.0
9,2015-08-01,29,29,1.0
9,2015-09-01,25,25,1.0
9,2015-10-01,19,19,1.0
9,2015-11-01,23,23,1.0
9,2015-12-01,17,17,1.0
9,2016-01-01,19,19,1.0
9,2016-02-01,37,37,1.0
9,2016-03-01,35,35,1.0
9,2016-04-01,20,20,1.0
9,2016-05-01,18,18,1.0
9,2016-06-01,26,26,1.0
9,2016-07-01,31,31,1.0
9,2016-08-01,29,29,1.0
9,2016-09-01,16,16,1.0
9,2016-10-01,25,25,1.0
9,2016-11-01,29,29,1.0
9,2016-12-01,25,25,1.0
9,2017-01-01,18,18,1.0
9,2017-02-01,32,32,1.0
9,2017-03-01,20,20,1.0
9,2017-04-01,17,17,1.0
9,2017-05-01,15,15,1.0
9,2017-06-01,22,22,1.0
9,2017-07-01,35,35,1.0
9,2017-08-01,35,35,1.0
9,2017-09-01,27,27,1.0
9,2017-10-01,16,16,1.0
9,2017-11-01,16,16,1.0
9,2017-12-01,22,22,1.0
9,2018-01-01,35,35,1.0
9,2018-02-01,18,18,1.0
9,2018-03-01,28,28,1.0
9,2018-04-01,14,14,1.0
9,2018-05-01,15,15,1.0
9,2018-06-01,15,15,1.0
9,2018-07-01,24,24,1.0
9,2018-08-01,27,27,1.0
9,2018-09-01,13,13,1.0
9,2018-10-01,22,22,1.0
9,2018-11-01,14,14,1.0
9,2018-12-01,29,29,1.0
9,2019-01-01,20,20,1.0
9,2019-02-01,18,18,1.0
9,2019-03-01,20,20,1.0
9,2019-04-01,20,20,1.0
9,2019-05-01,20,20,1.0
9,2019-06-01,25,25,1.0
9,2019-07-01,16,16,1.0
9,2019-08-01,27,27,1.0
9,2019-09-01,23,23,1.0
9,2019-10-01,20,20,1.0
9,2019-11-01,26,26,1.0
9,2019-12-01,34,34,1.0
9,2020-01-01,15,15,1.0
9,2020-02-01,19,19,1.0
9,2020-03-01,24,24,1.0
9,2020-04-01,13,13,1.0
9,2020-05-01,13,13,1.0
9,2020-06-01,20,20,1.0
9,2020-07-01,19,19,1.0
9,2020-08-01,23,23,1.0
9,2020-09-01,16,16,1.0
9,2020-10-01,30,30,1.0
9,2020-11-01,29,29,1.0
9,2020-12-01,47,47,1.0
9,2021-01-01,24,24,1.0
9,2021-02-01,16,16,1.0
9,2021-03-01,13,13,1.0
9,2021-04-01,13,13,1.0
9,2021-05-01,21,21,1.0
9,2021-06-01,20,20,1.0
9,2021-07-01,28,28,1.0
9,2021-08-01,27,27,1.0
9,2021-09-01,19,19,1.0
9,2021-10-01,20,20,1.0
9,2021-11-01,26,26,1.0
9,2021-12-01,21,21,1.0
9,2022-01-01,28,28,1.0
9,2022-02-01,18,18,1.0
9,2022-03-01,23,23,1.0
9,2022-04-01,22,22,1.0
9,2022-05-01,20,20,1.0
9,2022-06-01,24,24,1.0
9,2022-07-01,27,27,1.0
9,2022-08-01,32,32,1.0
9,2022-09-01,19,19,1.0
9,2022-10-01,42,42,1.0
9,2022-11-01,29,29,1.0
9,2022-12-01,19,19,1.0
9,2023-01-01,22,22,1.0
9,2023-02-01,16,16,1.0
9,2023-03-01,22,22,1.0
9,2023-04-01,31,31,1.0
9,2023-05-01,28,28,1.0
9,2023-06-01,24,24,1.0
9,2023-07-01,21,21,1.0
9,2023-08-01,18,18,1.0
9,2023-09-01,21,21,1.0
9,2023-10-01,25,25,1.0
9,2023-11-01,40,40,1.0
9,2023-12-01,26,26,1.0
9,2024-01-01,22,22,1.0
9,2024-02-01,35,35,1.0
9,2024-03-01,25,25,1.0
9,2024-04-01,17,17,1.0
9,2024-05-01,17,17,1.0
9,2024-06-01,26,26,1.0
9,2024-07-01,31,31,1.0
9,2024-08-01,32,32,1.0
9,2024-09-01,24,24,1.0
9,2024-10-01,18,18,1.0
9,2024-11-01,14,14,1.0
9,2024-12-01,21,21,1.0
9,2025-01-01,25,25,1.0
9,2025-02-01,20,20,1.0
9,2025-03-01,39,39,1.0
9,2025-04-01,26,26,1.0
9,2025-05-01,24,24,1.0
9,2025-06-01,28,28,1.0
9,2025-07-01,13,13,1.0
9,2025-08-01,13,13,1.0
9,2025-09-01,15,15,1.0
9,2025-10-01,26,26,1.0
9,2025-11-01,21,21,1.0
9,2025-12-01,25,25,1.0
10,2015-01-01,106,106,1.0
10,2015-02-01,76,76,1.0
10,2015-03-01,107,107,1.0
10,2015-04-01,114,114,1.0
10,2015-05-01,111,111,1.0
10,2015-06-01,101,101,1.0
10,2015-07-01,140,140,1.0
10,2015-08-01,101,101,1.0
10,2015-09-01,111,111,1.0
10,2015-10-01,112,112,1.0
10,2015-11-01,87,87,1.0
10,2015-12-01,114,114,1.0
10,2016-01-01,103,103,1.0
10,2016-02-01,119,119,1.0
10,2016-03-01,120,120,1.0
10,2016-04-01,108,108,1.0
10,2016-05-01,110,110,1.0
10,2016-06-01,105,105,1.0
10,2016-07-01,107,107,1.0
10,2016-08-01,81,81,1.0
10,2016-09-01,132,132,1.0
10,2016-10-01,109,109,1.0
10,2016-11-01,109,109,1.0
10,2016-12-01,121,121,1.0
10,2017-01-01,103,103,1.0
10,2017-02-01,73,73,1.0
10,2017-03-01,89,89,1.0
10,2017-04-01,69,69,1.0
10,2017-05-01,87,87,1.0
10,2017-06-01,85,85,1.0
10,2017-07-01,100,100,1.0
10,2017-08-01,99,99,1.0
10,2017-09-01,103,103,1.0
10,2017-10-01,92,92,1.0
10,2017-11-01,101,101,1.0
10,2017-12-01,106,106,1.0
10,2018-01-01,100,100,1.0
10,2018-02-01,88,88,1.0
10,2018-03-01,87,87,1.0
10,2018-04-01,83,83,1.0
10,2018-05-01,105,105,1.0
10,2018-06-01,115,115,1.0
10,2018-07-01,103,103,1.0
10,2018-08-01,116,116,1.0
10,2018-09-01,113,113,1.0
10,2018-10-01,93,93,1.0
10,2018-11-01,92,92,1.0
10,2018-12-01,88,88,1.0
10,2019-01-01,76,76,1.0
10,2019-02-01,94,94,1.0
10,2019-03-01,96,96,1.0
10,2019-04-01,114,114,1.0
10,2019-05-01,85,85,1.0
10,2019-06-01,117,117,1.0
10,2019-07-01,119,119,1.0
10,2019-08-01,115,115,1.0
10,2019-09-01,87,87,1.0
10,2019-10-01,79,79,1.0
10,2019-11-01,93,93,1.0
10,2019-12-01,90,90,1.0
10,2020-01-01,49,49,1.0
10,2020-02-01,87,87,1.0
10,2020-03-01,61,61,1.0
10,2020-04-01,37,37,1.0
10,2020-05-01,72,72,1.0
10,2020-06-01,100,100,1.0
10,2020-07-01,108,108,1.0
10,2020-08-01,100,100,1.0
10,2020-09-01,77,77,1.0
10,2020-10-01,95,95,1.0
10,2020-11-01,106,106,1.0
10,2020-12-01,147,147,1.0
10,2021-01-01,144,144,1.0
10,2021-02-01,85,85,1.0
10,2021-03-01,91,91,1.0
10,2021-04-01,89,89,1.0
10,2021-05-01,105,105,1.0
10,2021-06-01,130,130,1.0
10,2021-07-01,106,106,1.0
10,2021-08-01,79,79,1.0
10,2021-09-01,91,91,1.0
10,2021-10-01,99,99,1.0
10,2021-11-01,88,88,1.0
10,2021-12-01,96,96,1.0
10,2022-01-01,57,57,1.0
10,2022-02-01,72,72,1.0
10,2022-03-01,115,115,1.0
10,2022-04-01,92,92,1.0
10,2022-05-01,106,106,1.0
10,2022-06-01,128,128,1.0
10,2022-07-01,95,95,1.0
10,2022-08-01,118,118,1.0
10,2022-09-01,113,113,1.0
10,2022-10-01,137,137,1.0
10,2022-11-01,107,107,1.0
10,2022-12-01,135,135,1.0
10,2023-01-01,106,106,1.0
10,2023-02-01,91,91,1.0
10,2023-03-01,97,97,1.0
10,2023-04-01,99,99,1.0
10,2023-05-01,100,100,1.0
10,2023-06-01,108,108,1.0
10,2023-07-01,115,115,1.0
10,2023-08-01,107,107,1.0
10,2023-09-01,97,97,1.0
10,2023-10-01,135,135,1.0
10,2023-11-01,131,131,1.0
10,2023-12-01,97,97,1.0
10,2024-01-01,99,99,1.0
10,2024-02-01,118,118,1.0
10,2024-03-01,89,89,1.0
10,2024-04-01,123,123,1.0
10,2024-05-01,118,118,1.0
10,2024-06-01,107,107,1.0
10,2024-07-01,117,117,1.0
10,2024-08-01,115,115,1.0
10,2024-09-01,105,105,1.0
10,2024-10-01,104,104,1.0
10,2024-11-01,89,89,1.0
10,2024-12-01,83,83,1.0
10,2025-01-01,88,88,1.0
10,2025-02-01,78,78,1.0
10,2025-03-01,110,110,1.0
10,2025-04-01,92,92,1.0
10,2025-05-01,99,99,1.0
10,2025-06-01,83,83,1.0
10,2025-07-01,110,110,1.0
10,2025-08-01,106,106,1.0
10,2025-09-01,107,107,1.0
10,2025-10-01,89,89,1.0
10,2025-11-01,67,67,1.0
10,2025-12-01,84,84,1.0
11,2015-01-01,92,92,1.0
11,2015-02-01,88,88,1.0
11,2015-03-01,87,87,1.0
11,2015-04-01,86,86,1.0
11,2015-05-01,103,103,1.0
11,2015-06-01,92,92,1.0
11,2015-07-01,112,112,1.0
11,2015-08-01,109,109,1.0
11,2015-09-01,95,95,1.0
11,2015-10-01,92,92,1.0
11,2015-11-01,78,78,1.0
11,2015-12-01,122,122,1.0
11,2016-01-01,77,77,1.0
11,2016-02-01,77,77,1.0
11,2016-03-01,83,83,1.0
11,2016-04-01,78,78,1.0
11,2016-05-01,82,82,1.0
11,2016-06-01,77,77,1.0
11,2016-07-01,92,92,1.0
11,2016-08-01,109,109,1.0
11,2016-09-01,105,105,1.0
11,2016-10-01,115,115,1.0
11,2016-11-01,108,108,1.0
11,2016-12-01,72,72,1.0
11,2017-01-01,96,96,1.0
11,2017-02-01,97,97,1.0
11,2017-03-01,94,94,1.0
11,2017-04-01,88,88,1.0
11,2017-05-01,101,101,1.0
11,2017-06-01,88,88,1.0
11,2017-07-01,98,98,1.0
11,2017-08-01,83,83,1.0
11,2017-09-01,80,80,1.0
11,2017-10-01,67,67,1.0
11,2017-11-01,75,75,1.0
11,2017-12-01,99,99,1.0
11,2018-01-01,105,105,1.0
11,2018-02-01,73,73,1.0
11,2018-03-01,111,111,1.0
11,2018-04-01,87,87,1.0
11,2018-05-01,95,95,1.0
11,2018-06-01,94,94,1.0
11,2018-07-01,89,89,1.0
11,2018-08-01,88,88,1.0
11,2018-09-01,92,92,1.0
11,2018-10-01,81,81,1.0
11,2018-11-01,88,88,1.0
11,2018-12-01,103,103,1.0
11,2019-01-01,82,82,1.0
11,2019-02-01,71,71,1.0
11,2019-03-01,82,82,1.0
11,2019-04-01,91,91,1.0
11,2019-05-01,86,86,1.0
11,2019-06-01,110,110,1.0
11,2019-07-01,84,84,1.0
11,2019-08-01,89,89,1.0
11,2019-09-01,67,67,1.0
11,2019-10-01,58,58,1.0
11,2019-11-01,66,66,1.0
11,2019-12-01,84,84,1.0
11,2020-01-01,85,85,1.0
11,2020-02-01,74,74,1.0
11,2020-03-01,68,68,1.0
11,2020-04-01,63,63,1.0
11,2020-05-01,53,53,1.0
11,2020-06-01,84,84,1.0
11,2020-07-01,80,80,1.0
11,2020-08-01,90,90,1.0
11,2020-09-01,85,85,1.0
11,2020-10-01,86,86,1.0
11,2020-11-01,109,109,1.0
11,2020-12-01,124,124,1.0
11,2021-01-01,93,93,1.0
11,2021-02-01,62,62,1.0
11,2021-03-01,64,64,1.0
11,2021-04-01,70,70,1.0
11,2021-05-01,53,53,1.0
11,2021-06-01,76,76,1.0
11,2021-07-01,71,71,1.0
11,2021-08-01,73,73,1.0
11,2021-09-01,88,88,1.0
11,2021-10-01,80,80,1.0
11,2021-11-01,60,60,1.0
11,2021-12-01,56,56,1.0
11,2022-01-01,65,65,1.0
11,2022-02-01,73,73,1.0
11,2022-03-01,80,80,1.0
11,2022-04-01,69,69,1.0
11,2022-05-01,96,96,1.0
11,2022-06-01,87,87,1.0
11,2022-07-01,110,110,1.0
11,2022-08-01,113,113,1.0
11,2022-09-01,91,91,1.0
11,2022-10-01,110,110,1.0
11,2022-11-01,84,84,1.0
11,2022-12-01,106,106,1.0
11,2023-01-01,100,100,1.0
11,2023-02-01,72,72,1.0
11,2023-03-01,98,98,1.0
11,2023-04-01,85,85,1.0
11,2023-05-01,92,92,1.0
11,2023-06-01,121,121,1.0
11,2023-07-01,102,102,1.0
11,2023-08-01,115,115,1.0
11,2023-09-01,89,89,1.0
11,2023-10-01,96,96,1.0
11,2023-11-01,88,88,1.0
11,2023-12-01,88,88,1.0
11,2024-01-01,70,70,1.0
11,2024-02-01,85,85,1.0
11,2024-03-01,107,107,1.0
11,2024-04-01,97,97,1.0
11,2024-05-01,92,92,1.0
11,2024-06-01,95,95,1.0
11,2024-07-01,90,90,1.0
11,2024-08-01,89,89,1.0
11,2024-09-01,87,87,1.0
11,2024-10-01,77,77,1.0
11,2024-11-01,73,73,1.0
11,2024-12-01,89,89,1.0
11,2025-01-01,60,60,1.0
11,2025-02-01,73,73,1.0
11,2025-03-01,63,63,1.0
11,2025-04-01,62,62,1.0
11,2025-05-01,83,83,1.0
11,2025-06-01,67,67,1.0
11,2025-07-01,87,87,1.0
11,2025-08-01,87,87,1.0
11,2025-09-01,71,71,1.0
11,2025-10-01,83,83,1.0
11,2025-11-01,82,82,1.0
11,2025-12-01,62,62,1.0
12,2015-01-01,36,36,1.0
12,2015-02-01,28,28,1.0
12,2015-03-01,30,30,1.0
12,2015-04-01,42,42,1.0
12,2015-05-01,35,35,1.0
12,2015-06-01,42,42,1.0
12,2015-07-01,42,42,1.0
12,2015-08-01,39,39,1.0
12,2015-09-01,46,46,1.0
12,2015-10-01,39,39,1.0
12,2015-11-01,37,37,1.0
12,2015-12-01,35,35,1.0
12,2016-01-01,43,43,1.0
12,2016-02-01,38,38,1.0
12,2016-03-01,48,48,1.0
12,2016-04-01,47,47,1.0
12,2016-05-01,43,43,1.0
12,2016-06-01,57,57,1.0
12,2016-07-01,51,51,1.0
12,2016-08-01,62,62,1.0
12,2016-09-01,38,38,1.0
12,2016-10-01,46,46,1.0
12,2016-11-01,58,58,1.0
12,2016-12-01,43,43,1.0
12,2017-01-01,48,48,1.0
12,2017-02-01,25,25,1.0
12,2017-03-01,34,34,1.0
12,2017-04-01,38,38,1.0
12,2017-05-01,63,63,1.0
12,2017-06-01,48,48,1.0
12,2017-07-01,49,49,1.0
12,2017-08-01,42,42,1.0
12,2017-09-01,58,58,1.0
12,2017-10-01,34,34,1.0
12,2017-11-01,58,58,1.0
12,2017-12-01,53,53,1.0
12,2018-01-01,43,43,1.0
12,2018-02-01,32,32,1.0
12,2018-03-01,45,45,1.0
12,2018-04-01,28,28,1.0
12,2018-05-01,49,49,1.0
12,2018-06-01,32,32,1.0
12,2018-07-01,45,45,1.0
12,2018-08-01,42,42,1.0
12,2018-09-01,40,40,1.0
12,2018-10-01,40,40,1.0
12,2018-11-01,46,46,1.0
12,2018-12-01,55,55,1.0
12,2019-01-01,42,42,1.0
12,2019-02-01,48,48,1.0
12,2019-03-01,31,31,1.0
12,2019-04-01,49,49,1.0
12,2019-05-01,43,43,1.0
12,2019-06-01,40,40,1.0
12,2019-07-01,42,42,1.0
12,2019-08-01,36,36,1.0
12,2019-09-01,38,38,1.0
12,2019-10-01,27,27,1.0
12,2019-11-01,31,31,1.0
12,2019-12-01,36,36,1.0
12,2020-01-01,37,37,1.0
12,2020-02-01,42,42,1.0
12,2020-03-01,42,42,1.0
12,2020-04-01,34,34,1.0
12,2020-05-01,40,40,1.0
12,2020-06-01,36,36,1.0
12,2020-07-01,38,38,1.0
12,2020-08-01,53,53,1.0
12,2020-09-01,48,48,1.0
12,2020-10-01,56,56,1.0
12,2020-11-01,64,64,1.0
12,2020-12-01,66,66,1.0
12,2021-01-01,53,53,1.0
12,2021-02-01,37,37,1.0
12,2021-03-01,31,31,1.0
12,2021-04-01,28,28,1.0
12,2021-05-01,43,43,1.0
12,2021-06-01,51,51,1.0
12,2021-07-01,52,52,1.0
12,2021-08-01,34,34,1.0
12,2021-09-01,43,43,1.0
12,2021-10-01,27,27,1.0
12,2021-11-01,43,43,1.0
12,2021-12-01,38,38,1.0
12,2022-01-01,32,32,1.0
12,2022-02-01,38,38,1.0
12,2022-03-01,43,43,1.0
12,2022-04-01,46,46,1.0
12,2022-05-01,49,49,1.0
12,2022-06-01,54,54,1.0
12,2022-07-01,62,62,1.0
12,2022-08-01,40,40,1.0
12,2022-09-01,57,57,1.0
12,2022-10-01,76,76,1.0
12,2022-11-01,70,70,1.0
12,2022-12-01,51,51,1.0
12,2023-01-01,55,55,1.0
12,2023-02-01,46,46,1.0
12,2023-03-01,37,37,1.0
12,2023-04-01,37,37,1.0
12,2023-05-01,48,48,1.0
12,2023-06-01,41,41,1.0
12,2023-07-01,45,45,1.0
12,2023-08-01,41,41,1.0
12,2023-09-01,49,49,1.0
12,2023-10-01,44,44,1.0
12,2023-11-01,44,44,1.0
12,2023-12-01,51,51,1.0
12,2024-01-01,37,37,1.0
12,2024-02-01,40,40,1.0
12,2024-03-01,46,46,1.0
12,2024-04-01,49,49,1.0
12,2024-05-01,47,47,1.0
12,2024-06-01,58,58,1.0
12,2024-07-01,44,44,1.0
12,2024-08-01,50,50,1.0
12,2024-09-01,41,41,1.0
12,2024-10-01,42,42,1.0
12,2024-11-01,44,44,1.0
12,2024-12-01,45,45,1.0
12,2025-01-01,38,38,1.0
12,2025-02-01,25,25,1.0
12,2025-03-01,38,38,1.0
12,2025-04-01,26,26,1.0
12,2025-05-01,25,25,1.0
12,2025-06-01,49,49,1.0
12,2025-07-01,31,31,1.0
12,2025-08-01,39,39,1.0
12,2025-09-01,38,38,1.0
12,2025-10-01,40,40,1.0
12,2025-11-01,37,37,1.0
12,2025-12-01,21,21,1.0
13,2015-01-01,76,76,1.0
13,2015-02-01,61,61,1.0
13,2015-03-01,59,59,1.0
13,2015-04-01,73,73,1.0
13,2015-05-01,79,79,1.0
13,2015-06-01,52,52,1.0
13,2015-07-01,60,60,1.0
13,2015-08-01,67,67,1.0
13,2015-09-01,77,77,1.0
13,2015-10-01,68,68,1.0
13,2015-11-01,78,78,1.0
13,2015-12-01,95,95,1.0
13,2016-01-01,63,63,1.0
13,2016-02-01,89,89,1.0
13,2016-03-01,105,105,1.0
13,2016-04-01,79,79,1.0
13,2016-05-01,87,87,1.0
13,2016-06-01,81,81,1.0
13,2016-07-01,65,65,1.0
13,2016-08-01,93,93,1.0
13,2016-09-01,74,74,1.0
13,2016-10-01,96,96,1.0
13,2016-11-01,74,74,1.0
13,2016-12-01,69,69,1.0
13,2017-01-01,68,68,1.0
13,2017-02-01,83,83,1.0
13,2017-03-01,67,67,1.0
13,2017-04-01,82,82,1.0
13,2017-05-01,65,65,1.0
13,2017-06-01,85,85,1.0
13,2017-07-01,84,84,1.0
13,2017-08-01,63,63,1.0
13,2017-09-01,93,93,1.0
13,2017-10-01,105,105,1.0
13,2017-11-01,98,98,1.0
13,2017-12-01,74,74,1.0
13,2018-01-01,84,84,1.0
13,2018-02-01,68,68,1.0
13,2018-03-01,71,71,1.0
13,2018-04-01,89,89,1.0
13,2018-05-01,91,91,1.0
13,2018-06-01,91,91,1.0
13,2018-07-01,77,77,1.0
13,2018-08-01,98,98,1.0
13,2018-09-01,76,76,1.0
13,2018-10-01,90,90,1.0
13,2018-11-01,83,83,1.0
13,2018-12-01,84,84,1.0
13,2019-01-01,56,56,1.0
13,2019-02-01,75,75,1.0
13,2019-03-01,57,57,1.0
13,2019-04-01,69,69,1.0
13,2019-05-01,73,73,1.0
13,2019-06-01,67,67,1.0
13,2019-07-01,72,72,1.0
13,2019-08-01,85,85,1.0
13,2019-09-01,62,62,1.0
13,2019-10-01,60,60,1.0
13,2019-11-01,61,61,1.0
13,2019-12-01,64,64,1.0
13,2020-01-01,68,68,1.0
13,2020-02-01,50,50,1.0
13,2020-03-01,70,70,1.0
13,2020-04-01,67,67,1.0
13,2020-05-01,47,47,1.0
13,2020-06-01,55,55,1.0
13,2020-07-01,56,56,1.0
13,2020-08-01,69,69,1.0
13,2020-09-01,80,80,1.0
13,2020-10-01,87,87,1.0
13,2020-11-01,68,68,1.0
13,2020-12-01,64,64,1.0
13,2021-01-01,55,55,1.0
13,2021-02-01,55,55,1.0
13,2021-03-01,61,61,1.0
13,2021-04-01,44,44,1.0
13,2021-05-01,61,61,1.0
13,2021-06-01,65,65,1.0
13,2021-07-01,50,50,1.0
13,2021-08-01,76,76,1.0
13,2021-09-01,58,58,1.0
13,2021-10-01,64,64,1.0
13,2021-11-01,61,61,1.0
13,2021-12-01,55,55,1.0
13,2022-01-01,62,62,1.0
13,2022-02-01,83,83,1.0
13,2022-03-01,75,75,1.0
13,2022-04-01,90,90,1.0
13,2022-05-01,88,88,1.0
13,2022-06-01,90,90,1.0
13,2022-07-01,76,76,1.0
13,2022-08-01,100,100,1.0
13,2022-09-01,81,81,1.0
13,2022-10-01,95,95,1.0
13,2022-11-01,84,84,1.0
13,2022-12-01,70,70,1.0
13,2023-01-01,66,66,1.0
13,2023-02-01,62,62,1.0
13,2023-03-01,73,73,1.0
13,2023-04-01,78,78,1.0
13,2023-05-01,70,70,1.0
13,2023-06-01,76,76,1.0
13,2023-07-01,80,80,1.0
13,2023-08-01,89,89,1.0
13,2023-09-01,79,79,1.0
13,2023-10-01,86,86,1.0
13,2023-11-01,84,84,1.0
13,2023-12-01,89,89,1.0
13,2024-01-01,77,77,1.0
13,2024-02-01,85,85,1.0
13,2024-03-01,82,82,1.0
13,2024-04-01,103,103,1.0
13,2024-05-01,76,76,1.0
13,2024-06-01,74,74,1.0
13,2024-07-01,100,100,1.0
13,2024-08-01,94,94,1.0
13,2024-09-01,94,94,1.0
13,2024-10-01,94,94,1.0
13,2024-11-01,85,85,1.0
13,2024-12-01,82,82,1.0
13,2025-01-01,82,82,1.0
13,2025-02-01,82,82,1.0
13,2025-03-01,91,91,1.0
13,2025-04-01,90,90,1.0
13,2025-05-01,80,80,1.0
13,2025-06-01,68,68,1.0
13,2025-07-01,81,81,1.0
13,2025-08-01,98,98,1.0
13,2025-09-01,75,75,1.0
13,2025-10-01,90,90,1.0
13,2025-11-01,82,82,1.0
13,2025-12-01,68,68,1.0
14,2015-01-01,188,188,1.0
14,2015-02-01,190,190,1.0
14,2015-03-01,223,223,1.0
14,2015-04-01,194,194,1.0
14,2015-05-01,262,262,1.0
14,2015-06-01,226,226,1.0
14,2015-07-01,200,200,1.0
14,2015-08-01,230,230,1.0
14,2015-09-01,214,214,1.0
14,2015-10-01,236,236,1.0
14,2015-11-01,178,178,1.0
14,2015-12-01,208,208,1.0
14,2016-01-01,186,186,1.0
14,2016-02-01,175,175,1.0
14,2016-03-01,212,212,1.0
14,2016-04-01,209,209,1.0
14,2016-05-01,207,207,1.0
14,2016-06-01,202,202,1.0
14,2016-07-01,196,196,1.0
14,2016-08-01,209,209,1.0
14,2016-09-01,213,213,1.0
14,2016-10-01,200,200,1.0
14,2016-11-01,225,225,1.0
14,2016-12-01,189,189,1.0
14,2017-01-01,208,208,1.0
14,2017-02-01,180,180,1.0
14,2017-03-01,180,180,1.0
14,2017-04-01,181,181,1.0
14,2017-05-01,216,216,1.0
14,2017-06-01,214,214,1.0
14,2017-07-01,211,211,1.0
14,2017-08-01,215,215,1.0
14,2017-09-01,210,210,1.0
14,2017-10-01,229,229,1.0
14,2017-11-01,218,218,1.0
14,2017-12-01,230,230,1.0
14,2018-01-01,210,210,1.0
14,2018-02-01,163,163,1.0
14,2018-03-01,217,217,1.0
14,2018-04-01,192,192,1.0
14,2018-05-01,221,221,1.0
14,2018-06-01,220,220,1.0
14,2018-07-01,218,218,1.0
14,2018-08-01,196,196,1.0
14,2018-09-01,208,208,1.0
14,2018-10-01,211,211,1.0
14,2018-11-01,177,177,1.0
14,2018-12-01,211,211,1.0
14,2019-01-01,161,161,1.0
14,2019-02-01,152,152,1.0
14,2019-03-01,165,165,1.0
14,2019-04-01,215,215,1.0
14,2019-05-01,178,178,1.0
14,2019-06-01,203,203,1.0
14,2019-07-01,197,197,1.0
14,2019-08-01,219,219,1.0
14,2019-09-01,206,206,1.0
14,2019-10-01,204,204,1.0
14,2019-11-01,156,156,1.0
14,2019-12-01,169,169,1.0
14,2020-01-01,188,188,1.0
14,2020-02-01,158,158,1.0
14,2020-03-01,159,159,1.0
14,2020-04-01,134,134,1.0
14,2020-05-01,148,148,1.0
14,2020-06-01,153,153,1.0
14,2020-07-01,171,171,1.0
14,2020-08-01,224,224,1.0
14,2020-09-01,219,219,1.0
14,2020-10-01,168,168,1.0
14,2020-11-01,165,165,1.0
14,2020-12-01,144,144,1.0
14,2021-01-01,147,147,1.0
14,2021-02-01,117,117,1.0
14,2021-03-01,131,131,1.0
14,2021-04-01,135,135,1.0
14,2021-05-01,157,157,1.0
14,2021-06-01,138,138,1.0
14,2021-07-01,192,192,1.0
14,2021-08-01,156,156,1.0
14,2021-09-01,174,174,1.0
14,2021-10-01,176,176,1.0
14,2021-11-01,178,178,1.0
14,2021-12-01,169,169,1.0
14,2022-01-01,137,137,1.0
14,2022-02-01,160,160,1.0
14,2022-03-01,150,150,1.0
14,2022-04-01,160,160,1.0
14,2022-05-01,191,191,1.0
14,2022-06-01,155,155,1.0
14,2022-07-01,180,180,1.0
14,2022-08-01,211,211,1.0
14,2022-09-01,186,186,1.0
14,2022-10-01,220,220,1.0
14,2022-11-01,192,192,1.0
14,2022-12-01,255,255,1.0
14,2023-01-01,213,213,1.0
14,2023-02-01,189,189,1.0
14,2023-03-01,173,173,1.0
14,2023-04-01,206,206,1.0
14,2023-05-01,230,230,1.0
14,2023-06-01,221,221,1.0
14,2023-07-01,233,233,1.0
14,2023-08-01,229,229,1.0
14,2023-09-01,254,254,1.0
14,2023-10-01,237,237,1.0
14,2023-11-01,188,188,1.0
14,2023-12-01,198,198,1.0
14,2024-01-01,170,170,1.0
14,2024-02-01,192,192,1.0
14,2024-03-01,205,205,1.0
14,2024-04-01,202,202,1.0
14,2024-05-01,255,255,1.0
14,2024-06-01,228,228,1.0
14,2024-07-01,223,223,1.0
14,2024-08-01,176,176,1.0
14,2024-09-01,224,224,1.0
14,2024-10-01,201,201,1.0
14,2024-11-01,199,199,1.0
14,2024-12-01,200,200,1.0
14,2025-01-01,191,191,1.0
14,2025-02-01,186,186,1.0
14,2025-03-01,199,199,1.0
14,2025-04-01,179,179,1.0
14,2025-05-01,214,214,1.0
14,2025-06-01,195,195,1.0
14,2025-07-01,197,197,1.0
14,2025-08-01,221,221,1.0
14,2025-09-01,183,183,1.0
14,2025-10-01,214,214,1.0
14,2025-11-01,186,186,1.0
14,2025-12-01,173,173,1.0
15,2015-01-01,319,319,1.0
15,2015-02-01,235,235,1.0
15,2015-03-01,285,285,1.0
15,2015-04-01,279,279,1.0
15,2015-05-01,316,316,1.0
15,2015-06-01,286,286,1.0
15,2015-07-01,301,301,1.0
15,2015-08-01,302,302,1.0
15,2015-09-01,272,272,1.0
15,2015-10-01,327,327,1.0
15,2015-11-01,265,265,1.0
15,2015-12-01,281,281,1.0
15,2016-01-01,279,279,1.0
15,2016-02-01,247,247,1.0
15,2016-03-01,301,301,1.0
15,2016-04-01,231,231,1.0
15,2016-05-01,263,263,1.0
15,2016-06-01,287,287,1.0
15,2016-07-01,322,322,1.0
15,2016-08-01,273,273,1.0
15,2016-09-01,263,263,1.0
15,2016-10-01,280,280,1.0
15,2016-11-01,242,242,1.0
15,2016-12-01,280,280,1.0
15,2017-01-01,275,275,1.0
15,2017-02-01,239,239,1.0
15,2017-03-01,251,251,1.0
15,2017-04-01,256,256,1.0
15,2017-05-01,281,281,1.0
15,2017-06-01,281,281,1.0
15,2017-07-01,300,300,1.0
15,2017-08-01,303,303,1.0
15,2017-09-01,297,297,1.0
15,2017-10-01,324,324,1.0
15,2017-11-01,321,321,1.0
15,2017-12-01,261,261,1.0
15,2018-01-01,272,272,1.0
15,2018-02-01,210,210,1.0
15,2018-03-01,287,287,1.0
15,2018-04-01,288,288,1.0
15,2018-05-01,291,291,1.0
15,2018-06-01,269,269,1.0
15,2018-07-01,257,257,1.0
15,2018-08-01,274,274,1.0
15,2018-09-01,275,275,1.0
15,2018-10-01,254,254,1.0
15,2018-11-01,245,245,1.0
15,2018-12-01,312,312,1.0
15,2019-01-01,244,244,1.0
15,2019-02-01,225,225,1.0
15,2019-03-01,262,262,1.0
15,2019-04-01,274,274,1.0
15,2019-05-01,257,257,1.0
15,2019-06-01,214,214,1.0
15,2019-07-01,238,238,1.0
15,2019-08-01,255,255,1.0
15,2019-09-01,266,266,1.0
15,2019-10-01,245,245,1.0
15,2019-11-01,215,215,1.0
15,2019-12-01,215,215,1.0
15,2020-01-01,233,233,1.0
15,2020-02-01,216,216,1.0
15,2020-03-01,221,221,1.0
15,2020-04-01,149,149,1.0
15,2020-05-01,188,188,1.0
15,2020-06-01,204,204,1.0
15,2020-07-01,221,221,1.0
15,2020-08-01,237,237,1.0
15,2020-09-01,230,230,1.0
15,2020-10-01,237,237,1.0
15,2020-11-01,268,268,1.0
15,2020-12-01,215,215,1.0
15,2021-01-01,240,240,1.0
15,2021-02-01,175,175,1.0
15,2021-03-01,211,211,1.0
15,2021-04-01,190,190,1.0
15,2021-05-01,201,201,1.0
15,2021-06-01,216,216,1.0
15,2021-07-01,213,213,1.0
15,2021-08-01,224,224,1.0
15,2021-09-01,258,258,1.0
15,2021-10-01,204,204,1.0
15,2021-11-01,193,193,1.0
15,2021-12-01,223,223,1.0
15,2022-01-01,197,197,1.0
15,2022-02-01,193,193,1.0
15,2022-03-01,214,214,1.0
15,2022-04-01,218,218,1.0
15,2022-05-01,256,256,1.0
15,2022-06-01,225,225,1.0
15,2022-07-01,295,295,1.0
15,2022-08-01,267,267,1.0
15,2022-09-01,301,301,1.0
15,2022-10-01,290,290,1.0
15,2022-11-01,295,295,1.0
15,2022-12-01,281,281,1.0
15,2023-01-01,278,278,1.0
15,2023-02-01,215,215,1.0
15,2023-03-01,274,274,1.0
15,2023-04-01,268,268,1.0
15,2023-05-01,333,333,1.0
15,2023-06-01,320,320,1.0
15,2023-07-01,322,322,1.0
15,2023-08-01,334,334,1.0
15,2023-09-01,298,298,1.0
15,2023-10-01,306,306,1.0
15,2023-11-01,297,297,1.0
15,2023-12-01,296,296,1.0
15,2024-01-01,251,251,1.0
15,2024-02-01,245,245,1.0
15,2024-03-01,272,272,1.0
15,2024-04-01,259,259,1.0
15,2024-05-01,292,292,1.0
15,2024-06-01,286,286,1.0
15,2024-07-01,279,279,1.0
15,2024-08-01,262,262,1.0
15,2024-09-01,320,320,1.0
15,2024-10-01,276,276,1.0
15,2024-11-01,252,252,1.0
15,2024-12-01,219,219,1.0
15,2025-01-01,211,211,1.0
15,2025-02-01,209,209,1.0
15,2025-03-01,274,274,1.0
15,2025-04-01,233,233,1.0
15,2025-05-01,258,258,1.0
15,2025-06-01,243,243,1.0
15,2025-07-01,291,291,1.0
15,2025-08-01,279,279,1.0
15,2025-09-01,269,269,1.0
15,2025-10-01,284,284,1.0
15,2025-11-01,238,238,1.0
15,2025-12-01,236,236,1.0
16,2015-01-01,246,246,1.0
16,2015-02-01,233,233,1.0
16,2015-03-01,264,264,1.0
16,2015-04-01,218,218,1.0
16,2015-05-01,256,256,1.0
16,2015-06-01,251,251,1.0
16,2015-07-01,256,256,1.0
16,2015-08-01,247,247,1.0
16,2015-09-01,267,267,1.0
16,2015-10-01,259,259,1.0
16,2015-11-01,252,252,1.0
16,2015-12-01,276,276,1.0
16,2016-01-01,248,248,1.0
16,2016-02-01,248,248,1.0
16,2016-03-01,228,228,1.0
16,2016-04-01,216,216,1.0
16,2016-05-01,240,240,1.0
16,2016-06-01,226,226,1.0
16,2016-07-01,233,233,1.0
16,2016-08-01,308,308,1.0
16,2016-09-01,260,260,1.0
16,2016-10-01,297,297,1.0
16,2016-11-01,250,250,1.0
16,2016-12-01,249,249,1.0
16,2017-01-01,256,256,1.0
16,2017-02-01,218,218,1.0
16,2017-03-01,225,225,1.0
16,2017-04-01,239,239,1.0
16,2017-05-01,283,283,1.0
16,2017-06-01,256,256,1.0
16,2017-07-01,265,265,1.0
16,2017-08-01,298,298,1.0
16,2017-09-01,249,249,1.0
16,2017-10-01,286,286,1.0
16,2017-11-01,220,220,1.0
16,2017-12-01,227,227,1.0
16,2018-01-01,242,242,1.0
16,2018-02-01,188,188,1.0
16,2018-03-01,240,240,1.0
16,2018-04-01,253,253,1.0
16,2018-05-01,264,264,1.0
16,2018-06-01,241,241,1.0
16,2018-07-01,271,271,1.0
16,2018-08-01,234,234,1.0
16,2018-09-01,218,218,1.0
16,2018-10-01,233,233,1.0
16,2018-11-01,200,200,1.0
16,2018-12-01,260,260,1.0
16,2019-01-01,199,199,1.0
16,2019-02-01,181,181,1.0
16,2019-03-01,178,178,1.0
16,2019-04-01,198,198,1.0
16,2019-05-01,211,211,1.0
16,2019-06-01,216,216,1.0
16,2019-07-01,233,233,1.0
16,2019-08-01,238,238,1.0
16,2019-09-01,224,224,1.0
16,2019-10-01,250,250,1.0
16,2019-11-01,203,203,1.0
16,2019-12-01,214,214,1.0
16,2020-01-01,229,229,1.0
16,2020-02-01,184,184,1.0
16,2020-03-01,160,160,1.0
16,2020-04-01,155,155,1.0
16,2020-05-01,155,155,1.0
16,2020-06-01,184,184,1.0
16,2020-07-01,196,196,1.0
16,2020-08-01,192,192,1.0
16,2020-09-01,190,190,1.0
16,2020-10-01,204,204,1.0
16,2020-11-01,179,179,1.0
16,2020-12-01,180,180,1.0
16,2021-01-01,171,171,1.0
16,2021-02-01,141,141,1.0
16,2021-03-01,157,157,1.0
16,2021-04-01,166,166,1.0
16,2021-05-01,157,157,1.0
16,2021-06-01,158,158,1.0
16,2021-07-01,227,227,1.0
16,2021-08-01,203,203,1.0
16,2021-09-01,202,202,1.0
16,2021-10-01,245,245,1.0
16,2021-11-01,222,222,1.0
16,2021-12-01,191,191,1.0
16,2022-01-01,170,170,1.0
16,2022-02-01,173,173,1.0
16,2022-03-01,203,203,1.0
16,2022-04-01,156,156,1.0
16,2022-05-01,203,203,1.0
16,2022-06-01,211,211,1.0
16,2022-07-01,247,247,1.0
16,2022-08-01,225,225,1.0
16,2022-09-01,241,241,1.0
16,2022-10-01,287,287,1.0
16,2022-11-01,247,247,1.0
16,2022-12-01,255,255,1.0
16,2023-01-01,261,261,1.0
16,2023-02-01,226,226,1.0
16,2023-03-01,270,270,1.0
16,2023-04-01,209,209,1.0
16,2023-05-01,232,232,1.0
16,2023-06-01,195,195,1.0
16,2023-07-01,236,236,1.0
16,2023-08-01,226,226,1.0
16,2023-09-01,237,237,1.0
16,2023-10-01,261,261,1.0
16,2023-11-01,213,213,1.0
16,2023-12-01,266,266,1.0
16,2024-01-01,196,196,1.0
16,2024-02-01,228,228,1.0
16,2024-03-01,208,208,1.0
16,2024-04-01,205,205,1.0
16,2024-05-01,224,224,1.0
16,2024-06-01,249,249,1.0
16,2024-07-01,237,237,1.0
16,2024-08-01,234,234,1.0
16,2024-09-01,262,262,1.0
16,2024-10-01,240,240,1.0
16,2024-11-01,215,215,1.0
16,2024-12-01,223,223,1.0
16,2025-01-01,188,188,1.0
16,2025-02-01,179,179,1.0
16,2025-03-01,204,204,1.0
16,2025-04-01,176,176,1.0
16,2025-05-01,175,175,1.0
16,2025-06-01,195,195,1.0
16,2025-07-01,237,237,1.0
16,2025-08-01,190,190,1.0
16,2025-09-01,215,215,1.0
16,2025-10-01,193,193,1.0
16,2025-11-01,182,182,1.0
16,2025-12-01,162,162,1.0
17,2015-01-01,147,147,1.0
17,2015-02-01,111,111,1.0
17,2015-03-01,137,137,1.0
17,2015-04-01,138,138,1.0
17,2015-05-01,134,134,1.0
17,2015-06-01,138,138,1.0
17,2015-07-01,138,138,1.0
17,2015-08-01,152,152,1.0
17,2015-09-01,151,151,1.0
17,2015-10-01,140,140,1.0
17,2015-11-01,116,116,1.0
17,2015-12-01,163,163,1.0
17,2016-01-01,157,157,1.0
17,2016-02-01,146,146,1.0
17,2016-03-01,141,141,1.0
17,2016-04-01,119,119,1.0
17,2016-05-01,159,159,1.0
17,2016-06-01,151,151,1.0
17,2016-07-01,186,186,1.0
17,2016-08-01,148,148,1.0
17,2016-09-01,136,136,1.0
17,2016-10-01,127,127,1.0
17,2016-11-01,156,156,1.0
17,2016-12-01,134,134,1.0
17,2017-01-01,134,134,1.0
17,2017-02-01,120,120,1.0
17,2017-03-01,113,113,1.0
17,2017-04-01,128,128,1.0
17,2017-05-01,136,136,1.0
17,2017-06-01,147,147,1.0
17,2017-07-01,103,103,1.0
17,2017-08-01,144,144,1.0
17,2017-09-01,142,142,1.0
17,2017-10-01,129,129,1.0
17,2017-11-01,123,123,1.0
17,2017-12-01,105,105,1.0
17,2018-01-01,104,104,1.0
17,2018-02-01,106,106,1.0
17,2018-03-01,122,122,1.0
17,2018-04-01,107,107,1.0
17,2018-05-01,136,136,1.0
17,2018-06-01,127,127,1.0
17,2018-07-01,131,131,1.0
17,2018-08-01,144,144,1.0
17,2018-09-01,108,108,1.0
17,2018-10-01,137,137,1.0
17,2018-11-01,145,145,1.0
17,2018-12-01,148,148,1.0
17,2019-01-01,110,110,1.0
17,2019-02-01,101,101,1.0
17,2019-03-01,91,91,1.0
17,2019-04-01,110,110,1.0
17,2019-05-01,122,122,1.0
17,2019-06-01,116,116,1.0
17,2019-07-01,125,125,1.0
17,2019-08-01,111,111,1.0
17,2019-09-01,130,130,1.0
17,2019-10-01,101,101,1.0
17,2019-11-01,120,120,1.0
17,2019-12-01,105,105,1.0
17,2020-01-01,114,114,1.0
17,2020-02-01,91,91,1.0
17,2020-03-01,106,106,1.0
17,2020-04-01,81,81,1.0
17,2020-05-01,107,107,1.0
17,2020-06-01,116,116,1.0
17,2020-07-01,132,132,1.0
17,2020-08-01,104,104,1.0
17,2020-09-01,125,125,1.0
17,2020-10-01,123,123,1.0
17,2020-11-01,124,124,1.0
17,2020-12-01,154,154,1.0
17,2021-01-01,144,144,1.0
17,2021-02-01,106,106,1.0
17,2021-03-01,116,116,1.0
17,2021-04-01,102,102,1.0
17,2021-05-01,137,137,1.0
17,2021-06-01,147,147,1.0
17,2021-07-01,131,131,1.0
17,2021-08-01,151,151,1.0
17,2021-09-01,151,151,1.0
17,2021-10-01,112,112,1.0
17,2021-11-01,126,126,1.0
17,2021-12-01,116,116,1.0
17,2022-01-01,94,94,1.0
17,2022-02-01,96,96,1.0
17,2022-03-01,130,130,1.0
17,2022-04-01,124,124,1.0
17,2022-05-01,135,135,1.0
17,2022-06-01,124,124,1.0
17,2022-07-01,151,151,1.0
17,2022-08-01,130,130,1.0
17,2022-09-01,150,150,1.0
17,2022-10-01,170,170,1.0
17,2022-11-01,157,157,1.0
17,2022-12-01,161,161,1.0
17,2023-01-01,144,144,1.0
17,2023-02-01,133,133,1.0
17,2023-03-01,139,139,1.0
17,2023-04-01,111,111,1.0
17,2023-05-01,143,143,1.0
17,2023-06-01,135,135,1.0
17,2023-07-01,171,171,1.0
17,2023-08-01,164,164,1.0
17,2023-09-01,151,151,1.0
17,2023-10-01,172,172,1.0
17,2023-11-01,164,164,1.0
17,2023-12-01,149,149,1.0
17,2024-01-01,143,143,1.0
17,2024-02-01,132,132,1.0
17,2024-03-01,121,121,1.0
17,2024-04-01,128,128,1.0
17,2024-05-01,151,151,1.0
17,2024-06-01,169,169,1.0
17,2024-07-01,152,152,1.0
17,2024-08-01,137,137,1.0
17,2024-09-01,172,172,1.0
17,2024-10-01,158,158,1.0
17,2024-11-01,118,118,1.0
17,2024-12-01,131,131,1.0
17,2025-01-01,118,118,1.0
17,2025-02-01,85,85,1.0
17,2025-03-01,118,118,1.0
17,2025-04-01,97,97,1.0
17,2025-05-01,122,122,1.0
17,2025-06-01,112,112,1.0
17,2025-07-01,136,136,1.0
17,2025-08-01,122,122,1.0
17,2025-09-01,126,126,1.0
17,2025-10-01,143,143,1.0
17,2025-11-01,116,116,1.0
17,2025-12-01,119,119,1.0
18,2015-01-01,48,48,1.0
18,2015-02-01,37,37,1.0
18,2015-03-01,59,59,1.0
18,2015-04-01,48,48,1.0
18,2015-05-01,41,41,1.0
18,2015-06-01,49,49,1.0
18,2015-07-01,56,56,1.0
18,2015-08-01,54,54,1.0
18,2015-09-01,50,50,1.0
18,2015-10-01,52,52,1.0
18,2015-11-01,50,50,1.0
18,2015-12-01,45,45,1.0
18,2016-01-01,52,52,1.0
18,2016-02-01,48,48,1.0
18,2016-03-01,52,52,1.0
18,2016-04-01,45,45,1.0
18,2016-05-01,65,65,1.0
18,2016-06-01,72,72,1.0
18,2016-07-01,62,62,1.0
18,2016-08-01,53,53,1.0
18,2016-09-01,53,53,1.0
18,2016-10-01,63,63,1.0
18,2016-11-01,59,59,1.0
18,2016-12-01,50,50,1.0
18,2017-01-01,72,72,1.0
18,2017-02-01,49,49,1.0
18,2017-03-01,48,48,1.0
18,2017-04-01,47,47,1.0
18,2017-05-01,48,48,1.0
18,2017-06-01,60,60,1.0
18,2017-07-01,51,51,1.0
18,2017-08-01,45,45,1.0
18,2017-09-01,49,49,1.0
18,2017-10-01,49,49,1.0
18,2017-11-01,39,39,1.0
18,2017-12-01,53,53,1.0
18,2018-01-01,41,41,1.0
18,2018-02-01,48,48,1.0
18,2018-03-01,49,49,1.0
18,2018-04-01,45,45,1.0
18,2018-05-01,47,47,1.0
18,2018-06-01,51,51,1.0
18,2018-07-01,62,62,1.0
18,2018-08-01,64,64,1.0
18,2018-09-01,55,55,1.0
18,2018-10-01,39,39,1.0
18,2018-11-01,49,49,1.0
18,2018-12-01,58,58,1.0
18,2019-01-01,58,58,1.0
18,2019-02-01,37,37,1.0
18,2019-03-01,51,51,1.0
18,2019-04-01,49,49,1.0
18,2019-05-01,51,51,1.0
18,2019-06-01,53,53,1.0
18,2019-07-01,50,50,1.0
18,2019-08-01,56,56,1.0
18,2019-09-01,38,38,1.0
18,2019-10-01,37,37,1.0
18,2019-11-01,39,39,1.0
18,2019-12-01,38,38,1.0
18,2020-01-01,40,40,1.0
18,2020-02-01,41,41,1.0
18,2020-03-01,41,41,1.0
18,2020-04-01,44,44,1.0
18,2020-05-01,31,31,1.0
18,2020-06-01,57,57,1.0
18,2020-07-01,58,58,1.0
18,2020-08-01,52,52,1.0
18,2020-09-01,45,45,1.0
18,2020-10-01,59,59,1.0
18,2020-11-01,43,43,1.0
18,2020-12-01,53,53,1.0
18,2021-01-01,44,44,1.0
18,2021-02-01,35,35,1.0
18,2021-03-01,45,45,1.0
18,2021-04-01,31,31,1.0
18,2021-05-01,47,47,1.0
18,2021-06-01,54,54,1.0
18,2021-07-01,53,53,1.0
18,2021-08-01,35,35,1.0
18,2021-09-01,44,44,1.0
18,2021-10-01,42,42,1.0
18,2021-11-01,43,43,1.0
18,2021-12-01,46,46,1.0
18,2022-01-01,40,40,1.0
18,2022-02-01,45,45,1.0
18,2022-03-01,57,57,1.0
18,2022-04-01,45,45,1.0
18,2022-05-01,46,46,1.0
18,2022-06-01,50,50,1.0
18,2022-07-01,67,67,1.0
18,2022-08-01,62,62,1.0
18,2022-09-01,52,52,1.0
18,2022-10-01,77,77,1.0
18,2022-11-01,68,68,1.0
18,2022-12-01,57,57,1.0
18,2023-01-01,52,52,1.0
18,2023-02-01,37,37,1.0
18,2023-03-01,48,48,1.0
18,2023-04-01,60,60,1.0
18,2023-05-01,70,70,1.0
18,2023-06-01,53,53,1.0
18,2023-07-01,87,87,1.0
18,2023-08-01,71,71,1.0
18,2023-09-01,62,62,1.0
18,2023-10-01,55,55,1.0
18,2023-11-01,54,54,1.0
18,2023-12-01,64,64,1.0
18,2024-01-01,51,51,1.0
18,2024-02-01,51,51,1.0
18,2024-03-01,58,58,1.0
18,2024-04-01,47,47,1.0
18,2024-05-01,58,58,1.0
18,2024-06-01,68,68,1.0
18,2024-07-01,56,56,1.0
18,2024-08-01,50,50,1.0
18,2024-09-01,58,58,1.0
18,2024-10-01,68,68,1.0
18,2024-11-01,67,67,1.0
18,2024-12-01,39,39,1.0
18,2025-01-01,27,27,1.0
18,2025-02-01,55,55,1.0
18,2025-03-01,51,51,1.0
18,2025-04-01,53,53,1.0
18,2025-05-01,65,65,1.0
18,2025-06-01,57,57,1.0
18,2025-07-01,72,72,1.0
18,2025-08-01,49,49,1.0
18,2025-09-01,71,71,1.0
18,2025-10-01,54,54,1.0
18,2025-11-01,51,51,1.0
18,2025-12-01,61,61,1.0
19,2015-01-01,417,417,1.0
19,2015-02-01,314,314,1.0
19,2015-03-01,417,417,1.0
19,2015-04-01,387,387,1.0
19,2015-05-01,427,427,1.0
19,2015-06-01,363,363,1.0
19,2015-07-01,434,434,1.0
19,2015-08-01,430,430,1.0
19,2015-09-01,426,426,1.0
19,2015-10-01,448,448,1.0
19,2015-11-01,400,400,1.0
19,2015-12-01,401,401,1.0
19,2016-01-01,440,440,1.0
19,2016-02-01,340,340,1.0
19,2016-03-01,393,393,1.0
19,2016-04-01,388,388,1.0
19,2016-05-01,457,457,1.0
19,2016-06-01,401,401,1.0
19,2016-07-01,406,406,1.0
19,2016-08-01,399,399,1.0
19,2016-09-01,383,383,1.0
19,2016-10-01,415,415,1.0
19,2016-11-01,377,377,1.0
19,2016-12-01,402,402,1.0
19,2017-01-01,451,451,1.0
19,2017-02-01,344,344,1.0
19,2017-03-01,377,377,1.0
19,2017-04-01,364,364,1.0
19,2017-05-01,346,346,1.0
19,2017-06-01,381,381,1.0
19,2017-07-01,420,420,1.0
19,2017-08-01,407,407,1.0
19,2017-09-01,385,385,1.0
19,2017-10-01,417,417,1.0
19,2017-11-01,329,329,1.0
19,2017-12-01,410,410,1.0
19,2018-01-01,388,388,1.0
19,2018-02-01,324,324,1.0
19,2018-03-01,353,353,1.0
19,2018-04-01,386,386,1.0
19,2018-05-01,393,393,1.0
19,2018-06-01,338,338,1.0
19,2018-07-01,395,395,1.0
19,2018-08-01,369,369,1.0
19,2018-09-01,394,394,1.0
19,2018-10-01,381,381,1.0
19,2018-11-01,331,331,1.0
19,2018-12-01,373,373,1.0
19,2019-01-01,386,386,1.0
19,2019-02-01,358,358,1.0
19,2019-03-01,323,323,1.0
19,2019-04-01,339,339,1.0
19,2019-05-01,368,368,1.0
19,2019-06-01,347,347,1.0
19,2019-07-01,364,364,1.0
19,2019-08-01,407,407,1.0
19,2019-09-01,379,379,1.0
19,2019-10-01,365,365,1.0
19,2019-11-01,372,372,1.0
19,2019-12-01,368,368,1.0
19,2020-01-01,340,340,1.0
19,2020-02-01,293,293,1.0
19,2020-03-01,299,299,1.0
19,2020-04-01,251,251,1.0
19,2020-05-01,314,314,1.0
19,2020-06-01,287,287,1.0
19,2020-07-01,348,348,1.0
19,2020-08-01,381,381,1.0
19,2020-09-01,312,312,1.0
19,2020-10-01,310,310,1.0
19,2020-11-01,335,335,1.0
19,2020-12-01,323,323,1.0
19,2021-01-01,333,333,1.0
19,2021-02-01,246,246,1.0
19,2021-03-01,314,314,1.0
19,2021-04-01,295,295,1.0
19,2021-05-01,300,300,1.0
19,2021-06-01,279,279,1.0
19,2021-07-01,319,319,1.0
19,2021-08-01,310,310,1.0
19,2021-09-01,302,302,1.0
19,2021-10-01,327,327,1.0
19,2021-11-01,305,305,1.0
19,2021-12-01,328,328,1.0
19,2022-01-01,281,281,1.0
19,2022-02-01,279,279,1.0
19,2022-03-01,283,283,1.0
19,2022-04-01,297,297,1.0
19,2022-05-01,335,335,1.0
19,2022-06-01,334,334,1.0
19,2022-07-01,337,337,1.0
19,2022-08-01,420,420,1.0
19,2022-09-01,394,394,1.0
19,2022-10-01,407,407,1.0
19,2022-11-01,393,393,1.0
19,2022-12-01,353,353,1.0
19,2023-01-01,372,372,1.0
19,2023-02-01,323,323,1.0
19,2023-03-01,416,416,1.0
19,2023-04-01,417,417,1.0
19,2023-05-01,439,439,1.0
19,2023-06-01,402,402,1.0
19,2023-07-01,406,406,1.0
19,2023-08-01,434,434,1.0
19,2023-09-01,428,428,1.0
19,2023-10-01,485,485,1.0
19,2023-11-01,395,395,1.0
19,2023-12-01,462,462,1.0
19,2024-01-01,387,387,1.0
19,2024-02-01,397,397,1.0
19,2024-03-01,398,398,1.0
19,2024-04-01,396,396,1.0
19,2024-05-01,427,427,1.0
19,2024-06-01,410,410,1.0
19,2024-07-01,450,450,1.0
19,2024-08-01,361,361,1.0
19,2024-09-01,420,420,1.0
19,2024-10-01,392,392,1.0
19,2024-11-01,333,333,1.0
19,2024-12-01,343,343,1.0
19,2025-01-01,365,365,1.0
19,2025-02-01,276,276,1.0
19,2025-03-01,304,304,1.0
19,2025-04-01,338,338,1.0
19,2025-05-01,314,314,1.0
19,2025-06-01,327,327,1.0
19,2025-07-01,337,337,1.0
19,2025-08-01,349,349,1.0
19,2025-09-01,343,343,1.0
19,2025-10-01,369,369,1.0
19,2025-11-01,305,305,1.0
19,2025-12-01,295,295,1.0
20,2015-01-01,176,176,1.0
20,2015-02-01,107,107,1.0
20,2015-03-01,150,150,1.0
20,2015-04-01,132,132,1.0
20,2015-05-01,152,152,1.0
20,2015-06-01,157,157,1.0
20,2015-07-01,134,134,1.0
20,2015-08-01,166,166,1.0
20,2015-09-01,134,134,1.0
20,2015-10-01,148,148,1.0
20,2015-11-01,133,133,1.0
20,2015-12-01,153,153,1.0
20,2016-01-01,131,131,1.0
20,2016-02-01,146,146,1.0
20,2016-03-01,136,136,1.0
20,2016-04-01,121,121,1.0
20,2016-05-01,112,112,1.0
20,2016-06-01,137,137,1.0
20,2016-07-01,140,140,1.0
20,2016-08-01,150,150,1.0
20,2016-09-01,152,152,1.0
20,2016-10-01,119,119,1.0
20,2016-11-01,110,110,1.0
20,2016-12-01,109,109,1.0
20,2017-01-01,152,152,1.0
20,2017-02-01,127,127,1.0
20,2017-03-01,134,134,1.0
20,2017-04-01,125,125,1.0
20,2017-05-01,147,147,1.0
20,2017-06-01,133,133,1.0
20,2017-07-01,137,137,1.0
20,2017-08-01,114,114,1.0
20,2017-09-01,112,112,1.0
20,2017-10-01,125,125,1.0
20,2017-11-01,109,109,1.0
20,2017-12-01,96,96,1.0
20,2018-01-01,119,119,1.0
20,2018-02-01,108,108,1.0
20,2018-03-01,108,108,1.0
20,2018-04-01,115,115,1.0
20,2018-05-01,117,117,1.0
20,2018-06-01,130,130,1.0
20,2018-07-01,142,142,1.0
20,2018-08-01,123,123,1.0
20,2018-09-01,117,117,1.0
20,2018-10-01,129,129,1.0
20,2018-11-01,102,102,1.0
20,2018-12-01,107,107,1.0
20,2019-01-01,108,108,1.0
20,2019-02-01,89,89,1.0
20,2019-03-01,113,113,1.0
20,2019-04-01,129,129,1.0
20,2019-05-01,91,91,1.0
20,2019-06-01,90,90,1.0
20,2019-07-01,116,116,1.0
20,2019-08-01,110,110,1.0
20,2019-09-01,116,116,1.0
20,2019-10-01,126,126,1.0
20,2019-11-01,115,115,1.0
20,2019-12-01,106,106,1.0
20,2020-01-01,118,118,1.0
20,2020-02-01,110,110,1.0
20,2020-03-01,79,79,1.0
20,2020-04-01,75,75,1.0
20,2020-05-01,110,110,1.0
20,2020-06-01,118,118,1.0
20,2020-07-01,91,91,1.0
20,2020-08-01,113,113,1.0
20,2020-09-01,102,102,1.0
20,2020-10-01,102,102,1.0
20,2020-11-01,94,94,1.0
20,2020-12-01,82,82,1.0
20,2021-01-01,86,86,1.0
20,2021-02-01,79,79,1.0
20,2021-03-01,81,81,1.0
20,2021-04-01,75,75,1.0
20,2021-05-01,104,104,1.0
20,2021-06-01,109,109,1.0
20,2021-07-01,117,117,1.0
20,2021-08-01,114,114,1.0
20,2021-09-01,146,146,1.0
20,2021-10-01,134,134,1.0
20,2021-11-01,113,113,1.0
20,2021-12-01,116,116,1.0
20,2022-01-01,107,107,1.0
20,2022-02-01,97,97,1.0
20,2022-03-01,100,100,1.0
20,2022-04-01,96,96,1.0
20,2022-05-01,116,116,1.0
20,2022-06-01,103,103,1.0
20,2022-07-01,111,111,1.0
20,2022-08-01,117,117,1.0
20,2022-09-01,107,107,1.0
20,2022-10-01,134,134,1.0
20,2022-11-01,107,107,1.0
20,2022-12-01,130,130,1.0
20,2023-01-01,114,114,1.0
20,2023-02-01,116,116,1.0
20,2023-03-01,125,125,1.0
20,2023-04-01,139,139,1.0
20,2023-05-01,158,158,1.0
20,2023-06-01,116,116,1.0
20,2023-07-01,131,131,1.0
20,2023-08-01,148,148,1.0
20,2023-09-01,124,124,1.0
20,2023-10-01,167,167,1.0
20,2023-11-01,150,150,1.0
20,2023-12-01,134,134,1.0
20,2024-01-01,120,120,1.0
20,2024-02-01,130,130,1.0
20,2024-03-01,107,107,1.0
20,2024-04-01,109,109,1.0
20,2024-05-01,120,120,1.0
20,2024-06-01,138,138,1.0
20,2024-07-01,116,116,1.0
20,2024-08-01,130,130,1.0
20,2024-09-01,132,132,1.0
20,2024-10-01,120,120,1.0
20,2024-11-01,124,124,1.0
20,2024-12-01,119,119,1.0
20,2025-01-01,98,98,1.0
20,2025-02-01,75,75,1.0
20,2025-03-01,95,95,1.0
20,2025-04-01,94,94,1.0
20,2025-05-01,94,94,1.0
20,2025-06-01,76,76,1.0
20,2025-07-01,114,114,1.0
20,2025-08-01,113,113,1.0
20,2025-09-01,100,100,1.0
20,2025-10-01,109,109,1.0
20,2025-11-01,89,89,1.0
20,2025-12-01,114,114,1.0
21,2015-01-01,218,218,1.0
21,2015-02-01,166,166,1.0
21,2015-03-01,180,180,1.0
21,2015-04-01,182,182,1.0
21,2015-05-01,189,189,1.0
21,2015-06-01,193,193,1.0
21,2015-07-01,200,200,1.0
21,2015-08-01,218,218,1.0
21,2015-09-01,201,201,1.0
21,2015-10-01,205,205,1.0
21,2015-11-01,150,150,1.0
21,2015-12-01,168,168,1.0
21,2016-01-01,195,195,1.0
21,2016-02-01,161,161,1.0
21,2016-03-01,173,173,1.0
21,2016-04-01,163,163,1.0
21,2016-05-01,193,193,1.0
21,2016-06-01,188,188,1.0
21,2016-07-01,222,222,1.0
21,2016-08-01,219,219,1.0
21,2016-09-01,209,209,1.0
21,2016-10-01,199,199,1.0
21,2016-11-01,177,177,1.0
21,2016-12-01,200,200,1.0
21,2017-01-01,200,200,1.0
21,2017-02-01,166,166,1.0
21,2017-03-01,178,178,1.0
21,2017-04-01,171,171,1.0
21,2017-05-01,238,238,1.0
21,2017-06-01,188,188,1.0
21,2017-07-01,201,201,1.0
21,2017-08-01,205,205,1.0
21,2017-09-01,191,191,1.0
21,2017-10-01,199,199,1.0
21,2017-11-01,213,213,1.0
21,2017-12-01,208,208,1.0
21,2018-01-01,188,188,1.0
21,2018-02-01,192,192,1.0
21,2018-03-01,181,181,1.0
21,2018-04-01,212,212,1.0
21,2018-05-01,214,214,1.0
21,2018-06-01,177,177,1.0
21,2018-07-01,218,218,1.0
21,2018-08-01,187,187,1.0
21,2018-09-01,177,177,1.0
21,2018-10-01,228,228,1.0
21,2018-11-01,202,202,1.0
21,2018-12-01,176,176,1.0
21,2019-01-01,175,175,1.0
21,2019-02-01,159,159,1.0
21,2019-03-01,181,181,1.0
21,2019-04-01,146,146,1.0
21,2019-05-01,183,183,1.0
21,2019-06-01,185,185,1.0
21,2019-07-01,188,188,1.0
21,2019-08-01,224,224,1.0
21,2019-09-01,183,183,1.0
21,2019-10-01,185,185,1.0
21,2019-11-01,162,162,1.0
21,2019-12-01,182,182,1.0
21,2020-01-01,161,161,1.0
21,2020-02-01,142,142,1.0
21,2020-03-01,127,127,1.0
21,2020-04-01,124,124,1.0
21,2020-05-01,158,158,1.0
21,2020-06-01,144,144,1.0
21,2020-07-01,160,160,1.0
21,2020-08-01,208,208,1.0
21,2020-09-01,148,148,1.0
21,2020-10-01,151,151,1.0
21,2020-11-01,163,163,1.0
21,2020-12-01,144,144,1.0
21,2021-01-01,132,132,1.0
21,2021-02-01,109,109,1.0
21,2021-03-01,137,137,1.0
21,2021-04-01,113,113,1.0
21,2021-05-01,123,123,1.0
21,2021-06-01,130,130,1.0
21,2021-07-01,127,127,1.0
21,2021-08-01,142,142,1.0
21,2021-09-01,146,146,1.0
21,2021-10-01,158,158,1.0
21,2021-11-01,143,143,1.0
21,2021-12-01,141,141,1.0
21,2022-01-01,128,128,1.0
21,2022-02-01,116,116,1.0
21,2022-03-01,151,151,1.0
21,2022-04-01,148,148,1.0
21,2022-05-01,179,179,1.0
21,2022-06-01,168,168,1.0
21,2022-07-01,168,168,1.0
21,2022-08-01,188,188,1.0
21,2022-09-01,182,182,1.0
21,2022-10-01,194,194,1.0
21,2022-11-01,187,187,1.0
21,2022-12-01,189,189,1.0
21,2023-01-01,164,164,1.0
21,2023-02-01,156,156,1.0
21,2023-03-01,181,181,1.0
21,2023-04-01,167,167,1.0
21,2023-05-01,162,162,1.0
21,2023-06-01,191,191,1.0
21,2023-07-01,184,184,1.0
21,2023-08-01,195,195,1.0
21,2023-09-01,207,207,1.0
21,2023-10-01,219,219,1.0
21,2023-11-01,212,212,1.0
21,2023-12-01,186,186,1.0
21,2024-01-01,173,173,1.0
21,2024-02-01,219,219,1.0
21,2024-03-01,192,192,1.0
21,2024-04-01,204,204,1.0
21,2024-05-01,234,234,1.0
21,2024-06-01,182,182,1.0
21,2024-07-01,229,229,1.0
21,2024-08-01,209,209,1.0
21,2024-09-01,199,199,1.0
21,2024-10-01,230,230,1.0
21,2024-11-01,188,188,1.0
21,2024-12-01,157,157,1.0
21,2025-01-01,182,182,1.0
21,2025-02-01,137,137,1.0
21,2025-03-01,163,163,1.0
21,2025-04-01,183,183,1.0
21,2025-05-01,174,174,1.0
21,2025-06-01,219,219,1.0
21,2025-07-01,202,202,1.0
21,2025-08-01,189,189,1.0
21,2025-09-01,182,182,1.0
21,2025-10-01,196,196,1.0
21,2025-11-01,174,174,1.0
21,2025-12-01,179,179,1.0
22,2015-01-01,390,390,1.0
22,2015-02-01,325,325,1.0
22,2015-03-01,393,393,1.0
22,2015-04-01,404,404,1.0
22,2015-05-01,401,401,1.0
22,2015-06-01,378,378,1.0
22,2015-07-01,436,436,1.0
22,2015-08-01,468,468,1.0
22,2015-09-01,421,421,1.0
22,2015-10-01,446,446,1.0
22,2015-11-01,374,374,1.0
22,2015-12-01,376,376,1.0
22,2016-01-01,406,406,1.0
22,2016-02-01,368,368,1.0
22,2016-03-01,392,392,1.0
22,2016-04-01,390,390,1.0
22,2016-05-01,506,506,1.0
22,2016-06-01,427,427,1.0
22,2016-07-01,491,491,1.0
22,2016-08-01,517,517,1.0
22,2016-09-01,534,534,1.0
22,2016-10-01,533,533,1.0
22,2016-11-01,440,440,1.0
22,2016-12-01,478,478,1.0
22,2017-01-01,488,488,1.0
22,2017-02-01,417,417,1.0
22,2017-03-01,396,396,1.0
22,2017-04-01,393,393,1.0
22,2017-05-01,409,409,1.0
22,2017-06-01,440,440,1.0
22,2017-07-01,484,484,1.0
22,2017-08-01,465,465,1.0
22,2017-09-01,408,408,1.0
22,2017-10-01,439,439,1.0
22,2017-11-01,414,414,1.0
22,2017-12-01,337,337,1.0
22,2018-01-01,380,380,1.0
22,2018-02-01,309,309,1.0
22,2018-03-01,366,366,1.0
22,2018-04-01,374,374,1.0
22,2018-05-01,445,445,1.0
22,2018-06-01,467,467,1.0
22,2018-07-01,472,472,1.0
22,2018-08-01,440,440,1.0
22,2018-09-01,405,405,1.0
22,2018-10-01,450,450,1.0
22,2018-11-01,388,388,1.0
22,2018-12-01,472,472,1.0
22,2019-01-01,353,353,1.0
22,2019-02-01,317,317,1.0
22,2019-03-01,393,393,1.0
22,2019-04-01,355,355,1.0
22,2019-05-01,424,424,1.0
22,2019-06-01,484,484,1.0
22,2019-07-01,489,489,1.0
22,2019-08-01,419,419,1.0
22,2019-09-01,432,432,1.0
22,2019-10-01,452,452,1.0
22,2019-11-01,371,371,1.0
22,2019-12-01,410,410,1.0
22,2020-01-01,418,418,1.0
22,2020-02-01,324,324,1.0
22,2020-03-01,324,324,1.0
22,2020-04-01,203,203,1.0
22,2020-05-01,282,282,1.0
22,2020-06-01,320,320,1.0
22,2020-07-01,313,313,1.0
22,2020-08-01,325,325,1.0
22,2020-09-01,322,322,1.0
22,2020-10-01,314,314,1.0
22,2020-11-01,290,290,1.0
22,2020-12-01,318,318,1.0
22,2021-01-01,289,289,1.0
22,2021-02-01,247,247,1.0
22,2021-03-01,336,336,1.0
22,2021-04-01,275,275,1.0
22,2021-05-01,342,342,1.0
22,2021-06-01,286,286,1.0
22,2021-07-01,278,278,1.0
22,2021-08-01,277,277,1.0
22,2021-09-01,343,343,1.0
22,2021-10-01,342,342,1.0
22,2021-11-01,319,319,1.0
22,2021-12-01,292,292,1.0
22,2022-01-01,232,232,1.0
22,2022-02-01,247,247,1.0
22,2022-03-01,368,368,1.0
22,2022-04-01,290,290,1.0
22,2022-05-01,331,331,1.0
22,2022-06-01,337,337,1.0
22,2022-07-01,360,360,1.0
22,2022-08-01,370,370,1.0
22,2022-09-01,413,413,1.0
22,2022-10-01,403,403,1.0
22,2022-11-01,391,391,1.0
22,2022-12-01,379,379,1.0
22,2023-01-01,405,405,1.0
22,2023-02-01,339,339,1.0
22,2023-03-01,424,424,1.0
22,2023-04-01,407,407,1.0
22,2023-05-01,433,433,1.0
22,2023-06-01,391,391,1.0
22,2023-07-01,490,490,1.0
22,2023-08-01,513,513,1.0
22,2023-09-01,468,468,1.0
22,2023-10-01,446,446,1.0
22,2023-11-01,463,463,1.0
22,2023-12-01,472,472,1.0
22,2024-01-01,427,427,1.0
22,2024-02-01,415,415,1.0
22,2024-03-01,401,401,1.0
22,2024-04-01,381,381,1.0
22,2024-05-01,488,488,1.0
22,2024-06-01,479,479,1.0
22,2024-07-01,519,519,1.0
22,2024-08-01,471,471,1.0
22,2024-09-01,519,519,1.0
22,2024-10-01,520,520,1.0
22,2024-11-01,398,398,1.0
22,2024-12-01,438,438,1.0
22,2025-01-01,341,341,1.0
22,2025-02-01,299,299,1.0
22,2025-03-01,375,375,1.0
22,2025-04-01,387,387,1.0
22,2025-05-01,363,363,1.0
22,2025-06-01,403,403,1.0
22,2025-07-01,424,424,1.0
22,2025-08-01,429,429,1.0
22,2025-09-01,405,405,1.0
22,2025-10-01,367,367,1.0
22,2025-11-01,353,353,1.0
22,2025-12-01,353,353,1.0
23,2015-01-01,694,694,1.0
23,2015-02-01,552,552,1.0
23,2015-03-01,742,742,1.0
23,2015-04-01,719,719,1.0
23,2015-05-01,734,734,1.0
23,2015-06-01,670,670,1.0
23,2015-07-01,762,762,1.0
23,2015-08-01,722,722,1.0
23,2015-09-01,690,690,1.0
23,2015-10-01,703,703,1.0
23,2015-11-01,578,578,1.0
23,2015-12-01,643,643,1.0
23,2016-01-01,622,622,1.0
23,2016-02-01,572,572,1.0
23,2016-03-01,688,688,1.0
23,2016-04-01,613,613,1.0
23,2016-05-01,705,705,1.0
23,2016-06-01,761,761,1.0
23,2016-07-01,753,753,1.0
23,2016-08-01,747,747,1.0
23,2016-09-01,720,720,1.0
23,2016-10-01,656,656,1.0
23,2016-11-01,597,597,1.0
23,2016-12-01,613,613,1.0
23,2017-01-01,692,692,1.0
23,2017-02-01,599,599,1.0
23,2017-03-01,602,602,1.0
23,2017-04-01,660,660,1.0
23,2017-05-01,721,721,1.0
23,2017-06-01,734,734,1.0
23,2017-07-01,733,733,1.0
23,2017-08-01,702,702,1.0
23,2017-09-01,735,735,1.0
23,2017-10-01,674,674,1.0
23,2017-11-01,636,636,1.0
23,2017-12-01,596,596,1.0
23,2018-01-01,594,594,1.0
23,2018-02-01,495,495,1.0
23,2018-03-01,665,665,1.0
23,2018-04-01,617,617,1.0
23,2018-05-01,739,739,1.0
23,2018-06-01,708,708,1.0
23,2018-07-01,741,741,1.0
23,2018-08-01,779,779,1.0
23,2018-09-01,727,727,1.0
23,2018-10-01,718,718,1.0
23,2018-11-01,661,661,1.0
23,2018-12-01,696,696,1.0
23,2019-01-01,643,643,1.0
23,2019-02-01,590,590,1.0
23,2019-03-01,620,620,1.0
23,2019-04-01,683,683,1.0
23,2019-05-01,711,711,1.0
23,2019-06-01,737,737,1.0
23,2019-07-01,762,762,1.0
23,2019-08-01,766,766,1.0
23,2019-09-01,685,685,1.0
23,2019-10-01,649,649,1.0
23,2019-11-01,565,565,1.0
23,2019-12-01,626,626,1.0
23,2020-01-01,561,561,1.0
23,2020-02-01,605,605,1.0
23,2020-03-01,541,541,1.0
23,2020-04-01,401,401,1.0
23,2020-05-01,571,571,1.0
23,2020-06-01,611,611,1.0
23,2020-07-01,581,581,1.0
23,2020-08-01,689,689,1.0
23,2020-09-01,611,611,1.0
23,2020-10-01,544,544,1.0
23,2020-11-01,507,507,1.0
23,2020-12-01,434,434,1.0
23,2021-01-01,461,461,1.0
23,2021-02-01,410,410,1.0
23,2021-03-01,537,537,1.0
23,2021-04-01,516,516,1.0
23,2021-05-01,591,591,1.0
23,2021-06-01,581,581,1.0
23,2021-07-01,537,537,1.0
23,2021-08-01,531,531,1.0
23,2021-09-01,486,486,1.0
23,2021-10-01,501,501,1.0
23,2021-11-01,524,524,1.0
23,2021-12-01,450,450,1.0
23,2022-01-01,382,382,1.0
23,2022-02-01,422,422,1.0
23,2022-03-01,509,509,1.0
23,2022-04-01,455,455,1.0
23,2022-05-01,544,544,1.0
23,2022-06-01,458,458,1.0
23,2022-07-01,492,492,1.0
23,2022-08-01,561,561,1.0
23,2022-09-01,517,517,1.0
23,2022-10-01,695,695,1.0
23,2022-11-01,610,610,1.0
23,2022-12-01,509,509,1.0
23,2023-01-01,533,533,1.0
23,2023-02-01,443,443,1.0
23,2023-03-01,532,532,1.0
23,2023-04-01,494,494,1.0
23,2023-05-01,560,560,1.0
23,2023-06-01,592,592,1.0
23,2023-07-01,629,629,1.0
23,2023-08-01,646,646,1.0
23,2023-09-01,634,634,1.0
23,2023-10-01,648,648,1.0
23,2023-11-01,658,658,1.0
23,2023-12-01,621,621,1.0
23,2024-01-01,513,513,1.0
23,2024-02-01,484,484,1.0
23,2024-03-01,588,588,1.0
23,2024-04-01,558,558,1.0
23,2024-05-01,617,617,1.0
23,2024-06-01,646,646,1.0
23,2024-07-01,687,687,1.0
23,2024-08-01,642,642,1.0
23,2024-09-01,610,610,1.0
23,2024-10-01,557,557,1.0
23,2024-11-01,560,560,1.0
23,2024-12-01,583,583,1.0
23,2025-01-01,543,543,1.0
23,2025-02-01,490,490,1.0
23,2025-03-01,540,540,1.0
23,2025-04-01,532,532,1.0
23,2025-05-01,606,606,1.0
23,2025-06-01,501,501,1.0
23,2025-07-01,554,554,1.0
23,2025-08-01,569,569,1.0
23,2025-09-01,496,496,1.0
23,2025-10-01,473,473,1.0
23,2025-11-01,428,428,1.0
23,2025-12-01,402,402,1.0
24,2015-01-01,526,526,1.0
24,2015-02-01,422,422,1.0
24,2015-03-01,485,485,1.0
24,2015-04-01,526,526,1.0
24,2015-05-01,587,587,1.0
24,2015-06-01,656,656,1.0
24,2015-07-01,639,639,1.0
24,2015-08-01,730,730,1.0
24,2015-09-01,720,720,1.0
24,2015-10-01,601,601,1.0
24,2015-11-01,546,546,1.0
24,2015-12-01,659,659,1.0
24,2016-01-01,577,577,1.0
24,2016-02-01,518,518,1.0
24,2016-03-01,609,609,1.0
24,2016-04-01,645,645,1.0
24,2016-05-01,712,712,1.0
24,2016-06-01,719,719,1.0
24,2016-07-01,797,797,1.0
24,2016-08-01,782,782,1.0
24,2016-09-01,752,752,1.0
24,2016-10-01,720,720,1.0
24,2016-11-01,717,717,1.0
24,2016-12-01,704,704,1.0
24,2017-01-01,731,731,1.0
24,2017-02-01,635,635,1.0
24,2017-03-01,645,645,1.0
24,2017-04-01,655,655,1.0
24,2017-05-01,655,655,1.0
24,2017-06-01,782,782,1.0
24,2017-07-01,798,798,1.0
24,2017-08-01,744,744,1.0
24,2017-09-01,709,709,1.0
24,2017-10-01,723,723,1.0
24,2017-11-01,642,642,1.0
24,2017-12-01,634,634,1.0
24,2018-01-01,518,518,1.0
24,2018-02-01,401,401,1.0
24,2018-03-01,515,515,1.0
24,2018-04-01,605,605,1.0
24,2018-05-01,700,700,1.0
24,2018-06-01,650,650,1.0
24,2018-07-01,646,646,1.0
24,2018-08-01,720,720,1.0
24,2018-09-01,650,650,1.0
24,2018-10-01,667,667,1.0
24,2018-11-01,635,635,1.0
24,2018-12-01,640,640,1.0
24,2019-01-01,544,544,1.0
24,2019-02-01,469,469,1.0
24,2019-03-01,517,517,1.0
24,2019-04-01,522,522,1.0
24,2019-05-01,663,663,1.0
24,2019-06-01,712,712,1.0
24,2019-07-01,748,748,1.0
24,2019-08-01,698,698,1.0
24,2019-09-01,685,685,1.0
24,2019-10-01,634,634,1.0
24,2019-11-01,548,548,1.0
24,2019-12-01,579,579,1.0
24,2020-01-01,532,532,1.0
24,2020-02-01,456,456,1.0
24,2020-03-01,362,362,1.0
24,2020-04-01,276,276,1.0
24,2020-05-01,388,388,1.0
24,2020-06-01,453,453,1.0
24,2020-07-01,498,498,1.0
24,2020-08-01,542,542,1.0
24,2020-09-01,475,475,1.0
24,2020-10-01,508,508,1.0
24,2020-11-01,418,418,1.0
24,2020-12-01,384,384,1.0
24,2021-01-01,377,377,1.0
24,2021-02-01,317,317,1.0
24,2021-03-01,409,409,1.0
24,2021-04-01,339,339,1.0
24,2021-05-01,463,463,1.0
24,2021-06-01,486,486,1.0
24,2021-07-01,537,537,1.0
24,2021-08-01,486,486,1.0
24,2021-09-01,512,512,1.0
24,2021-10-01,676,676,1.0
24,2021-11-01,558,558,1.0
24,2021-12-01,509,509,1.0
24,2022-01-01,421,421,1.0
24,2022-02-01,454,454,1.0
24,2022-03-01,569,569,1.0
24,2022-04-01,517,517,1.0
24,2022-05-01,568,568,1.0
24,2022-06-01,679,679,1.0
24,2022-07-01,670,670,1.0
24,2022-08-01,592,592,1.0
24,2022-09-01,705,705,1.0
24,2022-10-01,748,748,1.0
24,2022-11-01,701,701,1.0
24,2022-12-01,633,633,1.0
24,2023-01-01,620,620,1.0
24,2023-02-01,536,536,1.0
24,2023-03-01,623,623,1.0
24,2023-04-01,679,679,1.0
24,2023-05-01,661,661,1.0
24,2023-06-01,679,679,1.0
24,2023-07-01,752,752,1.0
24,2023-08-01,806,806,1.0
24,2023-09-01,675,675,1.0
24,2023-10-01,705,705,1.0
24,2023-11-01,677,677,1.0
24,2023-12-01,606,606,1.0
24,2024-01-01,557,557,1.0
24,2024-02-01,623,623,1.0
24,2024-03-01,586,586,1.0
24,2024-04-01,608,608,1.0
24,2024-05-01,705,705,1.0
24,2024-06-01,692,692,1.0
24,2024-07-01,699,699,1.0
24,2024-08-01,765,765,1.0
24,2024-09-01,744,744,1.0
24,2024-10-01,768,768,1.0
24,2024-11-01,651,651,1.0
24,2024-12-01,606,606,1.0
24,2025-01-01,507,507,1.0
24,2025-02-01,439,439,1.0
24,2025-03-01,560,560,1.0
24,2025-04-01,529,529,1.0
24,2025-05-01,555,555,1.0
24,2025-06-01,652,652,1.0
24,2025-07-01,671,671,1.0
24,2025-08-01,641,641,1.0
24,2025-09-01,617,617,1.0
24,2025-10-01,675,675,1.0
24,2025-11-01,512,512,1.0
24,2025-12-01,486,486,1.0
25,2015-01-01,1463,1463,1.0
25,2015-02-01,1135,1135,1.0
25,2015-03-01,1428,1428,1.0
25,2015-04-01,1483,1483,1.0
25,2015-05-01,1554,1554,1.0
25,2015-06-01,1510,1510,1.0
25,2015-07-01,1656,1656,1.0
25,2015-08-01,1646,1646,1.0
25,2015-09-01,1490,1490,1.0
25,2015-10-01,1465,1465,1.0
25,2015-11-01,1339,1339,1.0
25,2015-12-01,1265,1265,1.0
25,2016-01-01,1254,1254,1.0
25,2016-02-01,1217,1217,1.0
25,2016-03-01,1348,1348,1.0
25,2016-04-01,1395,1395,1.0
25,2016-05-01,1512,1512,1.0
25,2016-06-01,1599,1599,1.0
25,2016-07-01,1595,1595,1.0
25,2016-08-01,1513,1513,1.0
25,2016-09-01,1374,1374,1.0
25,2016-10-01,1409,1409,1.0
25,2016-11-01,1330,1330,1.0
25,2016-12-01,1271,1271,1.0
25,2017-01-01,1306,1306,1.0
25,2017-02-01,1173,1173,1.0
25,2017-03-01,1182,1182,1.0
25,2017-04-01,1320,1320,1.0
25,2017-05-01,1359,1359,1.0
25,2017-06-01,1421,1421,1.0
25,2017-07-01,1409,1409,1.0
25,2017-08-01,1411,1411,1.0
25,2017-09-01,1230,1230,1.0
25,2017-10-01,1238,1238,1.0
25,2017-11-01,1188,1188,1.0
25,2017-12-01,1237,1237,1.0
25,2018-01-01,1149,1149,1.0
25,2018-02-01,955,955,1.0
25,2018-03-01,1287,1287,1.0
25,2018-04-01,1231,1231,1.0
25,2018-05-01,1498,1498,1.0
25,2018-06-01,1325,1325,1.0
25,2018-07-01,1508,1508,1.0
25,2018-08-01,1426,1426,1.0
25,2018-09-01,1274,1274,1.0
25,2018-10-01,1227,1227,1.0
25,2018-11-01,1142,1142,1.0
25,2018-12-01,1188,1188,1.0
25,2019-01-01,1072,1072,1.0
25,2019-02-01,959,959,1.0
25,2019-03-01,1213,1213,1.0
25,2019-04-01,1255,1255,1.0
25,2019-05-01,1376,1376,1.0
25,2019-06-01,1312,1312,1.0
25,2019-07-01,1512,1512,1.0
25,2019-08-01,1346,1346,1.0
25,2019-09-01,1279,1279,1.0
25,2019-10-01,1184,1184,1.0
25,2019-11-01,1132,1132,1.0
25,2019-12-01,1161,1161,1.0
25,2020-01-01,1163,1163,1.0
25,2020-02-01,993,993,1.0
25,2020-03-01,1059,1059,1.0
25,2020-04-01,797,797,1.0
25,2020-05-01,1145,1145,1.0
25,2020-06-01,1116,1116,1.0
25,2020-07-01,1191,1191,1.0
25,2020-08-01,1223,1223,1.0
25,2020-09-01,1059,1059,1.0
25,2020-10-01,1062,1062,1.0
25,2020-11-01,1006,1006,1.0
25,2020-12-01,987,987,1.0
25,2021-01-01,922,922,1.0
25,2021-02-01,748,748,1.0
25,2021-03-01,1044,1044,1.0
25,2021-04-01,934,934,1.0
25,2021-05-01,1073,1073,1.0
25,2021-06-01,1130,1130,1.0
25,2021-07-01,1018,1018,1.0
25,2021-08-01,989,989,1.0
25,2021-09-01,1038,1038,1.0
25,2021-10-01,1045,1045,1.0
25,2021-11-01,881,881,1.0
25,2021-12-01,933,933,1.0
25,2022-01-01,736,736,1.0
25,2022-02-01,828,828,1.0
25,2022-03-01,952,952,1.0
25,2022-04-01,1060,1060,1.0
25,2022-05-01,1094,1094,1.0
25,2022-06-01,993,993,1.0
25,2022-07-01,1094,1094,1.0
25,2022-08-01,1188,1188,1.0
25,2022-09-01,1288,1288,1.0
25,2022-10-01,1241,1241,1.0
25,2022-11-01,937,937,1.0
25,2022-12-01,880,880,1.0
25,2023-01-01,1069,1069,1.0
25,2023-02-01,870,870,1.0
25,2023-03-01,1047,1047,1.0
25,2023-04-01,1026,1026,1.0
25,2023-05-01,1140,1140,1.0
25,2023-06-01,1148,1148,1.0
25,2023-07-01,1169,1169,1.0
25,2023-08-01,1103,1103,1.0
25,2023-09-01,1013,1013,1.0
25,2023-10-01,1066,1066,1.0
25,2023-11-01,1015,1015,1.0
25,2023-12-01,1025,1025,1.0
25,2024-01-01,961,961,1.0
25,2024-02-01,952,952,1.0
25,2024-03-01,1031,1031,1.0
25,2024-04-01,1023,1023,1.0
25,2024-05-01,1114,1114,1.0
25,2024-06-01,1248,1248,1.0
25,2024-07-01,1170,1170,1.0
25,2024-08-01,1118,1118,1.0
25,2024-09-01,1113,1113,1.0
25,2024-10-01,1133,1133,1.0
25,2024-11-01,1021,1021,1.0
25,2024-12-01,1067,1067,1.0
25,2025-01-01,1007,1007,1.0
25,2025-02-01,950,950,1.0
25,2025-03-01,1032,1032,1.0
25,2025-04-01,1041,1041,1.0
25,2025-05-01,1046,1046,1.0
25,2025-06-01,1009,1009,1.0
25,2025-07-01,1082,1082,1.0
25,2025-08-01,1019,1019,1.0
25,2025-09-01,930,930,1.0
25,2025-10-01,934,934,1.0
25,2025-11-01,895,895,1.0
25,2025-12-01,805,805,1.0
26,2015-01-01,556,556,1.0
26,2015-02-01,421,421,1.0
26,2015-03-01,566,566,1.0
26,2015-04-01,532,532,1.0
26,2015-05-01,462,462,1.0
26,2015-06-01,486,486,1.0
26,2015-07-01,507,507,1.0
26,2015-08-01,530,530,1.0
26,2015-09-01,465,465,1.0
26,2015-10-01,524,524,1.0
26,2015-11-01,527,527,1.0
26,2015-12-01,463,463,1.0
26,2016-01-01,490,490,1.0
26,2016-02-01,466,466,1.0
26,2016-03-01,512,512,1.0
26,2016-04-01,579,579,1.0
26,2016-05-01,504,504,1.0
26,2016-06-01,507,507,1.0
26,2016-07-01,502,502,1.0
26,2016-08-01,488,488,1.0
26,2016-09-01,517,517,1.0
26,2016-10-01,471,471,1.0
26,2016-11-01,440,440,1.0
26,2016-12-01,321,321,1.0
26,2017-01-01,455,455,1.0
26,2017-02-01,408,408,1.0
26,2017-03-01,466,466,1.0
26,2017-04-01,495,495,1.0
26,2017-05-01,512,512,1.0
26,2017-06-01,462,462,1.0
26,2017-07-01,502,502,1.0
26,2017-08-01,525,525,1.0
26,2017-09-01,410,410,1.0
26,2017-10-01,390,390,1.0
26,2017-11-01,406,406,1.0
26,2017-12-01,352,352,1.0
26,2018-01-01,435,435,1.0
26,2018-02-01,365,365,1.0
26,2018-03-01,466,466,1.0
26,2018-04-01,461,461,1.0
26,2018-05-01,568,568,1.0
26,2018-06-01,518,518,1.0
26,2018-07-01,509,509,1.0
26,2018-08-01,544,544,1.0
26,2018-09-01,477,477,1.0
26,2018-10-01,561,561,1.0
26,2018-11-01,416,416,1.0
26,2018-12-01,426,426,1.0
26,2019-01-01,495,495,1.0
26,2019-02-01,453,453,1.0
26,2019-03-01,571,571,1.0
26,2019-04-01,589,589,1.0
26,2019-05-01,604,604,1.0
26,2019-06-01,519,519,1.0
26,2019-07-01,615,615,1.0
26,2019-08-01,569,569,1.0
26,2019-09-01,502,502,1.0
26,2019-10-01,441,441,1.0
26,2019-11-01,437,437,1.0
26,2019-12-01,442,442,1.0
26,2020-01-01,453,453,1.0
26,2020-02-01,472,472,1.0
26,2020-03-01,406,406,1.0
26,2020-04-01,260,260,1.0
26,2020-05-01,449,449,1.0
26,2020-06-01,395,395,1.0
26,2020-07-01,454,454,1.0
26,2020-08-01,487,487,1.0
26,2020-09-01,426,426,1.0
26,2020-10-01,450,450,1.0
26,2020-11-01,380,380,1.0
26,2020-12-01,361,361,1.0
26,2021-01-01,340,340,1.0
26,2021-02-01,323,323,1.0
26,2021-03-01,460,460,1.0
26,2021-04-01,393,393,1.0
26,2021-05-01,460,460,1.0
26,2021-06-01,432,432,1.0
26,2021-07-01,416,416,1.0
26,2021-08-01,339,339,1.0
26,2021-09-01,355,355,1.0
26,2021-10-01,308,308,1.0
26,2021-11-01,263,263,1.0
26,2021-12-01,264,264,1.0
26,2022-01-01,257,257,1.0
26,2022-02-01,283,283,1.0
26,2022-03-01,293,293,1.0
26,2022-04-01,357,357,1.0
26,2022-05-01,338,338,1.0
26,2022-06-01,358,358,1.0
26,2022-07-01,422,422,1.0
26,2022-08-01,355,355,1.0
26,2022-09-01,355,355,1.0
26,2022-10-01,389,389,1.0
26,2022-11-01,309,309,1.0
26,2022-12-01,309,309,1.0
26,2023-01-01,356,356,1.0
26,2023-02-01,272,272,1.0
26,2023-03-01,333,333,1.0
26,2023-04-01,369,369,1.0
26,2023-05-01,294,294,1.0
26,2023-06-01,385,385,1.0
26,2023-07-01,356,356,1.0
26,2023-08-01,377,377,1.0
26,2023-09-01,333,333,1.0
26,2023-10-01,294,294,1.0
26,2023-11-01,345,345,1.0
26,2023-12-01,296,296,1.0
26,2024-01-01,327,327,1.0
26,2024-02-01,314,314,1.0
26,2024-03-01,334,334,1.0
26,2024-04-01,296,296,1.0
26,2024-05-01,319,319,1.0
26,2024-06-01,363,363,1.0
26,2024-07-01,353,353,1.0
26,2024-08-01,339,339,1.0
26,2024-09-01,297,297,1.0
26,2024-10-01,302,302,1.0
26,2024-11-01,243,243,1.0
26,2024-12-01,287,287,1.0
26,2025-01-01,269,269,1.0
26,2025-02-01,213,213,1.0
26,2025-03-01,275,275,1.0
26,2025-04-01,292,292,1.0
26,2025-05-01,292,292,1.0
26,2025-06-01,295,295,1.0
26,2025-07-01,358,358,1.0
26,2025-08-01,278,278,1.0
26,2025-09-01,304,304,1.0
26,2025-10-01,299,299,1.0
26,2025-11-01,222,222,1.0
26,2025-12-01,207,207,1.0
27,2015-01-01,413,413,1.0
27,2015-02-01,342,342,1.0
27,2015-03-01,481,481,1.0
27,2015-04-01,442,442,1.0
27,2015-05-01,496,496,1.0
27,2015-06-01,471,471,1.0
27,2015-07-01,531,531,1.0
27,2015-08-01,490,490,1.0
27,2015-09-01,503,503,1.0
27,2015-10-01,516,516,1.0
27,2015-11-01,387,387,1.0
27,2015-12-01,395,395,1.0
27,2016-01-01,369,369,1.0
27,2016-02-01,351,351,1.0
27,2016-03-01,390,390,1.0
27,2016-04-01,379,379,1.0
27,2016-05-01,464,464,1.0
27,2016-06-01,522,522,1.0
27,2016-07-01,474,474,1.0
27,2016-08-01,498,498,1.0
27,2016-09-01,461,461,1.0
27,2016-10-01,428,428,1.0
27,2016-11-01,359,359,1.0
27,2016-12-01,359,359,1.0
27,2017-01-01,439,439,1.0
27,2017-02-01,361,361,1.0
27,2017-03-01,413,413,1.0
27,2017-04-01,392,392,1.0
27,2017-05-01,439,439,1.0
27,2017-06-01,431,431,1.0
27,2017-07-01,426,426,1.0
27,2017-08-01,389,389,1.0
27,2017-09-01,437,437,1.0
27,2017-10-01,389,389,1.0
27,2017-11-01,338,338,1.0
27,2017-12-01,334,334,1.0
27,2018-01-01,405,405,1.0
27,2018-02-01,315,315,1.0
27,2018-03-01,398,398,1.0
27,2018-04-01,400,400,1.0
27,2018-05-01,475,475,1.0
27,2018-06-01,418,418,1.0
27,2018-07-01,467,467,1.0
27,2018-08-01,467,467,1.0
27,2018-09-01,433,433,1.0
27,2018-10-01,426,426,1.0
27,2018-11-01,370,370,1.0
27,2018-12-01,382,382,1.0
27,2019-01-01,353,353,1.0
27,2019-02-01,309,309,1.0
27,2019-03-01,360,360,1.0
27,2019-04-01,391,391,1.0
27,2019-05-01,417,417,1.0
27,2019-06-01,439,439,1.0
27,2019-07-01,460,460,1.0
27,2019-08-01,496,496,1.0
27,2019-09-01,345,345,1.0
27,2019-10-01,373,373,1.0
27,2019-11-01,334,334,1.0
27,2019-12-01,391,391,1.0
27,2020-01-01,352,352,1.0
27,2020-02-01,323,323,1.0
27,2020-03-01,310,310,1.0
27,2020-04-01,234,234,1.0
27,2020-05-01,345,345,1.0
27,2020-06-01,326,326,1.0
27,2020-07-01,344,344,1.0
27,2020-08-01,313,313,1.0
27,2020-09-01,295,295,1.0
27,2020-10-01,329,329,1.0
27,2020-11-01,307,307,1.0
27,2020-12-01,273,273,1.0
27,2021-01-01,282,282,1.0
27,2021-02-01,245,245,1.0
27,2021-03-01,319,319,1.0
27,2021-04-01,317,317,1.0
27,2021-05-01,335,335,1.0
27,2021-06-01,374,374,1.0
27,2021-07-01,373,373,1.0
27,2021-08-01,345,345,1.0
27,2021-09-01,352,352,1.0
27,2021-10-01,327,327,1.0
27,2021-11-01,261,261,1.0
27,2021-12-01,225,225,1.0
27,2022-01-01,229,229,1.0
27,2022-02-01,247,247,1.0
27,2022-03-01,286,286,1.0
27,2022-04-01,316,316,1.0
27,2022-05-01,315,315,1.0
27,2022-06-01,327,327,1.0
27,2022-07-01,322,322,1.0
27,2022-08-01,353,353,1.0
27,2022-09-01,344,344,1.0
27,2022-10-01,379,379,1.0
27,2022-11-01,350,350,1.0
27,2022-12-01,336,336,1.0
27,2023-01-01,318,318,1.0
27,2023-02-01,288,288,1.0
27,2023-03-01,331,331,1.0
27,2023-04-01,322,322,1.0
27,2023-05-01,381,381,1.0
27,2023-06-01,406,406,1.0
27,2023-07-01,403,403,1.0
27,2023-08-01,354,354,1.0
27,2023-09-01,406,406,1.0
27,2023-10-01,370,370,1.0
27,2023-11-01,337,337,1.0
27,2023-12-01,320,320,1.0
27,2024-01-01,303,303,1.0
27,2024-02-01,283,283,1.0
27,2024-03-01,326,326,1.0
27,2024-04-01,301,301,1.0
27,2024-05-01,340,340,1.0
27,2024-06-01,320,320,1.0
27,2024-07-01,368,368,1.0
27,2024-08-01,391,391,1.0
27,2024-09-01,376,376,1.0
27,2024-10-01,313,313,1.0
27,2024-11-01,287,287,1.0
27,2024-12-01,260,260,1.0
27,2025-01-01,305,305,1.0
27,2025-02-01,272,272,1.0
27,2025-03-01,287,287,1.0
27,2025-04-01,286,286,1.0
27,2025-05-01,319,319,1.0
27,2025-06-01,362,362,1.0
27,2025-07-01,374,374,1.0
27,2025-08-01,312,312,1.0
27,2025-09-01,325,325,1.0
27,2025-10-01,350,350,1.0
27,2025-11-01,303,303,1.0
27,2025-12-01,268,268,1.0
28,2015-01-01,580,580,1.0
28,2015-02-01,432,432,1.0
28,2015-03-01,611,611,1.0
28,2015-04-01,697,697,1.0
28,2015-05-01,727,727,1.0
28,2015-06-01,730,730,1.0
28,2015-07-01,711,711,1.0
28,2015-08-01,755,755,1.0
28,2015-09-01,692,692,1.0
28,2015-10-01,713,713,1.0
28,2015-11-01,630,630,1.0
28,2015-12-01,686,686,1.0
28,2016-01-01,704,704,1.0
28,2016-02-01,651,651,1.0
28,2016-03-01,735,735,1.0
28,2016-04-01,723,723,1.0
28,2016-05-01,773,773,1.0
28,2016-06-01,781,781,1.0
28,2016-07-01,879,879,1.0
28,2016-08-01,893,893,1.0
28,2016-09-01,909,909,1.0
28,2016-10-01,884,884,1.0
28,2016-11-01,856,856,1.0
28,2016-12-01,698,698,1.0
28,2017-01-01,798,798,1.0
28,2017-02-01,640,640,1.0
28,2017-03-01,710,710,1.0
28,2017-04-01,732,732,1.0
28,2017-05-01,749,749,1.0
28,2017-06-01,831,831,1.0
28,2017-07-01,791,791,1.0
28,2017-08-01,795,795,1.0
28,2017-09-01,777,777,1.0
28,2017-10-01,749,749,1.0
28,2017-11-01,731,731,1.0
28,2017-12-01,774,774,1.0
28,2018-01-01,661,661,1.0
28,2018-02-01,606,606,1.0
28,2018-03-01,698,698,1.0
28,2018-04-01,765,765,1.0
28,2018-05-01,807,807,1.0
28,2018-06-01,898,898,1.0
28,2018-07-01,906,906,1.0
28,2018-08-01,898,898,1.0
28,2018-09-01,837,837,1.0
28,2018-10-01,887,887,1.0
28,2018-11-01,748,748,1.0
28,2018-12-01,778,778,1.0
28,2019-01-01,721,721,1.0
28,2019-02-01,673,673,1.0
28,2019-03-01,712,712,1.0
28,2019-04-01,640,640,1.0
28,2019-05-01,830,830,1.0
28,2019-06-01,827,827,1.0
28,2019-07-01,842,842,1.0
28,2019-08-01,911,911,1.0
28,2019-09-01,819,819,1.0
28,2019-10-01,850,850,1.0
28,2019-11-01,796,796,1.0
28,2019-12-01,759,759,1.0
28,2020-01-01,630,630,1.0
28,2020-02-01,670,670,1.0
28,2020-03-01,533,533,1.0
28,2020-04-01,340,340,1.0
28,2020-05-01,517,517,1.0
28,2020-06-01,483,483,1.0
28,2020-07-01,583,583,1.0
28,2020-08-01,586,586,1.0
28,2020-09-01,614,614,1.0
28,2020-10-01,584,584,1.0
28,2020-11-01,490,490,1.0
28,2020-12-01,498,498,1.0
28,2021-01-01,461,461,1.0
28,2021-02-01,416,416,1.0
28,2021-03-01,484,484,1.0
28,2021-04-01,479,479,1.0
28,2021-05-01,560,560,1.0
28,2021-06-01,589,589,1.0
28,2021-07-01,597,597,1.0
28,2021-08-01,597,597,1.0
28,2021-09-01,717,717,1.0
28,2021-10-01,778,778,1.0
28,2021-11-01,653,653,1.0
28,2021-12-01,631,631,1.0
28,2022-01-01,626,626,1.0
28,2022-02-01,589,589,1.0
28,2022-03-01,764,764,1.0
28,2022-04-01,643,643,1.0
28,2022-05-01,729,729,1.0
28,2022-06-01,873,873,1.0
28,2022-07-01,877,877,1.0
28,2022-08-01,889,889,1.0
28,2022-09-01,852,852,1.0
28,2022-10-01,912,912,1.0
28,2022-11-01,959,959,1.0
28,2022-12-01,819,819,1.0
28,2023-01-01,865,865,1.0
28,2023-02-01,703,703,1.0
28,2023-03-01,873,873,1.0
28,2023-04-01,806,806,1.0
28,2023-05-01,846,846,1.0
28,2023-06-01,912,912,1.0
28,2023-07-01,916,916,1.0
28,2023-08-01,896,896,1.0
28,2023-09-01,923,923,1.0
28,2023-10-01,892,892,1.0
28,2023-11-01,912,912,1.0
28,2023-12-01,872,872,1.0
28,2024-01-01,790,790,1.0
28,2024-02-01,830,830,1.0
28,2024-03-01,853,853,1.0
28,2024-04-01,815,815,1.0
28,2024-05-01,954,954,1.0
28,2024-06-01,954,954,1.0
28,2024-07-01,1055,1055,1.0
28,2024-08-01,976,976,1.0
28,2024-09-01,1041,1041,1.0
28,2024-10-01,988,988,1.0
28,2024-11-01,842,842,1.0
28,2024-12-01,861,861,1.0
28,2025-01-01,713,713,1.0
28,2025-02-01,628,628,1.0
28,2025-03-01,788,788,1.0
28,2025-04-01,902,902,1.0
28,2025-05-01,918,918,1.0
28,2025-06-01,879,879,1.0
28,2025-07-01,1032,1032,1.0
28,2025-08-01,983,983,1.0
28,2025-09-01,941,941,1.0
28,2025-10-01,988,988,1.0
28,2025-11-01,812,812,1.0
28,2025-12-01,691,691,1.0
29,2015-01-01,617,617,1.0
29,2015-02-01,485,485,1.0
29,2015-03-01,723,723,1.0
29,2015-04-01,689,689,1.0
29,2015-05-01,795,795,1.0
29,2015-06-01,754,754,1.0
29,2015-07-01,798,798,1.0
29,2015-08-01,787,787,1.0
29,2015-09-01,731,731,1.0
29,2015-10-01,784,784,1.0
29,2015-11-01,653,653,1.0
29,2015-12-01,629,629,1.0
29,2016-01-01,665,665,1.0
29,2016-02-01,565,565,1.0
29,2016-03-01,859,859,1.0
29,2016-04-01,712,712,1.0
29,2016-05-01,753,753,1.0
29,2016-06-01,718,718,1.0
29,2016-07-01,764,764,1.0
29,2016-08-01,825,825,1.0
29,2016-09-01,771,771,1.0
29,2016-10-01,773,773,1.0
29,2016-11-01,768,768,1.0
29,2016-12-01,659,659,1.0
29,2017-01-01,756,756,1.0
29,2017-02-01,662,662,1.0
29,2017-03-01,695,695,1.0
29,2017-04-01,775,775,1.0
29,2017-05-01,828,828,1.0
29,2017-06-01,743,743,1.0
29,2017-07-01,826,826,1.0
29,2017-08-01,839,839,1.0
29,2017-09-01,770,770,1.0
29,2017-10-01,773,773,1.0
29,2017-11-01,762,762,1.0
29,2017-12-01,683,683,1.0
29,2018-01-01,680,680,1.0
29,2018-02-01,610,610,1.0
29,2018-03-01,765,765,1.0
29,2018-04-01,744,744,1.0
29,2018-05-01,866,866,1.0
29,2018-06-01,862,862,1.0
29,2018-07-01,903,903,1.0
29,2018-08-01,927,927,1.0
29,2018-09-01,861,861,1.0
29,2018-10-01,845,845,1.0
29,2018-11-01,726,726,1.0
29,2018-12-01,679,679,1.0
29,2019-01-01,743,743,1.0
29,2019-02-01,657,657,1.0
29,2019-03-01,767,767,1.0
29,2019-04-01,771,771,1.0
29,2019-05-01,754,754,1.0
29,2019-06-01,774,774,1.0
29,2019-07-01,818,818,1.0
29,2019-08-01,872,872,1.0
29,2019-09-01,754,754,1.0
29,2019-10-01,741,741,1.0
29,2019-11-01,678,678,1.0
29,2019-12-01,712,712,1.0
29,2020-01-01,731,731,1.0
29,2020-02-01,645,645,1.0
29,2020-03-01,540,540,1.0
29,2020-04-01,439,439,1.0
29,2020-05-01,622,622,1.0
29,2020-06-01,556,556,1.0
29,2020-07-01,683,683,1.0
29,2020-08-01,689,689,1.0
29,2020-09-01,652,652,1.0
29,2020-10-01,613,613,1.0
29,2020-11-01,522,522,1.0
29,2020-12-01,545,545,1.0
29,2021-01-01,512,512,1.0
29,2021-02-01,475,475,1.0
29,2021-03-01,569,569,1.0
29,2021-04-01,537,537,1.0
29,2021-05-01,615,615,1.0
29,2021-06-01,619,619,1.0
29,2021-07-01,580,580,1.0
29,2021-08-01,587,587,1.0
29,2021-09-01,618,618,1.0
29,2021-10-01,609,609,1.0
29,2021-11-01,473,473,1.0
29,2021-12-01,501,501,1.0
29,2022-01-01,410,410,1.0
29,2022-02-01,479,479,1.0
29,2022-03-01,554,554,1.0
29,2022-04-01,503,503,1.0
29,2022-05-01,543,543,1.0
29,2022-06-01,653,653,1.0
29,2022-07-01,645,645,1.0
29,2022-08-01,600,600,1.0
29,2022-09-01,668,668,1.0
29,2022-10-01,685,685,1.0
29,2022-11-01,548,548,1.0
29,2022-12-01,487,487,1.0
29,2023-01-01,579,579,1.0
29,2023-02-01,498,498,1.0
29,2023-03-01,590,590,1.0
29,2023-04-01,600,600,1.0
29,2023-05-01,635,635,1.0
29,2023-06-01,674,674,1.0
29,2023-07-01,719,719,1.0
29,2023-08-01,641,641,1.0
29,2023-09-01,580,580,1.0
29,2023-10-01,600,600,1.0
29,2023-11-01,511,511,1.0
29,2023-12-01,520,520,1.0
29,2024-01-01,515,515,1.0
29,2024-02-01,504,504,1.0
29,2024-03-01,479,479,1.0
29,2024-04-01,537,537,1.0
29,2024-05-01,612,612,1.0
29,2024-06-01,588,588,1.0
29,2024-07-01,627,627,1.0
29,2024-08-01,563,563,1.0
29,2024-09-01,562,562,1.0
29,2024-10-01,563,563,1.0
29,2024-11-01,532,532,1.0
29,2024-12-01,526,526,1.0
29,2025-01-01,497,497,1.0
29,2025-02-01,501,501,1.0
29,2025-03-01,565,565,1.0
29,2025-04-01,519,519,1.0
29,2025-05-01,596,596,1.0
29,2025-06-01,572,572,1.0
29,2025-07-01,560,560,1.0
29,2025-08-01,552,552,1.0
29,2025-09-01,535,535,1.0
29,2025-10-01,550,550,1.0
29,2025-11-01,500,500,1.0
29,2025-12-01,449,449,1.0
30,2015-01-01,315,315,1.0
30,2015-02-01,251,251,1.0
30,2015-03-01,390,390,1.0
30,2015-04-01,414,414,1.0
30,2015-05-01,399,399,1.0
30,2015-06-01,372,372,1.0
30,2015-07-01,396,396,1.0
30,2015-08-01,440,440,1.0
30,2015-09-01,413,413,1.0
30,2015-10-01,357,357,1.0
30,2015-11-01,364,364,1.0
30,2015-12-01,371,371,1.0
30,2016-01-01,393,393,1.0
30,2016-02-01,361,361,1.0
30,2016-03-01,392,392,1.0
30,2016-04-01,360,360,1.0
30,2016-05-01,394,394,1.0
30,2016-06-01,453,453,1.0
30,2016-07-01,441,441,1.0
30,2016-08-01,416,416,1.0
30,2016-09-01,427,427,1.0
30,2016-10-01,415,415,1.0
30,2016-11-01,352,352,1.0
30,2016-12-01,322,322,1.0
30,2017-01-01,362,362,1.0
30,2017-02-01,304,304,1.0
30,2017-03-01,336,336,1.0
30,2017-04-01,368,368,1.0
30,2017-05-01,459,459,1.0
30,2017-06-01,446,446,1.0
30,2017-07-01,435,435,1.0
30,2017-08-01,412,412,1.0
30,2017-09-01,407,407,1.0
30,2017-10-01,358,358,1.0
30,2017-11-01,340,340,1.0
30,2017-12-01,343,343,1.0
30,2018-01-01,374,374,1.0
30,2018-02-01,299,299,1.0
30,2018-03-01,353,353,1.0
30,2018-04-01,321,321,1.0
30,2018-05-01,396,396,1.0
30,2018-06-01,435,435,1.0
30,2018-07-01,416,416,1.0
30,2018-08-01,405,405,1.0
30,2018-09-01,423,423,1.0
30,2018-10-01,388,388,1.0
30,2018-11-01,386,386,1.0
30,2018-12-01,396,396,1.0
30,2019-01-01,372,372,1.0
30,2019-02-01,279,279,1.0
30,2019-03-01,357,357,1.0
30,2019-04-01,375,375,1.0
30,2019-05-01,419,419,1.0
30,2019-06-01,390,390,1.0
30,2019-07-01,421,421,1.0
30,2019-08-01,458,458,1.0
30,2019-09-01,408,408,1.0
30,2019-10-01,345,345,1.0
30,2019-11-01,320,320,1.0
30,2019-12-01,315,315,1.0
30,2020-01-01,294,294,1.0
30,2020-02-01,309,309,1.0
30,2020-03-01,321,321,1.0
30,2020-04-01,256,256,1.0
30,2020-05-01,294,294,1.0
30,2020-06-01,341,341,1.0
30,2020-07-01,328,328,1.0
30,2020-08-01,327,327,1.0
30,2020-09-01,280,280,1.0
30,2020-10-01,307,307,1.0
30,2020-11-01,270,270,1.0
30,2020-12-01,264,264,1.0
30,2021-01-01,241,241,1.0
30,2021-02-01,198,198,1.0
30,2021-03-01,240,240,1.0
30,2021-04-01,255,255,1.0
30,2021-05-01,322,322,1.0
30,2021-06-01,337,337,1.0
30,2021-07-01,285,285,1.0
30,2021-08-01,272,272,1.0
30,2021-09-01,315,315,1.0
30,2021-10-01,307,307,1.0
30,2021-11-01,283,283,1.0
30,2021-12-01,286,286,1.0
30,2022-01-01,268,268,1.0
30,2022-02-01,258,258,1.0
30,2022-03-01,338,338,1.0
30,2022-04-01,300,300,1.0
30,2022-05-01,308,308,1.0
30,2022-06-01,371,371,1.0
30,2022-07-01,330,330,1.0
30,2022-08-01,355,355,1.0
30,2022-09-01,364,364,1.0
30,2022-10-01,323,323,1.0
30,2022-11-01,334,334,1.0
30,2022-12-01,299,299,1.0
30,2023-01-01,316,316,1.0
30,2023-02-01,303,303,1.0
30,2023-03-01,333,333,1.0
30,2023-04-01,330,330,1.0
30,2023-05-01,383,383,1.0
30,2023-06-01,421,421,1.0
30,2023-07-01,394,394,1.0
30,2023-08-01,407,407,1.0
30,2023-09-01,366,366,1.0
30,2023-10-01,407,407,1.0
30,2023-11-01,404,404,1.0
30,2023-12-01,383,383,1.0
30,2024-01-01,345,345,1.0
30,2024-02-01,376,376,1.0
30,2024-03-01,370,370,1.0
30,2024-04-01,348,348,1.0
30,2024-05-01,365,365,1.0
30,2024-06-01,412,412,1.0
30,2024-07-01,369,369,1.0
30,2024-08-01,350,350,1.0
30,2024-09-01,393,393,1.0
30,2024-10-01,340,340,1.0
30,2024-11-01,320,320,1.0
30,2024-12-01,280,280,1.0
30,2025-01-01,254,254,1.0
30,2025-02-01,249,249,1.0
30,2025-03-01,340,340,1.0
30,2025-04-01,307,307,1.0
30,2025-05-01,346,346,1.0
30,2025-06-01,323,323,1.0
30,2025-07-01,366,366,1.0
30,2025-08-01,341,341,1.0
30,2025-09-01,306,306,1.0
30,2025-10-01,304,304,1.0
30,2025-11-01,287,287,1.0
30,2025-12-01,294,294,1.0
31,2015-01-01,175,175,1.0
31,2015-02-01,168,168,1.0
31,2015-03-01,202,202,1.0
31,2015-04-01,174,174,1.0
31,2015-05-01,249,249,1.0
31,2015-06-01,270,270,1.0
31,2015-07-01,236,236,1.0
31,2015-08-01,251,251,1.0
31,2015-09-01,234,234,1.0
31,2015-10-01,183,183,1.0
31,2015-11-01,192,192,1.0
31,2015-12-01,203,203,1.0
31,2016-01-01,211,211,1.0
31,2016-02-01,200,200,1.0
31,2016-03-01,197,197,1.0
31,2016-04-01,195,195,1.0
31,2016-05-01,242,242,1.0
31,2016-06-01,238,238,1.0
31,2016-07-01,260,260,1.0
31,2016-08-01,243,243,1.0
31,2016-09-01,228,228,1.0
31,2016-10-01,236,236,1.0
31,2016-11-01,203,203,1.0
31,2016-12-01,182,182,1.0
31,2017-01-01,222,222,1.0
31,2017-02-01,202,202,1.0
31,2017-03-01,226,226,1.0
31,2017-04-01,227,227,1.0
31,2017-05-01,223,223,1.0
31,2017-06-01,211,211,1.0
31,2017-07-01,230,230,1.0
31,2017-08-01,241,241,1.0
31,2017-09-01,229,229,1.0
31,2017-10-01,232,232,1.0
31,2017-11-01,201,201,1.0
31,2017-12-01,194,194,1.0
31,2018-01-01,170,170,1.0
31,2018-02-01,156,156,1.0
31,2018-03-01,188,188,1.0
31,2018-04-01,144,144,1.0
31,2018-05-01,241,241,1.0
31,2018-06-01,192,192,1.0
31,2018-07-01,218,218,1.0
31,2018-08-01,228,228,1.0
31,2018-09-01,218,218,1.0
31,2018-10-01,208,208,1.0
31,2018-11-01,207,207,1.0
31,2018-12-01,237,237,1.0
31,2019-01-01,137,137,1.0
31,2019-02-01,160,160,1.0
31,2019-03-01,189,189,1.0
31,2019-04-01,171,171,1.0
31,2019-05-01,230,230,1.0
31,2019-06-01,206,206,1.0
31,2019-07-01,229,229,1.0
31,2019-08-01,220,220,1.0
31,2019-09-01,263,263,1.0
31,2019-10-01,202,202,1.0
31,2019-11-01,150,150,1.0
31,2019-12-01,191,191,1.0
31,2020-01-01,192,192,1.0
31,2020-02-01,215,215,1.0
31,2020-03-01,170,170,1.0
31,2020-04-01,138,138,1.0
31,2020-05-01,168,168,1.0
31,2020-06-01,152,152,1.0
31,2020-07-01,175,175,1.0
31,2020-08-01,178,178,1.0
31,2020-09-01,167,167,1.0
31,2020-10-01,177,177,1.0
31,2020-11-01,156,156,1.0
31,2020-12-01,160,160,1.0
31,2021-01-01,159,159,1.0
31,2021-02-01,141,141,1.0
31,2021-03-01,140,140,1.0
31,2021-04-01,142,142,1.0
31,2021-05-01,169,169,1.0
31,2021-06-01,188,188,1.0
31,2021-07-01,186,186,1.0
31,2021-08-01,204,204,1.0
31,2021-09-01,249,249,1.0
31,2021-10-01,242,242,1.0
31,2021-11-01,201,201,1.0
31,2021-12-01,207,207,1.0
31,2022-01-01,185,185,1.0
31,2022-02-01,175,175,1.0
31,2022-03-01,224,224,1.0
31,2022-04-01,222,222,1.0
31,2022-05-01,243,243,1.0
31,2022-06-01,257,257,1.0
31,2022-07-01,267,267,1.0
31,2022-08-01,285,285,1.0
31,2022-09-01,267,267,1.0
31,2022-10-01,259,259,1.0
31,2022-11-01,233,233,1.0
31,2022-12-01,249,249,1.0
31,2023-01-01,223,223,1.0
31,2023-02-01,214,214,1.0
31,2023-03-01,227,227,1.0
31,2023-04-01,248,248,1.0
31,2023-05-01,233,233,1.0
31,2023-06-01,253,253,1.0
31,2023-07-01,262,262,1.0
31,2023-08-01,295,295,1.0
31,2023-09-01,274,274,1.0
31,2023-10-01,304,304,1.0
31,2023-11-01,253,253,1.0
31,2023-12-01,291,291,1.0
31,2024-01-01,225,225,1.0
31,2024-02-01,253,253,1.0
31,2024-03-01,282,282,1.0
31,2024-04-01,257,257,1.0
31,2024-05-01,292,292,1.0
31,2024-06-01,313,313,1.0
31,2024-07-01,327,327,1.0
31,2024-08-01,247,247,1.0
31,2024-09-01,262,262,1.0
31,2024-10-01,264,264,1.0
31,2024-11-01,208,208,1.0
31,2024-12-01,245,245,1.0
31,2025-01-01,200,200,1.0
31,2025-02-01,173,173,1.0
31,2025-03-01,187,187,1.0
31,2025-04-01,215,215,1.0
31,2025-05-01,269,269,1.0
31,2025-06-01,220,220,1.0
31,2025-07-01,248,248,1.0
31,2025-08-01,226,226,1.0
31,2025-09-01,240,240,1.0
31,2025-10-01,265,265,1.0
31,2025-11-01,219,219,1.0
31,2025-12-01,193,193,1.0
32,2015-01-01,535,535,1.0
32,2015-02-01,399,399,1.0
32,2015-03-01,573,573,1.0
32,2015-04-01,586,586,1.0
32,2015-05-01,551,551,1.0
32,2015-06-01,613,613,1.0
32,2015-07-01,772,772,1.0
32,2015-08-01,812,812,1.0
32,2015-09-01,661,661,1.0
32,2015-10-01,709,709,1.0
32,2015-11-01,660,660,1.0
32,2015-12-01,733,733,1.0
32,2016-01-01,737,737,1.0
32,2016-02-01,619,619,1.0
32,2016-03-01,699,699,1.0
32,2016-04-01,663,663,1.0
32,2016-05-01,803,803,1.0
32,2016-06-01,751,751,1.0
32,2016-07-01,919,919,1.0
32,2016-08-01,774,774,1.0
32,2016-09-01,790,790,1.0
32,2016-10-01,764,764,1.0
32,2016-11-01,741,741,1.0
32,2016-12-01,781,781,1.0
32,2017-01-01,689,689,1.0
32,2017-02-01,690,690,1.0
32,2017-03-01,789,789,1.0
32,2017-04-01,816,816,1.0
32,2017-05-01,863,863,1.0
32,2017-06-01,911,911,1.0
32,2017-07-01,955,955,1.0
32,2017-08-01,1281,1281,1.0
32,2017-09-01,862,862,1.0
32,2017-10-01,920,920,1.0
32,2017-11-01,951,951,1.0
32,2017-12-01,911,911,1.0
32,2018-01-01,858,858,1.0
32,2018-02-01,751,751,1.0
32,2018-03-01,891,891,1.0
32,2018-04-01,867,867,1.0
32,2018-05-01,1012,1012,1.0
32,2018-06-01,920,920,1.0
32,2018-07-01,930,930,1.0
32,2018-08-01,1151,1151,1.0
32,2018-09-01,874,874,1.0
32,2018-10-01,876,876,1.0
32,2018-11-01,798,798,1.0
32,2018-12-01,971,971,1.0
32,2019-01-01,878,878,1.0
32,2019-02-01,793,793,1.0
32,2019-03-01,848,848,1.0
32,2019-04-01,866,866,1.0
32,2019-05-01,954,954,1.0
32,2019-06-01,934,934,1.0
32,2019-07-01,973,973,1.0
32,2019-08-01,1100,1100,1.0
32,2019-09-01,791,791,1.0
32,2019-10-01,824,824,1.0
32,2019-11-01,816,816,1.0
32,2019-12-01,834,834,1.0
32,2020-01-01,713,713,1.0
32,2020-02-01,649,649,1.0
32,2020-03-01,413,413,1.0
32,2020-04-01,240,240,1.0
32,2020-05-01,493,493,1.0
32,2020-06-01,262,262,1.0
32,2020-07-01,463,463,1.0
32,2020-08-01,503,503,1.0
32,2020-09-01,376,376,1.0
32,2020-10-01,375,375,1.0
32,2020-11-01,329,329,1.0
32,2020-12-01,305,305,1.0
32,2021-01-01,314,314,1.0
32,2021-02-01,245,245,1.0
32,2021-03-01,260,260,1.0
32,2021-04-01,355,355,1.0
32,2021-05-01,440,440,1.0
32,2021-06-01,518,518,1.0
32,2021-07-01,823,823,1.0
32,2021-08-01,564,564,1.0
32,2021-09-01,496,496,1.0
32,2021-10-01,559,559,1.0
32,2021-11-01,498,498,1.0
32,2021-12-01,536,536,1.0
32,2022-01-01,528,528,1.0
32,2022-02-01,494,494,1.0
32,2022-03-01,639,639,1.0
32,2022-04-01,576,576,1.0
32,2022-05-01,678,678,1.0
32,2022-06-01,668,668,1.0
32,2022-07-01,1195,1195,1.0
32,2022-08-01,685,685,1.0
32,2022-09-01,662,662,1.0
32,2022-10-01,679,679,1.0
32,2022-11-01,670,670,1.0
32,2022-12-01,591,591,1.0
32,2023-01-01,716,716,1.0
32,2023-02-01,583,583,1.0
32,2023-03-01,716,716,1.0
32,2023-04-01,688,688,1.0
32,2023-05-01,674,674,1.0
32,2023-06-01,743,743,1.0
32,2023-07-01,736,736,1.0
32,2023-08-01,1037,1037,1.0
32,2023-09-01,750,750,1.0
32,2023-10-01,689,689,1.0
32,2023-11-01,722,722,1.0
32,2023-12-01,752,752,1.0
32,2024-01-01,690,690,1.0
32,2024-02-01,704,704,1.0
32,2024-03-01,756,756,1.0
32,2024-04-01,716,716,1.0
32,2024-05-01,845,845,1.0
32,2024-06-01,855,855,1.0
32,2024-07-01,872,872,1.0
32,2024-08-01,914,914,1.0
32,2024-09-01,788,788,1.0
32,2024-10-01,859,859,1.0
32,2024-11-01,678,678,1.0
32,2024-12-01,646,646,1.0
32,2025-01-01,607,607,1.0
32,2025-02-01,606,606,1.0
32,2025-03-01,745,745,1.0
32,2025-04-01,652,652,1.0
32,2025-05-01,688,688,1.0
32,2025-06-01,810,810,1.0
32,2025-07-01,810,810,1.0
32,2025-08-01,838,838,1.0
32,2025-09-01,755,755,1.0
32,2025-10-01,793,793,1.0
32,2025-11-01,643,643,1.0
32,2025-12-01,605,605,1.0
33,2015-01-01,159,159,1.0
33,2015-02-01,118,118,1.0
33,2015-03-01,131,131,1.0
33,2015-04-01,117,117,1.0
33,2015-05-01,142,142,1.0
33,2015-06-01,204,204,1.0
33,2015-07-01,196,196,1.0
33,2015-08-01,188,188,1.0
33,2015-09-01,173,173,1.0
33,2015-10-01,152,152,1.0
33,2015-11-01,151,151,1.0
33,2015-12-01,154,154,1.0
33,2016-01-01,160,160,1.0
33,2016-02-01,122,122,1.0
33,2016-03-01,152,152,1.0
33,2016-04-01,122,122,1.0
33,2016-05-01,176,176,1.0
33,2016-06-01,189,189,1.0
33,2016-07-01,204,204,1.0
33,2016-08-01,206,206,1.0
33,2016-09-01,184,184,1.0
33,2016-10-01,164,164,1.0
33,2016-11-01,160,160,1.0
33,2016-12-01,116,116,1.0
33,2017-01-01,135,135,1.0
33,2017-02-01,149,149,1.0
33,2017-03-01,143,143,1.0
33,2017-04-01,157,157,1.0
33,2017-05-01,158,158,1.0
33,2017-06-01,203,203,1.0
33,2017-07-01,168,168,1.0
33,2017-08-01,178,178,1.0
33,2017-09-01,165,165,1.0
33,2017-10-01,175,175,1.0
33,2017-11-01,173,173,1.0
33,2017-12-01,148,148,1.0
33,2018-01-01,160,160,1.0
33,2018-02-01,126,126,1.0
33,2018-03-01,139,139,1.0
33,2018-04-01,143,143,1.0
33,2018-05-01,188,188,1.0
33,2018-06-01,198,198,1.0
33,2018-07-01,181,181,1.0
33,2018-08-01,171,171,1.0
33,2018-09-01,165,165,1.0
33,2018-10-01,157,157,1.0
33,2018-11-01,140,140,1.0
33,2018-12-01,124,124,1.0
33,2019-01-01,125,125,1.0
33,2019-02-01,134,134,1.0
33,2019-03-01,137,137,1.0
33,2019-04-01,145,145,1.0
33,2019-05-01,160,160,1.0
33,2019-06-01,199,199,1.0
33,2019-07-01,159,159,1.0
33,2019-08-01,146,146,1.0
33,2019-09-01,187,187,1.0
33,2019-10-01,149,149,1.0
33,2019-11-01,165,165,1.0
33,2019-12-01,169,169,1.0
33,2020-01-01,150,150,1.0
33,2020-02-01,158,158,1.0
33,2020-03-01,129,129,1.0
33,2020-04-01,91,91,1.0
33,2020-05-01,130,130,1.0
33,2020-06-01,135,135,1.0
33,2020-07-01,133,133,1.0
33,2020-08-01,165,165,1.0
33,2020-09-01,116,116,1.0
33,2020-10-01,140,140,1.0
33,2020-11-01,125,125,1.0
33,2020-12-01,153,153,1.0
33,2021-01-01,112,112,1.0
33,2021-02-01,108,108,1.0
33,2021-03-01,121,121,1.0
33,2021-04-01,111,111,1.0
33,2021-05-01,126,126,1.0
33,2021-06-01,157,157,1.0
33,2021-07-01,183,183,1.0
33,2021-08-01,155,155,1.0
33,2021-09-01,198,198,1.0
33,2021-10-01,212,212,1.0
33,2021-11-01,180,180,1.0
33,2021-12-01,180,180,1.0
33,2022-01-01,214,214,1.0
33,2022-02-01,163,163,1.0
33,2022-03-01,206,206,1.0
33,2022-04-01,202,202,1.0
33,2022-05-01,203,203,1.0
33,2022-06-01,251,251,1.0
33,2022-07-01,234,234,1.0
33,2022-08-01,253,253,1.0
33,2022-09-01,215,215,1.0
33,2022-10-01,210,210,1.0
33,2022-11-01,205,205,1.0
33,2022-12-01,173,173,1.0
33,2023-01-01,181,181,1.0
33,2023-02-01,187,187,1.0
33,2023-03-01,204,204,1.0
33,2023-04-01,208,208,1.0
33,2023-05-01,247,247,1.0
33,2023-06-01,252,252,1.0
33,2023-07-01,253,253,1.0
33,2023-08-01,277,277,1.0
33,2023-09-01,247,247,1.0
33,2023-10-01,249,249,1.0
33,2023-11-01,209,209,1.0
33,2023-12-01,207,207,1.0
33,2024-01-01,185,185,1.0
33,2024-02-01,202,202,1.0
33,2024-03-01,210,210,1.0
33,2024-04-01,190,190,1.0
33,2024-05-01,208,208,1.0
33,2024-06-01,221,221,1.0
33,2024-07-01,274,274,1.0
33,2024-08-01,266,266,1.0
33,2024-09-01,270,270,1.0
33,2024-10-01,271,271,1.0
33,2024-11-01,213,213,1.0
33,2024-12-01,229,229,1.0
33,2025-01-01,198,198,1.0
33,2025-02-01,168,168,1.0
33,2025-03-01,206,206,1.0
33,2025-04-01,231,231,1.0
33,2025-05-01,214,214,1.0
33,2025-06-01,215,215,1.0
33,2025-07-01,229,229,1.0
33,2025-08-01,210,210,1.0
33,2025-09-01,227,227,1.0
33,2025-10-01,197,197,1.0
33,2025-11-01,148,148,1.0
33,2025-12-01,169,169,1.0
34,2015-01-01,91,91,1.0
34,2015-02-01,61,61,1.0
34,2015-03-01,81,81,1.0
34,2015-04-01,78,78,1.0
34,2015-05-01,91,91,1.0
34,2015-06-01,94,94,1.0
34,2015-07-01,110,110,1.0
34,2015-08-01,123,123,1.0
34,2015-09-01,106,106,1.0
34,2015-10-01,82,82,1.0
34,2015-11-01,67,67,1.0
34,2015-12-01,101,101,1.0
34,2016-01-01,89,89,1.0
34,2016-02-01,76,76,1.0
34,2016-03-01,53,53,1.0
34,2016-04-01,67,67,1.0
34,2016-05-01,82,82,1.0
34,2016-06-01,84,84,1.0
34,2016-07-01,112,112,1.0
34,2016-08-01,98,98,1.0
34,2016-09-01,100,100,1.0
34,2016-10-01,91,91,1.0
34,2016-11-01,91,91,1.0
34,2016-12-01,68,68,1.0
34,2017-01-01,81,81,1.0
34,2017-02-01,59,59,1.0
34,2017-03-01,63,63,1.0
34,2017-04-01,78,78,1.0
34,2017-05-01,102,102,1.0
34,2017-06-01,102,102,1.0
34,2017-07-01,96,96,1.0
34,2017-08-01,87,87,1.0
34,2017-09-01,81,81,1.0
34,2017-10-01,89,89,1.0
34,2017-11-01,109,109,1.0
34,2017-12-01,72,72,1.0
34,2018-01-01,73,73,1.0
34,2018-02-01,45,45,1.0
34,2018-03-01,79,79,1.0
34,2018-04-01,74,74,1.0
34,2018-05-01,100,100,1.0
34,2018-06-01,101,101,1.0
34,2018-07-01,104,104,1.0
34,2018-08-01,88,88,1.0
34,2018-09-01,100,100,1.0
34,2018-10-01,90,90,1.0
34,2018-11-01,93,93,1.0
34,2018-12-01,77,77,1.0
34,2019-01-01,66,66,1.0
34,2019-02-01,68,68,1.0
34,2019-03-01,88,88,1.0
34,2019-04-01,74,74,1.0
34,2019-05-01,88,88,1.0
34,2019-06-01,102,102,1.0
34,2019-07-01,90,90,1.0
34,2019-08-01,99,99,1.0
34,2019-09-01,95,95,1.0
34,2019-10-01,79,79,1.0
34,2019-11-01,82,82,1.0
34,2019-12-01,98,98,1.0
34,2020-01-01,89,89,1.0
34,2020-02-01,88,88,1.0
34,2020-03-01,57,57,1.0
34,2020-04-01,55,55,1.0
34,2020-05-01,58,58,1.0
34,2020-06-01,62,62,1.0
34,2020-07-01,93,93,1.0
34,2020-08-01,63,63,1.0
34,2020-09-01,72,72,1.0
34,2020-10-01,99,99,1.0
34,2020-11-01,53,53,1.0
34,2020-12-01,60,60,1.0
34,2021-01-01,67,67,1.0
34,2021-02-01,50,50,1.0
34,2021-03-01,50,50,1.0
34,2021-04-01,49,49,1.0
34,2021-05-01,62,62,1.0
34,2021-06-01,88,88,1.0
34,2021-07-01,92,92,1.0
34,2021-08-01,91,91,1.0
34,2021-09-01,103,103,1.0
34,2021-10-01,88,88,1.0
34,2021-11-01,90,90,1.0
34,2021-12-01,100,100,1.0
34,2022-01-01,87,87,1.0
34,2022-02-01,82,82,1.0
34,2022-03-01,89,89,1.0
34,2022-04-01,71,71,1.0
34,2022-05-01,110,110,1.0
34,2022-06-01,97,97,1.0
34,2022-07-01,120,120,1.0
34,2022-08-01,101,101,1.0
34,2022-09-01,98,98,1.0
34,2022-10-01,107,107,1.0
34,2022-11-01,101,101,1.0
34,2022-12-01,90,90,1.0
34,2023-01-01,90,90,1.0
34,2023-02-01,79,79,1.0
34,2023-03-01,69,69,1.0
34,2023-04-01,84,84,1.0
34,2023-05-01,89,89,1.0
34,2023-06-01,86,86,1.0
34,2023-07-01,141,141,1.0
34,2023-08-01,112,112,1.0
34,2023-09-01,94,94,1.0
34,2023-10-01,102,102,1.0
34,2023-11-01,103,103,1.0
34,2023-12-01,99,99,1.0
34,2024-01-01,72,72,1.0
34,2024-02-01,78,78,1.0
34,2024-03-01,75,75,1.0
34,2024-04-01,81,81,1.0
34,2024-05-01,75,75,1.0
34,2024-06-01,125,125,1.0
34,2024-07-01,99,99,1.0
34,2024-08-01,105,105,1.0
34,2024-09-01,106,106,1.0
34,2024-10-01,100,100,1.0
34,2024-11-01,111,111,1.0
34,2024-12-01,75,75,1.0
34,2025-01-01,75,75,1.0
34,2025-02-01,82,82,1.0
34,2025-03-01,111,111,1.0
34,2025-04-01,86,86,1.0
34,2025-05-01,85,85,1.0
34,2025-06-01,101,101,1.0
34,2025-07-01,96,96,1.0
34,2025-08-01,121,121,1.0
34,2025-09-01,109,109,1.0
34,2025-10-01,84,84,1.0
34,2025-11-01,115,115,1.0
34,2025-12-01,90,90,1.0
35,2015-01-01,205,205,1.0
35,2015-02-01,144,144,1.0
35,2015-03-01,213,213,1.0
35,2015-04-01,196,196,1.0
35,2015-05-01,247,247,1.0
35,2015-06-01,211,211,1.0
35,2015-07-01,235,235,1.0
35,2015-08-01,221,221,1.0
35,2015-09-01,216,216,1.0
35,2015-10-01,249,249,1.0
35,2015-11-01,187,187,1.0
35,2015-12-01,205,205,1.0
35,2016-01-01,210,210,1.0
35,2016-02-01,191,191,1.0
35,2016-03-01,200,200,1.0
35,2016-04-01,202,202,1.0
35,2016-05-01,204,204,1.0
35,2016-06-01,228,228,1.0
35,2016-07-01,223,223,1.0
35,2016-08-01,216,216,1.0
35,2016-09-01,253,253,1.0
35,2016-10-01,268,268,1.0
35,2016-11-01,238,238,1.0
35,2016-12-01,189,189,1.0
35,2017-01-01,245,245,1.0
35,2017-02-01,174,174,1.0
35,2017-03-01,216,216,1.0
35,2017-04-01,215,215,1.0
35,2017-05-01,195,195,1.0
35,2017-06-01,239,239,1.0
35,2017-07-01,240,240,1.0
35,2017-08-01,205,205,1.0
35,2017-09-01,216,216,1.0
35,2017-10-01,243,243,1.0
35,2017-11-01,262,262,1.0
35,2017-12-01,194,194,1.0
35,2018-01-01,214,214,1.0
35,2018-02-01,176,176,1.0
35,2018-03-01,211,211,1.0
35,2018-04-01,233,233,1.0
35,2018-05-01,255,255,1.0
35,2018-06-01,250,250,1.0
35,2018-07-01,227,227,1.0
35,2018-08-01,258,258,1.0
35,2018-09-01,258,258,1.0
35,2018-10-01,230,230,1.0
35,2018-11-01,220,220,1.0
35,2018-12-01,213,213,1.0
35,2019-01-01,194,194,1.0
35,2019-02-01,222,222,1.0
35,2019-03-01,238,238,1.0
35,2019-04-01,198,198,1.0
35,2019-05-01,227,227,1.0
35,2019-06-01,238,238,1.0
35,2019-07-01,240,240,1.0
35,2019-08-01,242,242,1.0
35,2019-09-01,260,260,1.0
35,2019-10-01,292,292,1.0
35,2019-11-01,192,192,1.0
35,2019-12-01,207,207,1.0
35,2020-01-01,216,216,1.0
35,2020-02-01,206,206,1.0
35,2020-03-01,179,179,1.0
35,2020-04-01,122,122,1.0
35,2020-05-01,170,170,1.0
35,2020-06-01,148,148,1.0
35,2020-07-01,180,180,1.0
35,2020-08-01,191,191,1.0
35,2020-09-01,203,203,1.0
35,2020-10-01,192,192,1.0
35,2020-11-01,209,209,1.0
35,2020-12-01,176,176,1.0
35,2021-01-01,168,168,1.0
35,2021-02-01,130,130,1.0
35,2021-03-01,210,210,1.0
35,2021-04-01,176,176,1.0
35,2021-05-01,183,183,1.0
35,2021-06-01,222,222,1.0
35,2021-07-01,221,221,1.0
35,2021-08-01,204,204,1.0
35,2021-09-01,197,197,1.0
35,2021-10-01,195,195,1.0
35,2021-11-01,191,191,1.0
35,2021-12-01,188,188,1.0
35,2022-01-01,159,159,1.0
35,2022-02-01,172,172,1.0
35,2022-03-01,183,183,1.0
35,2022-04-01,186,186,1.0
35,2022-05-01,249,249,1.0
35,2022-06-01,287,287,1.0
35,2022-07-01,276,276,1.0
35,2022-08-01,254,254,1.0
35,2022-09-01,259,259,1.0
35,2022-10-01,244,244,1.0
35,2022-11-01,248,248,1.0
35,2022-12-01,281,281,1.0
35,2023-01-01,281,281,1.0
35,2023-02-01,203,203,1.0
35,2023-03-01,214,214,1.0
35,2023-04-01,243,243,1.0
35,2023-05-01,330,330,1.0
35,2023-06-01,270,270,1.0
35,2023-07-01,258,258,1.0
35,2023-08-01,307,307,1.0
35,2023-09-01,332,332,1.0
35,2023-10-01,242,242,1.0
35,2023-11-01,254,254,1.0
35,2023-12-01,243,243,1.0
35,2024-01-01,211,211,1.0
35,2024-02-01,205,205,1.0
35,2024-03-01,210,210,1.0
35,2024-04-01,202,202,1.0
35,2024-05-01,273,273,1.0
35,2024-06-01,289,289,1.0
35,2024-07-01,262,262,1.0
35,2024-08-01,288,288,1.0
35,2024-09-01,246,246,1.0
35,2024-10-01,291,291,1.0
35,2024-11-01,204,204,1.0
35,2024-12-01,216,216,1.0
35,2025-01-01,217,217,1.0
35,2025-02-01,203,203,1.0
35,2025-03-01,213,213,1.0
35,2025-04-01,215,215,1.0
35,2025-05-01,262,262,1.0
35,2025-06-01,289,289,1.0
35,2025-07-01,254,254,1.0
35,2025-08-01,259,259,1.0
35,2025-09-01,269,269,1.0
35,2025-10-01,256,256,1.0
35,2025-11-01,214,214,1.0
35,2025-12-01,234,234,1.0
36,2015-01-01,49,49,1.0
36,2015-02-01,25,25,1.0
36,2015-03-01,48,48,1.0
36,2015-04-01,50,50,1.0
36,2015-05-01,55,55,1.0
36,2015-06-01,47,47,1.0
36,2015-07-01,70,70,1.0
36,2015-08-01,72,72,1.0
36,2015-09-01,58,58,1.0
36,2015-10-01,65,65,1.0
36,2015-11-01,40,40,1.0
36,2015-12-01,56,56,1.0
36,2016-01-01,50,50,1.0
36,2016-02-01,42,42,1.0
36,2016-03-01,53,53,1.0
36,2016-04-01,64,64,1.0
36,2016-05-01,63,63,1.0
36,2016-06-01,66,66,1.0
36,2016-07-01,75,75,1.0
36,2016-08-01,59,59,1.0
36,2016-09-01,55,55,1.0
36,2016-10-01,68,68,1.0
36,2016-11-01,41,41,1.0
36,2016-12-01,67,67,1.0
36,2017-01-01,55,55,1.0
36,2017-02-01,48,48,1.0
36,2017-03-01,56,56,1.0
36,2017-04-01,52,52,1.0
36,2017-05-01,54,54,1.0
36,2017-06-01,76,76,1.0
36,2017-07-01,59,59,1.0
36,2017-08-01,83,83,1.0
36,2017-09-01,52,52,1.0
36,2017-10-01,55,55,1.0
36,2017-11-01,56,56,1.0
36,2017-12-01,48,48,1.0
36,2018-01-01,59,59,1.0
36,2018-02-01,49,49,1.0
36,2018-03-01,45,45,1.0
36,2018-04-01,41,41,1.0
36,2018-05-01,69,69,1.0
36,2018-06-01,76,76,1.0
36,2018-07-01,62,62,1.0
36,2018-08-01,70,70,1.0
36,2018-09-01,51,51,1.0
36,2018-10-01,63,63,1.0
36,2018-11-01,50,50,1.0
36,2018-12-01,45,45,1.0
36,2019-01-01,49,49,1.0
36,2019-02-01,37,37,1.0
36,2019-03-01,49,49,1.0
36,2019-04-01,59,59,1.0
36,2019-05-01,63,63,1.0
36,2019-06-01,73,73,1.0
36,2019-07-01,52,52,1.0
36,2019-08-01,71,71,1.0
36,2019-09-01,59,59,1.0
36,2019-10-01,51,51,1.0
36,2019-11-01,43,43,1.0
36,2019-12-01,35,35,1.0
36,2020-01-01,39,39,1.0
36,2020-02-01,44,44,1.0
36,2020-03-01,44,44,1.0
36,2020-04-01,41,41,1.0
36,2020-05-01,46,46,1.0
36,2020-06-01,47,47,1.0
36,2020-07-01,61,61,1.0
36,2020-08-01,67,67,1.0
36,2020-09-01,55,55,1.0
36,2020-10-01,71,71,1.0
36,2020-11-01,58,58,1.0
36,2020-12-01,51,51,1.0
36,2021-01-01,52,52,1.0
36,2021-02-01,44,44,1.0
36,2021-03-01,49,49,1.0
36,2021-04-01,40,40,1.0
36,2021-05-01,57,57,1.0
36,2021-06-01,47,47,1.0
36,2021-07-01,43,43,1.0
36,2021-08-01,52,52,1.0
36,2021-09-01,53,53,1.0
36,2021-10-01,55,55,1.0
36,2021-11-01,56,56,1.0
36,2021-12-01,44,44,1.0
36,2022-01-01,37,37,1.0
36,2022-02-01,43,43,1.0
36,2022-03-01,53,53,1.0
36,2022-04-01,47,47,1.0
36,2022-05-01,62,62,1.0
36,2022-06-01,77,77,1.0
36,2022-07-01,107,107,1.0
36,2022-08-01,65,65,1.0
36,2022-09-01,62,62,1.0
36,2022-10-01,58,58,1.0
36,2022-11-01,68,68,1.0
36,2022-12-01,82,82,1.0
36,2023-01-01,75,75,1.0
36,2023-02-01,67,67,1.0
36,2023-03-01,80,80,1.0
36,2023-04-01,88,88,1.0
36,2023-05-01,91,91,1.0
36,2023-06-01,88,88,1.0
36,2023-07-01,103,103,1.0
36,2023-08-01,96,96,1.0
36,2023-09-01,89,89,1.0
36,2023-10-01,63,63,1.0
36,2023-11-01,75,75,1.0
36,2023-12-01,66,66,1.0
36,2024-01-01,81,81,1.0
36,2024-02-01,70,70,1.0
36,2024-03-01,66,66,1.0
36,2024-04-01,70,70,1.0
36,2024-05-01,73,73,1.0
36,2024-06-01,66,66,1.0
36,2024-07-01,87,87,1.0
36,2024-08-01,76,76,1.0
36,2024-09-01,80,80,1.0
36,2024-10-01,77,77,1.0
36,2024-11-01,73,73,1.0
36,2024-12-01,63,63,1.0
36,2025-01-01,45,45,1.0
36,2025-02-01,50,50,1.0
36,2025-03-01,59,59,1.0
36,2025-04-01,72,72,1.0
36,2025-05-01,71,71,1.0
36,2025-06-01,77,77,1.0
36,2025-07-01,97,97,1.0
36,2025-08-01,70,70,1.0
36,2025-09-01,66,66,1.0
36,2025-10-01,69,69,1.0
36,2025-11-01,57,57,1.0
36,2025-12-01,58,58,1.0
37,2015-01-01,62,62,1.0
37,2015-02-01,51,51,1.0
37,2015-03-01,67,67,1.0
37,2015-04-01,64,64,1.0
37,2015-05-01,88,88,1.0
37,2015-06-01,79,79,1.0
37,2015-07-01,98,98,1.0
37,2015-08-01,69,69,1.0
37,2015-09-01,75,75,1.0
37,2015-10-01,73,73,1.0
37,2015-11-01,57,57,1.0
37,2015-12-01,59,59,1.0
37,2016-01-01,68,68,1.0
37,2016-02-01,45,45,1.0
37,2016-03-01,55,55,1.0
37,2016-04-01,93,93,1.0
37,2016-05-01,66,66,1.0
37,2016-06-01,101,101,1.0
37,2016-07-01,88,88,1.0
37,2016-08-01,93,93,1.0
37,2016-09-01,89,89,1.0
37,2016-10-01,87,87,1.0
37,2016-11-01,69,69,1.0
37,2016-12-01,77,77,1.0
37,2017-01-01,56,56,1.0
37,2017-02-01,49,49,1.0
37,2017-03-01,60,60,1.0
37,2017-04-01,78,78,1.0
37,2017-05-01,69,69,1.0
37,2017-06-01,97,97,1.0
37,2017-07-01,97,97,1.0
37,2017-08-01,74,74,1.0
37,2017-09-01,93,93,1.0
37,2017-10-01,76,76,1.0
37,2017-11-01,69,69,1.0
37,2017-12-01,64,64,1.0
37,2018-01-01,54,54,1.0
37,2018-02-01,63,63,1.0
37,2018-03-01,69,69,1.0
37,2018-04-01,60,60,1.0
37,2018-05-01,80,80,1.0
37,2018-06-01,91,91,1.0
37,2018-07-01,72,72,1.0
37,2018-08-01,68,68,1.0
37,2018-09-01,93,93,1.0
37,2018-10-01,75,75,1.0
37,2018-11-01,66,66,1.0
37,2018-12-01,45,45,1.0
37,2019-01-01,70,70,1.0
37,2019-02-01,76,76,1.0
37,2019-03-01,79,79,1.0
37,2019-04-01,74,74,1.0
37,2019-05-01,83,83,1.0
37,2019-06-01,85,85,1.0
37,2019-07-01,77,77,1.0
37,2019-08-01,73,73,1.0
37,2019-09-01,84,84,1.0
37,2019-10-01,74,74,1.0
37,2019-11-01,71,71,1.0
37,2019-12-01,59,59,1.0
37,2020-01-01,69,69,1.0
37,2020-02-01,63,63,1.0
37,2020-03-01,70,70,1.0
37,2020-04-01,36,36,1.0
37,2020-05-01,69,69,1.0
37,2020-06-01,71,71,1.0
37,2020-07-01,55,55,1.0
37,2020-08-01,52,52,1.0
37,2020-09-01,43,43,1.0
37,2020-10-01,58,58,1.0
37,2020-11-01,50,50,1.0
37,2020-12-01,49,49,1.0
37,2021-01-01,42,42,1.0
37,2021-02-01,28,28,1.0
37,2021-03-01,43,43,1.0
37,2021-04-01,39,39,1.0
37,2021-05-01,48,48,1.0
37,2021-06-01,45,45,1.0
37,2021-07-01,56,56,1.0
37,2021-08-01,65,65,1.0
37,2021-09-01,50,50,1.0
37,2021-10-01,43,43,1.0
37,2021-11-01,53,53,1.0
37,2021-12-01,49,49,1.0
37,2022-01-01,38,38,1.0
37,2022-02-01,56,56,1.0
37,2022-03-01,46,46,1.0
37,2022-04-01,58,58,1.0
37,2022-05-01,71,71,1.0
37,2022-06-01,71,71,1.0
37,2022-07-01,58,58,1.0
37,2022-08-01,52,52,1.0
37,2022-09-01,45,45,1.0
37,2022-10-01,52,52,1.0
37,2022-11-01,45,45,1.0
37,2022-12-01,54,54,1.0
37,2023-01-01,62,62,1.0
37,2023-02-01,54,54,1.0
37,2023-03-01,46,46,1.0
37,2023-04-01,73,73,1.0
37,2023-05-01,54,54,1.0
37,2023-06-01,64,64,1.0
37,2023-07-01,55,55,1.0
37,2023-08-01,74,74,1.0
37,2023-09-01,65,65,1.0
37,2023-10-01,53,53,1.0
37,2023-11-01,61,61,1.0
37,2023-12-01,65,65,1.0
37,2024-01-01,42,42,1.0
37,2024-02-01,47,47,1.0
37,2024-03-01,55,55,1.0
37,2024-04-01,54,54,1.0
37,2024-05-01,70,70,1.0
37,2024-06-01,71,71,1.0
37,2024-07-01,75,75,1.0
37,2024-08-01,70,70,1.0
37,2024-09-01,75,75,1.0
37,2024-10-01,44,44,1.0
37,2024-11-01,61,61,1.0
37,2024-12-01,41,41,1.0
37,2025-01-01,52,52,1.0
37,2025-02-01,39,39,1.0
37,2025-03-01,48,48,1.0
37,2025-04-01,51,51,1.0
37,2025-05-01,54,54,1.0
37,2025-06-01,88,88,1.0
37,2025-07-01,52,52,1.0
37,2025-08-01,69,69,1.0
37,2025-09-01,63,63,1.0
37,2025-10-01,55,55,1.0
37,2025-11-01,56,56,1.0
37,2025-12-01,55,55,1.0
38,2015-01-01,228,228,1.0
38,2015-02-01,197,197,1.0
38,2015-03-01,236,236,1.0
38,2015-04-01,249,249,1.0
38,2015-05-01,283,283,1.0
38,2015-06-01,274,274,1.0
38,2015-07-01,270,270,1.0
38,2015-08-01,292,292,1.0
38,2015-09-01,306,306,1.0
38,2015-10-01,291,291,1.0
38,2015-11-01,280,280,1.0
38,2015-12-01,261,261,1.0
38,2016-01-01,249,249,1.0
38,2016-02-01,198,198,1.0
38,2016-03-01,268,268,1.0
38,2016-04-01,247,247,1.0
38,2016-05-01,280,280,1.0
38,2016-06-01,309,309,1.0
38,2016-07-01,319,319,1.0
38,2016-08-01,350,350,1.0
38,2016-09-01,316,316,1.0
38,2016-10-01,295,295,1.0
38,2016-11-01,256,256,1.0
38,2016-12-01,238,238,1.0
38,2017-01-01,228,228,1.0
38,2017-02-01,245,245,1.0
38,2017-03-01,278,278,1.0
38,2017-04-01,275,275,1.0
38,2017-05-01,284,284,1.0
38,2017-06-01,292,292,1.0
38,2017-07-01,330,330,1.0
38,2017-08-01,336,336,1.0
38,2017-09-01,256,256,1.0
38,2017-10-01,324,324,1.0
38,2017-11-01,346,346,1.0
38,2017-12-01,276,276,1.0
38,2018-01-01,245,245,1.0
38,2018-02-01,219,219,1.0
38,2018-03-01,253,253,1.0
38,2018-04-01,288,288,1.0
38,2018-05-01,326,326,1.0
38,2018-06-01,299,299,1.0
38,2018-07-01,311,311,1.0
38,2018-08-01,317,317,1.0
38,2018-09-01,258,258,1.0
38,2018-10-01,249,249,1.0
38,2018-11-01,252,252,1.0
38,2018-12-01,259,259,1.0
38,2019-01-01,224,224,1.0
38,2019-02-01,239,239,1.0
38,2019-03-01,256,256,1.0
38,2019-04-01,241,241,1.0
38,2019-05-01,328,328,1.0
38,2019-06-01,355,355,1.0
38,2019-07-01,337,337,1.0
38,2019-08-01,312,312,1.0
38,2019-09-01,333,333,1.0
38,2019-10-01,270,270,1.0
38,2019-11-01,239,239,1.0
38,2019-12-01,268,268,1.0
38,2020-01-01,263,263,1.0
38,2020-02-01,245,245,1.0
38,2020-03-01,222,222,1.0
38,2020-04-01,187,187,1.0
38,2020-05-01,258,258,1.0
38,2020-06-01,284,284,1.0
38,2020-07-01,265,265,1.0
38,2020-08-01,278,278,1.0
38,2020-09-01,245,245,1.0
38,2020-10-01,235,235,1.0
38,2020-11-01,254,254,1.0
38,2020-12-01,228,228,1.0
38,2021-01-01,217,217,1.0
38,2021-02-01,203,203,1.0
38,2021-03-01,205,205,1.0
38,2021-04-01,196,196,1.0
38,2021-05-01,222,222,1.0
38,2021-06-01,266,266,1.0
38,2021-07-01,238,238,1.0
38,2021-08-01,237,237,1.0
38,2021-09-01,265,265,1.0
38,2021-10-01,266,266,1.0
38,2021-11-01,252,252,1.0
38,2021-12-01,248,248,1.0
38,2022-01-01,260,260,1.0
38,2022-02-01,212,212,1.0
38,2022-03-01,262,262,1.0
38,2022-04-01,245,245,1.0
38,2022-05-01,270,270,1.0
38,2022-06-01,289,289,1.0
38,2022-07-01,323,323,1.0
38,2022-08-01,322,322,1.0
38,2022-09-01,311,311,1.0
38,2022-10-01,371,371,1.0
38,2022-11-01,303,303,1.0
38,2022-12-01,269,269,1.0
38,2023-01-01,311,311,1.0
38,2023-02-01,265,265,1.0
38,2023-03-01,276,276,1.0
38,2023-04-01,337,337,1.0
38,2023-05-01,332,332,1.0
38,2023-06-01,397,397,1.0
38,2023-07-01,357,357,1.0
38,2023-08-01,363,363,1.0
38,2023-09-01,322,322,1.0
38,2023-10-01,303,303,1.0
38,2023-11-01,283,283,1.0
38,2023-12-01,299,299,1.0
38,2024-01-01,272,272,1.0
38,2024-02-01,256,256,1.0
38,2024-03-01,302,302,1.0
38,2024-04-01,306,306,1.0
38,2024-05-01,321,321,1.0
38,2024-06-01,326,326,1.0
38,2024-07-01,344,344,1.0
38,2024-08-01,426,426,1.0
38,2024-09-01,328,328,1.0
38,2024-10-01,318,318,1.0
38,2024-11-01,312,312,1.0
38,2024-12-01,308,308,1.0
38,2025-01-01,297,297,1.0
38,2025-02-01,215,215,1.0
38,2025-03-01,240,240,1.0
38,2025-04-01,256,256,1.0
38,2025-05-01,296,296,1.0
38,2025-06-01,297,297,1.0
38,2025-07-01,315,315,1.0
38,2025-08-01,300,300,1.0
38,2025-09-01,304,304,1.0
38,2025-10-01,316,316,1.0
38,2025-11-01,262,262,1.0
38,2025-12-01,282,282,1.0
39,2015-01-01,120,120,1.0
39,2015-02-01,80,80,1.0
39,2015-03-01,120,120,1.0
39,2015-04-01,107,107,1.0
39,2015-05-01,132,132,1.0
39,2015-06-01,121,121,1.0
39,2015-07-01,153,153,1.0
39,2015-08-01,105,105,1.0
39,2015-09-01,128,128,1.0
39,2015-10-01,112,112,1.0
39,2015-11-01,109,109,1.0
39,2015-12-01,93,93,1.0
39,2016-01-01,112,112,1.0
39,2016-02-01,92,92,1.0
39,2016-03-01,103,103,1.0
39,2016-04-01,95,95,1.0
39,2016-05-01,121,121,1.0
39,2016-06-01,119,119,1.0
39,2016-07-01,124,124,1.0
39,2016-08-01,140,140,1.0
39,2016-09-01,113,113,1.0
39,2016-10-01,159,159,1.0
39,2016-11-01,127,127,1.0
39,2016-12-01,117,117,1.0
39,2017-01-01,141,141,1.0
39,2017-02-01,111,111,1.0
39,2017-03-01,94,94,1.0
39,2017-04-01,97,97,1.0
39,2017-05-01,143,143,1.0
39,2017-06-01,130,130,1.0
39,2017-07-01,154,154,1.0
39,2017-08-01,133,133,1.0
39,2017-09-01,127,127,1.0
39,2017-10-01,135,135,1.0
39,2017-11-01,127,127,1.0
39,2017-12-01,148,148,1.0
39,2018-01-01,119,119,1.0
39,2018-02-01,102,102,1.0
39,2018-03-01,146,146,1.0
39,2018-04-01,107,107,1.0
39,2018-05-01,127,127,1.0
39,2018-06-01,148,148,1.0
39,2018-07-01,142,142,1.0
39,2018-08-01,117,117,1.0
39,2018-09-01,106,106,1.0
39,2018-10-01,119,119,1.0
39,2018-11-01,127,127,1.0
39,2018-12-01,120,120,1.0
39,2019-01-01,123,123,1.0
39,2019-02-01,88,88,1.0
39,2019-03-01,82,82,1.0
39,2019-04-01,115,115,1.0
39,2019-05-01,133,133,1.0
39,2019-06-01,122,122,1.0
39,2019-07-01,109,109,1.0
39,2019-08-01,135,135,1.0
39,2019-09-01,109,109,1.0
39,2019-10-01,134,134,1.0
39,2019-11-01,115,115,1.0
39,2019-12-01,130,130,1.0
39,2020-01-01,91,91,1.0
39,2020-02-01,77,77,1.0
39,2020-03-01,91,91,1.0
39,2020-04-01,75,75,1.0
39,2020-05-01,100,100,1.0
39,2020-06-01,113,113,1.0
39,2020-07-01,117,117,1.0
39,2020-08-01,119,119,1.0
39,2020-09-01,99,99,1.0
39,2020-10-01,142,142,1.0
39,2020-11-01,99,99,1.0
39,2020-12-01,100,100,1.0
39,2021-01-01,92,92,1.0
39,2021-02-01,77,77,1.0
39,2021-03-01,88,88,1.0
39,2021-04-01,92,92,1.0
39,2021-05-01,120,120,1.0
39,2021-06-01,122,122,1.0
39,2021-07-01,121,121,1.0
39,2021-08-01,127,127,1.0
39,2021-09-01,123,123,1.0
39,2021-10-01,126,126,1.0
39,2021-11-01,118,118,1.0
39,2021-12-01,122,122,1.0
39,2022-01-01,106,106,1.0
39,2022-02-01,115,115,1.0
39,2022-03-01,144,144,1.0
39,2022-04-01,130,130,1.0
39,2022-05-01,111,111,1.0
39,2022-06-01,152,152,1.0
39,2022-07-01,179,179,1.0
39,2022-08-01,176,176,1.0
39,2022-09-01,147,147,1.0
39,2022-10-01,183,183,1.0
39,2022-11-01,178,178,1.0
39,2022-12-01,206,206,1.0
39,2023-01-01,202,202,1.0
39,2023-02-01,161,161,1.0
39,2023-03-01,146,146,1.0
39,2023-04-01,158,158,1.0
39,2023-05-01,166,166,1.0
39,2023-06-01,162,162,1.0
39,2023-07-01,236,236,1.0
39,2023-08-01,203,203,1.0
39,2023-09-01,183,183,1.0
39,2023-10-01,161,161,1.0
39,2023-11-01,152,152,1.0
39,2023-12-01,138,138,1.0
39,2024-01-01,158,158,1.0
39,2024-02-01,169,169,1.0
39,2024-03-01,141,141,1.0
39,2024-04-01,133,133,1.0
39,2024-05-01,155,155,1.0
39,2024-06-01,196,196,1.0
39,2024-07-01,172,172,1.0
39,2024-08-01,198,198,1.0
39,2024-09-01,194,194,1.0
39,2024-10-01,217,217,1.0
39,2024-11-01,173,173,1.0
39,2024-12-01,190,190,1.0
39,2025-01-01,146,146,1.0
39,2025-02-01,110,110,1.0
39,2025-03-01,166,166,1.0
39,2025-04-01,179,179,1.0
39,2025-05-01,194,194,1.0
39,2025-06-01,162,162,1.0
39,2025-07-01,207,207,1.0
39,2025-08-01,190,190,1.0
39,2025-09-01,164,164,1.0
39,2025-10-01,202,202,1.0
39,2025-11-01,157,157,1.0
39,2025-12-01,151,151,1.0
40,2015-01-01,210,210,1.0
40,2015-02-01,151,151,1.0
40,2015-03-01,221,221,1.0
40,2015-04-01,240,240,1.0
40,2015-05-01,224,224,1.0
40,2015-06-01,205,205,1.0
40,2015-07-01,233,233,1.0
40,2015-08-01,264,264,1.0
40,2015-09-01,271,271,1.0
40,2015-10-01,310,310,1.0
40,2015-11-01,219,219,1.0
40,2015-12-01,231,231,1.0
40,2016-01-01,196,196,1.0
40,2016-02-01,202,202,1.0
40,2016-03-01,222,222,1.0
40,2016-04-01,193,193,1.0
40,2016-05-01,258,258,1.0
40,2016-06-01,259,259,1.0
40,2016-07-01,255,255,1.0
40,2016-08-01,268,268,1.0
40,2016-09-01,233,233,1.0
40,2016-10-01,221,221,1.0
40,2016-11-01,207,207,1.0
40,2016-12-01,201,201,1.0
40,2017-01-01,190,190,1.0
40,2017-02-01,164,164,1.0
40,2017-03-01,214,214,1.0
40,2017-04-01,232,232,1.0
40,2017-05-01,264,264,1.0
40,2017-06-01,265,265,1.0
40,2017-07-01,241,241,1.0
40,2017-08-01,251,251,1.0
40,2017-09-01,231,231,1.0
40,2017-10-01,209,209,1.0
40,2017-11-01,249,249,1.0
40,2017-12-01,234,234,1.0
40,2018-01-01,221,221,1.0
40,2018-02-01,190,190,1.0
40,2018-03-01,234,234,1.0
40,2018-04-01,217,217,1.0
40,2018-05-01,316,316,1.0
40,2018-06-01,336,336,1.0
40,2018-07-01,277,277,1.0
40,2018-08-01,235,235,1.0
40,2018-09-01,212,212,1.0
40,2018-10-01,182,182,1.0
40,2018-11-01,216,216,1.0
40,2018-12-01,189,189,1.0
40,2019-01-01,191,191,1.0
40,2019-02-01,150,150,1.0
40,2019-03-01,173,173,1.0
40,2019-04-01,185,185,1.0
40,2019-05-01,206,206,1.0
40,2019-06-01,197,197,1.0
40,2019-07-01,229,229,1.0
40,2019-08-01,226,226,1.0
40,2019-09-01,229,229,1.0
40,2019-10-01,210,210,1.0
40,2019-11-01,178,178,1.0
40,2019-12-01,174,174,1.0
40,2020-01-01,207,207,1.0
40,2020-02-01,150,150,1.0
40,2020-03-01,144,144,1.0
40,2020-04-01,125,125,1.0
40,2020-05-01,141,141,1.0
40,2020-06-01,189,189,1.0
40,2020-07-01,206,206,1.0
40,2020-08-01,193,193,1.0
40,2020-09-01,137,137,1.0
40,2020-10-01,171,171,1.0
40,2020-11-01,154,154,1.0
40,2020-12-01,156,156,1.0
40,2021-01-01,158,158,1.0
40,2021-02-01,117,117,1.0
40,2021-03-01,153,153,1.0
40,2021-04-01,154,154,1.0
40,2021-05-01,140,140,1.0
40,2021-06-01,179,179,1.0
40,2021-07-01,181,181,1.0
40,2021-08-01,185,185,1.0
40,2021-09-01,186,186,1.0
40,2021-10-01,176,176,1.0
40,2021-11-01,158,158,1.0
40,2021-12-01,179,179,1.0
40,2022-01-01,139,139,1.0
40,2022-02-01,148,148,1.0
40,2022-03-01,189,189,1.0
40,2022-04-01,165,165,1.0
40,2022-05-01,189,189,1.0
40,2022-06-01,196,196,1.0
40,2022-07-01,223,223,1.0
40,2022-08-01,211,211,1.0
40,2022-09-01,190,190,1.0
40,2022-10-01,194,194,1.0
40,2022-11-01,203,203,1.0
40,2022-12-01,203,203,1.0
40,2023-01-01,243,243,1.0
40,2023-02-01,183,183,1.0
40,2023-03-01,174,174,1.0
40,2023-04-01,183,183,1.0
40,2023-05-01,226,226,1.0
40,2023-06-01,257,257,1.0
40,2023-07-01,261,261,1.0
40,2023-08-01,228,228,1.0
40,2023-09-01,196,196,1.0
40,2023-10-01,231,231,1.0
40,2023-11-01,198,198,1.0
40,2023-12-01,207,207,1.0
40,2024-01-01,187,187,1.0
40,2024-02-01,186,186,1.0
40,2024-03-01,174,174,1.0
40,2024-04-01,185,185,1.0
40,2024-05-01,226,226,1.0
40,2024-06-01,229,229,1.0
40,2024-07-01,226,226,1.0
40,2024-08-01,232,232,1.0
40,2024-09-01,214,214,1.0
40,2024-10-01,225,225,1.0
40,2024-11-01,164,164,1.0
40,2024-12-01,208,208,1.0
40,2025-01-01,175,175,1.0
40,2025-02-01,142,142,1.0
40,2025-03-01,239,239,1.0
40,2025-04-01,204,204,1.0
40,2025-05-01,203,203,1.0
40,2025-06-01,265,265,1.0
40,2025-07-01,259,259,1.0
40,2025-08-01,197,197,1.0
40,2025-09-01,215,215,1.0
40,2025-10-01,177,177,1.0
40,2025-11-01,166,166,1.0
40,2025-12-01,185,185,1.0
41,2015-01-01,119,119,1.0
41,2015-02-01,72,72,1.0
41,2015-03-01,117,117,1.0
41,2015-04-01,117,117,1.0
41,2015-05-01,123,123,1.0
41,2015-06-01,141,141,1.0
41,2015-07-01,162,162,1.0
41,2015-08-01,136,136,1.0
41,2015-09-01,157,157,1.0
41,2015-10-01,139,139,1.0
41,2015-11-01,120,120,1.0
41,2015-12-01,120,120,1.0
41,2016-01-01,120,120,1.0
41,2016-02-01,68,68,1.0
41,2016-03-01,130,130,1.0
41,2016-04-01,106,106,1.0
41,2016-05-01,120,120,1.0
41,2016-06-01,150,150,1.0
41,2016-07-01,199,199,1.0
41,2016-08-01,188,188,1.0
41,2016-09-01,160,160,1.0
41,2016-10-01,221,221,1.0
41,2016-11-01,174,174,1.0
41,2016-12-01,130,130,1.0
41,2017-01-01,140,140,1.0
41,2017-02-01,130,130,1.0
41,2017-03-01,144,144,1.0
41,2017-04-01,149,149,1.0
41,2017-05-01,134,134,1.0
41,2017-06-01,172,172,1.0
41,2017-07-01,168,168,1.0
41,2017-08-01,141,141,1.0
41,2017-09-01,127,127,1.0
41,2017-10-01,149,149,1.0
41,2017-11-01,129,129,1.0
41,2017-12-01,150,150,1.0
41,2018-01-01,158,158,1.0
41,2018-02-01,125,125,1.0
41,2018-03-01,159,159,1.0
41,2018-04-01,136,136,1.0
41,2018-05-01,171,171,1.0
41,2018-06-01,159,159,1.0
41,2018-07-01,227,227,1.0
41,2018-08-01,187,187,1.0
41,2018-09-01,149,149,1.0
41,2018-10-01,219,219,1.0
41,2018-11-01,153,153,1.0
41,2018-12-01,132,132,1.0
41,2019-01-01,135,135,1.0
41,2019-02-01,108,108,1.0
41,2019-03-01,140,140,1.0
41,2019-04-01,133,133,1.0
41,2019-05-01,149,149,1.0
41,2019-06-01,179,179,1.0
41,2019-07-01,177,177,1.0
41,2019-08-01,155,155,1.0
41,2019-09-01,156,156,1.0
41,2019-10-01,152,152,1.0
41,2019-11-01,132,132,1.0
41,2019-12-01,115,115,1.0
41,2020-01-01,118,118,1.0
41,2020-02-01,111,111,1.0
41,2020-03-01,115,115,1.0
41,2020-04-01,88,88,1.0
41,2020-05-01,103,103,1.0
41,2020-06-01,106,106,1.0
41,2020-07-01,141,141,1.0
41,2020-08-01,149,149,1.0
41,2020-09-01,126,126,1.0
41,2020-10-01,171,171,1.0
41,2020-11-01,141,141,1.0
41,2020-12-01,106,106,1.0
41,2021-01-01,105,105,1.0
41,2021-02-01,85,85,1.0
41,2021-03-01,99,99,1.0
41,2021-04-01,108,108,1.0
41,2021-05-01,136,136,1.0
41,2021-06-01,153,153,1.0
41,2021-07-01,159,159,1.0
41,2021-08-01,170,170,1.0
41,2021-09-01,187,187,1.0
41,2021-10-01,192,192,1.0
41,2021-11-01,171,171,1.0
41,2021-12-01,156,156,1.0
41,2022-01-01,154,154,1.0
41,2022-02-01,126,126,1.0
41,2022-03-01,154,154,1.0
41,2022-04-01,172,172,1.0
41,2022-05-01,147,147,1.0
41,2022-06-01,193,193,1.0
41,2022-07-01,175,175,1.0
41,2022-08-01,211,211,1.0
41,2022-09-01,216,216,1.0
41,2022-10-01,206,206,1.0
41,2022-11-01,189,189,1.0
41,2022-12-01,194,194,1.0
41,2023-01-01,190,190,1.0
41,2023-02-01,167,167,1.0
41,2023-03-01,163,163,1.0
41,2023-04-01,237,237,1.0
41,2023-05-01,207,207,1.0
41,2023-06-01,211,211,1.0
41,2023-07-01,266,266,1.0
41,2023-08-01,248,248,1.0
41,2023-09-01,186,186,1.0
41,2023-10-01,200,200,1.0
41,2023-11-01,176,176,1.0
41,2023-12-01,211,211,1.0
41,2024-01-01,185,185,1.0
41,2024-02-01,189,189,1.0
41,2024-03-01,198,198,1.0
41,2024-04-01,186,186,1.0
41,2024-05-01,176,176,1.0
41,2024-06-01,225,225,1.0
41,2024-07-01,224,224,1.0
41,2024-08-01,191,191,1.0
41,2024-09-01,220,220,1.0
41,2024-10-01,231,231,1.0
41,2024-11-01,202,202,1.0
41,2024-12-01,195,195,1.0
41,2025-01-01,224,224,1.0
41,2025-02-01,180,180,1.0
41,2025-03-01,180,180,1.0
41,2025-04-01,209,209,1.0
41,2025-05-01,233,233,1.0
41,2025-06-01,261,261,1.0
41,2025-07-01,220,220,1.0
41,2025-08-01,206,206,1.0
41,2025-09-01,190,190,1.0
41,2025-10-01,216,216,1.0
41,2025-11-01,214,214,1.0
41,2025-12-01,205,205,1.0
42,2015-01-01,299,299,1.0
42,2015-02-01,205,205,1.0
42,2015-03-01,315,315,1.0
42,2015-04-01,323,323,1.0
42,2015-05-01,321,321,1.0
42,2015-06-01,334,334,1.0
42,2015-07-01,374,374,1.0
42,2015-08-01,368,368,1.0
42,2015-09-01,336,336,1.0
42,2015-10-01,321,321,1.0
42,2015-11-01,280,280,1.0
42,2015-12-01,288,288,1.0
42,2016-01-01,271,271,1.0
42,2016-02-01,259,259,1.0
42,2016-03-01,307,307,1.0
42,2016-04-01,293,293,1.0
42,2016-05-01,331,331,1.0
42,2016-06-01,348,348,1.0
42,2016-07-01,350,350,1.0
42,2016-08-01,365,365,1.0
42,2016-09-01,297,297,1.0
42,2016-10-01,315,315,1.0
42,2016-11-01,262,262,1.0
42,2016-12-01,239,239,1.0
42,2017-01-01,291,291,1.0
42,2017-02-01,282,282,1.0
42,2017-03-01,313,313,1.0
42,2017-04-01,348,348,1.0
42,2017-05-01,374,374,1.0
42,2017-06-01,382,382,1.0
42,2017-07-01,362,362,1.0
42,2017-08-01,349,349,1.0
42,2017-09-01,293,293,1.0
42,2017-10-01,305,305,1.0
42,2017-11-01,285,285,1.0
42,2017-12-01,282,282,1.0
42,2018-01-01,281,281,1.0
42,2018-02-01,220,220,1.0
42,2018-03-01,287,287,1.0
42,2018-04-01,258,258,1.0
42,2018-05-01,342,342,1.0
42,2018-06-01,383,383,1.0
42,2018-07-01,314,314,1.0
42,2018-08-01,349,349,1.0
42,2018-09-01,298,298,1.0
42,2018-10-01,272,272,1.0
42,2018-11-01,239,239,1.0
42,2018-12-01,266,266,1.0
42,2019-01-01,242,242,1.0
42,2019-02-01,257,257,1.0
42,2019-03-01,314,314,1.0
42,2019-04-01,307,307,1.0
42,2019-05-01,388,388,1.0
42,2019-06-01,330,330,1.0
42,2019-07-01,315,315,1.0
42,2019-08-01,347,347,1.0
42,2019-09-01,299,299,1.0
42,2019-10-01,297,297,1.0
42,2019-11-01,223,223,1.0
42,2019-12-01,256,256,1.0
42,2020-01-01,274,274,1.0
42,2020-02-01,232,232,1.0
42,2020-03-01,209,209,1.0
42,2020-04-01,174,174,1.0
42,2020-05-01,260,260,1.0
42,2020-06-01,273,273,1.0
42,2020-07-01,287,287,1.0
42,2020-08-01,278,278,1.0
42,2020-09-01,252,252,1.0
42,2020-10-01,265,265,1.0
42,2020-11-01,219,219,1.0
42,2020-12-01,236,236,1.0
42,2021-01-01,245,245,1.0
42,2021-02-01,180,180,1.0
42,2021-03-01,250,250,1.0
42,2021-04-01,236,236,1.0
42,2021-05-01,270,270,1.0
42,2021-06-01,275,275,1.0
42,2021-07-01,237,237,1.0
42,2021-08-01,256,256,1.0
42,2021-09-01,229,229,1.0
42,2021-10-01,242,242,1.0
42,2021-11-01,220,220,1.0
42,2021-12-01,240,240,1.0
42,2022-01-01,231,231,1.0
42,2022-02-01,169,169,1.0
42,2022-03-01,219,219,1.0
42,2022-04-01,238,238,1.0
42,2022-05-01,336,336,1.0
42,2022-06-01,313,313,1.0
42,2022-07-01,308,308,1.0
42,2022-08-01,321,321,1.0
42,2022-09-01,276,276,1.0
42,2022-10-01,298,298,1.0
42,2022-11-01,267,267,1.0
42,2022-12-01,276,276,1.0
42,2023-01-01,299,299,1.0
42,2023-02-01,236,236,1.0
42,2023-03-01,255,255,1.0
42,2023-04-01,256,256,1.0
42,2023-05-01,326,326,1.0
42,2023-06-01,331,331,1.0
42,2023-07-01,376,376,1.0
42,2023-08-01,369,369,1.0
42,2023-09-01,350,350,1.0
42,2023-10-01,344,344,1.0
42,2023-11-01,283,283,1.0
42,2023-12-01,307,307,1.0
42,2024-01-01,295,295,1.0
42,2024-02-01,319,319,1.0
42,2024-03-01,297,297,1.0
42,2024-04-01,310,310,1.0
42,2024-05-01,363,363,1.0
42,2024-06-01,319,319,1.0
42,2024-07-01,350,350,1.0
42,2024-08-01,312,312,1.0
42,2024-09-01,326,326,1.0
42,2024-10-01,366,366,1.0
42,2024-11-01,265,265,1.0
42,2024-12-01,275,275,1.0
42,2025-01-01,284,284,1.0
42,2025-02-01,244,244,1.0
42,2025-03-01,272,272,1.0
42,2025-04-01,298,298,1.0
42,2025-05-01,334,334,1.0
42,2025-06-01,294,294,1.0
42,2025-07-01,346,346,1.0
42,2025-08-01,335,335,1.0
42,2025-09-01,331,331,1.0
42,2025-10-01,353,353,1.0
42,2025-11-01,292,292,1.0
42,2025-12-01,274,274,1.0
43,2015-01-01,820,820,1.0
43,2015-02-01,591,591,1.0
43,2015-03-01,804,804,1.0
43,2015-04-01,752,752,1.0
43,2015-05-01,793,793,1.0
43,2015-06-01,798,798,1.0
43,2015-07-01,849,849,1.0
43,2015-08-01,863,863,1.0
43,2015-09-01,765,765,1.0
43,2015-10-01,682,682,1.0
43,2015-11-01,717,717,1.0
43,2015-12-01,696,696,1.0
43,2016-01-01,627,627,1.0
43,2016-02-01,543,543,1.0
43,2016-03-01,664,664,1.0
43,2016-04-01,642,642,1.0
43,2016-05-01,787,787,1.0
43,2016-06-01,756,756,1.0
43,2016-07-01,754,754,1.0
43,2016-08-01,767,767,1.0
43,2016-09-01,699,699,1.0
43,2016-10-01,703,703,1.0
43,2016-11-01,680,680,1.0
43,2016-12-01,608,608,1.0
43,2017-01-01,701,701,1.0
43,2017-02-01,604,604,1.0
43,2017-03-01,662,662,1.0
43,2017-04-01,677,677,1.0
43,2017-05-01,738,738,1.0
43,2017-06-01,815,815,1.0
43,2017-07-01,830,830,1.0
43,2017-08-01,809,809,1.0
43,2017-09-01,725,725,1.0
43,2017-10-01,729,729,1.0
43,2017-11-01,743,743,1.0
43,2017-12-01,690,690,1.0
43,2018-01-01,693,693,1.0
43,2018-02-01,564,564,1.0
43,2018-03-01,669,669,1.0
43,2018-04-01,698,698,1.0
43,2018-05-01,801,801,1.0
43,2018-06-01,789,789,1.0
43,2018-07-01,814,814,1.0
43,2018-08-01,838,838,1.0
43,2018-09-01,777,777,1.0
43,2018-10-01,706,706,1.0
43,2018-11-01,636,636,1.0
43,2018-12-01,753,753,1.0
43,2019-01-01,690,690,1.0
43,2019-02-01,645,645,1.0
43,2019-03-01,681,681,1.0
43,2019-04-01,706,706,1.0
43,2019-05-01,775,775,1.0
43,2019-06-01,750,750,1.0
43,2019-07-01,829,829,1.0
43,2019-08-01,736,736,1.0
43,2019-09-01,772,772,1.0
43,2019-10-01,690,690,1.0
43,2019-11-01,732,732,1.0
43,2019-12-01,697,697,1.0
43,2020-01-01,740,740,1.0
43,2020-02-01,627,627,1.0
43,2020-03-01,636,636,1.0
43,2020-04-01,539,539,1.0
43,2020-05-01,660,660,1.0
43,2020-06-01,690,690,1.0
43,2020-07-01,743,743,1.0
43,2020-08-01,675,675,1.0
43,2020-09-01,667,667,1.0
43,2020-10-01,643,643,1.0
43,2020-11-01,586,586,1.0
43,2020-12-01,632,632,1.0
43,2021-01-01,614,614,1.0
43,2021-02-01,479,479,1.0
43,2021-03-01,628,628,1.0
43,2021-04-01,595,595,1.0
43,2021-05-01,665,665,1.0
43,2021-06-01,685,685,1.0
43,2021-07-01,661,661,1.0
43,2021-08-01,646,646,1.0
43,2021-09-01,662,662,1.0
43,2021-10-01,647,647,1.0
43,2021-11-01,587,587,1.0
43,2021-12-01,610,610,1.0
43,2022-01-01,556,556,1.0
43,2022-02-01,547,547,1.0
43,2022-03-01,673,673,1.0
43,2022-04-01,654,654,1.0
43,2022-05-01,650,650,1.0
43,2022-06-01,676,676,1.0
43,2022-07-01,719,719,1.0
43,2022-08-01,842,842,1.0
43,2022-09-01,831,831,1.0
43,2022-10-01,820,820,1.0
43,2022-11-01,712,712,1.0
43,2022-12-01,656,656,1.0
43,2023-01-01,822,822,1.0
43,2023-02-01,689,689,1.0
43,2023-03-01,758,758,1.0
43,2023-04-01,738,738,1.0
43,2023-05-01,674,674,1.0
43,2023-06-01,754,754,1.0
43,2023-07-01,817,817,1.0
43,2023-08-01,749,749,1.0
43,2023-09-01,661,661,1.0
43,2023-10-01,734,734,1.0
43,2023-11-01,694,694,1.0
43,2023-12-01,699,699,1.0
43,2024-01-01,673,673,1.0
43,2024-02-01,666,666,1.0
43,2024-03-01,683,683,1.0
43,2024-04-01,682,682,1.0
43,2024-05-01,761,761,1.0
43,2024-06-01,716,716,1.0
43,2024-07-01,804,804,1.0
43,2024-08-01,768,768,1.0
43,2024-09-01,746,746,1.0
43,2024-10-01,685,685,1.0
43,2024-11-01,634,634,1.0
43,2024-12-01,693,693,1.0
43,2025-01-01,637,637,1.0
43,2025-02-01,538,538,1.0
43,2025-03-01,648,648,1.0
43,2025-04-01,708,708,1.0
43,2025-05-01,698,698,1.0
43,2025-06-01,678,678,1.0
43,2025-07-01,828,828,1.0
43,2025-08-01,689,689,1.0
43,2025-09-01,721,721,1.0
43,2025-10-01,652,652,1.0
43,2025-11-01,665,665,1.0
43,2025-12-01,613,613,1.0
44,2015-01-01,453,453,1.0
44,2015-02-01,399,399,1.0
44,2015-03-01,540,540,1.0
44,2015-04-01,497,497,1.0
44,2015-05-01,549,549,1.0
44,2015-06-01,531,531,1.0
44,2015-07-01,582,582,1.0
44,2015-08-01,524,524,1.0
44,2015-09-01,540,540,1.0
44,2015-10-01,498,498,1.0
44,2015-11-01,466,466,1.0
44,2015-12-01,490,490,1.0
44,2016-01-01,482,482,1.0
44,2016-02-01,426,426,1.0
44,2016-03-01,538,538,1.0
44,2016-04-01,472,472,1.0
44,2016-05-01,542,542,1.0
44,2016-06-01,542,542,1.0
44,2016-07-01,588,588,1.0
44,2016-08-01,600,600,1.0
44,2016-09-01,492,492,1.0
44,2016-10-01,607,607,1.0
44,2016-11-01,484,484,1.0
44,2016-12-01,500,500,1.0
44,2017-01-01,560,560,1.0
44,2017-02-01,453,453,1.0
44,2017-03-01,482,482,1.0
44,2017-04-01,581,581,1.0
44,2017-05-01,588,588,1.0
44,2017-06-01,592,592,1.0
44,2017-07-01,553,553,1.0
44,2017-08-01,513,513,1.0
44,2017-09-01,544,544,1.0
44,2017-10-01,522,522,1.0
44,2017-11-01,509,509,1.0
44,2017-12-01,535,535,1.0
44,2018-01-01,480,480,1.0
44,2018-02-01,449,449,1.0
44,2018-03-01,465,465,1.0
44,2018-04-01,503,503,1.0
44,2018-05-01,610,610,1.0
44,2018-06-01,629,629,1.0
44,2018-07-01,634,634,1.0
44,2018-08-01,647,647,1.0
44,2018-09-01,544,544,1.0
44,2018-10-01,546,546,1.0
44,2018-11-01,531,531,1.0
44,2018-12-01,520,520,1.0
44,2019-01-01,497,497,1.0
44,2019-02-01,466,466,1.0
44,2019-03-01,521,521,1.0
44,2019-04-01,532,532,1.0
44,2019-05-01,644,644,1.0
44,2019-06-01,646,646,1.0
44,2019-07-01,667,667,1.0
44,2019-08-01,628,628,1.0
44,2019-09-01,593,593,1.0
44,2019-10-01,570,570,1.0
44,2019-11-01,527,527,1.0
44,2019-12-01,532,532,1.0
44,2020-01-01,472,472,1.0
44,2020-02-01,498,498,1.0
44,2020-03-01,447,447,1.0
44,2020-04-01,380,380,1.0
44,2020-05-01,524,524,1.0
44,2020-06-01,466,466,1.0
44,2020-07-01,502,502,1.0
44,2020-08-01,491,491,1.0
44,2020-09-01,429,429,1.0
44,2020-10-01,452,452,1.0
44,2020-11-01,425,425,1.0
44,2020-12-01,382,382,1.0
44,2021-01-01,420,420,1.0
44,2021-02-01,347,347,1.0
44,2021-03-01,430,430,1.0
44,2021-04-01,407,407,1.0
44,2021-05-01,454,454,1.0
44,2021-06-01,504,504,1.0
44,2021-07-01,464,464,1.0
44,2021-08-01,478,478,1.0
44,2021-09-01,538,538,1.0
44,2021-10-01,508,508,1.0
44,2021-11-01,421,421,1.0
44,2021-12-01,404,404,1.0
44,2022-01-01,373,373,1.0
44,2022-02-01,382,382,1.0
44,2022-03-01,455,455,1.0
44,2022-04-01,471,471,1.0
44,2022-05-01,524,524,1.0
44,2022-06-01,518,518,1.0
44,2022-07-01,568,568,1.0
44,2022-08-01,571,571,1.0
44,2022-09-01,572,572,1.0
44,2022-10-01,567,567,1.0
44,2022-11-01,585,585,1.0
44,2022-12-01,498,498,1.0
44,2023-01-01,582,582,1.0
44,2023-02-01,485,485,1.0
44,2023-03-01,553,553,1.0
44,2023-04-01,510,510,1.0
44,2023-05-01,547,547,1.0
44,2023-06-01,504,504,1.0
44,2023-07-01,548,548,1.0
44,2023-08-01,577,577,1.0
44,2023-09-01,511,511,1.0
44,2023-10-01,538,538,1.0
44,2023-11-01,535,535,1.0
44,2023-12-01,494,494,1.0
44,2024-01-01,475,475,1.0
44,2024-02-01,487,487,1.0
44,2024-03-01,541,541,1.0
44,2024-04-01,471,471,1.0
44,2024-05-01,608,608,1.0
44,2024-06-01,511,511,1.0
44,2024-07-01,497,497,1.0
44,2024-08-01,472,472,1.0
44,2024-09-01,467,467,1.0
44,2024-10-01,480,480,1.0
44,2024-11-01,434,434,1.0
44,2024-12-01,418,418,1.0
44,2025-01-01,396,396,1.0
44,2025-02-01,407,407,1.0
44,2025-03-01,483,483,1.0
44,2025-04-01,472,472,1.0
44,2025-05-01,473,473,1.0
44,2025-06-01,454,454,1.0
44,2025-07-01,511,511,1.0
44,2025-08-01,453,453,1.0
44,2025-09-01,418,418,1.0
44,2025-10-01,490,490,1.0
44,2025-11-01,384,384,1.0
44,2025-12-01,399,399,1.0
45,2015-01-01,102,102,1.0
45,2015-02-01,96,96,1.0
45,2015-03-01,152,152,1.0
45,2015-04-01,123,123,1.0
45,2015-05-01,122,122,1.0
45,2015-06-01,135,135,1.0
45,2015-07-01,115,115,1.0
45,2015-08-01,123,123,1.0
45,2015-09-01,104,104,1.0
45,2015-10-01,105,105,1.0
45,2015-11-01,101,101,1.0
45,2015-12-01,115,115,1.0
45,2016-01-01,95,95,1.0
45,2016-02-01,106,106,1.0
45,2016-03-01,109,109,1.0
45,2016-04-01,94,94,1.0
45,2016-05-01,150,150,1.0
45,2016-06-01,89,89,1.0
45,2016-07-01,127,127,1.0
45,2016-08-01,110,110,1.0
45,2016-09-01,109,109,1.0
45,2016-10-01,115,115,1.0
45,2016-11-01,98,98,1.0
45,2016-12-01,115,115,1.0
45,2017-01-01,112,112,1.0
45,2017-02-01,100,100,1.0
45,2017-03-01,117,117,1.0
45,2017-04-01,108,108,1.0
45,2017-05-01,83,83,1.0
45,2017-06-01,100,100,1.0
45,2017-07-01,123,123,1.0
45,2017-08-01,117,117,1.0
45,2017-09-01,126,126,1.0
45,2017-10-01,105,105,1.0
45,2017-11-01,98,98,1.0
45,2017-12-01,99,99,1.0
45,2018-01-01,79,79,1.0
45,2018-02-01,85,85,1.0
45,2018-03-01,94,94,1.0
45,2018-04-01,81,81,1.0
45,2018-05-01,110,110,1.0
45,2018-06-01,98,98,1.0
45,2018-07-01,96,96,1.0
45,2018-08-01,102,102,1.0
45,2018-09-01,104,104,1.0
45,2018-10-01,101,101,1.0
45,2018-11-01,103,103,1.0
45,2018-12-01,120,120,1.0
45,2019-01-01,104,104,1.0
45,2019-02-01,106,106,1.0
45,2019-03-01,109,109,1.0
45,2019-04-01,107,107,1.0
45,2019-05-01,124,124,1.0
45,2019-06-01,127,127,1.0
45,2019-07-01,133,133,1.0
45,2019-08-01,99,99,1.0
45,2019-09-01,124,124,1.0
45,2019-10-01,90,90,1.0
45,2019-11-01,84,84,1.0
45,2019-12-01,103,103,1.0
45,2020-01-01,120,120,1.0
45,2020-02-01,98,98,1.0
45,2020-03-01,99,99,1.0
45,2020-04-01,64,64,1.0
45,2020-05-01,115,115,1.0
45,2020-06-01,100,100,1.0
45,2020-07-01,120,120,1.0
45,2020-08-01,120,120,1.0
45,2020-09-01,101,101,1.0
45,2020-10-01,94,94,1.0
45,2020-11-01,89,89,1.0
45,2020-12-01,93,93,1.0
45,2021-01-01,101,101,1.0
45,2021-02-01,58,58,1.0
45,2021-03-01,81,81,1.0
45,2021-04-01,88,88,1.0
45,2021-05-01,83,83,1.0
45,2021-06-01,127,127,1.0
45,2021-07-01,109,109,1.0
45,2021-08-01,94,94,1.0
45,2021-09-01,94,94,1.0
45,2021-10-01,113,113,1.0
45,2021-11-01,96,96,1.0
45,2021-12-01,89,89,1.0
45,2022-01-01,90,90,1.0
45,2022-02-01,90,90,1.0
45,2022-03-01,97,97,1.0
45,2022-04-01,92,92,1.0
45,2022-05-01,81,81,1.0
45,2022-06-01,95,95,1.0
45,2022-07-01,97,97,1.0
45,2022-08-01,109,109,1.0
45,2022-09-01,129,129,1.0
45,2022-10-01,111,111,1.0
45,2022-11-01,96,96,1.0
45,2022-12-01,93,93,1.0
45,2023-01-01,127,127,1.0
45,2023-02-01,101,101,1.0
45,2023-03-01,86,86,1.0
45,2023-04-01,88,88,1.0
45,2023-05-01,83,83,1.0
45,2023-06-01,107,107,1.0
45,2023-07-01,104,104,1.0
45,2023-08-01,91,91,1.0
45,2023-09-01,99,99,1.0
45,2023-10-01,132,132,1.0
45,2023-11-01,114,114,1.0
45,2023-12-01,67,67,1.0
45,2024-01-01,77,77,1.0
45,2024-02-01,94,94,1.0
45,2024-03-01,95,95,1.0
45,2024-04-01,90,90,1.0
45,2024-05-01,101,101,1.0
45,2024-06-01,106,106,1.0
45,2024-07-01,105,105,1.0
45,2024-08-01,93,93,1.0
45,2024-09-01,84,84,1.0
45,2024-10-01,112,112,1.0
45,2024-11-01,80,80,1.0
45,2024-12-01,88,88,1.0
45,2025-01-01,80,80,1.0
45,2025-02-01,87,87,1.0
45,2025-03-01,75,75,1.0
45,2025-04-01,89,89,1.0
45,2025-05-01,92,92,1.0
45,2025-06-01,92,92,1.0
45,2025-07-01,100,100,1.0
45,2025-08-01,82,82,1.0
45,2025-09-01,83,83,1.0
45,2025-10-01,92,92,1.0
45,2025-11-01,87,87,1.0
45,2025-12-01,89,89,1.0
46,2015-01-01,405,405,1.0
46,2015-02-01,318,318,1.0
46,2015-03-01,407,407,1.0
46,2015-04-01,387,387,1.0
46,2015-05-01,464,464,1.0
46,2015-06-01,445,445,1.0
46,2015-07-01,525,525,1.0
46,2015-08-01,504,504,1.0
46,2015-09-01,432,432,1.0
46,2015-10-01,440,440,1.0
46,2015-11-01,385,385,1.0
46,2015-12-01,391,391,1.0
46,2016-01-01,397,397,1.0
46,2016-02-01,371,371,1.0
46,2016-03-01,425,425,1.0
46,2016-04-01,368,368,1.0
46,2016-05-01,420,420,1.0
46,2016-06-01,424,424,1.0
46,2016-07-01,399,399,1.0
46,2016-08-01,459,459,1.0
46,2016-09-01,421,421,1.0
46,2016-10-01,404,404,1.0
46,2016-11-01,380,380,1.0
46,2016-12-01,338,338,1.0
46,2017-01-01,372,372,1.0
46,2017-02-01,291,291,1.0
46,2017-03-01,361,361,1.0
46,2017-04-01,391,391,1.0
46,2017-05-01,397,397,1.0
46,2017-06-01,358,358,1.0
46,2017-07-01,463,463,1.0
46,2017-08-01,410,410,1.0
46,2017-09-01,430,430,1.0
46,2017-10-01,423,423,1.0
46,2017-11-01,351,351,1.0
46,2017-12-01,352,352,1.0
46,2018-01-01,301,301,1.0
46,2018-02-01,291,291,1.0
46,2018-03-01,362,362,1.0
46,2018-04-01,379,379,1.0
46,2018-05-01,383,383,1.0
46,2018-06-01,388,388,1.0
46,2018-07-01,384,384,1.0
46,2018-08-01,431,431,1.0
46,2018-09-01,364,364,1.0
46,2018-10-01,379,379,1.0
46,2018-11-01,309,309,1.0
46,2018-12-01,376,376,1.0
46,2019-01-01,322,322,1.0
46,2019-02-01,275,275,1.0
46,2019-03-01,330,330,1.0
46,2019-04-01,351,351,1.0
46,2019-05-01,433,433,1.0
46,2019-06-01,421,421,1.0
46,2019-07-01,434,434,1.0
46,2019-08-01,404,404,1.0
46,2019-09-01,369,369,1.0
46,2019-10-01,337,337,1.0
46,2019-11-01,273,273,1.0
46,2019-12-01,321,321,1.0
46,2020-01-01,278,278,1.0
46,2020-02-01,231,231,1.0
46,2020-03-01,292,292,1.0
46,2020-04-01,205,205,1.0
46,2020-05-01,276,276,1.0
46,2020-06-01,314,314,1.0
46,2020-07-01,341,341,1.0
46,2020-08-01,348,348,1.0
46,2020-09-01,298,298,1.0
46,2020-10-01,325,325,1.0
46,2020-11-01,233,233,1.0
46,2020-12-01,278,278,1.0
46,2021-01-01,271,271,1.0
46,2021-02-01,247,247,1.0
46,2021-03-01,276,276,1.0
46,2021-04-01,310,310,1.0
46,2021-05-01,316,316,1.0
46,2021-06-01,343,343,1.0
46,2021-07-01,350,350,1.0
46,2021-08-01,342,342,1.0
46,2021-09-01,344,344,1.0
46,2021-10-01,274,274,1.0
46,2021-11-01,294,294,1.0
46,2021-12-01,337,337,1.0
46,2022-01-01,305,305,1.0
46,2022-02-01,266,266,1.0
46,2022-03-01,333,333,1.0
46,2022-04-01,332,332,1.0
46,2022-05-01,353,353,1.0
46,2022-06-01,335,335,1.0
46,2022-07-01,397,397,1.0
46,2022-08-01,415,415,1.0
46,2022-09-01,447,447,1.0
46,2022-10-01,493,493,1.0
46,2022-11-01,334,334,1.0
46,2022-12-01,396,396,1.0
46,2023-01-01,360,360,1.0
46,2023-02-01,361,361,1.0
46,2023-03-01,374,374,1.0
46,2023-04-01,409,409,1.0
46,2023-05-01,372,372,1.0
46,2023-06-01,398,398,1.0
46,2023-07-01,417,417,1.0
46,2023-08-01,366,366,1.0
46,2023-09-01,296,296,1.0
46,2023-10-01,380,380,1.0
46,2023-11-01,330,330,1.0
46,2023-12-01,322,322,1.0
46,2024-01-01,319,319,1.0
46,2024-02-01,282,282,1.0
46,2024-03-01,336,336,1.0
46,2024-04-01,333,333,1.0
46,2024-05-01,346,346,1.0
46,2024-06-01,327,327,1.0
46,2024-07-01,360,360,1.0
46,2024-08-01,363,363,1.0
46,2024-09-01,334,334,1.0
46,2024-10-01,332,332,1.0
46,2024-11-01,302,302,1.0
46,2024-12-01,278,278,1.0
46,2025-01-01,266,266,1.0
46,2025-02-01,239,239,1.0
46,2025-03-01,313,313,1.0
46,2025-04-01,301,301,1.0
46,2025-05-01,347,347,1.0
46,2025-06-01,342,342,1.0
46,2025-07-01,374,374,1.0
46,2025-08-01,373,373,1.0
46,2025-09-01,320,320,1.0
46,2025-10-01,318,318,1.0
46,2025-11-01,258,258,1.0
46,2025-12-01,260,260,1.0
47,2015-01-01,20,20,1.0
47,2015-02-01,24,24,1.0
47,2015-03-01,30,30,1.0
47,2015-04-01,34,34,1.0
47,2015-05-01,40,40,1.0
47,2015-06-01,31,31,1.0
47,2015-07-01,28,28,1.0
47,2015-08-01,45,45,1.0
47,2015-09-01,48,48,1.0
47,2015-10-01,37,37,1.0
47,2015-11-01,30,30,1.0
47,2015-12-01,22,22,1.0
47,2016-01-01,29,29,1.0
47,2016-02-01,27,27,1.0
47,2016-03-01,28,28,1.0
47,2016-04-01,42,42,1.0
47,2016-05-01,35,35,1.0
47,2016-06-01,35,35,1.0
47,2016-07-01,39,39,1.0
47,2016-08-01,27,27,1.0
47,2016-09-01,35,35,1.0
47,2016-10-01,39,39,1.0
47,2016-11-01,33,33,1.0
47,2016-12-01,34,34,1.0
47,2017-01-01,23,23,1.0
47,2017-02-01,25,25,1.0
47,2017-03-01,31,31,1.0
47,2017-04-01,23,23,1.0
47,2017-05-01,30,30,1.0
47,2017-06-01,31,31,1.0
47,2017-07-01,47,47,1.0
47,2017-08-01,37,37,1.0
47,2017-09-01,34,34,1.0
47,2017-10-01,42,42,1.0
47,2017-11-01,26,26,1.0
47,2017-12-01,27,27,1.0
47,2018-01-01,29,29,1.0
47,2018-02-01,20,20,1.0
47,2018-03-01,31,31,1.0
47,2018-04-01,32,32,1.0
47,2018-05-01,41,41,1.0
47,2018-06-01,37,37,1.0
47,2018-07-01,31,31,1.0
47,2018-08-01,34,34,1.0
47,2018-09-01,42,42,1.0
47,2018-10-01,31,31,1.0
47,2018-11-01,26,26,1.0
47,2018-12-01,37,37,1.0
47,2019-01-01,29,29,1.0
47,2019-02-01,23,23,1.0
47,2019-03-01,35,35,1.0
47,2019-04-01,22,22,1.0
47,2019-05-01,39,39,1.0
47,2019-06-01,43,43,1.0
47,2019-07-01,31,31,1.0
47,2019-08-01,40,40,1.0
47,2019-09-01,36,36,1.0
47,2019-10-01,26,26,1.0
47,2019-11-01,22,22,1.0
47,2019-12-01,29,29,1.0
47,2020-01-01,41,41,1.0
47,2020-02-01,32,32,1.0
47,2020-03-01,23,23,1.0
47,2020-04-01,17,17,1.0
47,2020-05-01,23,23,1.0
47,2020-06-01,30,30,1.0
47,2020-07-01,23,23,1.0
47,2020-08-01,38,38,1.0
47,2020-09-01,33,33,1.0
47,2020-10-01,32,32,1.0
47,2020-11-01,35,35,1.0
47,2020-12-01,23,23,1.0
47,2021-01-01,31,31,1.0
47,2021-02-01,18,18,1.0
47,2021-03-01,29,29,1.0
47,2021-04-01,29,29,1.0
47,2021-05-01,15,15,1.0
47,2021-06-01,27,27,1.0
47,2021-07-01,26,26,1.0
47,2021-08-01,30,30,1.0
47,2021-09-01,28,28,1.0
47,2021-10-01,36,36,1.0
47,2021-11-01,28,28,1.0
47,2021-12-01,32,32,1.0
47,2022-01-01,24,24,1.0
47,2022-02-01,21,21,1.0
47,2022-03-01,29,29,1.0
47,2022-04-01,20,20,1.0
47,2022-05-01,24,24,1.0
47,2022-06-01,33,33,1.0
47,2022-07-01,27,27,1.0
47,2022-08-01,34,34,1.0
47,2022-09-01,32,32,1.0
47,2022-10-01,30,30,1.0
47,2022-11-01,34,34,1.0
47,2022-12-01,42,42,1.0
47,2023-01-01,28,28,1.0
47,2023-02-01,18,18,1.0
47,2023-03-01,29,29,1.0
47,2023-04-01,24,24,1.0
47,2023-05-01,43,43,1.0
47,2023-06-01,44,44,1.0
47,2023-07-01,39,39,1.0
47,2023-08-01,26,26,1.0
47,2023-09-01,22,22,1.0
47,2023-10-01,34,34,1.0
47,2023-11-01,18,18,1.0
47,2023-12-01,16,16,1.0
47,2024-01-01,18,18,1.0
47,2024-02-01,19,19,1.0
47,2024-03-01,26,26,1.0
47,2024-04-01,29,29,1.0
47,2024-05-01,28,28,1.0
47,2024-06-01,27,27,1.0
47,2024-07-01,25,25,1.0
47,2024-08-01,27,27,1.0
47,2024-09-01,30,30,1.0
47,2024-10-01,24,24,1.0
47,2024-11-01,16,16,1.0
47,2024-12-01,25,25,1.0
47,2025-01-01,21,21,1.0
47,2025-02-01,17,17,1.0
47,2025-03-01,10,10,1.0
47,2025-04-01,31,31,1.0
47,2025-05-01,19,19,1.0
47,2025-06-01,29,29,1.0
47,2025-07-01,30,30,1.0
47,2025-08-01,27,27,1.0
47,2025-09-01,14,14,1.0
47,2025-10-01,19,19,1.0
47,2025-11-01,22,22,1.0
47,2025-12-01,11,11,1.0
48,2015-01-01,108,108,1.0
48,2015-02-01,85,85,1.0
48,2015-03-01,101,101,1.0
48,2015-04-01,135,135,1.0
48,2015-05-01,132,132,1.0
48,2015-06-01,139,139,1.0
48,2015-07-01,140,140,1.0
48,2015-08-01,115,115,1.0
48,2015-09-01,147,147,1.0
48,2015-10-01,136,136,1.0
48,2015-11-01,124,124,1.0
48,2015-12-01,127,127,1.0
48,2016-01-01,107,107,1.0
48,2016-02-01,110,110,1.0
48,2016-03-01,106,106,1.0
48,2016-04-01,104,104,1.0
48,2016-05-01,116,116,1.0
48,2016-06-01,121,121,1.0
48,2016-07-01,142,142,1.0
48,2016-08-01,138,138,1.0
48,2016-09-01,114,114,1.0
48,2016-10-01,148,148,1.0
48,2016-11-01,110,110,1.0
48,2016-12-01,106,106,1.0
48,2017-01-01,102,102,1.0
48,2017-02-01,105,105,1.0
48,2017-03-01,106,106,1.0
48,2017-04-01,120,120,1.0
48,2017-05-01,133,133,1.0
48,2017-06-01,111,111,1.0
48,2017-07-01,119,119,1.0
48,2017-08-01,138,138,1.0
48,2017-09-01,121,121,1.0
48,2017-10-01,111,111,1.0
48,2017-11-01,104,104,1.0
48,2017-12-01,101,101,1.0
48,2018-01-01,86,86,1.0
48,2018-02-01,82,82,1.0
48,2018-03-01,107,107,1.0
48,2018-04-01,104,104,1.0
48,2018-05-01,112,112,1.0
48,2018-06-01,141,141,1.0
48,2018-07-01,119,119,1.0
48,2018-08-01,136,136,1.0
48,2018-09-01,131,131,1.0
48,2018-10-01,133,133,1.0
48,2018-11-01,128,128,1.0
48,2018-12-01,125,125,1.0
48,2019-01-01,96,96,1.0
48,2019-02-01,101,101,1.0
48,2019-03-01,133,133,1.0
48,2019-04-01,117,117,1.0
48,2019-05-01,128,128,1.0
48,2019-06-01,121,121,1.0
48,2019-07-01,149,149,1.0
48,2019-08-01,136,136,1.0
48,2019-09-01,100,100,1.0
48,2019-10-01,137,137,1.0
48,2019-11-01,121,121,1.0
48,2019-12-01,98,98,1.0
48,2020-01-01,107,107,1.0
48,2020-02-01,93,93,1.0
48,2020-03-01,95,95,1.0
48,2020-04-01,77,77,1.0
48,2020-05-01,128,128,1.0
48,2020-06-01,111,111,1.0
48,2020-07-01,132,132,1.0
48,2020-08-01,110,110,1.0
48,2020-09-01,118,118,1.0
48,2020-10-01,103,103,1.0
48,2020-11-01,114,114,1.0
48,2020-12-01,105,105,1.0
48,2021-01-01,141,141,1.0
48,2021-02-01,76,76,1.0
48,2021-03-01,105,105,1.0
48,2021-04-01,96,96,1.0
48,2021-05-01,96,96,1.0
48,2021-06-01,122,122,1.0
48,2021-07-01,111,111,1.0
48,2021-08-01,111,111,1.0
48,2021-09-01,122,122,1.0
48,2021-10-01,132,132,1.0
48,2021-11-01,110,110,1.0
48,2021-12-01,109,109,1.0
48,2022-01-01,85,85,1.0
48,2022-02-01,80,80,1.0
48,2022-03-01,101,101,1.0
48,2022-04-01,106,106,1.0
48,2022-05-01,100,100,1.0
48,2022-06-01,113,113,1.0
48,2022-07-01,151,151,1.0
48,2022-08-01,109,109,1.0
48,2022-09-01,122,122,1.0
48,2022-10-01,116,116,1.0
48,2022-11-01,138,138,1.0
48,2022-12-01,116,116,1.0
48,2023-01-01,145,145,1.0
48,2023-02-01,114,114,1.0
48,2023-03-01,97,97,1.0
48,2023-04-01,108,108,1.0
48,2023-05-01,112,112,1.0
48,2023-06-01,105,105,1.0
48,2023-07-01,143,143,1.0
48,2023-08-01,136,136,1.0
48,2023-09-01,133,133,1.0
48,2023-10-01,180,180,1.0
48,2023-11-01,150,150,1.0
48,2023-12-01,119,119,1.0
48,2024-01-01,125,125,1.0
48,2024-02-01,130,130,1.0
48,2024-03-01,108,108,1.0
48,2024-04-01,101,101,1.0
48,2024-05-01,120,120,1.0
48,2024-06-01,105,105,1.0
48,2024-07-01,112,112,1.0
48,2024-08-01,99,99,1.0
48,2024-09-01,107,107,1.0
48,2024-10-01,113,113,1.0
48,2024-11-01,128,128,1.0
48,2024-12-01,97,97,1.0
48,2025-01-01,95,95,1.0
48,2025-02-01,118,118,1.0
48,2025-03-01,101,101,1.0
48,2025-04-01,105,105,1.0
48,2025-05-01,112,112,1.0
48,2025-06-01,120,120,1.0
48,2025-07-01,127,127,1.0
48,2025-08-01,145,145,1.0
48,2025-09-01,104,104,1.0
48,2025-10-01,100,100,1.0
48,2025-11-01,94,94,1.0
48,2025-12-01,99,99,1.0
49,2015-01-01,603,603,1.0
49,2015-02-01,435,435,1.0
49,2015-03-01,571,571,1.0
49,2015-04-01,575,575,1.0
49,2015-05-01,622,622,1.0
49,2015-06-01,582,582,1.0
49,2015-07-01,615,615,1.0
49,2015-08-01,599,599,1.0
49,2015-09-01,554,554,1.0
49,2015-10-01,515,515,1.0
49,2015-11-01,508,508,1.0
49,2015-12-01,484,484,1.0
49,2016-01-01,498,498,1.0
49,2016-02-01,410,410,1.0
49,2016-03-01,535,535,1.0
49,2016-04-01,513,513,1.0
49,2016-05-01,640,640,1.0
49,2016-06-01,597,597,1.0
49,2016-07-01,702,702,1.0
49,2016-08-01,616,616,1.0
49,2016-09-01,635,635,1.0
49,2016-10-01,616,616,1.0
49,2016-11-01,611,611,1.0
49,2016-12-01,533,533,1.0
49,2017-01-01,550,550,1.0
49,2017-02-01,489,489,1.0
49,2017-03-01,545,545,1.0
49,2017-04-01,593,593,1.0
49,2017-05-01,622,622,1.0
49,2017-06-01,677,677,1.0
49,2017-07-01,695,695,1.0
49,2017-08-01,637,637,1.0
49,2017-09-01,591,591,1.0
49,2017-10-01,529,529,1.0
49,2017-11-01,520,520,1.0
49,2017-12-01,538,538,1.0
49,2018-01-01,488,488,1.0
49,2018-02-01,424,424,1.0
49,2018-03-01,576,576,1.0
49,2018-04-01,568,568,1.0
49,2018-05-01,717,717,1.0
49,2018-06-01,673,673,1.0
49,2018-07-01,660,660,1.0
49,2018-08-01,655,655,1.0
49,2018-09-01,567,567,1.0
49,2018-10-01,611,611,1.0
49,2018-11-01,465,465,1.0
49,2018-12-01,579,579,1.0
49,2019-01-01,488,488,1.0
49,2019-02-01,445,445,1.0
49,2019-03-01,475,475,1.0
49,2019-04-01,570,570,1.0
49,2019-05-01,618,618,1.0
49,2019-06-01,631,631,1.0
49,2019-07-01,655,655,1.0
49,2019-08-01,605,605,1.0
49,2019-09-01,549,549,1.0
49,2019-10-01,537,537,1.0
49,2019-11-01,499,499,1.0
49,2019-12-01,493,493,1.0
49,2020-01-01,531,531,1.0
49,2020-02-01,435,435,1.0
49,2020-03-01,464,464,1.0
49,2020-04-01,378,378,1.0
49,2020-05-01,563,563,1.0
49,2020-06-01,536,536,1.0
49,2020-07-01,518,518,1.0
49,2020-08-01,611,611,1.0
49,2020-09-01,520,520,1.0
49,2020-10-01,534,534,1.0
49,2020-11-01,454,454,1.0
49,2020-12-01,468,468,1.0
49,2021-01-01,486,486,1.0
49,2021-02-01,334,334,1.0
49,2021-03-01,464,464,1.0
49,2021-04-01,395,395,1.0
49,2021-05-01,489,489,1.0
49,2021-06-01,494,494,1.0
49,2021-07-01,501,501,1.0
49,2021-08-01,503,503,1.0
49,2021-09-01,478,478,1.0
49,2021-10-01,456,456,1.0
49,2021-11-01,418,418,1.0
49,2021-12-01,404,404,1.0
49,2022-01-01,383,383,1.0
49,2022-02-01,339,339,1.0
49,2022-03-01,462,462,1.0
49,2022-04-01,470,470,1.0
49,2022-05-01,493,493,1.0
49,2022-06-01,456,456,1.0
49,2022-07-01,552,552,1.0
49,2022-08-01,603,603,1.0
49,2022-09-01,600,600,1.0
49,2022-10-01,590,590,1.0
49,2022-11-01,534,534,1.0
49,2022-12-01,476,476,1.0
49,2023-01-01,490,490,1.0
49,2023-02-01,429,429,1.0
49,2023-03-01,542,542,1.0
49,2023-04-01,490,490,1.0
49,2023-05-01,523,523,1.0
49,2023-06-01,526,526,1.0
49,2023-07-01,542,542,1.0
49,2023-08-01,568,568,1.0
49,2023-09-01,537,537,1.0
49,2023-10-01,492,492,1.0
49,2023-11-01,485,485,1.0
49,2023-12-01,487,487,1.0
49,2024-01-01,450,450,1.0
49,2024-02-01,441,441,1.0
49,2024-03-01,483,483,1.0
49,2024-04-01,468,468,1.0
49,2024-05-01,484,484,1.0
49,2024-06-01,496,496,1.0
49,2024-07-01,511,511,1.0
49,2024-08-01,510,510,1.0
49,2024-09-01,513,513,1.0
49,2024-10-01,489,489,1.0
49,2024-11-01,392,392,1.0
49,2024-12-01,400,400,1.0
49,2025-01-01,475,475,1.0
49,2025-02-01,380,380,1.0
49,2025-03-01,411,411,1.0
49,2025-04-01,442,442,1.0
49,2025-05-01,461,461,1.0
49,2025-06-01,427,427,1.0
49,2025-07-01,482,482,1.0
49,2025-08-01,471,471,1.0
49,2025-09-01,473,473,1.0
49,2025-10-01,487,487,1.0
49,2025-11-01,407,407,1.0
49,2025-12-01,362,362,1.0
50,2015-01-01,104,104,1.0
50,2015-02-01,79,79,1.0
50,2015-03-01,84,84,1.0
50,2015-04-01,108,108,1.0
50,2015-05-01,94,94,1.0
50,2015-06-01,77,77,1.0
50,2015-07-01,90,90,1.0
50,2015-08-01,101,101,1.0
50,2015-09-01,94,94,1.0
50,2015-10-01,69,69,1.0
50,2015-11-01,76,76,1.0
50,2015-12-01,74,74,1.0
50,2016-01-01,87,87,1.0
50,2016-02-01,99,99,1.0
50,2016-03-01,80,80,1.0
50,2016-04-01,83,83,1.0
50,2016-05-01,130,130,1.0
50,2016-06-01,101,101,1.0
50,2016-07-01,94,94,1.0
50,2016-08-01,103,103,1.0
50,2016-09-01,127,127,1.0
50,2016-10-01,138,138,1.0
50,2016-11-01,103,103,1.0
50,2016-12-01,69,69,1.0
50,2017-01-01,76,76,1.0
50,2017-02-01,88,88,1.0
50,2017-03-01,86,86,1.0
50,2017-04-01,114,114,1.0
50,2017-05-01,114,114,1.0
50,2017-06-01,93,93,1.0
50,2017-07-01,101,101,1.0
50,2017-08-01,83,83,1.0
50,2017-09-01,99,99,1.0
50,2017-10-01,80,80,1.0
50,2017-11-01,79,79,1.0
50,2017-12-01,86,86,1.0
50,2018-01-01,81,81,1.0
50,2018-02-01,62,62,1.0
50,2018-03-01,90,90,1.0
50,2018-04-01,127,127,1.0
50,2018-05-01,99,99,1.0
50,2018-06-01,103,103,1.0
50,2018-07-01,116,116,1.0
50,2018-08-01,132,132,1.0
50,2018-09-01,88,88,1.0
50,2018-10-01,101,101,1.0
50,2018-11-01,109,109,1.0
50,2018-12-01,104,104,1.0
50,2019-01-01,92,92,1.0
50,2019-02-01,72,72,1.0
50,2019-03-01,115,115,1.0
50,2019-04-01,95,95,1.0
50,2019-05-01,114,114,1.0
50,2019-06-01,91,91,1.0
50,2019-07-01,103,103,1.0
50,2019-08-01,115,115,1.0
50,2019-09-01,92,92,1.0
50,2019-10-01,91,91,1.0
50,2019-11-01,93,93,1.0
50,2019-12-01,97,97,1.0
50,2020-01-01,72,72,1.0
50,2020-02-01,88,88,1.0
50,2020-03-01,66,66,1.0
50,2020-04-01,54,54,1.0
50,2020-05-01,73,73,1.0
50,2020-06-01,78,78,1.0
50,2020-07-01,79,79,1.0
50,2020-08-01,88,88,1.0
50,2020-09-01,82,82,1.0
50,2020-10-01,105,105,1.0
50,2020-11-01,71,71,1.0
50,2020-12-01,70,70,1.0
50,2021-01-01,64,64,1.0
50,2021-02-01,57,57,1.0
50,2021-03-01,83,83,1.0
50,2021-04-01,83,83,1.0
50,2021-05-01,74,74,1.0
50,2021-06-01,78,78,1.0
50,2021-07-01,101,101,1.0
50,2021-08-01,80,80,1.0
50,2021-09-01,98,98,1.0
50,2021-10-01,82,82,1.0
50,2021-11-01,69,69,1.0
50,2021-12-01,69,69,1.0
50,2022-01-01,57,57,1.0
50,2022-02-01,56,56,1.0
50,2022-03-01,92,92,1.0
50,2022-04-01,89,89,1.0
50,2022-05-01,74,74,1.0
50,2022-06-01,92,92,1.0
50,2022-07-01,74,74,1.0
50,2022-08-01,85,85,1.0
50,2022-09-01,88,88,1.0
50,2022-10-01,101,101,1.0
50,2022-11-01,90,90,1.0
50,2022-12-01,60,60,1.0
50,2023-01-01,89,89,1.0
50,2023-02-01,77,77,1.0
50,2023-03-01,78,78,1.0
50,2023-04-01,77,77,1.0
50,2023-05-01,85,85,1.0
50,2023-06-01,99,99,1.0
50,2023-07-01,88,88,1.0
50,2023-08-01,86,86,1.0
50,2023-09-01,107,107,1.0
50,2023-10-01,113,113,1.0
50,2023-11-01,111,111,1.0
50,2023-12-01,88,88,1.0
50,2024-01-01,89,89,1.0
50,2024-02-01,75,75,1.0
50,2024-03-01,96,96,1.0
50,2024-04-01,96,96,1.0
50,2024-05-01,101,101,1.0
50,2024-06-01,93,93,1.0
50,2024-07-01,113,113,1.0
50,2024-08-01,79,79,1.0
50,2024-09-01,101,101,1.0
50,2024-10-01,108,108,1.0
50,2024-11-01,81,81,1.0
50,2024-12-01,90,90,1.0
50,2025-01-01,90,90,1.0
50,2025-02-01,101,101,1.0
50,2025-03-01,102,102,1.0
50,2025-04-01,85,85,1.0
50,2025-05-01,91,91,1.0
50,2025-06-01,89,89,1.0
50,2025-07-01,78,78,1.0
50,2025-08-01,96,96,1.0
50,2025-09-01,97,97,1.0
50,2025-10-01,104,104,1.0
50,2025-11-01,73,73,1.0
50,2025-12-01,81,81,1.0
51,2015-01-01,178,178,1.0
51,2015-02-01,119,119,1.0
51,2015-03-01,159,159,1.0
51,2015-04-01,174,174,1.0
51,2015-05-01,169,169,1.0
51,2015-06-01,163,163,1.0
51,2015-07-01,183,183,1.0
51,2015-08-01,179,179,1.0
51,2015-09-01,198,198,1.0
51,2015-10-01,123,123,1.0
51,2015-11-01,143,143,1.0
51,2015-12-01,143,143,1.0
51,2016-01-01,141,141,1.0
51,2016-02-01,129,129,1.0
51,2016-03-01,156,156,1.0
51,2016-04-01,170,170,1.0
51,2016-05-01,180,180,1.0
51,2016-06-01,180,180,1.0
51,2016-07-01,170,170,1.0
51,2016-08-01,186,186,1.0
51,2016-09-01,136,136,1.0
51,2016-10-01,154,154,1.0
51,2016-11-01,160,160,1.0
51,2016-12-01,131,131,1.0
51,2017-01-01,154,154,1.0
51,2017-02-01,103,103,1.0
51,2017-03-01,128,128,1.0
51,2017-04-01,145,145,1.0
51,2017-05-01,161,161,1.0
51,2017-06-01,150,150,1.0
51,2017-07-01,153,153,1.0
51,2017-08-01,153,153,1.0
51,2017-09-01,170,170,1.0
51,2017-10-01,168,168,1.0
51,2017-11-01,119,119,1.0
51,2017-12-01,158,158,1.0
51,2018-01-01,125,125,1.0
51,2018-02-01,121,121,1.0
51,2018-03-01,119,119,1.0
51,2018-04-01,145,145,1.0
51,2018-05-01,167,167,1.0
51,2018-06-01,150,150,1.0
51,2018-07-01,164,164,1.0
51,2018-08-01,170,170,1.0
51,2018-09-01,145,145,1.0
51,2018-10-01,156,156,1.0
51,2018-11-01,128,128,1.0
51,2018-12-01,172,172,1.0
51,2019-01-01,137,137,1.0
51,2019-02-01,136,136,1.0
51,2019-03-01,146,146,1.0
51,2019-04-01,128,128,1.0
51,2019-05-01,150,150,1.0
51,2019-06-01,176,176,1.0
51,2019-07-01,188,188,1.0
51,2019-08-01,145,145,1.0
51,2019-09-01,180,180,1.0
51,2019-10-01,177,177,1.0
51,2019-11-01,118,118,1.0
51,2019-12-01,180,180,1.0
51,2020-01-01,155,155,1.0
51,2020-02-01,140,140,1.0
51,2020-03-01,126,126,1.0
51,2020-04-01,102,102,1.0
51,2020-05-01,135,135,1.0
51,2020-06-01,130,130,1.0
51,2020-07-01,147,147,1.0
51,2020-08-01,164,164,1.0
51,2020-09-01,141,141,1.0
51,2020-10-01,153,153,1.0
51,2020-11-01,134,134,1.0
51,2020-12-01,116,116,1.0
51,2021-01-01,122,122,1.0
51,2021-02-01,89,89,1.0
51,2021-03-01,142,142,1.0
51,2021-04-01,113,113,1.0
51,2021-05-01,143,143,1.0
51,2021-06-01,120,120,1.0
51,2021-07-01,148,148,1.0
51,2021-08-01,139,139,1.0
51,2021-09-01,123,123,1.0
51,2021-10-01,110,110,1.0
51,2021-11-01,100,100,1.0
51,2021-12-01,118,118,1.0
51,2022-01-01,100,100,1.0
51,2022-02-01,110,110,1.0
51,2022-03-01,106,106,1.0
51,2022-04-01,131,131,1.0
51,2022-05-01,147,147,1.0
51,2022-06-01,182,182,1.0
51,2022-07-01,166,166,1.0
51,2022-08-01,173,173,1.0
51,2022-09-01,165,165,1.0
51,2022-10-01,199,199,1.0
51,2022-11-01,157,157,1.0
51,2022-12-01,144,144,1.0
51,2023-01-01,184,184,1.0
51,2023-02-01,131,131,1.0
51,2023-03-01,137,137,1.0
51,2023-04-01,161,161,1.0
51,2023-05-01,162,162,1.0
51,2023-06-01,172,172,1.0
51,2023-07-01,200,200,1.0
51,2023-08-01,172,172,1.0
51,2023-09-01,190,190,1.0
51,2023-10-01,221,221,1.0
51,2023-11-01,174,174,1.0
51,2023-12-01,164,164,1.0
51,2024-01-01,138,138,1.0
51,2024-02-01,167,167,1.0
51,2024-03-01,135,135,1.0
51,2024-04-01,147,147,1.0
51,2024-05-01,168,168,1.0
51,2024-06-01,175,175,1.0
51,2024-07-01,169,169,1.0
51,2024-08-01,155,155,1.0
51,2024-09-01,173,173,1.0
51,2024-10-01,158,158,1.0
51,2024-11-01,137,137,1.0
51,2024-12-01,168,168,1.0
51,2025-01-01,141,141,1.0
51,2025-02-01,123,123,1.0
51,2025-03-01,194,194,1.0
51,2025-04-01,139,139,1.0
51,2025-05-01,152,152,1.0
51,2025-06-01,161,161,1.0
51,2025-07-01,182,182,1.0
51,2025-08-01,160,160,1.0
51,2025-09-01,155,155,1.0
51,2025-10-01,166,166,1.0
51,2025-11-01,139,139,1.0
51,2025-12-01,129,129,1.0
52,2015-01-01,134,134,1.0
52,2015-02-01,87,87,1.0
52,2015-03-01,95,95,1.0
52,2015-04-01,109,109,1.0
52,2015-05-01,118,118,1.0
52,2015-06-01,142,142,1.0
52,2015-07-01,103,103,1.0
52,2015-08-01,102,102,1.0
52,2015-09-01,120,120,1.0
52,2015-10-01,125,125,1.0
52,2015-11-01,94,94,1.0
52,2015-12-01,97,97,1.0
52,2016-01-01,126,126,1.0
52,2016-02-01,88,88,1.0
52,2016-03-01,118,118,1.0
52,2016-04-01,112,112,1.0
52,2016-05-01,108,108,1.0
52,2016-06-01,100,100,1.0
52,2016-07-01,127,127,1.0
52,2016-08-01,126,126,1.0
52,2016-09-01,120,120,1.0
52,2016-10-01,107,107,1.0
52,2016-11-01,101,101,1.0
52,2016-12-01,104,104,1.0
52,2017-01-01,99,99,1.0
52,2017-02-01,102,102,1.0
52,2017-03-01,100,100,1.0
52,2017-04-01,101,101,1.0
52,2017-05-01,133,133,1.0
52,2017-06-01,93,93,1.0
52,2017-07-01,105,105,1.0
52,2017-08-01,95,95,1.0
52,2017-09-01,93,93,1.0
52,2017-10-01,98,98,1.0
52,2017-11-01,102,102,1.0
52,2017-12-01,101,101,1.0
52,2018-01-01,109,109,1.0
52,2018-02-01,87,87,1.0
52,2018-03-01,96,96,1.0
52,2018-04-01,99,99,1.0
52,2018-05-01,87,87,1.0
52,2018-06-01,98,98,1.0
52,2018-07-01,107,107,1.0
52,2018-08-01,117,117,1.0
52,2018-09-01,80,80,1.0
52,2018-10-01,82,82,1.0
52,2018-11-01,85,85,1.0
52,2018-12-01,64,64,1.0
52,2019-01-01,60,60,1.0
52,2019-02-01,42,42,1.0
52,2019-03-01,89,89,1.0
52,2019-04-01,70,70,1.0
52,2019-05-01,101,101,1.0
52,2019-06-01,97,97,1.0
52,2019-07-01,96,96,1.0
52,2019-08-01,73,73,1.0
52,2019-09-01,109,109,1.0
52,2019-10-01,78,78,1.0
52,2019-11-01,111,111,1.0
52,2019-12-01,83,83,1.0
52,2020-01-01,75,75,1.0
52,2020-02-01,81,81,1.0
52,2020-03-01,61,61,1.0
52,2020-04-01,60,60,1.0
52,2020-05-01,85,85,1.0
52,2020-06-01,77,77,1.0
52,2020-07-01,97,97,1.0
52,2020-08-01,94,94,1.0
52,2020-09-01,97,97,1.0
52,2020-10-01,73,73,1.0
52,2020-11-01,73,73,1.0
52,2020-12-01,85,85,1.0
52,2021-01-01,75,75,1.0
52,2021-02-01,50,50,1.0
52,2021-03-01,88,88,1.0
52,2021-04-01,94,94,1.0
52,2021-05-01,87,87,1.0
52,2021-06-01,101,101,1.0
52,2021-07-01,97,97,1.0
52,2021-08-01,104,104,1.0
52,2021-09-01,91,91,1.0
52,2021-10-01,90,90,1.0
52,2021-11-01,66,66,1.0
52,2021-12-01,74,74,1.0
52,2022-01-01,61,61,1.0
52,2022-02-01,77,77,1.0
52,2022-03-01,78,78,1.0
52,2022-04-01,71,71,1.0
52,2022-05-01,104,104,1.0
52,2022-06-01,104,104,1.0
52,2022-07-01,117,117,1.0
52,2022-08-01,113,113,1.0
52,2022-09-01,99,99,1.0
52,2022-10-01,132,132,1.0
52,2022-11-01,101,101,1.0
52,2022-12-01,108,108,1.0
52,2023-01-01,101,101,1.0
52,2023-02-01,96,96,1.0
52,2023-03-01,108,108,1.0
52,2023-04-01,88,88,1.0
52,2023-05-01,119,119,1.0
52,2023-06-01,123,123,1.0
52,2023-07-01,159,159,1.0
52,2023-08-01,121,121,1.0
52,2023-09-01,155,155,1.0
52,2023-10-01,179,179,1.0
52,2023-11-01,110,110,1.0
52,2023-12-01,118,118,1.0
52,2024-01-01,90,90,1.0
52,2024-02-01,92,92,1.0
52,2024-03-01,81,81,1.0
52,2024-04-01,104,104,1.0
52,2024-05-01,93,93,1.0
52,2024-06-01,116,116,1.0
52,2024-07-01,129,129,1.0
52,2024-08-01,106,106,1.0
52,2024-09-01,135,135,1.0
52,2024-10-01,130,130,1.0
52,2024-11-01,118,118,1.0
52,2024-12-01,106,106,1.0
52,2025-01-01,104,104,1.0
52,2025-02-01,81,81,1.0
52,2025-03-01,136,136,1.0
52,2025-04-01,131,131,1.0
52,2025-05-01,122,122,1.0
52,2025-06-01,111,111,1.0
52,2025-07-01,116,116,1.0
52,2025-08-01,129,129,1.0
52,2025-09-01,117,117,1.0
52,2025-10-01,128,128,1.0
52,2025-11-01,125,125,1.0
52,2025-12-01,103,103,1.0
53,2015-01-01,339,339,1.0
53,2015-02-01,238,238,1.0
53,2015-03-01,329,329,1.0
53,2015-04-01,307,307,1.0
53,2015-05-01,390,390,1.0
53,2015-06-01,325,325,1.0
53,2015-07-01,376,376,1.0
53,2015-08-01,431,431,1.0
53,2015-09-01,330,330,1.0
53,2015-10-01,381,381,1.0
53,2015-11-01,298,298,1.0
53,2015-12-01,283,283,1.0
53,2016-01-01,277,277,1.0
53,2016-02-01,262,262,1.0
53,2016-03-01,354,354,1.0
53,2016-04-01,337,337,1.0
53,2016-05-01,351,351,1.0
53,2016-06-01,326,326,1.0
53,2016-07-01,364,364,1.0
53,2016-08-01,385,385,1.0
53,2016-09-01,326,326,1.0
53,2016-10-01,315,315,1.0
53,2016-11-01,321,321,1.0
53,2016-12-01,287,287,1.0
53,2017-01-01,310,310,1.0
53,2017-02-01,304,304,1.0
53,2017-03-01,292,292,1.0
53,2017-04-01,366,366,1.0
53,2017-05-01,357,357,1.0
53,2017-06-01,358,358,1.0
53,2017-07-01,400,400,1.0
53,2017-08-01,378,378,1.0
53,2017-09-01,351,351,1.0
53,2017-10-01,310,310,1.0
53,2017-11-01,299,299,1.0
53,2017-12-01,286,286,1.0
53,2018-01-01,292,292,1.0
53,2018-02-01,256,256,1.0
53,2018-03-01,339,339,1.0
53,2018-04-01,374,374,1.0
53,2018-05-01,389,389,1.0
53,2018-06-01,385,385,1.0
53,2018-07-01,380,380,1.0
53,2018-08-01,410,410,1.0
53,2018-09-01,357,357,1.0
53,2018-10-01,314,314,1.0
53,2018-11-01,316,316,1.0
53,2018-12-01,284,284,1.0
53,2019-01-01,311,311,1.0
53,2019-02-01,263,263,1.0
53,2019-03-01,285,285,1.0
53,2019-04-01,292,292,1.0
53,2019-05-01,379,379,1.0
53,2019-06-01,347,347,1.0
53,2019-07-01,371,371,1.0
53,2019-08-01,349,349,1.0
53,2019-09-01,316,316,1.0
53,2019-10-01,326,326,1.0
53,2019-11-01,321,321,1.0
53,2019-12-01,315,315,1.0
53,2020-01-01,342,342,1.0
53,2020-02-01,296,296,1.0
53,2020-03-01,309,309,1.0
53,2020-04-01,271,271,1.0
53,2020-05-01,328,328,1.0
53,2020-06-01,341,341,1.0
53,2020-07-01,358,358,1.0
53,2020-08-01,330,330,1.0
53,2020-09-01,325,325,1.0
53,2020-10-01,366,366,1.0
53,2020-11-01,332,332,1.0
53,2020-12-01,275,275,1.0
53,2021-01-01,301,301,1.0
53,2021-02-01,222,222,1.0
53,2021-03-01,284,284,1.0
53,2021-04-01,309,309,1.0
53,2021-05-01,317,317,1.0
53,2021-06-01,325,325,1.0
53,2021-07-01,325,325,1.0
53,2021-08-01,304,304,1.0
53,2021-09-01,310,310,1.0
53,2021-10-01,264,264,1.0
53,2021-11-01,288,288,1.0
53,2021-12-01,311,311,1.0
53,2022-01-01,255,255,1.0
53,2022-02-01,237,237,1.0
53,2022-03-01,257,257,1.0
53,2022-04-01,267,267,1.0
53,2022-05-01,282,282,1.0
53,2022-06-01,269,269,1.0
53,2022-07-01,289,289,1.0
53,2022-08-01,314,314,1.0
53,2022-09-01,349,349,1.0
53,2022-10-01,318,318,1.0
53,2022-11-01,301,301,1.0
53,2022-12-01,265,265,1.0
53,2023-01-01,328,328,1.0
53,2023-02-01,258,258,1.0
53,2023-03-01,278,278,1.0
53,2023-04-01,292,292,1.0
53,2023-05-01,344,344,1.0
53,2023-06-01,300,300,1.0
53,2023-07-01,332,332,1.0
53,2023-08-01,309,309,1.0
53,2023-09-01,285,285,1.0
53,2023-10-01,293,293,1.0
53,2023-11-01,271,271,1.0
53,2023-12-01,318,318,1.0
53,2024-01-01,314,314,1.0
53,2024-02-01,283,283,1.0
53,2024-03-01,273,273,1.0
53,2024-04-01,298,298,1.0
53,2024-05-01,316,316,1.0
53,2024-06-01,363,363,1.0
53,2024-07-01,363,363,1.0
53,2024-08-01,316,316,1.0
53,2024-09-01,338,338,1.0
53,2024-10-01,303,303,1.0
53,2024-11-01,277,277,1.0
53,2024-12-01,261,261,1.0
53,2025-01-01,264,264,1.0
53,2025-02-01,251,251,1.0
53,2025-03-01,269,269,1.0
53,2025-04-01,236,236,1.0
53,2025-05-01,262,262,1.0
53,2025-06-01,302,302,1.0
53,2025-07-01,330,330,1.0
53,2025-08-01,266,266,1.0
53,2025-09-01,270,270,1.0
53,2025-10-01,302,302,1.0
53,2025-11-01,270,270,1.0
53,2025-12-01,202,202,1.0
54,2015-01-01,101,101,1.0
54,2015-02-01,77,77,1.0
54,2015-03-01,104,104,1.0
54,2015-04-01,104,104,1.0
54,2015-05-01,103,103,1.0
54,2015-06-01,123,123,1.0
54,2015-07-01,115,115,1.0
54,2015-08-01,103,103,1.0
54,2015-09-01,103,103,1.0
54,2015-10-01,91,91,1.0
54,2015-11-01,77,77,1.0
54,2015-12-01,89,89,1.0
54,2016-01-01,69,69,1.0
54,2016-02-01,97,97,1.0
54,2016-03-01,98,98,1.0
54,2016-04-01,100,100,1.0
54,2016-05-01,102,102,1.0
54,2016-06-01,133,133,1.0
54,2016-07-01,136,136,1.0
54,2016-08-01,125,125,1.0
54,2016-09-01,119,119,1.0
54,2016-10-01,102,102,1.0
54,2016-11-01,113,113,1.0
54,2016-12-01,89,89,1.0
54,2017-01-01,107,107,1.0
54,2017-02-01,99,99,1.0
54,2017-03-01,105,105,1.0
54,2017-04-01,129,129,1.0
54,2017-05-01,117,117,1.0
54,2017-06-01,135,135,1.0
54,2017-07-01,133,133,1.0
54,2017-08-01,103,103,1.0
54,2017-09-01,108,108,1.0
54,2017-10-01,121,121,1.0
54,2017-11-01,99,99,1.0
54,2017-12-01,104,104,1.0
54,2018-01-01,112,112,1.0
54,2018-02-01,83,83,1.0
54,2018-03-01,130,130,1.0
54,2018-04-01,103,103,1.0
54,2018-05-01,115,115,1.0
54,2018-06-01,154,154,1.0
54,2018-07-01,144,144,1.0
54,2018-08-01,122,122,1.0
54,2018-09-01,105,105,1.0
54,2018-10-01,102,102,1.0
54,2018-11-01,99,99,1.0
54,2018-12-01,96,96,1.0
54,2019-01-01,88,88,1.0
54,2019-02-01,92,92,1.0
54,2019-03-01,98,98,1.0
54,2019-04-01,115,115,1.0
54,2019-05-01,133,133,1.0
54,2019-06-01,122,122,1.0
54,2019-07-01,171,171,1.0
54,2019-08-01,128,128,1.0
54,2019-09-01,115,115,1.0
54,2019-10-01,121,121,1.0
54,2019-11-01,110,110,1.0
54,2019-12-01,104,104,1.0
54,2020-01-01,90,90,1.0
54,2020-02-01,78,78,1.0
54,2020-03-01,84,84,1.0
54,2020-04-01,79,79,1.0
54,2020-05-01,123,123,1.0
54,2020-06-01,106,106,1.0
54,2020-07-01,124,124,1.0
54,2020-08-01,81,81,1.0
54,2020-09-01,83,83,1.0
54,2020-10-01,78,78,1.0
54,2020-11-01,64,64,1.0
54,2020-12-01,87,87,1.0
54,2021-01-01,79,79,1.0
54,2021-02-01,69,69,1.0
54,2021-03-01,76,76,1.0
54,2021-04-01,87,87,1.0
54,2021-05-01,111,111,1.0
54,2021-06-01,103,103,1.0
54,2021-07-01,127,127,1.0
54,2021-08-01,97,97,1.0
54,2021-09-01,103,103,1.0
54,2021-10-01,101,101,1.0
54,2021-11-01,79,79,1.0
54,2021-12-01,93,93,1.0
54,2022-01-01,89,89,1.0
54,2022-02-01,68,68,1.0
54,2022-03-01,97,97,1.0
54,2022-04-01,96,96,1.0
54,2022-05-01,113,113,1.0
54,2022-06-01,96,96,1.0
54,2022-07-01,96,96,1.0
54,2022-08-01,132,132,1.0
54,2022-09-01,129,129,1.0
54,2022-10-01,132,132,1.0
54,2022-11-01,100,100,1.0
54,2022-12-01,125,125,1.0
54,2023-01-01,119,119,1.0
54,2023-02-01,86,86,1.0
54,2023-03-01,90,90,1.0
54,2023-04-01,122,122,1.0
54,2023-05-01,138,138,1.0
54,2023-06-01,87,87,1.0
54,2023-07-01,129,129,1.0
54,2023-08-01,127,127,1.0
54,2023-09-01,94,94,1.0
54,2023-10-01,110,110,1.0
54,2023-11-01,93,93,1.0
54,2023-12-01,92,92,1.0
54,2024-01-01,74,74,1.0
54,2024-02-01,98,98,1.0
54,2024-03-01,89,89,1.0
54,2024-04-01,114,114,1.0
54,2024-05-01,114,114,1.0
54,2024-06-01,95,95,1.0
54,2024-07-01,135,135,1.0
54,2024-08-01,105,105,1.0
54,2024-09-01,102,102,1.0
54,2024-10-01,99,99,1.0
54,2024-11-01,70,70,1.0
54,2024-12-01,90,90,1.0
54,2025-01-01,86,86,1.0
54,2025-02-01,73,73,1.0
54,2025-03-01,100,100,1.0
54,2025-04-01,103,103,1.0
54,2025-05-01,95,95,1.0
54,2025-06-01,100,100,1.0
54,2025-07-01,103,103,1.0
54,2025-08-01,84,84,1.0
54,2025-09-01,76,76,1.0
54,2025-10-01,99,99,1.0
54,2025-11-01,79,79,1.0
54,2025-12-01,68,68,1.0
55,2015-01-01,42,42,1.0
55,2015-02-01,29,29,1.0
55,2015-03-01,39,39,1.0
55,2015-04-01,44,44,1.0
55,2015-05-01,45,45,1.0
55,2015-06-01,52,52,1.0
55,2015-07-01,48,48,1.0
55,2015-08-01,52,52,1.0
55,2015-09-01,42,42,1.0
55,2015-10-01,40,40,1.0
55,2015-11-01,41,41,1.0
55,2015-12-01,44,44,1.0
55,2016-01-01,44,44,1.0
55,2016-02-01,47,47,1.0
55,2016-03-01,40,40,1.0
55,2016-04-01,43,43,1.0
55,2016-05-01,57,57,1.0
55,2016-06-01,42,42,1.0
55,2016-07-01,47,47,1.0
55,2016-08-01,62,62,1.0
55,2016-09-01,45,45,1.0
55,2016-10-01,51,51,1.0
55,2016-11-01,47,47,1.0
55,2016-12-01,63,63,1.0
55,2017-01-01,71,71,1.0
55,2017-02-01,44,44,1.0
55,2017-03-01,54,54,1.0
55,2017-04-01,62,62,1.0
55,2017-05-01,71,71,1.0
55,2017-06-01,53,53,1.0
55,2017-07-01,65,65,1.0
55,2017-08-01,60,60,1.0
55,2017-09-01,53,53,1.0
55,2017-10-01,44,44,1.0
55,2017-11-01,48,48,1.0
55,2017-12-01,52,52,1.0
55,2018-01-01,38,38,1.0
55,2018-02-01,49,49,1.0
55,2018-03-01,39,39,1.0
55,2018-04-01,45,45,1.0
55,2018-05-01,61,61,1.0
55,2018-06-01,61,61,1.0
55,2018-07-01,63,63,1.0
55,2018-08-01,74,74,1.0
55,2018-09-01,55,55,1.0
55,2018-10-01,65,65,1.0
55,2018-11-01,37,37,1.0
55,2018-12-01,38,38,1.0
55,2019-01-01,44,44,1.0
55,2019-02-01,31,31,1.0
55,2019-03-01,34,34,1.0
55,2019-04-01,40,40,1.0
55,2019-05-01,32,32,1.0
55,2019-06-01,43,43,1.0
55,2019-07-01,34,34,1.0
55,2019-08-01,53,53,1.0
55,2019-09-01,42,42,1.0
55,2019-10-01,50,50,1.0
55,2019-11-01,53,53,1.0
55,2019-12-01,43,43,1.0
55,2020-01-01,57,57,1.0
55,2020-02-01,39,39,1.0
55,2020-03-01,37,37,1.0
55,2020-04-01,37,37,1.0
55,2020-05-01,35,35,1.0
55,2020-06-01,43,43,1.0
55,2020-07-01,39,39,1.0
55,2020-08-01,49,49,1.0
55,2020-09-01,45,45,1.0
55,2020-10-01,41,41,1.0
55,2020-11-01,43,43,1.0
55,2020-12-01,43,43,1.0
55,2021-01-01,42,42,1.0
55,2021-02-01,46,46,1.0
55,2021-03-01,53,53,1.0
55,2021-04-01,38,38,1.0
55,2021-05-01,41,41,1.0
55,2021-06-01,50,50,1.0
55,2021-07-01,57,57,1.0
55,2021-08-01,60,60,1.0
55,2021-09-01,70,70,1.0
55,2021-10-01,63,63,1.0
55,2021-11-01,40,40,1.0
55,2021-12-01,58,58,1.0
55,2022-01-01,40,40,1.0
55,2022-02-01,49,49,1.0
55,2022-03-01,37,37,1.0
55,2022-04-01,40,40,1.0
55,2022-05-01,66,66,1.0
55,2022-06-01,57,57,1.0
55,2022-07-01,69,69,1.0
55,2022-08-01,50,50,1.0
55,2022-09-01,52,52,1.0
55,2022-10-01,61,61,1.0
55,2022-11-01,47,47,1.0
55,2022-12-01,50,50,1.0
55,2023-01-01,59,59,1.0
55,2023-02-01,46,46,1.0
55,2023-03-01,42,42,1.0
55,2023-04-01,53,53,1.0
55,2023-05-01,79,79,1.0
55,2023-06-01,85,85,1.0
55,2023-07-01,78,78,1.0
55,2023-08-01,68,68,1.0
55,2023-09-01,73,73,1.0
55,2023-10-01,45,45,1.0
55,2023-11-01,65,65,1.0
55,2023-12-01,80,80,1.0
55,2024-01-01,70,70,1.0
55,2024-02-01,88,88,1.0
55,2024-03-01,58,58,1.0
55,2024-04-01,85,85,1.0
55,2024-05-01,66,66,1.0
55,2024-06-01,64,64,1.0
55,2024-07-01,69,69,1.0
55,2024-08-01,56,56,1.0
55,2024-09-01,78,78,1.0
55,2024-10-01,65,65,1.0
55,2024-11-01,55,55,1.0
55,2024-12-01,49,49,1.0
55,2025-01-01,69,69,1.0
55,2025-02-01,52,52,1.0
55,2025-03-01,83,83,1.0
55,2025-04-01,70,70,1.0
55,2025-05-01,65,65,1.0
55,2025-06-01,85,85,1.0
55,2025-07-01,51,51,1.0
55,2025-08-01,47,47,1.0
55,2025-09-01,52,52,1.0
55,2025-10-01,80,80,1.0
55,2025-11-01,61,61,1.0
55,2025-12-01,51,51,1.0
56,2015-01-01,184,184,1.0
56,2015-02-01,132,132,1.0
56,2015-03-01,174,174,1.0
56,2015-04-01,119,119,1.0
56,2015-05-01,154,154,1.0
56,2015-06-01,170,170,1.0
56,2015-07-01,161,161,1.0
56,2015-08-01,148,148,1.0
56,2015-09-01,139,139,1.0
56,2015-10-01,161,161,1.0
56,2015-11-01,162,162,1.0
56,2015-12-01,156,156,1.0
56,2016-01-01,130,130,1.0
56,2016-02-01,135,135,1.0
56,2016-03-01,189,189,1.0
56,2016-04-01,161,161,1.0
56,2016-05-01,195,195,1.0
56,2016-06-01,200,200,1.0
56,2016-07-01,203,203,1.0
56,2016-08-01,224,224,1.0
56,2016-09-01,170,170,1.0
56,2016-10-01,178,178,1.0
56,2016-11-01,163,163,1.0
56,2016-12-01,168,168,1.0
56,2017-01-01,138,138,1.0
56,2017-02-01,145,145,1.0
56,2017-03-01,170,170,1.0
56,2017-04-01,122,122,1.0
56,2017-05-01,181,181,1.0
56,2017-06-01,160,160,1.0
56,2017-07-01,183,183,1.0
56,2017-08-01,182,182,1.0
56,2017-09-01,169,169,1.0
56,2017-10-01,179,179,1.0
56,2017-11-01,148,148,1.0
56,2017-12-01,153,153,1.0
56,2018-01-01,156,156,1.0
56,2018-02-01,140,140,1.0
56,2018-03-01,164,164,1.0
56,2018-04-01,161,161,1.0
56,2018-05-01,192,192,1.0
56,2018-06-01,184,184,1.0
56,2018-07-01,218,218,1.0
56,2018-08-01,196,196,1.0
56,2018-09-01,198,198,1.0
56,2018-10-01,150,150,1.0
56,2018-11-01,157,157,1.0
56,2018-12-01,189,189,1.0
56,2019-01-01,146,146,1.0
56,2019-02-01,152,152,1.0
56,2019-03-01,132,132,1.0
56,2019-04-01,161,161,1.0
56,2019-05-01,171,171,1.0
56,2019-06-01,132,132,1.0
56,2019-07-01,174,174,1.0
56,2019-08-01,200,200,1.0
56,2019-09-01,185,185,1.0
56,2019-10-01,156,156,1.0
56,2019-11-01,129,129,1.0
56,2019-12-01,131,131,1.0
56,2020-01-01,147,147,1.0
56,2020-02-01,108,108,1.0
56,2020-03-01,123,123,1.0
56,2020-04-01,114,114,1.0
56,2020-05-01,123,123,1.0
56,2020-06-01,131,131,1.0
56,2020-07-01,136,136,1.0
56,2020-08-01,140,140,1.0
56,2020-09-01,130,130,1.0
56,2020-10-01,154,154,1.0
56,2020-11-01,135,135,1.0
56,2020-12-01,123,123,1.0
56,2021-01-01,138,138,1.0
56,2021-02-01,107,107,1.0
56,2021-03-01,138,138,1.0
56,2021-04-01,101,101,1.0
56,2021-05-01,124,124,1.0
56,2021-06-01,148,148,1.0
56,2021-07-01,129,129,1.0
56,2021-08-01,127,127,1.0
56,2021-09-01,150,150,1.0
56,2021-10-01,153,153,1.0
56,2021-11-01,122,122,1.0
56,2021-12-01,134,134,1.0
56,2022-01-01,125,125,1.0
56,2022-02-01,127,127,1.0
56,2022-03-01,140,140,1.0
56,2022-04-01,137,137,1.0
56,2022-05-01,155,155,1.0
56,2022-06-01,160,160,1.0
56,2022-07-01,158,158,1.0
56,2022-08-01,193,193,1.0
56,2022-09-01,197,197,1.0
56,2022-10-01,209,209,1.0
56,2022-11-01,179,179,1.0
56,2022-12-01,173,173,1.0
56,2023-01-01,205,205,1.0
56,2023-02-01,200,200,1.0
56,2023-03-01,194,194,1.0
56,2023-04-01,151,151,1.0
56,2023-05-01,187,187,1.0
56,2023-06-01,190,190,1.0
56,2023-07-01,209,209,1.0
56,2023-08-01,210,210,1.0
56,2023-09-01,228,228,1.0
56,2023-10-01,186,186,1.0
56,2023-11-01,160,160,1.0
56,2023-12-01,167,167,1.0
56,2024-01-01,192,192,1.0
56,2024-02-01,188,188,1.0
56,2024-03-01,213,213,1.0
56,2024-04-01,171,171,1.0
56,2024-05-01,196,196,1.0
56,2024-06-01,204,204,1.0
56,2024-07-01,256,256,1.0
56,2024-08-01,220,220,1.0
56,2024-09-01,197,197,1.0
56,2024-10-01,195,195,1.0
56,2024-11-01,193,193,1.0
56,2024-12-01,182,182,1.0
56,2025-01-01,163,163,1.0
56,2025-02-01,128,128,1.0
56,2025-03-01,188,188,1.0
56,2025-04-01,162,162,1.0
56,2025-05-01,180,180,1.0
56,2025-06-01,186,186,1.0
56,2025-07-01,185,185,1.0
56,2025-08-01,209,209,1.0
56,2025-09-01,152,152,1.0
56,2025-10-01,180,180,1.0
56,2025-11-01,154,154,1.0
56,2025-12-01,147,147,1.0
57,2015-01-01,88,88,1.0
57,2015-02-01,82,82,1.0
57,2015-03-01,103,103,1.0
57,2015-04-01,89,89,1.0
57,2015-05-01,101,101,1.0
57,2015-06-01,78,78,1.0
57,2015-07-01,76,76,1.0
57,2015-08-01,73,73,1.0
57,2015-09-01,66,66,1.0
57,2015-10-01,86,86,1.0
57,2015-11-01,83,83,1.0
57,2015-12-01,77,77,1.0
57,2016-01-01,73,73,1.0
57,2016-02-01,79,79,1.0
57,2016-03-01,73,73,1.0
57,2016-04-01,61,61,1.0
57,2016-05-01,74,74,1.0
57,2016-06-01,64,64,1.0
57,2016-07-01,62,62,1.0
57,2016-08-01,87,87,1.0
57,2016-09-01,86,86,1.0
57,2016-10-01,73,73,1.0
57,2016-11-01,88,88,1.0
57,2016-12-01,62,62,1.0
57,2017-01-01,78,78,1.0
57,2017-02-01,76,76,1.0
57,2017-03-01,69,69,1.0
57,2017-04-01,65,65,1.0
57,2017-05-01,84,84,1.0
57,2017-06-01,64,64,1.0
57,2017-07-01,66,66,1.0
57,2017-08-01,66,66,1.0
57,2017-09-01,71,71,1.0
57,2017-10-01,75,75,1.0
57,2017-11-01,59,59,1.0
57,2017-12-01,80,80,1.0
57,2018-01-01,44,44,1.0
57,2018-02-01,64,64,1.0
57,2018-03-01,65,65,1.0
57,2018-04-01,58,58,1.0
57,2018-05-01,76,76,1.0
57,2018-06-01,71,71,1.0
57,2018-07-01,83,83,1.0
57,2018-08-01,75,75,1.0
57,2018-09-01,81,81,1.0
57,2018-10-01,76,76,1.0
57,2018-11-01,71,71,1.0
57,2018-12-01,65,65,1.0
57,2019-01-01,77,77,1.0
57,2019-02-01,73,73,1.0
57,2019-03-01,46,46,1.0
57,2019-04-01,56,56,1.0
57,2019-05-01,68,68,1.0
57,2019-06-01,84,84,1.0
57,2019-07-01,58,58,1.0
57,2019-08-01,82,82,1.0
57,2019-09-01,67,67,1.0
57,2019-10-01,67,67,1.0
57,2019-11-01,72,72,1.0
57,2019-12-01,65,65,1.0
57,2020-01-01,74,74,1.0
57,2020-02-01,61,61,1.0
57,2020-03-01,42,42,1.0
57,2020-04-01,48,48,1.0
57,2020-05-01,65,65,1.0
57,2020-06-01,53,53,1.0
57,2020-07-01,70,70,1.0
57,2020-08-01,65,65,1.0
57,2020-09-01,60,60,1.0
57,2020-10-01,51,51,1.0
57,2020-11-01,62,62,1.0
57,2020-12-01,43,43,1.0
57,2021-01-01,53,53,1.0
57,2021-02-01,43,43,1.0
57,2021-03-01,51,51,1.0
57,2021-04-01,43,43,1.0
57,2021-05-01,54,54,1.0
57,2021-06-01,71,71,1.0
57,2021-07-01,49,49,1.0
57,2021-08-01,59,59,1.0
57,2021-09-01,72,72,1.0
57,2021-10-01,50,50,1.0
57,2021-11-01,59,59,1.0
57,2021-12-01,73,73,1.0
57,2022-01-01,69,69,1.0
57,2022-02-01,68,68,1.0
57,2022-03-01,68,68,1.0
57,2022-04-01,70,70,1.0
57,2022-05-01,83,83,1.0
57,2022-06-01,74,74,1.0
57,2022-07-01,81,81,1.0
57,2022-08-01,90,90,1.0
57,2022-09-01,94,94,1.0
57,2022-10-01,91,91,1.0
57,2022-11-01,101,101,1.0
57,2022-12-01,117,117,1.0
57,2023-01-01,88,88,1.0
57,2023-02-01,84,84,1.0
57,2023-03-01,68,68,1.0
57,2023-04-01,76,76,1.0
57,2023-05-01,87,87,1.0
57,2023-06-01,92,92,1.0
57,2023-07-01,65,65,1.0
57,2023-08-01,98,98,1.0
57,2023-09-01,112,112,1.0
57,2023-10-01,116,116,1.0
57,2023-11-01,67,67,1.0
57,2023-12-01,75,75,1.0
57,2024-01-01,63,63,1.0
57,2024-02-01,85,85,1.0
57,2024-03-01,100,100,1.0
57,2024-04-01,60,60,1.0
57,2024-05-01,94,94,1.0
57,2024-06-01,80,80,1.0
57,2024-07-01,115,115,1.0
57,2024-08-01,105,105,1.0
57,2024-09-01,130,130,1.0
57,2024-10-01,100,100,1.0
57,2024-11-01,92,92,1.0
57,2024-12-01,94,94,1.0
57,2025-01-01,89,89,1.0
57,2025-02-01,99,99,1.0
57,2025-03-01,103,103,1.0
57,2025-04-01,82,82,1.0
57,2025-05-01,78,78,1.0
57,2025-06-01,82,82,1.0
57,2025-07-01,121,121,1.0
57,2025-08-01,94,94,1.0
57,2025-09-01,119,119,1.0
57,2025-10-01,82,82,1.0
57,2025-11-01,67,67,1.0
57,2025-12-01,80,80,1.0
58,2015-01-01,239,239,1.0
58,2015-02-01,185,185,1.0
58,2015-03-01,247,247,1.0
58,2015-04-01,252,252,1.0
58,2015-05-01,232,232,1.0
58,2015-06-01,232,232,1.0
58,2015-07-01,254,254,1.0
58,2015-08-01,254,254,1.0
58,2015-09-01,244,244,1.0
58,2015-10-01,217,217,1.0
58,2015-11-01,204,204,1.0
58,2015-12-01,211,211,1.0
58,2016-01-01,229,229,1.0
58,2016-02-01,205,205,1.0
58,2016-03-01,220,220,1.0
58,2016-04-01,243,243,1.0
58,2016-05-01,254,254,1.0
58,2016-06-01,211,211,1.0
58,2016-07-01,180,180,1.0
58,2016-08-01,254,254,1.0
58,2016-09-01,244,244,1.0
58,2016-10-01,215,215,1.0
58,2016-11-01,200,200,1.0
58,2016-12-01,190,190,1.0
58,2017-01-01,188,188,1.0
58,2017-02-01,186,186,1.0
58,2017-03-01,162,162,1.0
58,2017-04-01,170,170,1.0
58,2017-05-01,164,164,1.0
58,2017-06-01,160,160,1.0
58,2017-07-01,212,212,1.0
58,2017-08-01,200,200,1.0
58,2017-09-01,226,226,1.0
58,2017-10-01,181,181,1.0
58,2017-11-01,184,184,1.0
58,2017-12-01,202,202,1.0
58,2018-01-01,159,159,1.0
58,2018-02-01,166,166,1.0
58,2018-03-01,174,174,1.0
58,2018-04-01,154,154,1.0
58,2018-05-01,184,184,1.0
58,2018-06-01,182,182,1.0
58,2018-07-01,220,220,1.0
58,2018-08-01,194,194,1.0
58,2018-09-01,203,203,1.0
58,2018-10-01,217,217,1.0
58,2018-11-01,169,169,1.0
58,2018-12-01,188,188,1.0
58,2019-01-01,162,162,1.0
58,2019-02-01,164,164,1.0
58,2019-03-01,179,179,1.0
58,2019-04-01,172,172,1.0
58,2019-05-01,201,201,1.0
58,2019-06-01,195,195,1.0
58,2019-07-01,216,216,1.0
58,2019-08-01,209,209,1.0
58,2019-09-01,188,188,1.0
58,2019-10-01,172,172,1.0
58,2019-11-01,176,176,1.0
58,2019-12-01,209,209,1.0
58,2020-01-01,173,173,1.0
58,2020-02-01,158,158,1.0
58,2020-03-01,163,163,1.0
58,2020-04-01,112,112,1.0
58,2020-05-01,124,124,1.0
58,2020-06-01,151,151,1.0
58,2020-07-01,189,189,1.0
58,2020-08-01,159,159,1.0
58,2020-09-01,157,157,1.0
58,2020-10-01,151,151,1.0
58,2020-11-01,129,129,1.0
58,2020-12-01,138,138,1.0
58,2021-01-01,146,146,1.0
58,2021-02-01,118,118,1.0
58,2021-03-01,125,125,1.0
58,2021-04-01,137,137,1.0
58,2021-05-01,151,151,1.0
58,2021-06-01,142,142,1.0
58,2021-07-01,150,150,1.0
58,2021-08-01,158,158,1.0
58,2021-09-01,162,162,1.0
58,2021-10-01,186,186,1.0
58,2021-11-01,167,167,1.0
58,2021-12-01,161,161,1.0
58,2022-01-01,161,161,1.0
58,2022-02-01,143,143,1.0
58,2022-03-01,160,160,1.0
58,2022-04-01,197,197,1.0
58,2022-05-01,193,193,1.0
58,2022-06-01,180,180,1.0
58,2022-07-01,199,199,1.0
58,2022-08-01,173,173,1.0
58,2022-09-01,183,183,1.0
58,2022-10-01,199,199,1.0
58,2022-11-01,162,162,1.0
58,2022-12-01,166,166,1.0
58,2023-01-01,175,175,1.0
58,2023-02-01,168,168,1.0
58,2023-03-01,205,205,1.0
58,2023-04-01,203,203,1.0
58,2023-05-01,193,193,1.0
58,2023-06-01,209,209,1.0
58,2023-07-01,213,213,1.0
58,2023-08-01,190,190,1.0
58,2023-09-01,192,192,1.0
58,2023-10-01,196,196,1.0
58,2023-11-01,196,196,1.0
58,2023-12-01,172,172,1.0
58,2024-01-01,148,148,1.0
58,2024-02-01,199,199,1.0
58,2024-03-01,179,179,1.0
58,2024-04-01,185,185,1.0
58,2024-05-01,201,201,1.0
58,2024-06-01,173,173,1.0
58,2024-07-01,237,237,1.0
58,2024-08-01,184,184,1.0
58,2024-09-01,188,188,1.0
58,2024-10-01,188,188,1.0
58,2024-11-01,173,173,1.0
58,2024-12-01,186,186,1.0
58,2025-01-01,144,144,1.0
58,2025-02-01,131,131,1.0
58,2025-03-01,174,174,1.0
58,2025-04-01,159,159,1.0
58,2025-05-01,155,155,1.0
58,2025-06-01,186,186,1.0
58,2025-07-01,172,172,1.0
58,2025-08-01,190,190,1.0
58,2025-09-01,160,160,1.0
58,2025-10-01,187,187,1.0
58,2025-11-01,159,159,1.0
58,2025-12-01,165,165,1.0
59,2015-01-01,89,89,1.0
59,2015-02-01,79,79,1.0
59,2015-03-01,75,75,1.0
59,2015-04-01,81,81,1.0
59,2015-05-01,108,108,1.0
59,2015-06-01,110,110,1.0
59,2015-07-01,81,81,1.0
59,2015-08-01,91,91,1.0
59,2015-09-01,108,108,1.0
59,2015-10-01,85,85,1.0
59,2015-11-01,94,94,1.0
59,2015-12-01,83,83,1.0
59,2016-01-01,71,71,1.0
59,2016-02-01,71,71,1.0
59,2016-03-01,90,90,1.0
59,2016-04-01,88,88,1.0
59,2016-05-01,89,89,1.0
59,2016-06-01,114,114,1.0
59,2016-07-01,95,95,1.0
59,2016-08-01,114,114,1.0
59,2016-09-01,80,80,1.0
59,2016-10-01,87,87,1.0
59,2016-11-01,73,73,1.0
59,2016-12-01,70,70,1.0
59,2017-01-01,93,93,1.0
59,2017-02-01,92,92,1.0
59,2017-03-01,92,92,1.0
59,2017-04-01,87,87,1.0
59,2017-05-01,88,88,1.0
59,2017-06-01,96,96,1.0
59,2017-07-01,97,97,1.0
59,2017-08-01,106,106,1.0
59,2017-09-01,77,77,1.0
59,2017-10-01,85,85,1.0
59,2017-11-01,61,61,1.0
59,2017-12-01,79,79,1.0
59,2018-01-01,74,74,1.0
59,2018-02-01,52,52,1.0
59,2018-03-01,69,69,1.0
59,2018-04-01,71,71,1.0
59,2018-05-01,78,78,1.0
59,2018-06-01,99,99,1.0
59,2018-07-01,109,109,1.0
59,2018-08-01,94,94,1.0
59,2018-09-01,72,72,1.0
59,2018-10-01,69,69,1.0
59,2018-11-01,54,54,1.0
59,2018-12-01,75,75,1.0
59,2019-01-01,46,46,1.0
59,2019-02-01,50,50,1.0
59,2019-03-01,54,54,1.0
59,2019-04-01,67,67,1.0
59,2019-05-01,80,80,1.0
59,2019-06-01,82,82,1.0
59,2019-07-01,88,88,1.0
59,2019-08-01,77,77,1.0
59,2019-09-01,80,80,1.0
59,2019-10-01,70,70,1.0
59,2019-11-01,64,64,1.0
59,2019-12-01,71,71,1.0
59,2020-01-01,68,68,1.0
59,2020-02-01,61,61,1.0
59,2020-03-01,48,48,1.0
59,2020-04-01,46,46,1.0
59,2020-05-01,48,48,1.0
59,2020-06-01,79,79,1.0
59,2020-07-01,67,67,1.0
59,2020-08-01,72,72,1.0
59,2020-09-01,71,71,1.0
59,2020-10-01,74,74,1.0
59,2020-11-01,57,57,1.0
59,2020-12-01,63,63,1.0
59,2021-01-01,55,55,1.0
59,2021-02-01,40,40,1.0
59,2021-03-01,46,46,1.0
59,2021-04-01,48,48,1.0
59,2021-05-01,59,59,1.0
59,2021-06-01,59,59,1.0
59,2021-07-01,65,65,1.0
59,2021-08-01,54,54,1.0
59,2021-09-01,72,72,1.0
59,2021-10-01,76,76,1.0
59,2021-11-01,61,61,1.0
59,2021-12-01,81,81,1.0
59,2022-01-01,56,56,1.0
59,2022-02-01,58,58,1.0
59,2022-03-01,45,45,1.0
59,2022-04-01,59,59,1.0
59,2022-05-01,70,70,1.0
59,2022-06-01,91,91,1.0
59,2022-07-01,77,77,1.0
59,2022-08-01,68,68,1.0
59,2022-09-01,84,84,1.0
59,2022-10-01,95,95,1.0
59,2022-11-01,84,84,1.0
59,2022-12-01,85,85,1.0
59,2023-01-01,68,68,1.0
59,2023-02-01,68,68,1.0
59,2023-03-01,71,71,1.0
59,2023-04-01,81,81,1.0
59,2023-05-01,90,90,1.0
59,2023-06-01,86,86,1.0
59,2023-07-01,56,56,1.0
59,2023-08-01,71,71,1.0
59,2023-09-01,98,98,1.0
59,2023-10-01,98,98,1.0
59,2023-11-01,99,99,1.0
59,2023-12-01,84,84,1.0
59,2024-01-01,74,74,1.0
59,2024-02-01,74,74,1.0
59,2024-03-01,80,80,1.0
59,2024-04-01,93,93,1.0
59,2024-05-01,83,83,1.0
59,2024-06-01,95,95,1.0
59,2024-07-01,115,115,1.0
59,2024-08-01,87,87,1.0
59,2024-09-01,84,84,1.0
59,2024-10-01,83,83,1.0
59,2024-11-01,74,74,1.0
59,2024-12-01,82,82,1.0
59,2025-01-01,95,95,1.0
59,2025-02-01,52,52,1.0
59,2025-03-01,68,68,1.0
59,2025-04-01,70,70,1.0
59,2025-05-01,68,68,1.0
59,2025-06-01,72,72,1.0
59,2025-07-01,85,85,1.0
59,2025-08-01,86,86,1.0
59,2025-09-01,99,99,1.0
59,2025-10-01,85,85,1.0
59,2025-11-01,75,75,1.0
59,2025-12-01,79,79,1.0
60,2015-01-01,136,136,1.0
60,2015-02-01,86,86,1.0
60,2015-03-01,151,151,1.0
60,2015-04-01,120,120,1.0
60,2015-05-01,129,129,1.0
60,2015-06-01,158,158,1.0
60,2015-07-01,164,164,1.0
60,2015-08-01,157,157,1.0
60,2015-09-01,124,124,1.0
60,2015-10-01,136,136,1.0
60,2015-11-01,137,137,1.0
60,2015-12-01,125,125,1.0
60,2016-01-01,134,134,1.0
60,2016-02-01,144,144,1.0
60,2016-03-01,130,130,1.0
60,2016-04-01,114,114,1.0
60,2016-05-01,130,130,1.0
60,2016-06-01,155,155,1.0
60,2016-07-01,170,170,1.0
60,2016-08-01,147,147,1.0
60,2016-09-01,165,165,1.0
60,2016-10-01,145,145,1.0
60,2016-11-01,122,122,1.0
60,2016-12-01,141,141,1.0
60,2017-01-01,127,127,1.0
60,2017-02-01,127,127,1.0
60,2017-03-01,115,115,1.0
60,2017-04-01,130,130,1.0
60,2017-05-01,99,99,1.0
60,2017-06-01,123,123,1.0
60,2017-07-01,143,143,1.0
60,2017-08-01,132,132,1.0
60,2017-09-01,132,132,1.0
60,2017-10-01,145,145,1.0
60,2017-11-01,112,112,1.0
60,2017-12-01,144,144,1.0
60,2018-01-01,131,131,1.0
60,2018-02-01,99,99,1.0
60,2018-03-01,124,124,1.0
60,2018-04-01,134,134,1.0
60,2018-05-01,151,151,1.0
60,2018-06-01,129,129,1.0
60,2018-07-01,130,130,1.0
60,2018-08-01,128,128,1.0
60,2018-09-01,125,125,1.0
60,2018-10-01,114,114,1.0
60,2018-11-01,129,129,1.0
60,2018-12-01,135,135,1.0
60,2019-01-01,104,104,1.0
60,2019-02-01,79,79,1.0
60,2019-03-01,108,108,1.0
60,2019-04-01,121,121,1.0
60,2019-05-01,135,135,1.0
60,2019-06-01,118,118,1.0
60,2019-07-01,167,167,1.0
60,2019-08-01,161,161,1.0
60,2019-09-01,119,119,1.0
60,2019-10-01,98,98,1.0
60,2019-11-01,124,124,1.0
60,2019-12-01,123,123,1.0
60,2020-01-01,116,116,1.0
60,2020-02-01,88,88,1.0
60,2020-03-01,101,101,1.0
60,2020-04-01,94,94,1.0
60,2020-05-01,109,109,1.0
60,2020-06-01,98,98,1.0
60,2020-07-01,97,97,1.0
60,2020-08-01,115,115,1.0
60,2020-09-01,99,99,1.0
60,2020-10-01,131,131,1.0
60,2020-11-01,115,115,1.0
60,2020-12-01,148,148,1.0
60,2021-01-01,125,125,1.0
60,2021-02-01,103,103,1.0
60,2021-03-01,87,87,1.0
60,2021-04-01,82,82,1.0
60,2021-05-01,94,94,1.0
60,2021-06-01,103,103,1.0
60,2021-07-01,130,130,1.0
60,2021-08-01,127,127,1.0
60,2021-09-01,118,118,1.0
60,2021-10-01,113,113,1.0
60,2021-11-01,100,100,1.0
60,2021-12-01,98,98,1.0
60,2022-01-01,109,109,1.0
60,2022-02-01,96,96,1.0
60,2022-03-01,101,101,1.0
60,2022-04-01,105,105,1.0
60,2022-05-01,113,113,1.0
60,2022-06-01,132,132,1.0
60,2022-07-01,169,169,1.0
60,2022-08-01,157,157,1.0
60,2022-09-01,171,171,1.0
60,2022-10-01,143,143,1.0
60,2022-11-01,130,130,1.0
60,2022-12-01,136,136,1.0
60,2023-01-01,119,119,1.0
60,2023-02-01,117,117,1.0
60,2023-03-01,104,104,1.0
60,2023-04-01,117,117,1.0
60,2023-05-01,129,129,1.0
60,2023-06-01,149,149,1.0
60,2023-07-01,146,146,1.0
60,2023-08-01,182,182,1.0
60,2023-09-01,137,137,1.0
60,2023-10-01,168,168,1.0
60,2023-11-01,138,138,1.0
60,2023-12-01,122,122,1.0
60,2024-01-01,167,167,1.0
60,2024-02-01,108,108,1.0
60,2024-03-01,127,127,1.0
60,2024-04-01,134,134,1.0
60,2024-05-01,132,132,1.0
60,2024-06-01,153,153,1.0
60,2024-07-01,158,158,1.0
60,2024-08-01,158,158,1.0
60,2024-09-01,112,112,1.0
60,2024-10-01,145,145,1.0
60,2024-11-01,123,123,1.0
60,2024-12-01,127,127,1.0
60,2025-01-01,127,127,1.0
60,2025-02-01,96,96,1.0
60,2025-03-01,124,124,1.0
60,2025-04-01,126,126,1.0
60,2025-05-01,178,178,1.0
60,2025-06-01,142,142,1.0
60,2025-07-01,161,161,1.0
60,2025-08-01,187,187,1.0
60,2025-09-01,153,153,1.0
60,2025-10-01,160,160,1.0
60,2025-11-01,121,121,1.0
60,2025-12-01,106,106,1.0
61,2015-01-01,382,382,1.0
61,2015-02-01,306,306,1.0
61,2015-03-01,395,395,1.0
61,2015-04-01,422,422,1.0
61,2015-05-01,448,448,1.0
61,2015-06-01,444,444,1.0
61,2015-07-01,471,471,1.0
61,2015-08-01,472,472,1.0
61,2015-09-01,449,449,1.0
61,2015-10-01,483,483,1.0
61,2015-11-01,374,374,1.0
61,2015-12-01,373,373,1.0
61,2016-01-01,400,400,1.0
61,2016-02-01,289,289,1.0
61,2016-03-01,399,399,1.0
61,2016-04-01,412,412,1.0
61,2016-05-01,417,417,1.0
61,2016-06-01,432,432,1.0
61,2016-07-01,505,505,1.0
61,2016-08-01,424,424,1.0
61,2016-09-01,489,489,1.0
61,2016-10-01,428,428,1.0
61,2016-11-01,398,398,1.0
61,2016-12-01,361,361,1.0
61,2017-01-01,389,389,1.0
61,2017-02-01,346,346,1.0
61,2017-03-01,381,381,1.0
61,2017-04-01,346,346,1.0
61,2017-05-01,421,421,1.0
61,2017-06-01,443,443,1.0
61,2017-07-01,455,455,1.0
61,2017-08-01,393,393,1.0
61,2017-09-01,403,403,1.0
61,2017-10-01,401,401,1.0
61,2017-11-01,360,360,1.0
61,2017-12-01,328,328,1.0
61,2018-01-01,314,314,1.0
61,2018-02-01,274,274,1.0
61,2018-03-01,365,365,1.0
61,2018-04-01,342,342,1.0
61,2018-05-01,396,396,1.0
61,2018-06-01,422,422,1.0
61,2018-07-01,440,440,1.0
61,2018-08-01,413,413,1.0
61,2018-09-01,348,348,1.0
61,2018-10-01,370,370,1.0
61,2018-11-01,303,303,1.0
61,2018-12-01,296,296,1.0
61,2019-01-01,315,315,1.0
61,2019-02-01,327,327,1.0
61,2019-03-01,351,351,1.0
61,2019-04-01,338,338,1.0
61,2019-05-01,393,393,1.0
61,2019-06-01,361,361,1.0
61,2019-07-01,402,402,1.0
61,2019-08-01,397,397,1.0
61,2019-09-01,375,375,1.0
61,2019-10-01,366,366,1.0
61,2019-11-01,316,316,1.0
61,2019-12-01,335,335,1.0
61,2020-01-01,333,333,1.0
61,2020-02-01,337,337,1.0
61,2020-03-01,293,293,1.0
61,2020-04-01,242,242,1.0
61,2020-05-01,311,311,1.0
61,2020-06-01,323,323,1.0
61,2020-07-01,349,349,1.0
61,2020-08-01,336,336,1.0
61,2020-09-01,269,269,1.0
61,2020-10-01,265,265,1.0
61,2020-11-01,271,271,1.0
61,2020-12-01,264,264,1.0
61,2021-01-01,250,250,1.0
61,2021-02-01,232,232,1.0
61,2021-03-01,266,266,1.0
61,2021-04-01,280,280,1.0
61,2021-05-01,302,302,1.0
61,2021-06-01,323,323,1.0
61,2021-07-01,343,343,1.0
61,2021-08-01,339,339,1.0
61,2021-09-01,337,337,1.0
61,2021-10-01,347,347,1.0
61,2021-11-01,285,285,1.0
61,2021-12-01,249,249,1.0
61,2022-01-01,264,264,1.0
61,2022-02-01,283,283,1.0
61,2022-03-01,283,283,1.0
61,2022-04-01,321,321,1.0
61,2022-05-01,342,342,1.0
61,2022-06-01,379,379,1.0
61,2022-07-01,315,315,1.0
61,2022-08-01,365,365,1.0
61,2022-09-01,327,327,1.0
61,2022-10-01,337,337,1.0
61,2022-11-01,292,292,1.0
61,2022-12-01,299,299,1.0
61,2023-01-01,304,304,1.0
61,2023-02-01,318,318,1.0
61,2023-03-01,333,333,1.0
61,2023-04-01,369,369,1.0
61,2023-05-01,421,421,1.0
61,2023-06-01,394,394,1.0
61,2023-07-01,426,426,1.0
61,2023-08-01,402,402,1.0
61,2023-09-01,403,403,1.0
61,2023-10-01,383,383,1.0
61,2023-11-01,336,336,1.0
61,2023-12-01,354,354,1.0
61,2024-01-01,292,292,1.0
61,2024-02-01,322,322,1.0
61,2024-03-01,307,307,1.0
61,2024-04-01,349,349,1.0
61,2024-05-01,340,340,1.0
61,2024-06-01,364,364,1.0
61,2024-07-01,402,402,1.0
61,2024-08-01,385,385,1.0
61,2024-09-01,371,371,1.0
61,2024-10-01,321,321,1.0
61,2024-11-01,337,337,1.0
61,2024-12-01,314,314,1.0
61,2025-01-01,270,270,1.0
61,2025-02-01,249,249,1.0
61,2025-03-01,316,316,1.0
61,2025-04-01,305,305,1.0
61,2025-05-01,302,302,1.0
61,2025-06-01,333,333,1.0
61,2025-07-01,332,332,1.0
61,2025-08-01,345,345,1.0
61,2025-09-01,303,303,1.0
61,2025-10-01,284,284,1.0
61,2025-11-01,264,264,1.0
61,2025-12-01,280,280,1.0
62,2015-01-01,70,70,1.0
62,2015-02-01,71,71,1.0
62,2015-03-01,81,81,1.0
62,2015-04-01,72,72,1.0
62,2015-05-01,75,75,1.0
62,2015-06-01,80,80,1.0
62,2015-07-01,85,85,1.0
62,2015-08-01,103,103,1.0
62,2015-09-01,99,99,1.0
62,2015-10-01,117,117,1.0
62,2015-11-01,93,93,1.0
62,2015-12-01,92,92,1.0
62,2016-01-01,109,109,1.0
62,2016-02-01,78,78,1.0
62,2016-03-01,83,83,1.0
62,2016-04-01,102,102,1.0
62,2016-05-01,100,100,1.0
62,2016-06-01,96,96,1.0
62,2016-07-01,97,97,1.0
62,2016-08-01,94,94,1.0
62,2016-09-01,80,80,1.0
62,2016-10-01,87,87,1.0
62,2016-11-01,86,86,1.0
62,2016-12-01,89,89,1.0
62,2017-01-01,104,104,1.0
62,2017-02-01,100,100,1.0
62,2017-03-01,72,72,1.0
62,2017-04-01,59,59,1.0
62,2017-05-01,76,76,1.0
62,2017-06-01,101,101,1.0
62,2017-07-01,86,86,1.0
62,2017-08-01,94,94,1.0
62,2017-09-01,100,100,1.0
62,2017-10-01,76,76,1.0
62,2017-11-01,71,71,1.0
62,2017-12-01,85,85,1.0
62,2018-01-01,79,79,1.0
62,2018-02-01,62,62,1.0
62,2018-03-01,91,91,1.0
62,2018-04-01,88,88,1.0
62,2018-05-01,91,91,1.0
62,2018-06-01,91,91,1.0
62,2018-07-01,97,97,1.0
62,2018-08-01,100,100,1.0
62,2018-09-01,93,93,1.0
62,2018-10-01,80,80,1.0
62,2018-11-01,75,75,1.0
62,2018-12-01,79,79,1.0
62,2019-01-01,63,63,1.0
62,2019-02-01,65,65,1.0
62,2019-03-01,68,68,1.0
62,2019-04-01,83,83,1.0
62,2019-05-01,79,79,1.0
62,2019-06-01,83,83,1.0
62,2019-07-01,89,89,1.0
62,2019-08-01,93,93,1.0
62,2019-09-01,83,83,1.0
62,2019-10-01,65,65,1.0
62,2019-11-01,74,74,1.0
62,2019-12-01,58,58,1.0
62,2020-01-01,66,66,1.0
62,2020-02-01,68,68,1.0
62,2020-03-01,54,54,1.0
62,2020-04-01,44,44,1.0
62,2020-05-01,61,61,1.0
62,2020-06-01,57,57,1.0
62,2020-07-01,60,60,1.0
62,2020-08-01,61,61,1.0
62,2020-09-01,63,63,1.0
62,2020-10-01,57,57,1.0
62,2020-11-01,72,72,1.0
62,2020-12-01,62,62,1.0
62,2021-01-01,39,39,1.0
62,2021-02-01,54,54,1.0
62,2021-03-01,56,56,1.0
62,2021-04-01,46,46,1.0
62,2021-05-01,73,73,1.0
62,2021-06-01,61,61,1.0
62,2021-07-01,67,67,1.0
62,2021-08-01,69,69,1.0
62,2021-09-01,68,68,1.0
62,2021-10-01,54,54,1.0
62,2021-11-01,56,56,1.0
62,2021-12-01,62,62,1.0
62,2022-01-01,54,54,1.0
62,2022-02-01,51,51,1.0
62,2022-03-01,66,66,1.0
62,2022-04-01,68,68,1.0
62,2022-05-01,71,71,1.0
62,2022-06-01,80,80,1.0
62,2022-07-01,81,81,1.0
62,2022-08-01,79,79,1.0
62,2022-09-01,75,75,1.0
62,2022-10-01,91,91,1.0
62,2022-11-01,72,72,1.0
62,2022-12-01,88,88,1.0
62,2023-01-01,79,79,1.0
62,2023-02-01,61,61,1.0
62,2023-03-01,72,72,1.0
62,2023-04-01,70,70,1.0
62,2023-05-01,81,81,1.0
62,2023-06-01,119,119,1.0
62,2023-07-01,110,110,1.0
62,2023-08-01,103,103,1.0
62,2023-09-01,118,118,1.0
62,2023-10-01,90,90,1.0
62,2023-11-01,87,87,1.0
62,2023-12-01,79,79,1.0
62,2024-01-01,77,77,1.0
62,2024-02-01,83,83,1.0
62,2024-03-01,82,82,1.0
62,2024-04-01,67,67,1.0
62,2024-05-01,67,67,1.0
62,2024-06-01,85,85,1.0
62,2024-07-01,98,98,1.0
62,2024-08-01,98,98,1.0
62,2024-09-01,110,110,1.0
62,2024-10-01,111,111,1.0
62,2024-11-01,98,98,1.0
62,2024-12-01,80,80,1.0
62,2025-01-01,75,75,1.0
62,2025-02-01,73,73,1.0
62,2025-03-01,90,90,1.0
62,2025-04-01,87,87,1.0
62,2025-05-01,82,82,1.0
62,2025-06-01,87,87,1.0
62,2025-07-01,82,82,1.0
62,2025-08-01,60,60,1.0
62,2025-09-01,72,72,1.0
62,2025-10-01,71,71,1.0
62,2025-11-01,83,83,1.0
62,2025-12-01,50,50,1.0
63,2015-01-01,195,195,1.0
63,2015-02-01,138,138,1.0
63,2015-03-01,187,187,1.0
63,2015-04-01,200,200,1.0
63,2015-05-01,225,225,1.0
63,2015-06-01,249,249,1.0
63,2015-07-01,200,200,1.0
63,2015-08-01,208,208,1.0
63,2015-09-01,169,169,1.0
63,2015-10-01,218,218,1.0
63,2015-11-01,190,190,1.0
63,2015-12-01,197,197,1.0
63,2016-01-01,220,220,1.0
63,2016-02-01,155,155,1.0
63,2016-03-01,193,193,1.0
63,2016-04-01,178,178,1.0
63,2016-05-01,206,206,1.0
63,2016-06-01,223,223,1.0
63,2016-07-01,199,199,1.0
63,2016-08-01,237,237,1.0
63,2016-09-01,213,213,1.0
63,2016-10-01,188,188,1.0
63,2016-11-01,205,205,1.0
63,2016-12-01,159,159,1.0
63,2017-01-01,213,213,1.0
63,2017-02-01,191,191,1.0
63,2017-03-01,180,180,1.0
63,2017-04-01,201,201,1.0
63,2017-05-01,234,234,1.0
63,2017-06-01,181,181,1.0
63,2017-07-01,199,199,1.0
63,2017-08-01,204,204,1.0
63,2017-09-01,177,177,1.0
63,2017-10-01,181,181,1.0
63,2017-11-01,173,173,1.0
63,2017-12-01,181,181,1.0
63,2018-01-01,170,170,1.0
63,2018-02-01,155,155,1.0
63,2018-03-01,176,176,1.0
63,2018-04-01,162,162,1.0
63,2018-05-01,220,220,1.0
63,2018-06-01,199,199,1.0
63,2018-07-01,201,201,1.0
63,2018-08-01,162,162,1.0
63,2018-09-01,148,148,1.0
63,2018-10-01,167,167,1.0
63,2018-11-01,134,134,1.0
63,2018-12-01,190,190,1.0
63,2019-01-01,160,160,1.0
63,2019-02-01,165,165,1.0
63,2019-03-01,188,188,1.0
63,2019-04-01,165,165,1.0
63,2019-05-01,177,177,1.0
63,2019-06-01,178,178,1.0
63,2019-07-01,203,203,1.0
63,2019-08-01,196,196,1.0
63,2019-09-01,191,191,1.0
63,2019-10-01,198,198,1.0
63,2019-11-01,176,176,1.0
63,2019-12-01,170,170,1.0
63,2020-01-01,161,161,1.0
63,2020-02-01,167,167,1.0
63,2020-03-01,149,149,1.0
63,2020-04-01,111,111,1.0
63,2020-05-01,114,114,1.0
63,2020-06-01,158,158,1.0
63,2020-07-01,166,166,1.0
63,2020-08-01,156,156,1.0
63,2020-09-01,158,158,1.0
63,2020-10-01,115,115,1.0
63,2020-11-01,130,130,1.0
63,2020-12-01,142,142,1.0
63,2021-01-01,135,135,1.0
63,2021-02-01,103,103,1.0
63,2021-03-01,129,129,1.0
63,2021-04-01,129,129,1.0
63,2021-05-01,161,161,1.0
63,2021-06-01,152,152,1.0
63,2021-07-01,157,157,1.0
63,2021-08-01,152,152,1.0
63,2021-09-01,146,146,1.0
63,2021-10-01,160,160,1.0
63,2021-11-01,133,133,1.0
63,2021-12-01,148,148,1.0
63,2022-01-01,141,141,1.0
63,2022-02-01,138,138,1.0
63,2022-03-01,130,130,1.0
63,2022-04-01,163,163,1.0
63,2022-05-01,164,164,1.0
63,2022-06-01,171,171,1.0
63,2022-07-01,180,180,1.0
63,2022-08-01,184,184,1.0
63,2022-09-01,157,157,1.0
63,2022-10-01,194,194,1.0
63,2022-11-01,180,180,1.0
63,2022-12-01,166,166,1.0
63,2023-01-01,165,165,1.0
63,2023-02-01,173,173,1.0
63,2023-03-01,150,150,1.0
63,2023-04-01,175,175,1.0
63,2023-05-01,180,180,1.0
63,2023-06-01,201,201,1.0
63,2023-07-01,204,204,1.0
63,2023-08-01,229,229,1.0
63,2023-09-01,211,211,1.0
63,2023-10-01,236,236,1.0
63,2023-11-01,216,216,1.0
63,2023-12-01,238,238,1.0
63,2024-01-01,220,220,1.0
63,2024-02-01,204,204,1.0
63,2024-03-01,217,217,1.0
63,2024-04-01,164,164,1.0
63,2024-05-01,232,232,1.0
63,2024-06-01,210,210,1.0
63,2024-07-01,228,228,1.0
63,2024-08-01,201,201,1.0
63,2024-09-01,241,241,1.0
63,2024-10-01,195,195,1.0
63,2024-11-01,214,214,1.0
63,2024-12-01,180,180,1.0
63,2025-01-01,176,176,1.0
63,2025-02-01,163,163,1.0
63,2025-03-01,194,194,1.0
63,2025-04-01,179,179,1.0
63,2025-05-01,174,174,1.0
63,2025-06-01,178,178,1.0
63,2025-07-01,225,225,1.0
63,2025-08-01,208,208,1.0
63,2025-09-01,175,175,1.0
63,2025-10-01,199,199,1.0
63,2025-11-01,175,175,1.0
63,2025-12-01,159,159,1.0
64,2015-01-01,82,82,1.0
64,2015-02-01,52,52,1.0
64,2015-03-01,71,71,1.0
64,2015-04-01,70,70,1.0
64,2015-05-01,80,80,1.0
64,2015-06-01,83,83,1.0
64,2015-07-01,94,94,1.0
64,2015-08-01,73,73,1.0
64,2015-09-01,96,96,1.0
64,2015-10-01,64,64,1.0
64,2015-11-01,96,96,1.0
64,2015-12-01,82,82,1.0
64,2016-01-01,56,56,1.0
64,2016-02-01,63,63,1.0
64,2016-03-01,79,79,1.0
64,2016-04-01,62,62,1.0
64,2016-05-01,97,97,1.0
64,2016-06-01,100,100,1.0
64,2016-07-01,107,107,1.0
64,2016-08-01,90,90,1.0
64,2016-09-01,96,96,1.0
64,2016-10-01,79,79,1.0
64,2016-11-01,66,66,1.0
64,2016-12-01,78,78,1.0
64,2017-01-01,72,72,1.0
64,2017-02-01,62,62,1.0
64,2017-03-01,65,65,1.0
64,2017-04-01,81,81,1.0
64,2017-05-01,73,73,1.0
64,2017-06-01,80,80,1.0
64,2017-07-01,79,79,1.0
64,2017-08-01,77,77,1.0
64,2017-09-01,84,84,1.0
64,2017-10-01,98,98,1.0
64,2017-11-01,69,69,1.0
64,2017-12-01,64,64,1.0
64,2018-01-01,95,95,1.0
64,2018-02-01,67,67,1.0
64,2018-03-01,81,81,1.0
64,2018-04-01,62,62,1.0
64,2018-05-01,70,70,1.0
64,2018-06-01,90,90,1.0
64,2018-07-01,109,109,1.0
64,2018-08-01,97,97,1.0
64,2018-09-01,66,66,1.0
64,2018-10-01,89,89,1.0
64,2018-11-01,72,72,1.0
64,2018-12-01,77,77,1.0
64,2019-01-01,87,87,1.0
64,2019-02-01,62,62,1.0
64,2019-03-01,78,78,1.0
64,2019-04-01,104,104,1.0
64,2019-05-01,75,75,1.0
64,2019-06-01,59,59,1.0
64,2019-07-01,72,72,1.0
64,2019-08-01,78,78,1.0
64,2019-09-01,78,78,1.0
64,2019-10-01,79,79,1.0
64,2019-11-01,88,88,1.0
64,2019-12-01,81,81,1.0
64,2020-01-01,56,56,1.0
64,2020-02-01,66,66,1.0
64,2020-03-01,73,73,1.0
64,2020-04-01,75,75,1.0
64,2020-05-01,78,78,1.0
64,2020-06-01,67,67,1.0
64,2020-07-01,81,81,1.0
64,2020-08-01,74,74,1.0
64,2020-09-01,69,69,1.0
64,2020-10-01,69,69,1.0
64,2020-11-01,65,65,1.0
64,2020-12-01,89,89,1.0
64,2021-01-01,78,78,1.0
64,2021-02-01,71,71,1.0
64,2021-03-01,72,72,1.0
64,2021-04-01,62,62,1.0
64,2021-05-01,62,62,1.0
64,2021-06-01,64,64,1.0
64,2021-07-01,84,84,1.0
64,2021-08-01,97,97,1.0
64,2021-09-01,104,104,1.0
64,2021-10-01,85,85,1.0
64,2021-11-01,76,76,1.0
64,2021-12-01,83,83,1.0
64,2022-01-01,49,49,1.0
64,2022-02-01,55,55,1.0
64,2022-03-01,75,75,1.0
64,2022-04-01,80,80,1.0
64,2022-05-01,81,81,1.0
64,2022-06-01,73,73,1.0
64,2022-07-01,79,79,1.0
64,2022-08-01,113,113,1.0
64,2022-09-01,101,101,1.0
64,2022-10-01,104,104,1.0
64,2022-11-01,106,106,1.0
64,2022-12-01,92,92,1.0
64,2023-01-01,98,98,1.0
64,2023-02-01,95,95,1.0
64,2023-03-01,88,88,1.0
64,2023-04-01,130,130,1.0
64,2023-05-01,108,108,1.0
64,2023-06-01,103,103,1.0
64,2023-07-01,108,108,1.0
64,2023-08-01,118,118,1.0
64,2023-09-01,110,110,1.0
64,2023-10-01,116,116,1.0
64,2023-11-01,92,92,1.0
64,2023-12-01,82,82,1.0
64,2024-01-01,72,72,1.0
64,2024-02-01,86,86,1.0
64,2024-03-01,103,103,1.0
64,2024-04-01,87,87,1.0
64,2024-05-01,102,102,1.0
64,2024-06-01,114,114,1.0
64,2024-07-01,94,94,1.0
64,2024-08-01,83,83,1.0
64,2024-09-01,100,100,1.0
64,2024-10-01,89,89,1.0
64,2024-11-01,89,89,1.0
64,2024-12-01,79,79,1.0
64,2025-01-01,106,106,1.0
64,2025-02-01,68,68,1.0
64,2025-03-01,89,89,1.0
64,2025-04-01,91,91,1.0
64,2025-05-01,80,80,1.0
64,2025-06-01,95,95,1.0
64,2025-07-01,96,96,1.0
64,2025-08-01,95,95,1.0
64,2025-09-01,96,96,1.0
64,2025-10-01,80,80,1.0
64,2025-11-01,72,72,1.0
64,2025-12-01,76,76,1.0
65,2015-01-01,152,152,1.0
65,2015-02-01,141,141,1.0
65,2015-03-01,186,186,1.0
65,2015-04-01,155,155,1.0
65,2015-05-01,204,204,1.0
65,2015-06-01,192,192,1.0
65,2015-07-01,202,202,1.0
65,2015-08-01,171,171,1.0
65,2015-09-01,154,154,1.0
65,2015-10-01,167,167,1.0
65,2015-11-01,156,156,1.0
65,2015-12-01,184,184,1.0
65,2016-01-01,188,188,1.0
65,2016-02-01,164,164,1.0
65,2016-03-01,188,188,1.0
65,2016-04-01,155,155,1.0
65,2016-05-01,182,182,1.0
65,2016-06-01,200,200,1.0
65,2016-07-01,183,183,1.0
65,2016-08-01,200,200,1.0
65,2016-09-01,187,187,1.0
65,2016-10-01,172,172,1.0
65,2016-11-01,153,153,1.0
65,2016-12-01,177,177,1.0
65,2017-01-01,209,209,1.0
65,2017-02-01,131,131,1.0
65,2017-03-01,156,156,1.0
65,2017-04-01,135,135,1.0
65,2017-05-01,141,141,1.0
65,2017-06-01,170,170,1.0
65,2017-07-01,176,176,1.0
65,2017-08-01,172,172,1.0
65,2017-09-01,138,138,1.0
65,2017-10-01,145,145,1.0
65,2017-11-01,159,159,1.0
65,2017-12-01,149,149,1.0
65,2018-01-01,148,148,1.0
65,2018-02-01,128,128,1.0
65,2018-03-01,166,166,1.0
65,2018-04-01,163,163,1.0
65,2018-05-01,158,158,1.0
65,2018-06-01,142,142,1.0
65,2018-07-01,154,154,1.0
65,2018-08-01,168,168,1.0
65,2018-09-01,149,149,1.0
65,2018-10-01,147,147,1.0
65,2018-11-01,130,130,1.0
65,2018-12-01,140,140,1.0
65,2019-01-01,118,118,1.0
65,2019-02-01,128,128,1.0
65,2019-03-01,154,154,1.0
65,2019-04-01,123,123,1.0
65,2019-05-01,144,144,1.0
65,2019-06-01,140,140,1.0
65,2019-07-01,146,146,1.0
65,2019-08-01,162,162,1.0
65,2019-09-01,144,144,1.0
65,2019-10-01,151,151,1.0
65,2019-11-01,140,140,1.0
65,2019-12-01,147,147,1.0
65,2020-01-01,152,152,1.0
65,2020-02-01,130,130,1.0
65,2020-03-01,105,105,1.0
65,2020-04-01,61,61,1.0
65,2020-05-01,89,89,1.0
65,2020-06-01,100,100,1.0
65,2020-07-01,108,108,1.0
65,2020-08-01,100,100,1.0
65,2020-09-01,103,103,1.0
65,2020-10-01,104,104,1.0
65,2020-11-01,79,79,1.0
65,2020-12-01,131,131,1.0
65,2021-01-01,112,112,1.0
65,2021-02-01,88,88,1.0
65,2021-03-01,110,110,1.0
65,2021-04-01,91,91,1.0
65,2021-05-01,96,96,1.0
65,2021-06-01,99,99,1.0
65,2021-07-01,119,119,1.0
65,2021-08-01,96,96,1.0
65,2021-09-01,109,109,1.0
65,2021-10-01,113,113,1.0
65,2021-11-01,123,123,1.0
65,2021-12-01,116,116,1.0
65,2022-01-01,97,97,1.0
65,2022-02-01,96,96,1.0
65,2022-03-01,122,122,1.0
65,2022-04-01,112,112,1.0
65,2022-05-01,138,138,1.0
65,2022-06-01,122,122,1.0
65,2022-07-01,172,172,1.0
65,2022-08-01,130,130,1.0
65,2022-09-01,137,137,1.0
65,2022-10-01,160,160,1.0
65,2022-11-01,172,172,1.0
65,2022-12-01,157,157,1.0
65,2023-01-01,164,164,1.0
65,2023-02-01,138,138,1.0
65,2023-03-01,154,154,1.0
65,2023-04-01,132,132,1.0
65,2023-05-01,176,176,1.0
65,2023-06-01,158,158,1.0
65,2023-07-01,166,166,1.0
65,2023-08-01,162,162,1.0
65,2023-09-01,159,159,1.0
65,2023-10-01,169,169,1.0
65,2023-11-01,145,145,1.0
65,2023-12-01,137,137,1.0
65,2024-01-01,142,142,1.0
65,2024-02-01,159,159,1.0
65,2024-03-01,168,168,1.0
65,2024-04-01,133,133,1.0
65,2024-05-01,188,188,1.0
65,2024-06-01,162,162,1.0
65,2024-07-01,179,179,1.0
65,2024-08-01,193,193,1.0
65,2024-09-01,191,191,1.0
65,2024-10-01,167,167,1.0
65,2024-11-01,150,150,1.0
65,2024-12-01,163,163,1.0
65,2025-01-01,143,143,1.0
65,2025-02-01,142,142,1.0
65,2025-03-01,151,151,1.0
65,2025-04-01,154,154,1.0
65,2025-05-01,150,150,1.0
65,2025-06-01,125,125,1.0
65,2025-07-01,158,158,1.0
65,2025-08-01,161,161,1.0
65,2025-09-01,156,156,1.0
65,2025-10-01,133,133,1.0
65,2025-11-01,108,108,1.0
65,2025-12-01,147,147,1.0
66,2015-01-01,503,503,1.0
66,2015-02-01,396,396,1.0
66,2015-03-01,497,497,1.0
66,2015-04-01,544,544,1.0
66,2015-05-01,623,623,1.0
66,2015-06-01,605,605,1.0
66,2015-07-01,528,528,1.0
66,2015-08-01,518,518,1.0
66,2015-09-01,524,524,1.0
66,2015-10-01,548,548,1.0
66,2015-11-01,503,503,1.0
66,2015-12-01,454,454,1.0
66,2016-01-01,450,450,1.0
66,2016-02-01,387,387,1.0
66,2016-03-01,465,465,1.0
66,2016-04-01,456,456,1.0
66,2016-05-01,549,549,1.0
66,2016-06-01,558,558,1.0
66,2016-07-01,556,556,1.0
66,2016-08-01,567,567,1.0
66,2016-09-01,475,475,1.0
66,2016-10-01,552,552,1.0
66,2016-11-01,425,425,1.0
66,2016-12-01,424,424,1.0
66,2017-01-01,480,480,1.0
66,2017-02-01,431,431,1.0
66,2017-03-01,444,444,1.0
66,2017-04-01,475,475,1.0
66,2017-05-01,509,509,1.0
66,2017-06-01,518,518,1.0
66,2017-07-01,513,513,1.0
66,2017-08-01,564,564,1.0
66,2017-09-01,492,492,1.0
66,2017-10-01,510,510,1.0
66,2017-11-01,424,424,1.0
66,2017-12-01,411,411,1.0
66,2018-01-01,433,433,1.0
66,2018-02-01,412,412,1.0
66,2018-03-01,464,464,1.0
66,2018-04-01,445,445,1.0
66,2018-05-01,542,542,1.0
66,2018-06-01,503,503,1.0
66,2018-07-01,547,547,1.0
66,2018-08-01,529,529,1.0
66,2018-09-01,461,461,1.0
66,2018-10-01,480,480,1.0
66,2018-11-01,484,484,1.0
66,2018-12-01,432,432,1.0
66,2019-01-01,420,420,1.0
66,2019-02-01,419,419,1.0
66,2019-03-01,398,398,1.0
66,2019-04-01,417,417,1.0
66,2019-05-01,479,479,1.0
66,2019-06-01,499,499,1.0
66,2019-07-01,525,525,1.0
66,2019-08-01,569,569,1.0
66,2019-09-01,479,479,1.0
66,2019-10-01,465,465,1.0
66,2019-11-01,430,430,1.0
66,2019-12-01,433,433,1.0
66,2020-01-01,480,480,1.0
66,2020-02-01,373,373,1.0
66,2020-03-01,420,420,1.0
66,2020-04-01,335,335,1.0
66,2020-05-01,431,431,1.0
66,2020-06-01,444,444,1.0
66,2020-07-01,488,488,1.0
66,2020-08-01,428,428,1.0
66,2020-09-01,374,374,1.0
66,2020-10-01,411,411,1.0
66,2020-11-01,366,366,1.0
66,2020-12-01,365,365,1.0
66,2021-01-01,401,401,1.0
66,2021-02-01,335,335,1.0
66,2021-03-01,378,378,1.0
66,2021-04-01,363,363,1.0
66,2021-05-01,387,387,1.0
66,2021-06-01,380,380,1.0
66,2021-07-01,398,398,1.0
66,2021-08-01,413,413,1.0
66,2021-09-01,426,426,1.0
66,2021-10-01,403,403,1.0
66,2021-11-01,389,389,1.0
66,2021-12-01,373,373,1.0
66,2022-01-01,318,318,1.0
66,2022-02-01,316,316,1.0
66,2022-03-01,393,393,1.0
66,2022-04-01,409,409,1.0
66,2022-05-01,448,448,1.0
66,2022-06-01,444,444,1.0
66,2022-07-01,429,429,1.0
66,2022-08-01,463,463,1.0
66,2022-09-01,429,429,1.0
66,2022-10-01,428,428,1.0
66,2022-11-01,387,387,1.0
66,2022-12-01,379,379,1.0
66,2023-01-01,404,404,1.0
66,2023-02-01,389,389,1.0
66,2023-03-01,417,417,1.0
66,2023-04-01,391,391,1.0
66,2023-05-01,446,446,1.0
66,2023-06-01,415,415,1.0
66,2023-07-01,476,476,1.0
66,2023-08-01,463,463,1.0
66,2023-09-01,468,468,1.0
66,2023-10-01,465,465,1.0
66,2023-11-01,469,469,1.0
66,2023-12-01,477,477,1.0
66,2024-01-01,372,372,1.0
66,2024-02-01,437,437,1.0
66,2024-03-01,442,442,1.0
66,2024-04-01,439,439,1.0
66,2024-05-01,461,461,1.0
66,2024-06-01,452,452,1.0
66,2024-07-01,487,487,1.0
66,2024-08-01,490,490,1.0
66,2024-09-01,490,490,1.0
66,2024-10-01,475,475,1.0
66,2024-11-01,381,381,1.0
66,2024-12-01,386,386,1.0
66,2025-01-01,407,407,1.0
66,2025-02-01,333,333,1.0
66,2025-03-01,427,427,1.0
66,2025-04-01,401,401,1.0
66,2025-05-01,408,408,1.0
66,2025-06-01,406,406,1.0
66,2025-07-01,427,427,1.0
66,2025-08-01,440,440,1.0
66,2025-09-01,379,379,1.0
66,2025-10-01,370,370,1.0
66,2025-11-01,363,363,1.0
66,2025-12-01,358,358,1.0
67,2015-01-01,530,530,1.0
67,2015-02-01,417,417,1.0
67,2015-03-01,624,624,1.0
67,2015-04-01,689,689,1.0
67,2015-05-01,800,800,1.0
67,2015-06-01,668,668,1.0
67,2015-07-01,720,720,1.0
67,2015-08-01,753,753,1.0
67,2015-09-01,625,625,1.0
67,2015-10-01,667,667,1.0
67,2015-11-01,530,530,1.0
67,2015-12-01,530,530,1.0
67,2016-01-01,528,528,1.0
67,2016-02-01,457,457,1.0
67,2016-03-01,631,631,1.0
67,2016-04-01,609,609,1.0
67,2016-05-01,641,641,1.0
67,2016-06-01,658,658,1.0
67,2016-07-01,634,634,1.0
67,2016-08-01,669,669,1.0
67,2016-09-01,623,623,1.0
67,2016-10-01,554,554,1.0
67,2016-11-01,543,543,1.0
67,2016-12-01,471,471,1.0
67,2017-01-01,534,534,1.0
67,2017-02-01,444,444,1.0
67,2017-03-01,543,543,1.0
67,2017-04-01,601,601,1.0
67,2017-05-01,605,605,1.0
67,2017-06-01,648,648,1.0
67,2017-07-01,712,712,1.0
67,2017-08-01,725,725,1.0
67,2017-09-01,578,578,1.0
67,2017-10-01,601,601,1.0
67,2017-11-01,482,482,1.0
67,2017-12-01,507,507,1.0
67,2018-01-01,527,527,1.0
67,2018-02-01,435,435,1.0
67,2018-03-01,558,558,1.0
67,2018-04-01,557,557,1.0
67,2018-05-01,655,655,1.0
67,2018-06-01,624,624,1.0
67,2018-07-01,736,736,1.0
67,2018-08-01,729,729,1.0
67,2018-09-01,626,626,1.0
67,2018-10-01,586,586,1.0
67,2018-11-01,578,578,1.0
67,2018-12-01,537,537,1.0
67,2019-01-01,468,468,1.0
67,2019-02-01,441,441,1.0
67,2019-03-01,476,476,1.0
67,2019-04-01,575,575,1.0
67,2019-05-01,639,639,1.0
67,2019-06-01,602,602,1.0
67,2019-07-01,677,677,1.0
67,2019-08-01,610,610,1.0
67,2019-09-01,631,631,1.0
67,2019-10-01,525,525,1.0
67,2019-11-01,488,488,1.0
67,2019-12-01,510,510,1.0
67,2020-01-01,485,485,1.0
67,2020-02-01,393,393,1.0
67,2020-03-01,442,442,1.0
67,2020-04-01,371,371,1.0
67,2020-05-01,590,590,1.0
67,2020-06-01,487,487,1.0
67,2020-07-01,588,588,1.0
67,2020-08-01,535,535,1.0
67,2020-09-01,466,466,1.0
67,2020-10-01,491,491,1.0
67,2020-11-01,441,441,1.0
67,2020-12-01,405,405,1.0
67,2021-01-01,381,381,1.0
67,2021-02-01,318,318,1.0
67,2021-03-01,405,405,1.0
67,2021-04-01,440,440,1.0
67,2021-05-01,501,501,1.0
67,2021-06-01,529,529,1.0
67,2021-07-01,489,489,1.0
67,2021-08-01,436,436,1.0
67,2021-09-01,400,400,1.0
67,2021-10-01,430,430,1.0
67,2021-11-01,326,326,1.0
67,2021-12-01,336,336,1.0
67,2022-01-01,369,369,1.0
67,2022-02-01,320,320,1.0
67,2022-03-01,393,393,1.0
67,2022-04-01,365,365,1.0
67,2022-05-01,433,433,1.0
67,2022-06-01,384,384,1.0
67,2022-07-01,438,438,1.0
67,2022-08-01,452,452,1.0
67,2022-09-01,444,444,1.0
67,2022-10-01,461,461,1.0
67,2022-11-01,366,366,1.0
67,2022-12-01,348,348,1.0
67,2023-01-01,394,394,1.0
67,2023-02-01,324,324,1.0
67,2023-03-01,417,417,1.0
67,2023-04-01,389,389,1.0
67,2023-05-01,377,377,1.0
67,2023-06-01,437,437,1.0
67,2023-07-01,469,469,1.0
67,2023-08-01,457,457,1.0
67,2023-09-01,416,416,1.0
67,2023-10-01,436,436,1.0
67,2023-11-01,374,374,1.0
67,2023-12-01,317,317,1.0
67,2024-01-01,332,332,1.0
67,2024-02-01,342,342,1.0
67,2024-03-01,379,379,1.0
67,2024-04-01,347,347,1.0
67,2024-05-01,419,419,1.0
67,2024-06-01,421,421,1.0
67,2024-07-01,421,421,1.0
67,2024-08-01,429,429,1.0
67,2024-09-01,399,399,1.0
67,2024-10-01,444,444,1.0
67,2024-11-01,370,370,1.0
67,2024-12-01,341,341,1.0
67,2025-01-01,332,332,1.0
67,2025-02-01,301,301,1.0
67,2025-03-01,378,378,1.0
67,2025-04-01,333,333,1.0
67,2025-05-01,355,355,1.0
67,2025-06-01,402,402,1.0
67,2025-07-01,407,407,1.0
67,2025-08-01,353,353,1.0
67,2025-09-01,356,356,1.0
67,2025-10-01,372,372,1.0
67,2025-11-01,352,352,1.0
67,2025-12-01,316,316,1.0
68,2015-01-01,549,549,1.0
68,2015-02-01,400,400,1.0
68,2015-03-01,566,566,1.0
68,2015-04-01,706,706,1.0
68,2015-05-01,790,790,1.0
68,2015-06-01,649,649,1.0
68,2015-07-01,633,633,1.0
68,2015-08-01,725,725,1.0
68,2015-09-01,589,589,1.0
68,2015-10-01,594,594,1.0
68,2015-11-01,539,539,1.0
68,2015-12-01,523,523,1.0
68,2016-01-01,527,527,1.0
68,2016-02-01,471,471,1.0
68,2016-03-01,575,575,1.0
68,2016-04-01,555,555,1.0
68,2016-05-01,622,622,1.0
68,2016-06-01,571,571,1.0
68,2016-07-01,571,571,1.0
68,2016-08-01,542,542,1.0
68,2016-09-01,527,527,1.0
68,2016-10-01,506,506,1.0
68,2016-11-01,419,419,1.0
68,2016-12-01,433,433,1.0
68,2017-01-01,494,494,1.0
68,2017-02-01,396,396,1.0
68,2017-03-01,446,446,1.0
68,2017-04-01,488,488,1.0
68,2017-05-01,608,608,1.0
68,2017-06-01,562,562,1.0
68,2017-07-01,557,557,1.0
68,2017-08-01,520,520,1.0
68,2017-09-01,516,516,1.0
68,2017-10-01,480,480,1.0
68,2017-11-01,462,462,1.0
68,2017-12-01,424,424,1.0
68,2018-01-01,461,461,1.0
68,2018-02-01,361,361,1.0
68,2018-03-01,481,481,1.0
68,2018-04-01,494,494,1.0
68,2018-05-01,665,665,1.0
68,2018-06-01,564,564,1.0
68,2018-07-01,634,634,1.0
68,2018-08-01,623,623,1.0
68,2018-09-01,537,537,1.0
68,2018-10-01,484,484,1.0
68,2018-11-01,479,479,1.0
68,2018-12-01,483,483,1.0
68,2019-01-01,428,428,1.0
68,2019-02-01,478,478,1.0
68,2019-03-01,478,478,1.0
68,2019-04-01,473,473,1.0
68,2019-05-01,557,557,1.0
68,2019-06-01,566,566,1.0
68,2019-07-01,586,586,1.0
68,2019-08-01,549,549,1.0
68,2019-09-01,485,485,1.0
68,2019-10-01,515,515,1.0
68,2019-11-01,452,452,1.0
68,2019-12-01,480,480,1.0
68,2020-01-01,496,496,1.0
68,2020-02-01,426,426,1.0
68,2020-03-01,383,383,1.0
68,2020-04-01,331,331,1.0
68,2020-05-01,463,463,1.0
68,2020-06-01,505,505,1.0
68,2020-07-01,526,526,1.0
68,2020-08-01,513,513,1.0
68,2020-09-01,416,416,1.0
68,2020-10-01,403,403,1.0
68,2020-11-01,352,352,1.0
68,2020-12-01,375,375,1.0
68,2021-01-01,386,386,1.0
68,2021-02-01,256,256,1.0
68,2021-03-01,370,370,1.0
68,2021-04-01,421,421,1.0
68,2021-05-01,454,454,1.0
68,2021-06-01,502,502,1.0
68,2021-07-01,448,448,1.0
68,2021-08-01,416,416,1.0
68,2021-09-01,406,406,1.0
68,2021-10-01,422,422,1.0
68,2021-11-01,361,361,1.0
68,2021-12-01,326,326,1.0
68,2022-01-01,305,305,1.0
68,2022-02-01,323,323,1.0
68,2022-03-01,366,366,1.0
68,2022-04-01,382,382,1.0
68,2022-05-01,457,457,1.0
68,2022-06-01,436,436,1.0
68,2022-07-01,373,373,1.0
68,2022-08-01,426,426,1.0
68,2022-09-01,446,446,1.0
68,2022-10-01,427,427,1.0
68,2022-11-01,402,402,1.0
68,2022-12-01,401,401,1.0
68,2023-01-01,416,416,1.0
68,2023-02-01,370,370,1.0
68,2023-03-01,443,443,1.0
68,2023-04-01,429,429,1.0
68,2023-05-01,493,493,1.0
68,2023-06-01,460,460,1.0
68,2023-07-01,457,457,1.0
68,2023-08-01,419,419,1.0
68,2023-09-01,438,438,1.0
68,2023-10-01,407,407,1.0
68,2023-11-01,385,385,1.0
68,2023-12-01,391,391,1.0
68,2024-01-01,415,415,1.0
68,2024-02-01,373,373,1.0
68,2024-03-01,405,405,1.0
68,2024-04-01,408,408,1.0
68,2024-05-01,450,450,1.0
68,2024-06-01,493,493,1.0
68,2024-07-01,489,489,1.0
68,2024-08-01,465,465,1.0
68,2024-09-01,499,499,1.0
68,2024-10-01,437,437,1.0
68,2024-11-01,382,382,1.0
68,2024-12-01,409,409,1.0
68,2025-01-01,395,395,1.0
68,2025-02-01,310,310,1.0
68,2025-03-01,463,463,1.0
68,2025-04-01,416,416,1.0
68,2025-05-01,430,430,1.0
68,2025-06-01,451,451,1.0
68,2025-07-01,488,488,1.0
68,2025-08-01,460,460,1.0
68,2025-09-01,361,361,1.0
68,2025-10-01,457,457,1.0
68,2025-11-01,357,357,1.0
68,2025-12-01,362,362,1.0
69,2015-01-01,484,484,1.0
69,2015-02-01,361,361,1.0
69,2015-03-01,594,594,1.0
69,2015-04-01,584,584,1.0
69,2015-05-01,618,618,1.0
69,2015-06-01,619,619,1.0
69,2015-07-01,590,590,1.0
69,2015-08-01,621,621,1.0
69,2015-09-01,629,629,1.0
69,2015-10-01,594,594,1.0
69,2015-11-01,513,513,1.0
69,2015-12-01,588,588,1.0
69,2016-01-01,515,515,1.0
69,2016-02-01,466,466,1.0
69,2016-03-01,568,568,1.0
69,2016-04-01,551,551,1.0
69,2016-05-01,583,583,1.0
69,2016-06-01,612,612,1.0
69,2016-07-01,586,586,1.0
69,2016-08-01,587,587,1.0
69,2016-09-01,581,581,1.0
69,2016-10-01,557,557,1.0
69,2016-11-01,533,533,1.0
69,2016-12-01,491,491,1.0
69,2017-01-01,563,563,1.0
69,2017-02-01,458,458,1.0
69,2017-03-01,488,488,1.0
69,2017-04-01,506,506,1.0
69,2017-05-01,572,572,1.0
69,2017-06-01,556,556,1.0
69,2017-07-01,607,607,1.0
69,2017-08-01,608,608,1.0
69,2017-09-01,556,556,1.0
69,2017-10-01,516,516,1.0
69,2017-11-01,557,557,1.0
69,2017-12-01,522,522,1.0
69,2018-01-01,508,508,1.0
69,2018-02-01,397,397,1.0
69,2018-03-01,497,497,1.0
69,2018-04-01,512,512,1.0
69,2018-05-01,606,606,1.0
69,2018-06-01,558,558,1.0
69,2018-07-01,602,602,1.0
69,2018-08-01,607,607,1.0
69,2018-09-01,583,583,1.0
69,2018-10-01,487,487,1.0
69,2018-11-01,506,506,1.0
69,2018-12-01,535,535,1.0
69,2019-01-01,505,505,1.0
69,2019-02-01,467,467,1.0
69,2019-03-01,532,532,1.0
69,2019-04-01,524,524,1.0
69,2019-05-01,651,651,1.0
69,2019-06-01,596,596,1.0
69,2019-07-01,691,691,1.0
69,2019-08-01,634,634,1.0
69,2019-09-01,560,560,1.0
69,2019-10-01,568,568,1.0
69,2019-11-01,511,511,1.0
69,2019-12-01,533,533,1.0
69,2020-01-01,520,520,1.0
69,2020-02-01,523,523,1.0
69,2020-03-01,465,465,1.0
69,2020-04-01,379,379,1.0
69,2020-05-01,541,541,1.0
69,2020-06-01,467,467,1.0
69,2020-07-01,595,595,1.0
69,2020-08-01,524,524,1.0
69,2020-09-01,503,503,1.0
69,2020-10-01,508,508,1.0
69,2020-11-01,479,479,1.0
69,2020-12-01,466,466,1.0
69,2021-01-01,445,445,1.0
69,2021-02-01,394,394,1.0
69,2021-03-01,489,489,1.0
69,2021-04-01,440,440,1.0
69,2021-05-01,551,551,1.0
69,2021-06-01,496,496,1.0
69,2021-07-01,512,512,1.0
69,2021-08-01,461,461,1.0
69,2021-09-01,487,487,1.0
69,2021-10-01,471,471,1.0
69,2021-11-01,486,486,1.0
69,2021-12-01,431,431,1.0
69,2022-01-01,424,424,1.0
69,2022-02-01,353,353,1.0
69,2022-03-01,458,458,1.0
69,2022-04-01,478,478,1.0
69,2022-05-01,504,504,1.0
69,2022-06-01,523,523,1.0
69,2022-07-01,561,561,1.0
69,2022-08-01,580,580,1.0
69,2022-09-01,557,557,1.0
69,2022-10-01,547,547,1.0
69,2022-11-01,491,491,1.0
69,2022-12-01,494,494,1.0
69,2023-01-01,510,510,1.0
69,2023-02-01,502,502,1.0
69,2023-03-01,567,567,1.0
69,2023-04-01,542,542,1.0
69,2023-05-01,572,572,1.0
69,2023-06-01,560,560,1.0
69,2023-07-01,595,595,1.0
69,2023-08-01,603,603,1.0
69,2023-09-01,570,570,1.0
69,2023-10-01,644,644,1.0
69,2023-11-01,548,548,1.0
69,2023-12-01,544,544,1.0
69,2024-01-01,483,483,1.0
69,2024-02-01,489,489,1.0
69,2024-03-01,543,543,1.0
69,2024-04-01,510,510,1.0
69,2024-05-01,626,626,1.0
69,2024-06-01,617,617,1.0
69,2024-07-01,585,585,1.0
69,2024-08-01,580,580,1.0
69,2024-09-01,588,588,1.0
69,2024-10-01,585,585,1.0
69,2024-11-01,433,433,1.0
69,2024-12-01,472,472,1.0
69,2025-01-01,403,403,1.0
69,2025-02-01,410,410,1.0
69,2025-03-01,473,473,1.0
69,2025-04-01,504,504,1.0
69,2025-05-01,541,541,1.0
69,2025-06-01,581,581,1.0
69,2025-07-01,640,640,1.0
69,2025-08-01,552,552,1.0
69,2025-09-01,513,513,1.0
69,2025-10-01,518,518,1.0
69,2025-11-01,502,502,1.0
69,2025-12-01,446,446,1.0
70,2015-01-01,210,210,1.0
70,2015-02-01,144,144,1.0
70,2015-03-01,172,172,1.0
70,2015-04-01,184,184,1.0
70,2015-05-01,184,184,1.0
70,2015-06-01,225,225,1.0
70,2015-07-01,183,183,1.0
70,2015-08-01,242,242,1.0
70,2015-09-01,199,199,1.0
70,2015-10-01,202,202,1.0
70,2015-11-01,188,188,1.0
70,2015-12-01,190,190,1.0
70,2016-01-01,194,194,1.0
70,2016-02-01,176,176,1.0
70,2016-03-01,176,176,1.0
70,2016-04-01,240,240,1.0
70,2016-05-01,231,231,1.0
70,2016-06-01,207,207,1.0
70,2016-07-01,239,239,1.0
70,2016-08-01,269,269,1.0
70,2016-09-01,233,233,1.0
70,2016-10-01,267,267,1.0
70,2016-11-01,253,253,1.0
70,2016-12-01,260,260,1.0
70,2017-01-01,271,271,1.0
70,2017-02-01,226,226,1.0
70,2017-03-01,242,242,1.0
70,2017-04-01,211,211,1.0
70,2017-05-01,185,185,1.0
70,2017-06-01,196,196,1.0
70,2017-07-01,189,189,1.0
70,2017-08-01,193,193,1.0
70,2017-09-01,200,200,1.0
70,2017-10-01,201,201,1.0
70,2017-11-01,217,217,1.0
70,2017-12-01,187,187,1.0
70,2018-01-01,186,186,1.0
70,2018-02-01,142,142,1.0
70,2018-03-01,179,179,1.0
70,2018-04-01,174,174,1.0
70,2018-05-01,220,220,1.0
70,2018-06-01,242,242,1.0
70,2018-07-01,223,223,1.0
70,2018-08-01,226,226,1.0
70,2018-09-01,202,202,1.0
70,2018-10-01,199,199,1.0
70,2018-11-01,225,225,1.0
70,2018-12-01,215,215,1.0
70,2019-01-01,192,192,1.0
70,2019-02-01,150,150,1.0
70,2019-03-01,182,182,1.0
70,2019-04-01,167,167,1.0
70,2019-05-01,212,212,1.0
70,2019-06-01,187,187,1.0
70,2019-07-01,211,211,1.0
70,2019-08-01,207,207,1.0
70,2019-09-01,204,204,1.0
70,2019-10-01,212,212,1.0
70,2019-11-01,200,200,1.0
70,2019-12-01,232,232,1.0
70,2020-01-01,188,188,1.0
70,2020-02-01,180,180,1.0
70,2020-03-01,138,138,1.0
70,2020-04-01,111,111,1.0
70,2020-05-01,155,155,1.0
70,2020-06-01,164,164,1.0
70,2020-07-01,164,164,1.0
70,2020-08-01,157,157,1.0
70,2020-09-01,151,151,1.0
70,2020-10-01,169,169,1.0
70,2020-11-01,171,171,1.0
70,2020-12-01,161,161,1.0
70,2021-01-01,150,150,1.0
70,2021-02-01,119,119,1.0
70,2021-03-01,113,113,1.0
70,2021-04-01,154,154,1.0
70,2021-05-01,154,154,1.0
70,2021-06-01,158,158,1.0
70,2021-07-01,167,167,1.0
70,2021-08-01,159,159,1.0
70,2021-09-01,175,175,1.0
70,2021-10-01,142,142,1.0
70,2021-11-01,172,172,1.0
70,2021-12-01,155,155,1.0
70,2022-01-01,136,136,1.0
70,2022-02-01,121,121,1.0
70,2022-03-01,148,148,1.0
70,2022-04-01,142,142,1.0
70,2022-05-01,183,183,1.0
70,2022-06-01,166,166,1.0
70,2022-07-01,167,167,1.0
70,2022-08-01,167,167,1.0
70,2022-09-01,211,211,1.0
70,2022-10-01,200,200,1.0
70,2022-11-01,195,195,1.0
70,2022-12-01,165,165,1.0
70,2023-01-01,186,186,1.0
70,2023-02-01,209,209,1.0
70,2023-03-01,220,220,1.0
70,2023-04-01,207,207,1.0
70,2023-05-01,197,197,1.0
70,2023-06-01,161,161,1.0
70,2023-07-01,213,213,1.0
70,2023-08-01,207,207,1.0
70,2023-09-01,203,203,1.0
70,2023-10-01,223,223,1.0
70,2023-11-01,213,213,1.0
70,2023-12-01,196,196,1.0
70,2024-01-01,183,183,1.0
70,2024-02-01,169,169,1.0
70,2024-03-01,215,215,1.0
70,2024-04-01,184,184,1.0
70,2024-05-01,243,243,1.0
70,2024-06-01,208,208,1.0
70,2024-07-01,228,228,1.0
70,2024-08-01,174,174,1.0
70,2024-09-01,214,214,1.0
70,2024-10-01,228,228,1.0
70,2024-11-01,190,190,1.0
70,2024-12-01,186,186,1.0
70,2025-01-01,152,152,1.0
70,2025-02-01,127,127,1.0
70,2025-03-01,167,167,1.0
70,2025-04-01,178,178,1.0
70,2025-05-01,159,159,1.0
70,2025-06-01,179,179,1.0
70,2025-07-01,186,186,1.0
70,2025-08-01,186,186,1.0
70,2025-09-01,156,156,1.0
70,2025-10-01,205,205,1.0
70,2025-11-01,143,143,1.0
70,2025-12-01,155,155,1.0
71,2015-01-01,632,632,1.0
71,2015-02-01,514,514,1.0
71,2015-03-01,634,634,1.0
71,2015-04-01,653,653,1.0
71,2015-05-01,679,679,1.0
71,2015-06-01,671,671,1.0
71,2015-07-01,664,664,1.0
71,2015-08-01,730,730,1.0
71,2015-09-01,737,737,1.0
71,2015-10-01,706,706,1.0
71,2015-11-01,650,650,1.0
71,2015-12-01,607,607,1.0
71,2016-01-01,583,583,1.0
71,2016-02-01,543,543,1.0
71,2016-03-01,660,660,1.0
71,2016-04-01,618,618,1.0
71,2016-05-01,649,649,1.0
71,2016-06-01,668,668,1.0
71,2016-07-01,733,733,1.0
71,2016-08-01,690,690,1.0
71,2016-09-01,634,634,1.0
71,2016-10-01,720,720,1.0
71,2016-11-01,624,624,1.0
71,2016-12-01,516,516,1.0
71,2017-01-01,627,627,1.0
71,2017-02-01,573,573,1.0
71,2017-03-01,563,563,1.0
71,2017-04-01,681,681,1.0
71,2017-05-01,702,702,1.0
71,2017-06-01,623,623,1.0
71,2017-07-01,729,729,1.0
71,2017-08-01,686,686,1.0
71,2017-09-01,614,614,1.0
71,2017-10-01,634,634,1.0
71,2017-11-01,537,537,1.0
71,2017-12-01,587,587,1.0
71,2018-01-01,566,566,1.0
71,2018-02-01,481,481,1.0
71,2018-03-01,598,598,1.0
71,2018-04-01,536,536,1.0
71,2018-05-01,702,702,1.0
71,2018-06-01,641,641,1.0
71,2018-07-01,711,711,1.0
71,2018-08-01,671,671,1.0
71,2018-09-01,655,655,1.0
71,2018-10-01,666,666,1.0
71,2018-11-01,611,611,1.0
71,2018-12-01,624,624,1.0
71,2019-01-01,537,537,1.0
71,2019-02-01,537,537,1.0
71,2019-03-01,544,544,1.0
71,2019-04-01,627,627,1.0
71,2019-05-01,747,747,1.0
71,2019-06-01,678,678,1.0
71,2019-07-01,734,734,1.0
71,2019-08-01,713,713,1.0
71,2019-09-01,665,665,1.0
71,2019-10-01,707,707,1.0
71,2019-11-01,565,565,1.0
71,2019-12-01,589,589,1.0
71,2020-01-01,594,594,1.0
71,2020-02-01,465,465,1.0
71,2020-03-01,513,513,1.0
71,2020-04-01,352,352,1.0
71,2020-05-01,558,558,1.0
71,2020-06-01,576,576,1.0
71,2020-07-01,608,608,1.0
71,2020-08-01,548,548,1.0
71,2020-09-01,553,553,1.0
71,2020-10-01,557,557,1.0
71,2020-11-01,495,495,1.0
71,2020-12-01,458,458,1.0
71,2021-01-01,511,511,1.0
71,2021-02-01,399,399,1.0
71,2021-03-01,550,550,1.0
71,2021-04-01,478,478,1.0
71,2021-05-01,528,528,1.0
71,2021-06-01,526,526,1.0
71,2021-07-01,573,573,1.0
71,2021-08-01,531,531,1.0
71,2021-09-01,492,492,1.0
71,2021-10-01,518,518,1.0
71,2021-11-01,475,475,1.0
71,2021-12-01,496,496,1.0
71,2022-01-01,461,461,1.0
71,2022-02-01,426,426,1.0
71,2022-03-01,558,558,1.0
71,2022-04-01,502,502,1.0
71,2022-05-01,541,541,1.0
71,2022-06-01,524,524,1.0
71,2022-07-01,520,520,1.0
71,2022-08-01,544,544,1.0
71,2022-09-01,578,578,1.0
71,2022-10-01,615,615,1.0
71,2022-11-01,533,533,1.0
71,2022-12-01,514,514,1.0
71,2023-01-01,590,590,1.0
71,2023-02-01,473,473,1.0
71,2023-03-01,542,542,1.0
71,2023-04-01,545,545,1.0
71,2023-05-01,650,650,1.0
71,2023-06-01,595,595,1.0
71,2023-07-01,625,625,1.0
71,2023-08-01,603,603,1.0
71,2023-09-01,584,584,1.0
71,2023-10-01,611,611,1.0
71,2023-11-01,552,552,1.0
71,2023-12-01,514,514,1.0
71,2024-01-01,491,491,1.0
71,2024-02-01,493,493,1.0
71,2024-03-01,569,569,1.0
71,2024-04-01,549,549,1.0
71,2024-05-01,589,589,1.0
71,2024-06-01,611,611,1.0
71,2024-07-01,651,651,1.0
71,2024-08-01,577,577,1.0
71,2024-09-01,571,571,1.0
71,2024-10-01,581,581,1.0
71,2024-11-01,483,483,1.0
71,2024-12-01,473,473,1.0
71,2025-01-01,501,501,1.0
71,2025-02-01,434,434,1.0
71,2025-03-01,457,457,1.0
71,2025-04-01,518,518,1.0
71,2025-05-01,542,542,1.0
71,2025-06-01,559,559,1.0
71,2025-07-01,628,628,1.0
71,2025-08-01,514,514,1.0
71,2025-09-01,428,428,1.0
71,2025-10-01,544,544,1.0
71,2025-11-01,518,518,1.0
71,2025-12-01,440,440,1.0
72,2015-01-01,62,62,1.0
72,2015-02-01,61,61,1.0
72,2015-03-01,89,89,1.0
72,2015-04-01,89,89,1.0
72,2015-05-01,133,133,1.0
72,2015-06-01,116,116,1.0
72,2015-07-01,68,68,1.0
72,2015-08-01,103,103,1.0
72,2015-09-01,73,73,1.0
72,2015-10-01,72,72,1.0
72,2015-11-01,64,64,1.0
72,2015-12-01,64,64,1.0
72,2016-01-01,55,55,1.0
72,2016-02-01,49,49,1.0
72,2016-03-01,86,86,1.0
72,2016-04-01,72,72,1.0
72,2016-05-01,80,80,1.0
72,2016-06-01,77,77,1.0
72,2016-07-01,102,102,1.0
72,2016-08-01,106,106,1.0
72,2016-09-01,90,90,1.0
72,2016-10-01,109,109,1.0
72,2016-11-01,85,85,1.0
72,2016-12-01,84,84,1.0
72,2017-01-01,72,72,1.0
72,2017-02-01,70,70,1.0
72,2017-03-01,59,59,1.0
72,2017-04-01,65,65,1.0
72,2017-05-01,83,83,1.0
72,2017-06-01,114,114,1.0
72,2017-07-01,85,85,1.0
72,2017-08-01,82,82,1.0
72,2017-09-01,69,69,1.0
72,2017-10-01,78,78,1.0
72,2017-11-01,72,72,1.0
72,2017-12-01,61,61,1.0
72,2018-01-01,74,74,1.0
72,2018-02-01,51,51,1.0
72,2018-03-01,71,71,1.0
72,2018-04-01,73,73,1.0
72,2018-05-01,99,99,1.0
72,2018-06-01,100,100,1.0
72,2018-07-01,99,99,1.0
72,2018-08-01,84,84,1.0
72,2018-09-01,73,73,1.0
72,2018-10-01,75,75,1.0
72,2018-11-01,59,59,1.0
72,2018-12-01,72,72,1.0
72,2019-01-01,71,71,1.0
72,2019-02-01,72,72,1.0
72,2019-03-01,72,72,1.0
72,2019-04-01,72,72,1.0
72,2019-05-01,73,73,1.0
72,2019-06-01,74,74,1.0
72,2019-07-01,105,105,1.0
72,2019-08-01,95,95,1.0
72,2019-09-01,68,68,1.0
72,2019-10-01,77,77,1.0
72,2019-11-01,75,75,1.0
72,2019-12-01,73,73,1.0
72,2020-01-01,78,78,1.0
72,2020-02-01,68,68,1.0
72,2020-03-01,66,66,1.0
72,2020-04-01,36,36,1.0
72,2020-05-01,65,65,1.0
72,2020-06-01,57,57,1.0
72,2020-07-01,71,71,1.0
72,2020-08-01,69,69,1.0
72,2020-09-01,57,57,1.0
72,2020-10-01,93,93,1.0
72,2020-11-01,84,84,1.0
72,2020-12-01,114,114,1.0
72,2021-01-01,72,72,1.0
72,2021-02-01,52,52,1.0
72,2021-03-01,58,58,1.0
72,2021-04-01,60,60,1.0
72,2021-05-01,56,56,1.0
72,2021-06-01,70,70,1.0
72,2021-07-01,87,87,1.0
72,2021-08-01,64,64,1.0
72,2021-09-01,61,61,1.0
72,2021-10-01,82,82,1.0
72,2021-11-01,78,78,1.0
72,2021-12-01,64,64,1.0
72,2022-01-01,53,53,1.0
72,2022-02-01,56,56,1.0
72,2022-03-01,61,61,1.0
72,2022-04-01,63,63,1.0
72,2022-05-01,79,79,1.0
72,2022-06-01,81,81,1.0
72,2022-07-01,80,80,1.0
72,2022-08-01,81,81,1.0
72,2022-09-01,78,78,1.0
72,2022-10-01,90,90,1.0
72,2022-11-01,111,111,1.0
72,2022-12-01,67,67,1.0
72,2023-01-01,97,97,1.0
72,2023-02-01,58,58,1.0
72,2023-03-01,63,63,1.0
72,2023-04-01,94,94,1.0
72,2023-05-01,71,71,1.0
72,2023-06-01,94,94,1.0
72,2023-07-01,91,91,1.0
72,2023-08-01,111,111,1.0
72,2023-09-01,89,89,1.0
72,2023-10-01,95,95,1.0
72,2023-11-01,77,77,1.0
72,2023-12-01,77,77,1.0
72,2024-01-01,56,56,1.0
72,2024-02-01,78,78,1.0
72,2024-03-01,75,75,1.0
72,2024-04-01,79,79,1.0
72,2024-05-01,82,82,1.0
72,2024-06-01,83,83,1.0
72,2024-07-01,93,93,1.0
72,2024-08-01,76,76,1.0
72,2024-09-01,75,75,1.0
72,2024-10-01,70,70,1.0
72,2024-11-01,73,73,1.0
72,2024-12-01,74,74,1.0
72,2025-01-01,74,74,1.0
72,2025-02-01,70,70,1.0
72,2025-03-01,97,97,1.0
72,2025-04-01,73,73,1.0
72,2025-05-01,72,72,1.0
72,2025-06-01,86,86,1.0
72,2025-07-01,98,98,1.0
72,2025-08-01,89,89,1.0
72,2025-09-01,64,64,1.0
72,2025-10-01,98,98,1.0
72,2025-11-01,92,92,1.0
72,2025-12-01,61,61,1.0
73,2015-01-01,219,219,1.0
73,2015-02-01,210,210,1.0
73,2015-03-01,270,270,1.0
73,2015-04-01,263,263,1.0
73,2015-05-01,314,314,1.0
73,2015-06-01,294,294,1.0
73,2015-07-01,269,269,1.0
73,2015-08-01,302,302,1.0
73,2015-09-01,255,255,1.0
73,2015-10-01,317,317,1.0
73,2015-11-01,232,232,1.0
73,2015-12-01,237,237,1.0
73,2016-01-01,240,240,1.0
73,2016-02-01,258,258,1.0
73,2016-03-01,286,286,1.0
73,2016-04-01,262,262,1.0
73,2016-05-01,297,297,1.0
73,2016-06-01,283,283,1.0
73,2016-07-01,302,302,1.0
73,2016-08-01,303,303,1.0
73,2016-09-01,274,274,1.0
73,2016-10-01,272,272,1.0
73,2016-11-01,232,232,1.0
73,2016-12-01,227,227,1.0
73,2017-01-01,286,286,1.0
73,2017-02-01,202,202,1.0
73,2017-03-01,232,232,1.0
73,2017-04-01,240,240,1.0
73,2017-05-01,283,283,1.0
73,2017-06-01,292,292,1.0
73,2017-07-01,270,270,1.0
73,2017-08-01,258,258,1.0
73,2017-09-01,286,286,1.0
73,2017-10-01,273,273,1.0
73,2017-11-01,261,261,1.0
73,2017-12-01,218,218,1.0
73,2018-01-01,268,268,1.0
73,2018-02-01,187,187,1.0
73,2018-03-01,275,275,1.0
73,2018-04-01,295,295,1.0
73,2018-05-01,308,308,1.0
73,2018-06-01,314,314,1.0
73,2018-07-01,296,296,1.0
73,2018-08-01,273,273,1.0
73,2018-09-01,299,299,1.0
73,2018-10-01,251,251,1.0
73,2018-11-01,220,220,1.0
73,2018-12-01,247,247,1.0
73,2019-01-01,239,239,1.0
73,2019-02-01,228,228,1.0
73,2019-03-01,283,283,1.0
73,2019-04-01,225,225,1.0
73,2019-05-01,299,299,1.0
73,2019-06-01,288,288,1.0
73,2019-07-01,304,304,1.0
73,2019-08-01,284,284,1.0
73,2019-09-01,271,271,1.0
73,2019-10-01,280,280,1.0
73,2019-11-01,252,252,1.0
73,2019-12-01,280,280,1.0
73,2020-01-01,224,224,1.0
73,2020-02-01,208,208,1.0
73,2020-03-01,184,184,1.0
73,2020-04-01,185,185,1.0
73,2020-05-01,257,257,1.0
73,2020-06-01,230,230,1.0
73,2020-07-01,234,234,1.0
73,2020-08-01,234,234,1.0
73,2020-09-01,236,236,1.0
73,2020-10-01,231,231,1.0
73,2020-11-01,230,230,1.0
73,2020-12-01,229,229,1.0
73,2021-01-01,199,199,1.0
73,2021-02-01,185,185,1.0
73,2021-03-01,198,198,1.0
73,2021-04-01,230,230,1.0
73,2021-05-01,217,217,1.0
73,2021-06-01,234,234,1.0
73,2021-07-01,223,223,1.0
73,2021-08-01,202,202,1.0
73,2021-09-01,212,212,1.0
73,2021-10-01,243,243,1.0
73,2021-11-01,215,215,1.0
73,2021-12-01,214,214,1.0
73,2022-01-01,187,187,1.0
73,2022-02-01,185,185,1.0
73,2022-03-01,220,220,1.0
73,2022-04-01,218,218,1.0
73,2022-05-01,218,218,1.0
73,2022-06-01,235,235,1.0
73,2022-07-01,269,269,1.0
73,2022-08-01,278,278,1.0
73,2022-09-01,286,286,1.0
73,2022-10-01,314,314,1.0
73,2022-11-01,286,286,1.0
73,2022-12-01,246,246,1.0
73,2023-01-01,292,292,1.0
73,2023-02-01,248,248,1.0
73,2023-03-01,259,259,1.0
73,2023-04-01,295,295,1.0
73,2023-05-01,287,287,1.0
73,2023-06-01,299,299,1.0
73,2023-07-01,268,268,1.0
73,2023-08-01,286,286,1.0
73,2023-09-01,234,234,1.0
73,2023-10-01,252,252,1.0
73,2023-11-01,269,269,1.0
73,2023-12-01,257,257,1.0
73,2024-01-01,230,230,1.0
73,2024-02-01,241,241,1.0
73,2024-03-01,288,288,1.0
73,2024-04-01,241,241,1.0
73,2024-05-01,280,280,1.0
73,2024-06-01,273,273,1.0
73,2024-07-01,290,290,1.0
73,2024-08-01,290,290,1.0
73,2024-09-01,257,257,1.0
73,2024-10-01,240,240,1.0
73,2024-11-01,228,228,1.0
73,2024-12-01,211,211,1.0
73,2025-01-01,201,201,1.0
73,2025-02-01,182,182,1.0
73,2025-03-01,224,224,1.0
73,2025-04-01,260,260,1.0
73,2025-05-01,272,272,1.0
73,2025-06-01,239,239,1.0
73,2025-07-01,247,247,1.0
73,2025-08-01,260,260,1.0
73,2025-09-01,250,250,1.0
73,2025-10-01,272,272,1.0
73,2025-11-01,203,203,1.0
73,2025-12-01,180,180,1.0
74,2015-01-01,33,33,1.0
74,2015-02-01,42,42,1.0
74,2015-03-01,59,59,1.0
74,2015-04-01,52,52,1.0
74,2015-05-01,65,65,1.0
74,2015-06-01,39,39,1.0
74,2015-07-01,49,49,1.0
74,2015-08-01,62,62,1.0
74,2015-09-01,65,65,1.0
74,2015-10-01,50,50,1.0
74,2015-11-01,49,49,1.0
74,2015-12-01,55,55,1.0
74,2016-01-01,57,57,1.0
74,2016-02-01,49,49,1.0
74,2016-03-01,47,47,1.0
74,2016-04-01,42,42,1.0
74,2016-05-01,40,40,1.0
74,2016-06-01,69,69,1.0
74,2016-07-01,56,56,1.0
74,2016-08-01,55,55,1.0
74,2016-09-01,42,42,1.0
74,2016-10-01,59,59,1.0
74,2016-11-01,63,63,1.0
74,2016-12-01,36,36,1.0
74,2017-01-01,51,51,1.0
74,2017-02-01,40,40,1.0
74,2017-03-01,49,49,1.0
74,2017-04-01,39,39,1.0
74,2017-05-01,65,65,1.0
74,2017-06-01,45,45,1.0
74,2017-07-01,67,67,1.0
74,2017-08-01,56,56,1.0
74,2017-09-01,39,39,1.0
74,2017-10-01,44,44,1.0
74,2017-11-01,49,49,1.0
74,2017-12-01,45,45,1.0
74,2018-01-01,34,34,1.0
74,2018-02-01,40,40,1.0
74,2018-03-01,35,35,1.0
74,2018-04-01,48,48,1.0
74,2018-05-01,52,52,1.0
74,2018-06-01,46,46,1.0
74,2018-07-01,53,53,1.0
74,2018-08-01,72,72,1.0
74,2018-09-01,59,59,1.0
74,2018-10-01,47,47,1.0
74,2018-11-01,36,36,1.0
74,2018-12-01,52,52,1.0
74,2019-01-01,32,32,1.0
74,2019-02-01,30,30,1.0
74,2019-03-01,39,39,1.0
74,2019-04-01,34,34,1.0
74,2019-05-01,32,32,1.0
74,2019-06-01,42,42,1.0
74,2019-07-01,36,36,1.0
74,2019-08-01,49,49,1.0
74,2019-09-01,45,45,1.0
74,2019-10-01,43,43,1.0
74,2019-11-01,43,43,1.0
74,2019-12-01,48,48,1.0
74,2020-01-01,40,40,1.0
74,2020-02-01,40,40,1.0
74,2020-03-01,34,34,1.0
74,2020-04-01,29,29,1.0
74,2020-05-01,39,39,1.0
74,2020-06-01,42,42,1.0
74,2020-07-01,38,38,1.0
74,2020-08-01,37,37,1.0
74,2020-09-01,42,42,1.0
74,2020-10-01,54,54,1.0
74,2020-11-01,51,51,1.0
74,2020-12-01,75,75,1.0
74,2021-01-01,58,58,1.0
74,2021-02-01,36,36,1.0
74,2021-03-01,31,31,1.0
74,2021-04-01,34,34,1.0
74,2021-05-01,35,35,1.0
74,2021-06-01,47,47,1.0
74,2021-07-01,52,52,1.0
74,2021-08-01,38,38,1.0
74,2021-09-01,47,47,1.0
74,2021-10-01,46,46,1.0
74,2021-11-01,40,40,1.0
74,2021-12-01,43,43,1.0
74,2022-01-01,47,47,1.0
74,2022-02-01,32,32,1.0
74,2022-03-01,38,38,1.0
74,2022-04-01,35,35,1.0
74,2022-05-01,53,53,1.0
74,2022-06-01,47,47,1.0
74,2022-07-01,47,47,1.0
74,2022-08-01,59,59,1.0
74,2022-09-01,42,42,1.0
74,2022-10-01,55,55,1.0
74,2022-11-01,44,44,1.0
74,2022-12-01,41,41,1.0
74,2023-01-01,54,54,1.0
74,2023-02-01,40,40,1.0
74,2023-03-01,64,64,1.0
74,2023-04-01,48,48,1.0
74,2023-05-01,45,45,1.0
74,2023-06-01,34,34,1.0
74,2023-07-01,49,49,1.0
74,2023-08-01,41,41,1.0
74,2023-09-01,46,46,1.0
74,2023-10-01,39,39,1.0
74,2023-11-01,46,46,1.0
74,2023-12-01,41,41,1.0
74,2024-01-01,32,32,1.0
74,2024-02-01,48,48,1.0
74,2024-03-01,42,42,1.0
74,2024-04-01,35,35,1.0
74,2024-05-01,47,47,1.0
74,2024-06-01,57,57,1.0
74,2024-07-01,48,48,1.0
74,2024-08-01,58,58,1.0
74,2024-09-01,46,46,1.0
74,2024-10-01,48,48,1.0
74,2024-11-01,47,47,1.0
74,2024-12-01,40,40,1.0
74,2025-01-01,38,38,1.0
74,2025-02-01,35,35,1.0
74,2025-03-01,47,47,1.0
74,2025-04-01,38,38,1.0
74,2025-05-01,46,46,1.0
74,2025-06-01,42,42,1.0
74,2025-07-01,48,48,1.0
74,2025-08-01,45,45,1.0
74,2025-09-01,48,48,1.0
74,2025-10-01,46,46,1.0
74,2025-11-01,52,52,1.0
74,2025-12-01,38,38,1.0
75,2015-01-01,169,169,1.0
75,2015-02-01,119,119,1.0
75,2015-03-01,164,164,1.0
75,2015-04-01,171,171,1.0
75,2015-05-01,196,196,1.0
75,2015-06-01,193,193,1.0
75,2015-07-01,202,202,1.0
75,2015-08-01,228,228,1.0
75,2015-09-01,170,170,1.0
75,2015-10-01,216,216,1.0
75,2015-11-01,137,137,1.0
75,2015-12-01,130,130,1.0
75,2016-01-01,152,152,1.0
75,2016-02-01,150,150,1.0
75,2016-03-01,180,180,1.0
75,2016-04-01,139,139,1.0
75,2016-05-01,163,163,1.0
75,2016-06-01,178,178,1.0
75,2016-07-01,154,154,1.0
75,2016-08-01,171,171,1.0
75,2016-09-01,180,180,1.0
75,2016-10-01,172,172,1.0
75,2016-11-01,203,203,1.0
75,2016-12-01,169,169,1.0
75,2017-01-01,186,186,1.0
75,2017-02-01,155,155,1.0
75,2017-03-01,174,174,1.0
75,2017-04-01,153,153,1.0
75,2017-05-01,195,195,1.0
75,2017-06-01,202,202,1.0
75,2017-07-01,165,165,1.0
75,2017-08-01,201,201,1.0
75,2017-09-01,162,162,1.0
75,2017-10-01,180,180,1.0
75,2017-11-01,184,184,1.0
75,2017-12-01,170,170,1.0
75,2018-01-01,173,173,1.0
75,2018-02-01,174,174,1.0
75,2018-03-01,168,168,1.0
75,2018-04-01,161,161,1.0
75,2018-05-01,214,214,1.0
75,2018-06-01,213,213,1.0
75,2018-07-01,185,185,1.0
75,2018-08-01,170,170,1.0
75,2018-09-01,193,193,1.0
75,2018-10-01,168,168,1.0
75,2018-11-01,164,164,1.0
75,2018-12-01,168,168,1.0
75,2019-01-01,148,148,1.0
75,2019-02-01,140,140,1.0
75,2019-03-01,137,137,1.0
75,2019-04-01,183,183,1.0
75,2019-05-01,179,179,1.0
75,2019-06-01,164,164,1.0
75,2019-07-01,158,158,1.0
75,2019-08-01,187,187,1.0
75,2019-09-01,159,159,1.0
75,2019-10-01,151,151,1.0
75,2019-11-01,147,147,1.0
75,2019-12-01,133,133,1.0
75,2020-01-01,159,159,1.0
75,2020-02-01,120,120,1.0
75,2020-03-01,135,135,1.0
75,2020-04-01,106,106,1.0
75,2020-05-01,142,142,1.0
75,2020-06-01,161,161,1.0
75,2020-07-01,157,157,1.0
75,2020-08-01,134,134,1.0
75,2020-09-01,145,145,1.0
75,2020-10-01,152,152,1.0
75,2020-11-01,155,155,1.0
75,2020-12-01,129,129,1.0
75,2021-01-01,160,160,1.0
75,2021-02-01,122,122,1.0
75,2021-03-01,118,118,1.0
75,2021-04-01,157,157,1.0
75,2021-05-01,154,154,1.0
75,2021-06-01,149,149,1.0
75,2021-07-01,149,149,1.0
75,2021-08-01,132,132,1.0
75,2021-09-01,161,161,1.0
75,2021-10-01,164,164,1.0
75,2021-11-01,156,156,1.0
75,2021-12-01,145,145,1.0
75,2022-01-01,130,130,1.0
75,2022-02-01,115,115,1.0
75,2022-03-01,136,136,1.0
75,2022-04-01,145,145,1.0
75,2022-05-01,137,137,1.0
75,2022-06-01,130,130,1.0
75,2022-07-01,128,128,1.0
75,2022-08-01,158,158,1.0
75,2022-09-01,168,168,1.0
75,2022-10-01,189,189,1.0
75,2022-11-01,175,175,1.0
75,2022-12-01,170,170,1.0
75,2023-01-01,163,163,1.0
75,2023-02-01,172,172,1.0
75,2023-03-01,166,166,1.0
75,2023-04-01,162,162,1.0
75,2023-05-01,170,170,1.0
75,2023-06-01,165,165,1.0
75,2023-07-01,180,180,1.0
75,2023-08-01,176,176,1.0
75,2023-09-01,151,151,1.0
75,2023-10-01,159,159,1.0
75,2023-11-01,145,145,1.0
75,2023-12-01,160,160,1.0
75,2024-01-01,151,151,1.0
75,2024-02-01,135,135,1.0
75,2024-03-01,139,139,1.0
75,2024-04-01,183,183,1.0
75,2024-05-01,190,190,1.0
75,2024-06-01,197,197,1.0
75,2024-07-01,188,188,1.0
75,2024-08-01,166,166,1.0
75,2024-09-01,168,168,1.0
75,2024-10-01,191,191,1.0
75,2024-11-01,146,146,1.0
75,2024-12-01,160,160,1.0
75,2025-01-01,151,151,1.0
75,2025-02-01,132,132,1.0
75,2025-03-01,132,132,1.0
75,2025-04-01,165,165,1.0
75,2025-05-01,159,159,1.0
75,2025-06-01,153,153,1.0
75,2025-07-01,186,186,1.0
75,2025-08-01,166,166,1.0
75,2025-09-01,166,166,1.0
75,2025-10-01,150,150,1.0
75,2025-11-01,155,155,1.0
75,2025-12-01,147,147,1.0
76,2015-01-01,153,153,1.0
76,2015-02-01,137,137,1.0
76,2015-03-01,146,146,1.0
76,2015-04-01,141,141,1.0
76,2015-05-01,151,151,1.0
76,2015-06-01,160,160,1.0
76,2015-07-01,138,138,1.0
76,2015-08-01,148,148,1.0
76,2015-09-01,133,133,1.0
76,2015-10-01,167,167,1.0
76,2015-11-01,132,132,1.0
76,2015-12-01,130,130,1.0
76,2016-01-01,106,106,1.0
76,2016-02-01,106,106,1.0
76,2016-03-01,140,140,1.0
76,2016-04-01,145,145,1.0
76,2016-05-01,169,169,1.0
76,2016-06-01,149,149,1.0
76,2016-07-01,180,180,1.0
76,2016-08-01,169,169,1.0
76,2016-09-01,172,172,1.0
76,2016-10-01,135,135,1.0
76,2016-11-01,162,162,1.0
76,2016-12-01,153,153,1.0
76,2017-01-01,158,158,1.0
76,2017-02-01,105,105,1.0
76,2017-03-01,159,159,1.0
76,2017-04-01,139,139,1.0
76,2017-05-01,154,154,1.0
76,2017-06-01,138,138,1.0
76,2017-07-01,162,162,1.0
76,2017-08-01,156,156,1.0
76,2017-09-01,130,130,1.0
76,2017-10-01,113,113,1.0
76,2017-11-01,138,138,1.0
76,2017-12-01,119,119,1.0
76,2018-01-01,160,160,1.0
76,2018-02-01,110,110,1.0
76,2018-03-01,157,157,1.0
76,2018-04-01,114,114,1.0
76,2018-05-01,117,117,1.0
76,2018-06-01,151,151,1.0
76,2018-07-01,139,139,1.0
76,2018-08-01,167,167,1.0
76,2018-09-01,136,136,1.0
76,2018-10-01,146,146,1.0
76,2018-11-01,108,108,1.0
76,2018-12-01,133,133,1.0
76,2019-01-01,148,148,1.0
76,2019-02-01,108,108,1.0
76,2019-03-01,112,112,1.0
76,2019-04-01,136,136,1.0
76,2019-05-01,152,152,1.0
76,2019-06-01,125,125,1.0
76,2019-07-01,190,190,1.0
76,2019-08-01,131,131,1.0
76,2019-09-01,139,139,1.0
76,2019-10-01,122,122,1.0
76,2019-11-01,172,172,1.0
76,2019-12-01,144,144,1.0
76,2020-01-01,144,144,1.0
76,2020-02-01,128,128,1.0
76,2020-03-01,91,91,1.0
76,2020-04-01,61,61,1.0
76,2020-05-01,69,69,1.0
76,2020-06-01,72,72,1.0
76,2020-07-01,112,112,1.0
76,2020-08-01,127,127,1.0
76,2020-09-01,106,106,1.0
76,2020-10-01,92,92,1.0
76,2020-11-01,94,94,1.0
76,2020-12-01,104,104,1.0
76,2021-01-01,130,130,1.0
76,2021-02-01,112,112,1.0
76,2021-03-01,123,123,1.0
76,2021-04-01,102,102,1.0
76,2021-05-01,111,111,1.0
76,2021-06-01,113,113,1.0
76,2021-07-01,130,130,1.0
76,2021-08-01,130,130,1.0
76,2021-09-01,134,134,1.0
76,2021-10-01,133,133,1.0
76,2021-11-01,120,120,1.0
76,2021-12-01,126,126,1.0
76,2022-01-01,126,126,1.0
76,2022-02-01,122,122,1.0
76,2022-03-01,185,185,1.0
76,2022-04-01,136,136,1.0
76,2022-05-01,168,168,1.0
76,2022-06-01,162,162,1.0
76,2022-07-01,146,146,1.0
76,2022-08-01,181,181,1.0
76,2022-09-01,132,132,1.0
76,2022-10-01,184,184,1.0
76,2022-11-01,133,133,1.0
76,2022-12-01,172,172,1.0
76,2023-01-01,175,175,1.0
76,2023-02-01,179,179,1.0
76,2023-03-01,172,172,1.0
76,2023-04-01,163,163,1.0
76,2023-05-01,177,177,1.0
76,2023-06-01,155,155,1.0
76,2023-07-01,154,154,1.0
76,2023-08-01,152,152,1.0
76,2023-09-01,123,123,1.0
76,2023-10-01,162,162,1.0
76,2023-11-01,132,132,1.0
76,2023-12-01,136,136,1.0
76,2024-01-01,158,158,1.0
76,2024-02-01,121,121,1.0
76,2024-03-01,150,150,1.0
76,2024-04-01,152,152,1.0
76,2024-05-01,134,134,1.0
76,2024-06-01,146,146,1.0
76,2024-07-01,160,160,1.0
76,2024-08-01,163,163,1.0
76,2024-09-01,134,134,1.0
76,2024-10-01,145,145,1.0
76,2024-11-01,108,108,1.0
76,2024-12-01,130,130,1.0
76,2025-01-01,115,115,1.0
76,2025-02-01,134,134,1.0
76,2025-03-01,164,164,1.0
76,2025-04-01,142,142,1.0
76,2025-05-01,170,170,1.0
76,2025-06-01,153,153,1.0
76,2025-07-01,162,162,1.0
76,2025-08-01,138,138,1.0
76,2025-09-01,138,138,1.0
76,2025-10-01,152,152,1.0
76,2025-11-01,102,102,1.0
76,2025-12-01,108,108,1.0
77,2015-01-01,159,159,1.0
77,2015-02-01,140,140,1.0
77,2015-03-01,191,191,1.0
77,2015-04-01,183,183,1.0
77,2015-05-01,199,199,1.0
77,2015-06-01,165,165,1.0
77,2015-07-01,210,210,1.0
77,2015-08-01,231,231,1.0
77,2015-09-01,211,211,1.0
77,2015-10-01,213,213,1.0
77,2015-11-01,191,191,1.0
77,2015-12-01,176,176,1.0
77,2016-01-01,175,175,1.0
77,2016-02-01,155,155,1.0
77,2016-03-01,214,214,1.0
77,2016-04-01,228,228,1.0
77,2016-05-01,173,173,1.0
77,2016-06-01,233,233,1.0
77,2016-07-01,235,235,1.0
77,2016-08-01,197,197,1.0
77,2016-09-01,207,207,1.0
77,2016-10-01,232,232,1.0
77,2016-11-01,164,164,1.0
77,2016-12-01,178,178,1.0
77,2017-01-01,228,228,1.0
77,2017-02-01,189,189,1.0
77,2017-03-01,193,193,1.0
77,2017-04-01,195,195,1.0
77,2017-05-01,215,215,1.0
77,2017-06-01,211,211,1.0
77,2017-07-01,271,271,1.0
77,2017-08-01,247,247,1.0
77,2017-09-01,218,218,1.0
77,2017-10-01,257,257,1.0
77,2017-11-01,247,247,1.0
77,2017-12-01,177,177,1.0
77,2018-01-01,178,178,1.0
77,2018-02-01,184,184,1.0
77,2018-03-01,243,243,1.0
77,2018-04-01,195,195,1.0
77,2018-05-01,217,217,1.0
77,2018-06-01,273,273,1.0
77,2018-07-01,253,253,1.0
77,2018-08-01,289,289,1.0
77,2018-09-01,271,271,1.0
77,2018-10-01,262,262,1.0
77,2018-11-01,207,207,1.0
77,2018-12-01,224,224,1.0
77,2019-01-01,207,207,1.0
77,2019-02-01,214,214,1.0
77,2019-03-01,209,209,1.0
77,2019-04-01,209,209,1.0
77,2019-05-01,203,203,1.0
77,2019-06-01,214,214,1.0
77,2019-07-01,237,237,1.0
77,2019-08-01,253,253,1.0
77,2019-09-01,205,205,1.0
77,2019-10-01,207,207,1.0
77,2019-11-01,169,169,1.0
77,2019-12-01,191,191,1.0
77,2020-01-01,203,203,1.0
77,2020-02-01,216,216,1.0
77,2020-03-01,206,206,1.0
77,2020-04-01,170,170,1.0
77,2020-05-01,142,142,1.0
77,2020-06-01,219,219,1.0
77,2020-07-01,212,212,1.0
77,2020-08-01,207,207,1.0
77,2020-09-01,209,209,1.0
77,2020-10-01,208,208,1.0
77,2020-11-01,172,172,1.0
77,2020-12-01,186,186,1.0
77,2021-01-01,190,190,1.0
77,2021-02-01,178,178,1.0
77,2021-03-01,179,179,1.0
77,2021-04-01,160,160,1.0
77,2021-05-01,191,191,1.0
77,2021-06-01,222,222,1.0
77,2021-07-01,240,240,1.0
77,2021-08-01,195,195,1.0
77,2021-09-01,213,213,1.0
77,2021-10-01,231,231,1.0
77,2021-11-01,244,244,1.0
77,2021-12-01,233,233,1.0
77,2022-01-01,203,203,1.0
77,2022-02-01,183,183,1.0
77,2022-03-01,228,228,1.0
77,2022-04-01,204,204,1.0
77,2022-05-01,276,276,1.0
77,2022-06-01,257,257,1.0
77,2022-07-01,218,218,1.0
77,2022-08-01,274,274,1.0
77,2022-09-01,263,263,1.0
77,2022-10-01,292,292,1.0
77,2022-11-01,244,244,1.0
77,2022-12-01,258,258,1.0
77,2023-01-01,264,264,1.0
77,2023-02-01,238,238,1.0
77,2023-03-01,269,269,1.0
77,2023-04-01,245,245,1.0
77,2023-05-01,275,275,1.0
77,2023-06-01,256,256,1.0
77,2023-07-01,313,313,1.0
77,2023-08-01,334,334,1.0
77,2023-09-01,316,316,1.0
77,2023-10-01,285,285,1.0
77,2023-11-01,277,277,1.0
77,2023-12-01,277,277,1.0
77,2024-01-01,296,296,1.0
77,2024-02-01,266,266,1.0
77,2024-03-01,330,330,1.0
77,2024-04-01,283,283,1.0
77,2024-05-01,304,304,1.0
77,2024-06-01,285,285,1.0
77,2024-07-01,317,317,1.0
77,2024-08-01,334,334,1.0
77,2024-09-01,307,307,1.0
77,2024-10-01,308,308,1.0
77,2024-11-01,293,293,1.0
77,2024-12-01,248,248,1.0
77,2025-01-01,276,276,1.0
77,2025-02-01,265,265,1.0
77,2025-03-01,258,258,1.0
77,2025-04-01,280,280,1.0
77,2025-05-01,257,257,1.0
77,2025-06-01,272,272,1.0
77,2025-07-01,275,275,1.0
77,2025-08-01,226,226,1.0
77,2025-09-01,276,276,1.0
77,2025-10-01,231,231,1.0
77,2025-11-01,198,198,1.0
77,2025-12-01,175,175,1.0
